hour_time,product_id,contract_expiry,price,mid,settlement_price,open_interest,volume_24h,fetched_at
2026-09-04T19:00:00Z,BIT-25SEP26-CDE,2026-09-25T15:00:00Z,80140,80152.5,82200,169894,190807,2026-09-04T19:24:13Z
2026-09-04T19:00:00Z,BIT-27NOV26-CDE,2026-11-27T16:00:00Z,,0,82730,0,,2026-09-04T19:24:13Z
2026-09-04T19:00:00Z,BIT-30OCT26-CDE,2026-10-30T16:00:00Z,80355,80650,82730,683,670,2026-09-04T19:24:13Z
2026-09-04T19:00:00Z,ET-25SEP26-CDE,2026-09-25T15:00:00Z,2465.5,2464.75,2529,65415,78068,2026-09-04T19:24:13Z
2026-09-04T19:00:00Z,ET-27NOV26-CDE,2026-11-27T16:00:00Z,,0,2538.5,0,,2026-09-04T19:24:13Z
2026-09-04T19:00:00Z,ET-30OCT26-CDE,2026-10-30T16:00:00Z,2480.5,2476.25,2538.5,519,1838,2026-09-04T19:24:13Z
2026-09-04T20:00:00Z,BIT-25SEP26-CDE,2026-09-25T15:00:00Z,80145,80160,82200,169894,185652,2026-09-04T20:31:22Z
2026-09-04T20:00:00Z,BIT-27NOV26-CDE,2026-11-27T16:00:00Z,,0,82730,0,,2026-09-04T20:31:22Z
2026-09-04T20:00:00Z,BIT-30OCT26-CDE,2026-10-30T16:00:00Z,80605,80625,82730,683,792,2026-09-04T20:31:22Z
2026-09-04T20:00:00Z,ET-25SEP26-CDE,2026-09-25T15:00:00Z,2462,2462,2529,65415,81868,2026-09-04T20:31:22Z
2026-09-04T20:00:00Z,ET-27NOV26-CDE,2026-11-27T16:00:00Z,,0,2538.5,0,,2026-09-04T20:31:22Z
2026-09-04T20:00:00Z,ET-30OCT26-CDE,2026-10-30T16:00:00Z,2480.5,2473.5,2538.5,519,1826,2026-09-04T20:31:22Z
2026-09-04T21:00:00Z,BIT-25SEP26-CDE,2026-09-25T15:00:00Z,80100,80160,82200,169894,185588,2026-09-04T21:25:07Z
2026-09-04T21:00:00Z,BIT-27NOV26-CDE,2026-11-27T16:00:00Z,,0,82730,0,,2026-09-04T21:25:07Z
2026-09-04T21:00:00Z,BIT-30OCT26-CDE,2026-10-30T16:00:00Z,80605,0,82730,683,786,2026-09-04T21:25:07Z
2026-09-04T21:00:00Z,ET-25SEP26-CDE,2026-09-25T15:00:00Z,2461.5,2457.5,2529,65415,82558,2026-09-04T21:25:07Z
2026-09-04T21:00:00Z,ET-27NOV26-CDE,2026-11-27T16:00:00Z,,0,2538.5,0,,2026-09-04T21:25:07Z
2026-09-04T21:00:00Z,ET-30OCT26-CDE,2026-10-30T16:00:00Z,2480.5,0,2538.5,519,1826,2026-09-04T21:25:07Z
2026-09-04T22:00:00Z,BIT-25SEP26-CDE,2026-09-25T15:00:00Z,80105,80082.5,82200,173203,171672,2026-09-04T22:26:24Z
2026-09-04T22:00:00Z,BIT-27NOV26-CDE,2026-11-27T16:00:00Z,,0,82730,0,,2026-09-04T22:26:24Z
2026-09-04T22:00:00Z,BIT-30OCT26-CDE,2026-10-30T16:00:00Z,80605,80575,82730,664,750,2026-09-04T22:26:24Z
2026-09-04T22:00:00Z,ET-25SEP26-CDE,2026-09-25T15:00:00Z,2461,2462.25,2529,68198,79181,2026-09-04T22:26:24Z
2026-09-04T22:00:00Z,ET-27NOV26-CDE,2026-11-27T16:00:00Z,,0,2538.5,0,,2026-09-04T22:26:24Z
2026-09-04T22:00:00Z,ET-30OCT26-CDE,2026-10-30T16:00:00Z,2480.5,2471.5,2538.5,483,1826,2026-09-04T22:26:24Z
2026-09-04T23:00:00Z,BIT-25SEP26-CDE,2026-09-25T15:00:00Z,79980,80000,82200,173203,157514,2026-09-04T23:04:30Z
2026-09-04T23:00:00Z,BIT-27NOV26-CDE,2026-11-27T16:00:00Z,,0,82730,0,,2026-09-04T23:04:30Z
2026-09-04T23:00:00Z,BIT-30OCT26-CDE,2026-10-30T16:00:00Z,80605,80500,82730,664,746,2026-09-04T23:04:30Z
2026-09-04T23:00:00Z,ET-25SEP26-CDE,2026-09-25T15:00:00Z,2461.5,2460,2529,68198,61752,2026-09-04T23:04:30Z
2026-09-04T23:00:00Z,ET-27NOV26-CDE,2026-11-27T16:00:00Z,,0,2538.5,0,,2026-09-04T23:04:30Z
2026-09-04T23:00:00Z,ET-30OCT26-CDE,2026-10-30T16:00:00Z,2480.5,2472,2538.5,483,1826,2026-09-04T23:04:30Z
2026-09-05T00:00:00Z,BIT-25SEP26-CDE,2026-09-25T15:00:00Z,80085,80040,80150,173203,149277,2026-09-05T00:14:01Z
2026-09-05T00:00:00Z,BIT-27NOV26-CDE,2026-11-27T16:00:00Z,,0,80630,0,,2026-09-05T00:14:01Z
2026-09-05T00:00:00Z,BIT-30OCT26-CDE,2026-10-30T16:00:00Z,80605,80550,80630,664,677,2026-09-05T00:14:01Z
2026-09-05T00:00:00Z,ET-25SEP26-CDE,2026-09-25T15:00:00Z,2465,2464,2466,68198,60431,2026-09-05T00:14:01Z
2026-09-05T00:00:00Z,ET-27NOV26-CDE,2026-11-27T16:00:00Z,,0,2475.5,0,,2026-09-05T00:14:01Z
2026-09-05T00:00:00Z,ET-30OCT26-CDE,2026-10-30T16:00:00Z,2480.5,2476.75,2475.5,483,1826,2026-09-05T00:14:01Z
2026-09-05T01:00:00Z,BIT-25SEP26-CDE,2026-09-25T15:00:00Z,79990,80030,80150,173203,140548,2026-09-05T01:14:14Z
2026-09-05T01:00:00Z,BIT-27NOV26-CDE,2026-11-27T16:00:00Z,,0,80630,0,,2026-09-05T01:14:14Z
2026-09-05T01:00:00Z,BIT-30OCT26-CDE,2026-10-30T16:00:00Z,80605,80542.5,80630,664,672,2026-09-05T01:14:14Z
2026-09-05T01:00:00Z,ET-25SEP26-CDE,2026-09-25T15:00:00Z,2461,2463.75,2466,68198,59525,2026-09-05T01:14:14Z
2026-09-05T01:00:00Z,ET-27NOV26-CDE,2026-11-27T16:00:00Z,,0,2475.5,0,,2026-09-05T01:14:14Z
2026-09-05T01:00:00Z,ET-30OCT26-CDE,2026-10-30T16:00:00Z,2480.5,2476.25,2475.5,483,1816,2026-09-05T01:14:14Z
2026-09-05T02:00:00Z,BIT-25SEP26-CDE,2026-09-25T15:00:00Z,79920,79922.5,80150,173203,138984,2026-09-05T02:14:00Z
2026-09-05T02:00:00Z,BIT-27NOV26-CDE,2026-11-27T16:00:00Z,,0,80630,0,,2026-09-05T02:14:00Z
2026-09-05T02:00:00Z,BIT-30OCT26-CDE,2026-10-30T16:00:00Z,80605,80435,80630,664,672,2026-09-05T02:14:00Z
2026-09-05T02:00:00Z,ET-25SEP26-CDE,2026-09-25T15:00:00Z,2458,2459.75,2466,68198,59055,2026-09-05T02:14:00Z
2026-09-05T02:00:00Z,ET-27NOV26-CDE,2026-11-27T16:00:00Z,,0,2475.5,0,,2026-09-05T02:14:00Z
2026-09-05T02:00:00Z,ET-30OCT26-CDE,2026-10-30T16:00:00Z,2480.5,2473.25,2475.5,483,1816,2026-09-05T02:14:00Z
2026-09-05T03:00:00Z,BIT-25SEP26-CDE,2026-09-25T15:00:00Z,79900,79892.5,80150,173203,134937,2026-09-05T03:14:16Z
2026-09-05T03:00:00Z,BIT-27NOV26-CDE,2026-11-27T16:00:00Z,,0,80630,0,,2026-09-05T03:14:16Z
2026-09-05T03:00:00Z,BIT-30OCT26-CDE,2026-10-30T16:00:00Z,80605,80405,80630,664,670,2026-09-05T03:14:16Z
2026-09-05T03:00:00Z,ET-25SEP26-CDE,2026-09-25T15:00:00Z,2459.5,2459.5,2466,68198,58600,2026-09-05T03:14:16Z
2026-09-05T03:00:00Z,ET-27NOV26-CDE,2026-11-27T16:00:00Z,,0,2475.5,0,,2026-09-05T03:14:16Z
2026-09-05T03:00:00Z,ET-30OCT26-CDE,2026-10-30T16:00:00Z,2480.5,2472.75,2475.5,483,1816,2026-09-05T03:14:16Z
2026-09-05T04:00:00Z,BIT-25SEP26-CDE,2026-09-25T15:00:00Z,79830,79867.5,80150,173203,133727,2026-09-05T04:14:00Z
2026-09-05T04:00:00Z,BIT-27NOV26-CDE,2026-11-27T16:00:00Z,,0,80630,0,,2026-09-05T04:14:00Z
2026-09-05T04:00:00Z,BIT-30OCT26-CDE,2026-10-30T16:00:00Z,80605,80375,80630,664,670,2026-09-05T04:14:00Z
2026-09-05T04:00:00Z,ET-25SEP26-CDE,2026-09-25T15:00:00Z,2458,2457.25,2466,68198,58693,2026-09-05T04:14:00Z
2026-09-05T04:00:00Z,ET-27NOV26-CDE,2026-11-27T16:00:00Z,,0,2475.5,0,,2026-09-05T04:14:00Z
2026-09-05T04:00:00Z,ET-30OCT26-CDE,2026-10-30T16:00:00Z,2480.5,2471.75,2475.5,483,1816,2026-09-05T04:14:00Z
2026-09-05T05:00:00Z,BIT-25SEP26-CDE,2026-09-25T15:00:00Z,79900,79875,80150,173203,130528,2026-09-05T05:14:13Z
2026-09-05T05:00:00Z,BIT-27NOV26-CDE,2026-11-27T16:00:00Z,,0,80630,0,,2026-09-05T05:14:13Z
2026-09-05T05:00:00Z,BIT-30OCT26-CDE,2026-10-30T16:00:00Z,80605,80397.5,80630,664,643,2026-09-05T05:14:13Z
2026-09-05T05:00:00Z,ET-25SEP26-CDE,2026-09-25T15:00:00Z,2453,2457.25,2466,68198,56970,2026-09-05T05:14:13Z
2026-09-05T05:00:00Z,ET-27NOV26-CDE,2026-11-27T16:00:00Z,,0,2475.5,0,,2026-09-05T05:14:13Z
2026-09-05T05:00:00Z,ET-30OCT26-CDE,2026-10-30T16:00:00Z,2480.5,2470.5,2475.5,483,1813,2026-09-05T05:14:13Z
2026-09-05T06:00:00Z,BIT-25SEP26-CDE,2026-09-25T15:00:00Z,79935,79922.5,80150,173203,128876,2026-09-05T06:01:48Z
2026-09-05T06:00:00Z,BIT-27NOV26-CDE,2026-11-27T16:00:00Z,,0,80630,0,,2026-09-05T06:01:48Z
2026-09-05T06:00:00Z,BIT-30OCT26-CDE,2026-10-30T16:00:00Z,80605,80435,80630,664,643,2026-09-05T06:01:48Z
2026-09-05T06:00:00Z,ET-25SEP26-CDE,2026-09-25T15:00:00Z,2458,2458.25,2466,68198,55171,2026-09-05T06:01:48Z
2026-09-05T06:00:00Z,ET-27NOV26-CDE,2026-11-27T16:00:00Z,,0,2475.5,0,,2026-09-05T06:01:48Z
2026-09-05T06:00:00Z,ET-30OCT26-CDE,2026-10-30T16:00:00Z,2480.5,2471.75,2475.5,483,1813,2026-09-05T06:01:48Z
2026-09-05T07:00:00Z,BIT-25SEP26-CDE,2026-09-25T15:00:00Z,79955,80020,80150,173203,127290,2026-09-05T07:14:10Z
2026-09-05T07:00:00Z,BIT-27NOV26-CDE,2026-11-27T16:00:00Z,,0,80630,0,,2026-09-05T07:14:10Z
2026-09-05T07:00:00Z,BIT-30OCT26-CDE,2026-10-30T16:00:00Z,80605,80547.5,80630,664,643,2026-09-05T07:14:10Z
2026-09-05T07:00:00Z,ET-25SEP26-CDE,2026-09-25T15:00:00Z,2461,2461.75,2466,68198,54743,2026-09-05T07:14:10Z
2026-09-05T07:00:00Z,ET-27NOV26-CDE,2026-11-27T16:00:00Z,,0,2475.5,0,,2026-09-05T07:14:10Z
2026-09-05T07:00:00Z,ET-30OCT26-CDE,2026-10-30T16:00:00Z,2480.5,2475.25,2475.5,483,1813,2026-09-05T07:14:10Z
2026-09-05T08:00:00Z,BIT-25SEP26-CDE,2026-09-25T15:00:00Z,80060,79980,80150,173203,124602,2026-09-05T08:14:25Z
2026-09-05T08:00:00Z,BIT-27NOV26-CDE,2026-11-27T16:00:00Z,,0,80630,0,,2026-09-05T08:14:25Z
2026-09-05T08:00:00Z,BIT-30OCT26-CDE,2026-10-30T16:00:00Z,80605,80492.5,80630,664,613,2026-09-05T08:14:25Z
2026-09-05T08:00:00Z,ET-25SEP26-CDE,2026-09-25T15:00:00Z,2463.5,2463.5,2466,68198,54425,2026-09-05T08:14:25Z
2026-09-05T08:00:00Z,ET-27NOV26-CDE,2026-11-27T16:00:00Z,,0,2475.5,0,,2026-09-05T08:14:25Z
2026-09-05T08:00:00Z,ET-30OCT26-CDE,2026-10-30T16:00:00Z,2480.5,2474.5,2475.5,483,1797,2026-09-05T08:14:25Z
2026-09-05T09:00:00Z,BIT-25SEP26-CDE,2026-09-25T15:00:00Z,79955,80042.5,80150,173203,119990,2026-09-05T09:14:08Z
2026-09-05T09:00:00Z,BIT-27NOV26-CDE,2026-11-27T16:00:00Z,,0,80630,0,,2026-09-05T09:14:08Z
2026-09-05T09:00:00Z,BIT-30OCT26-CDE,2026-10-30T16:00:00Z,80605,80562.5,80630,664,608,2026-09-05T09:14:08Z
2026-09-05T09:00:00Z,ET-25SEP26-CDE,2026-09-25T15:00:00Z,2462.5,2466.5,2466,68198,52018,2026-09-05T09:14:08Z
2026-09-05T09:00:00Z,ET-27NOV26-CDE,2026-11-27T16:00:00Z,,0,2475.5,0,,2026-09-05T09:14:08Z
2026-09-05T09:00:00Z,ET-30OCT26-CDE,2026-10-30T16:00:00Z,2480.5,2480,2475.5,483,1789,2026-09-05T09:14:08Z
2026-09-05T10:00:00Z,BIT-25SEP26-CDE,2026-09-25T15:00:00Z,79955,79932.5,80150,173203,115161,2026-09-05T10:14:21Z
2026-09-05T10:00:00Z,BIT-27NOV26-CDE,2026-11-27T16:00:00Z,,0,80630,0,,2026-09-05T10:14:21Z
2026-09-05T10:00:00Z,BIT-30OCT26-CDE,2026-10-30T16:00:00Z,80605,80447.5,80630,664,604,2026-09-05T10:14:21Z
2026-09-05T10:00:00Z,ET-25SEP26-CDE,2026-09-25T15:00:00Z,2462.5,2464.5,2466,68198,49476,2026-09-05T10:14:21Z
2026-09-05T10:00:00Z,ET-27NOV26-CDE,2026-11-27T16:00:00Z,,0,2475.5,0,,2026-09-05T10:14:21Z
2026-09-05T10:00:00Z,ET-30OCT26-CDE,2026-10-30T16:00:00Z,2480.5,2477.25,2475.5,483,1789,2026-09-05T10:14:21Z
2026-09-05T11:00:00Z,BIT-25SEP26-CDE,2026-09-25T15:00:00Z,79935,79962.5,80150,173203,113641,2026-09-05T11:14:05Z
2026-09-05T11:00:00Z,BIT-27NOV26-CDE,2026-11-27T16:00:00Z,,0,80630,0,,2026-09-05T11:14:05Z
2026-09-05T11:00:00Z,BIT-30OCT26-CDE,2026-10-30T16:00:00Z,80605,80477.5,80630,664,604,2026-09-05T11:14:05Z
2026-09-05T11:00:00Z,ET-25SEP26-CDE,2026-09-25T15:00:00Z,2461.5,2461,2466,68198,48974,2026-09-05T11:14:05Z
2026-09-05T11:00:00Z,ET-27NOV26-CDE,2026-11-27T16:00:00Z,,0,2475.5,0,,2026-09-05T11:14:05Z
2026-09-05T11:00:00Z,ET-30OCT26-CDE,2026-10-30T16:00:00Z,2480.5,2472.5,2475.5,483,1759,2026-09-05T11:14:05Z
2026-09-05T12:00:00Z,BIT-25SEP26-CDE,2026-09-25T15:00:00Z,79955,79992.5,80150,173203,109350,2026-09-05T12:14:19Z
2026-09-05T12:00:00Z,BIT-27NOV26-CDE,2026-11-27T16:00:00Z,,0,80630,0,,2026-09-05T12:14:19Z
2026-09-05T12:00:00Z,BIT-30OCT26-CDE,2026-10-30T16:00:00Z,80605,80492.5,80630,664,604,2026-09-05T12:14:19Z
2026-09-05T12:00:00Z,ET-25SEP26-CDE,2026-09-25T15:00:00Z,2463.5,2462.5,2466,68198,48430,2026-09-05T12:14:19Z
2026-09-05T12:00:00Z,ET-27NOV26-CDE,2026-11-27T16:00:00Z,,0,2475.5,0,,2026-09-05T12:14:19Z
2026-09-05T12:00:00Z,ET-30OCT26-CDE,2026-10-30T16:00:00Z,2480.5,2476.5,2475.5,483,1759,2026-09-05T12:14:19Z
2026-09-05T13:00:00Z,BIT-25SEP26-CDE,2026-09-25T15:00:00Z,80060,80037.5,80150,173203,68465,2026-09-05T13:14:03Z
2026-09-05T13:00:00Z,BIT-27NOV26-CDE,2026-11-27T16:00:00Z,,0,80630,0,,2026-09-05T13:14:03Z
2026-09-05T13:00:00Z,BIT-30OCT26-CDE,2026-10-30T16:00:00Z,80605,80540,80630,664,280,2026-09-05T13:14:03Z
2026-09-05T13:00:00Z,ET-25SEP26-CDE,2026-09-25T15:00:00Z,2467.5,2466.25,2466,68198,37074,2026-09-05T13:14:03Z
2026-09-05T13:00:00Z,ET-27NOV26-CDE,2026-11-27T16:00:00Z,,0,2475.5,0,,2026-09-05T13:14:03Z
2026-09-05T13:00:00Z,ET-30OCT26-CDE,2026-10-30T16:00:00Z,2480.5,2479.25,2475.5,483,724,2026-09-05T13:14:03Z
2026-09-05T14:00:00Z,BIT-25SEP26-CDE,2026-09-25T15:00:00Z,80020,80022.5,80150,173203,52621,2026-09-05T14:14:16Z
2026-09-05T14:00:00Z,BIT-27NOV26-CDE,2026-11-27T16:00:00Z,,0,80630,0,,2026-09-05T14:14:16Z
2026-09-05T14:00:00Z,BIT-30OCT26-CDE,2026-10-30T16:00:00Z,80605,80507.5,80630,664,189,2026-09-05T14:14:16Z
2026-09-05T14:00:00Z,ET-25SEP26-CDE,2026-09-25T15:00:00Z,2461,2462.25,2466,68198,30234,2026-09-05T14:14:16Z
2026-09-05T14:00:00Z,ET-27NOV26-CDE,2026-11-27T16:00:00Z,,0,2475.5,0,,2026-09-05T14:14:16Z
2026-09-05T14:00:00Z,ET-30OCT26-CDE,2026-10-30T16:00:00Z,2480.5,2475.25,2475.5,483,667,2026-09-05T14:14:16Z
2026-09-05T15:00:00Z,BIT-25SEP26-CDE,2026-09-25T15:00:00Z,80060,80065,80150,173203,41386,2026-09-05T15:14:29Z
2026-09-05T15:00:00Z,BIT-27NOV26-CDE,2026-11-27T16:00:00Z,,0,80630,0,,2026-09-05T15:14:29Z
2026-09-05T15:00:00Z,BIT-30OCT26-CDE,2026-10-30T16:00:00Z,80605,80552.5,80630,664,151,2026-09-05T15:14:29Z
2026-09-05T15:00:00Z,ET-25SEP26-CDE,2026-09-25T15:00:00Z,2467,2466,2466,68198,28243,2026-09-05T15:14:29Z
2026-09-05T15:00:00Z,ET-27NOV26-CDE,2026-11-27T16:00:00Z,,0,2475.5,0,,2026-09-05T15:14:29Z
2026-09-05T15:00:00Z,ET-30OCT26-CDE,2026-10-30T16:00:00Z,2480.5,2478.5,2475.5,483,209,2026-09-05T15:14:29Z
2026-09-05T16:00:00Z,BIT-25SEP26-CDE,2026-09-25T15:00:00Z,80155,80140,80150,173203,37950,2026-09-05T16:09:55Z
2026-09-05T16:00:00Z,BIT-27NOV26-CDE,2026-11-27T16:00:00Z,,0,80630,0,,2026-09-05T16:09:55Z
2026-09-05T16:00:00Z,BIT-30OCT26-CDE,2026-10-30T16:00:00Z,80605,80627.5,80630,664,150,2026-09-05T16:09:55Z
2026-09-05T16:00:00Z,ET-25SEP26-CDE,2026-09-25T15:00:00Z,2465,2466.5,2466,68198,26061,2026-09-05T16:09:55Z
2026-09-05T16:00:00Z,ET-27NOV26-CDE,2026-11-27T16:00:00Z,,0,2475.5,0,,2026-09-05T16:09:55Z
2026-09-05T16:00:00Z,ET-30OCT26-CDE,2026-10-30T16:00:00Z,2480.5,2480,2475.5,483,2,2026-09-05T16:09:55Z
2026-09-05T17:00:00Z,BIT-25SEP26-CDE,2026-09-25T15:00:00Z,80425,80427.5,80150,173203,34684,2026-09-05T17:14:29Z
2026-09-05T17:00:00Z,BIT-27NOV26-CDE,2026-11-27T16:00:00Z,,0,80630,0,,2026-09-05T17:14:29Z
2026-09-05T17:00:00Z,BIT-30OCT26-CDE,2026-10-30T16:00:00Z,80605,80945,80630,664,150,2026-09-05T17:14:29Z
2026-09-05T17:00:00Z,ET-25SEP26-CDE,2026-09-25T15:00:00Z,2488.5,2487.5,2466,68198,25329,2026-09-05T17:14:29Z
2026-09-05T17:00:00Z,ET-27NOV26-CDE,2026-11-27T16:00:00Z,,0,2475.5,0,,2026-09-05T17:14:29Z
2026-09-05T17:00:00Z,ET-30OCT26-CDE,2026-10-30T16:00:00Z,2480.5,2500.25,2475.5,483,,2026-09-05T17:14:29Z
2026-09-05T18:00:00Z,BIT-25SEP26-CDE,2026-09-25T15:00:00Z,80320,80325,80150,173203,32284,2026-09-05T18:13:02Z
2026-09-05T18:00:00Z,BIT-27NOV26-CDE,2026-11-27T16:00:00Z,,0,80630,0,,2026-09-05T18:13:02Z
2026-09-05T18:00:00Z,BIT-30OCT26-CDE,2026-10-30T16:00:00Z,80605,80837.5,80630,664,144,2026-09-05T18:13:02Z
2026-09-05T18:00:00Z,ET-25SEP26-CDE,2026-09-25T15:00:00Z,2486,2485.75,2466,68198,25074,2026-09-05T18:13:02Z
2026-09-05T18:00:00Z,ET-27NOV26-CDE,2026-11-27T16:00:00Z,,0,2475.5,0,,2026-09-05T18:13:02Z
2026-09-05T18:00:00Z,ET-30OCT26-CDE,2026-10-30T16:00:00Z,2480.5,2498.75,2475.5,483,,2026-09-05T18:13:02Z
2026-09-05T19:00:00Z,BIT-25SEP26-CDE,2026-09-25T15:00:00Z,80270,80282.5,80150,173203,30365,2026-09-05T19:14:28Z
2026-09-05T19:00:00Z,BIT-27NOV26-CDE,2026-11-27T16:00:00Z,,0,80630,0,,2026-09-05T19:14:28Z
2026-09-05T19:00:00Z,BIT-30OCT26-CDE,2026-10-30T16:00:00Z,80605,80777.5,80630,664,144,2026-09-05T19:14:28Z
2026-09-05T19:00:00Z,ET-25SEP26-CDE,2026-09-25T15:00:00Z,2486.5,2485,2466,68198,24586,2026-09-05T19:14:28Z
2026-09-05T19:00:00Z,ET-27NOV26-CDE,2026-11-27T16:00:00Z,,0,2475.5,0,,2026-09-05T19:14:28Z
2026-09-05T19:00:00Z,ET-30OCT26-CDE,2026-10-30T16:00:00Z,2480.5,2499,2475.5,483,,2026-09-05T19:14:28Z
2026-09-05T20:00:00Z,BIT-25SEP26-CDE,2026-09-25T15:00:00Z,80170,80080,80150,173203,8570,2026-09-05T20:14:13Z
2026-09-05T20:00:00Z,BIT-27NOV26-CDE,2026-11-27T16:00:00Z,,0,80630,0,,2026-09-05T20:14:13Z
2026-09-05T20:00:00Z,BIT-30OCT26-CDE,2026-10-30T16:00:00Z,80605,80567.5,80630,664,2,2026-09-05T20:14:13Z
2026-09-05T20:00:00Z,ET-25SEP26-CDE,2026-09-25T15:00:00Z,2489,2485.75,2466,68198,7812,2026-09-05T20:14:13Z
2026-09-05T20:00:00Z,ET-27NOV26-CDE,2026-11-27T16:00:00Z,,0,2475.5,0,,2026-09-05T20:14:13Z
2026-09-05T20:00:00Z,ET-30OCT26-CDE,2026-10-30T16:00:00Z,2480.5,2497.75,2475.5,483,,2026-09-05T20:14:13Z
2026-09-05T21:00:00Z,BIT-25SEP26-CDE,2026-09-25T15:00:00Z,80115,80142.5,80150,173203,5942,2026-09-05T21:14:29Z
2026-09-05T21:00:00Z,BIT-27NOV26-CDE,2026-11-27T16:00:00Z,,0,80630,0,,2026-09-05T21:14:29Z
2026-09-05T21:00:00Z,BIT-30OCT26-CDE,2026-10-30T16:00:00Z,80605,80630,80630,664,,2026-09-05T21:14:29Z
2026-09-05T21:00:00Z,ET-25SEP26-CDE,2026-09-25T15:00:00Z,2487,2485.75,2466,68198,4333,2026-09-05T21:14:29Z
2026-09-05T21:00:00Z,ET-27NOV26-CDE,2026-11-27T16:00:00Z,,0,2475.5,0,,2026-09-05T21:14:29Z
2026-09-05T21:00:00Z,ET-30OCT26-CDE,2026-10-30T16:00:00Z,2480.5,2497.25,2475.5,483,,2026-09-05T21:14:29Z
2026-09-05T22:00:00Z,BIT-25SEP26-CDE,2026-09-25T15:00:00Z,80210,80235,80150,173203,6138,2026-09-05T22:04:37Z
2026-09-05T22:00:00Z,BIT-27NOV26-CDE,2026-11-27T16:00:00Z,,0,80630,0,,2026-09-05T22:04:37Z
2026-09-05T22:00:00Z,BIT-30OCT26-CDE,2026-10-30T16:00:00Z,80605,80727.5,80630,664,,2026-09-05T22:04:37Z
2026-09-05T22:00:00Z,ET-25SEP26-CDE,2026-09-25T15:00:00Z,2497,2496,2466,68198,4765,2026-09-05T22:04:37Z
2026-09-05T22:00:00Z,ET-27NOV26-CDE,2026-11-27T16:00:00Z,,0,2475.5,0,,2026-09-05T22:04:37Z
2026-09-05T22:00:00Z,ET-30OCT26-CDE,2026-10-30T16:00:00Z,2480.5,2506.75,2475.5,483,,2026-09-05T22:04:37Z
2026-09-05T23:00:00Z,BIT-25SEP26-CDE,2026-09-25T15:00:00Z,80085,80110,80150,173203,5798,2026-09-05T23:14:27Z
2026-09-05T23:00:00Z,BIT-27NOV26-CDE,2026-11-27T16:00:00Z,,0,80630,0,,2026-09-05T23:14:27Z
2026-09-05T23:00:00Z,BIT-30OCT26-CDE,2026-10-30T16:00:00Z,80605,80582.5,80630,664,,2026-09-05T23:14:27Z
2026-09-05T23:00:00Z,ET-25SEP26-CDE,2026-09-25T15:00:00Z,2488,2486.25,2466,68198,4833,2026-09-05T23:14:27Z
2026-09-05T23:00:00Z,ET-27NOV26-CDE,2026-11-27T16:00:00Z,,0,2475.5,0,,2026-09-05T23:14:27Z
2026-09-05T23:00:00Z,ET-30OCT26-CDE,2026-10-30T16:00:00Z,2480.5,2498.75,2475.5,483,,2026-09-05T23:14:27Z
2026-09-06T00:00:00Z,BIT-25SEP26-CDE,2026-09-25T15:00:00Z,80250,80265,80150,173203,5560,2026-09-06T00:14:11Z
2026-09-06T00:00:00Z,BIT-27NOV26-CDE,2026-11-27T16:00:00Z,,0,80630,0,,2026-09-06T00:14:11Z
2026-09-06T00:00:00Z,BIT-30OCT26-CDE,2026-10-30T16:00:00Z,80605,80732.5,80630,664,,2026-09-06T00:14:11Z
2026-09-06T00:00:00Z,ET-25SEP26-CDE,2026-09-25T15:00:00Z,2485,2489.75,2466,68198,4726,2026-09-06T00:14:11Z
2026-09-06T00:00:00Z,ET-27NOV26-CDE,2026-11-27T16:00:00Z,,0,2475.5,0,,2026-09-06T00:14:11Z
2026-09-06T00:00:00Z,ET-30OCT26-CDE,2026-10-30T16:00:00Z,2480.5,2502.25,2475.5,483,,2026-09-06T00:14:11Z
2026-09-06T01:00:00Z,BIT-25SEP26-CDE,2026-09-25T15:00:00Z,80325,80342.5,80150,173203,5524,2026-09-06T01:14:26Z
2026-09-06T01:00:00Z,BIT-27NOV26-CDE,2026-11-27T16:00:00Z,,0,80630,0,,2026-09-06T01:14:26Z
2026-09-06T01:00:00Z,BIT-30OCT26-CDE,2026-10-30T16:00:00Z,80605,80832.5,80630,664,,2026-09-06T01:14:26Z
2026-09-06T01:00:00Z,ET-25SEP26-CDE,2026-09-25T15:00:00Z,2506,2507.75,2466,68198,3766,2026-09-06T01:14:26Z
2026-09-06T01:00:00Z,ET-27NOV26-CDE,2026-11-27T16:00:00Z,,0,2475.5,0,,2026-09-06T01:14:26Z
2026-09-06T01:00:00Z,ET-30OCT26-CDE,2026-10-30T16:00:00Z,2480.5,2520.5,2475.5,483,,2026-09-06T01:14:26Z
2026-09-06T02:00:00Z,BIT-25SEP26-CDE,2026-09-25T15:00:00Z,80370,80377.5,80150,173203,5612,2026-09-06T02:14:10Z
2026-09-06T02:00:00Z,BIT-27NOV26-CDE,2026-11-27T16:00:00Z,,0,80630,0,,2026-09-06T02:14:10Z
2026-09-06T02:00:00Z,BIT-30OCT26-CDE,2026-10-30T16:00:00Z,80605,80852.5,80630,664,,2026-09-06T02:14:10Z
2026-09-06T02:00:00Z,ET-25SEP26-CDE,2026-09-25T15:00:00Z,2517,2515.5,2466,68198,5777,2026-09-06T02:14:10Z
2026-09-06T02:00:00Z,ET-27NOV26-CDE,2026-11-27T16:00:00Z,,0,2475.5,0,,2026-09-06T02:14:10Z
2026-09-06T02:00:00Z,ET-30OCT26-CDE,2026-10-30T16:00:00Z,2480.5,2527.75,2475.5,483,,2026-09-06T02:14:10Z
2026-09-06T03:00:00Z,BIT-25SEP26-CDE,2026-09-25T15:00:00Z,80275,80262.5,80150,173203,5858,2026-09-06T03:14:23Z
2026-09-06T03:00:00Z,BIT-27NOV26-CDE,2026-11-27T16:00:00Z,,0,80630,0,,2026-09-06T03:14:23Z
2026-09-06T03:00:00Z,BIT-30OCT26-CDE,2026-10-30T16:00:00Z,80605,80765,80630,664,,2026-09-06T03:14:23Z
2026-09-06T03:00:00Z,ET-25SEP26-CDE,2026-09-25T15:00:00Z,2515,2516,2466,68198,7213,2026-09-06T03:14:23Z
2026-09-06T03:00:00Z,ET-27NOV26-CDE,2026-11-27T16:00:00Z,,0,2475.5,0,,2026-09-06T03:14:23Z
2026-09-06T03:00:00Z,ET-30OCT26-CDE,2026-10-30T16:00:00Z,2480.5,2526.5,2475.5,483,,2026-09-06T03:14:23Z
2026-09-06T04:00:00Z,BIT-25SEP26-CDE,2026-09-25T15:00:00Z,80355,80322.5,80150,173203,5871,2026-09-06T04:14:06Z
2026-09-06T04:00:00Z,BIT-27NOV26-CDE,2026-11-27T16:00:00Z,,0,80630,0,,2026-09-06T04:14:06Z
2026-09-06T04:00:00Z,BIT-30OCT26-CDE,2026-10-30T16:00:00Z,80605,80807.5,80630,664,,2026-09-06T04:14:06Z
2026-09-06T04:00:00Z,ET-25SEP26-CDE,2026-09-25T15:00:00Z,2516,2518.25,2466,68198,6850,2026-09-06T04:14:06Z
2026-09-06T04:00:00Z,ET-27NOV26-CDE,2026-11-27T16:00:00Z,,0,2475.5,0,,2026-09-06T04:14:06Z
2026-09-06T04:00:00Z,ET-30OCT26-CDE,2026-10-30T16:00:00Z,2480.5,2528.5,2475.5,483,,2026-09-06T04:14:06Z
2026-09-06T05:00:00Z,BIT-25SEP26-CDE,2026-09-25T15:00:00Z,80120,80145,80150,173203,6147,2026-09-06T05:14:19Z
2026-09-06T05:00:00Z,BIT-27NOV26-CDE,2026-11-27T16:00:00Z,,0,80630,0,,2026-09-06T05:14:19Z
2026-09-06T05:00:00Z,BIT-30OCT26-CDE,2026-10-30T16:00:00Z,80605,80642.5,80630,664,,2026-09-06T05:14:19Z
2026-09-06T05:00:00Z,ET-25SEP26-CDE,2026-09-25T15:00:00Z,2515,2512.75,2466,68198,6627,2026-09-06T05:14:19Z
2026-09-06T05:00:00Z,ET-27NOV26-CDE,2026-11-27T16:00:00Z,,0,2475.5,0,,2026-09-06T05:14:19Z
2026-09-06T05:00:00Z,ET-30OCT26-CDE,2026-10-30T16:00:00Z,2480.5,2522.5,2475.5,483,,2026-09-06T05:14:19Z
2026-09-06T06:00:00Z,BIT-25SEP26-CDE,2026-09-25T15:00:00Z,80260,80292.5,80150,173203,6398,2026-09-06T06:02:57Z
2026-09-06T06:00:00Z,BIT-27NOV26-CDE,2026-11-27T16:00:00Z,,0,80630,0,,2026-09-06T06:02:57Z
2026-09-06T06:00:00Z,BIT-30OCT26-CDE,2026-10-30T16:00:00Z,80605,80795,80630,664,,2026-09-06T06:02:57Z
2026-09-06T06:00:00Z,ET-25SEP26-CDE,2026-09-25T15:00:00Z,2521.5,2521,2466,68198,7132,2026-09-06T06:02:57Z
2026-09-06T06:00:00Z,ET-27NOV26-CDE,2026-11-27T16:00:00Z,,0,2475.5,0,,2026-09-06T06:02:57Z
2026-09-06T06:00:00Z,ET-30OCT26-CDE,2026-10-30T16:00:00Z,2480.5,2531.5,2475.5,483,,2026-09-06T06:02:57Z
2026-09-06T07:00:00Z,BIT-25SEP26-CDE,2026-09-25T15:00:00Z,79975,79967.5,80150,173203,7080,2026-09-06T07:14:16Z
2026-09-06T07:00:00Z,BIT-27NOV26-CDE,2026-11-27T16:00:00Z,,0,80630,0,,2026-09-06T07:14:16Z
2026-09-06T07:00:00Z,BIT-30OCT26-CDE,2026-10-30T16:00:00Z,80605,80462.5,80630,664,,2026-09-06T07:14:16Z
2026-09-06T07:00:00Z,ET-25SEP26-CDE,2026-09-25T15:00:00Z,2497,2496.25,2466,68198,7574,2026-09-06T07:14:16Z
2026-09-06T07:00:00Z,ET-27NOV26-CDE,2026-11-27T16:00:00Z,,0,2475.5,0,,2026-09-06T07:14:16Z
2026-09-06T07:00:00Z,ET-30OCT26-CDE,2026-10-30T16:00:00Z,2511,2505.25,2475.5,483,5,2026-09-06T07:14:16Z
2026-09-06T08:00:00Z,BIT-25SEP26-CDE,2026-09-25T15:00:00Z,80170,80202.5,80150,173203,7172,2026-09-06T08:14:00Z
2026-09-06T08:00:00Z,BIT-27NOV26-CDE,2026-11-27T16:00:00Z,,0,80630,0,,2026-09-06T08:14:00Z
2026-09-06T08:00:00Z,BIT-30OCT26-CDE,2026-10-30T16:00:00Z,80605,80720,80630,664,,2026-09-06T08:14:00Z
2026-09-06T08:00:00Z,ET-25SEP26-CDE,2026-09-25T15:00:00Z,2502,2508.25,2466,68198,7585,2026-09-06T08:14:00Z
2026-09-06T08:00:00Z,ET-27NOV26-CDE,2026-11-27T16:00:00Z,,0,2475.5,0,,2026-09-06T08:14:00Z
2026-09-06T08:00:00Z,ET-30OCT26-CDE,2026-10-30T16:00:00Z,2511,2518.5,2475.5,483,5,2026-09-06T08:14:00Z
2026-09-06T09:00:00Z,BIT-25SEP26-CDE,2026-09-25T15:00:00Z,80255,80237.5,80150,173203,7502,2026-09-06T09:14:13Z
2026-09-06T09:00:00Z,BIT-27NOV26-CDE,2026-11-27T16:00:00Z,,0,80630,0,,2026-09-06T09:14:13Z
2026-09-06T09:00:00Z,BIT-30OCT26-CDE,2026-10-30T16:00:00Z,80605,80752.5,80630,664,,2026-09-06T09:14:13Z
2026-09-06T09:00:00Z,ET-25SEP26-CDE,2026-09-25T15:00:00Z,2508.5,2507.25,2466,68198,7581,2026-09-06T09:14:13Z
2026-09-06T09:00:00Z,ET-27NOV26-CDE,2026-11-27T16:00:00Z,,0,2475.5,0,,2026-09-06T09:14:13Z
2026-09-06T09:00:00Z,ET-30OCT26-CDE,2026-10-30T16:00:00Z,2511,2516,2475.5,483,5,2026-09-06T09:14:13Z
2026-09-06T10:00:00Z,BIT-25SEP26-CDE,2026-09-25T15:00:00Z,80165,80262.5,80150,173203,7913,2026-09-06T10:14:27Z
2026-09-06T10:00:00Z,BIT-27NOV26-CDE,2026-11-27T16:00:00Z,,0,80630,0,,2026-09-06T10:14:27Z
2026-09-06T10:00:00Z,BIT-30OCT26-CDE,2026-10-30T16:00:00Z,80605,80762.5,80630,664,,2026-09-06T10:14:27Z
2026-09-06T10:00:00Z,ET-25SEP26-CDE,2026-09-25T15:00:00Z,2505,2508.5,2466,68198,7582,2026-09-06T10:14:27Z
2026-09-06T10:00:00Z,ET-27NOV26-CDE,2026-11-27T16:00:00Z,,0,2475.5,0,,2026-09-06T10:14:27Z
2026-09-06T10:00:00Z,ET-30OCT26-CDE,2026-10-30T16:00:00Z,2511,2518.75,2475.5,483,5,2026-09-06T10:14:27Z
2026-09-06T11:00:00Z,BIT-25SEP26-CDE,2026-09-25T15:00:00Z,80340,80292.5,80150,173203,8103,2026-09-06T11:14:12Z
2026-09-06T11:00:00Z,BIT-27NOV26-CDE,2026-11-27T16:00:00Z,,0,80630,0,,2026-09-06T11:14:12Z
2026-09-06T11:00:00Z,BIT-30OCT26-CDE,2026-10-30T16:00:00Z,80605,80807.5,80630,664,,2026-09-06T11:14:12Z
2026-09-06T11:00:00Z,ET-25SEP26-CDE,2026-09-25T15:00:00Z,2510.5,2511.25,2466,68198,7666,2026-09-06T11:14:12Z
2026-09-06T11:00:00Z,ET-27NOV26-CDE,2026-11-27T16:00:00Z,,0,2475.5,0,,2026-09-06T11:14:12Z
2026-09-06T11:00:00Z,ET-30OCT26-CDE,2026-10-30T16:00:00Z,2511,2519.25,2475.5,483,5,2026-09-06T11:14:12Z
2026-09-06T12:00:00Z,BIT-25SEP26-CDE,2026-09-25T15:00:00Z,80160,80245,80150,173203,8124,2026-09-06T12:14:26Z
2026-09-06T12:00:00Z,BIT-27NOV26-CDE,2026-11-27T16:00:00Z,,0,80630,0,,2026-09-06T12:14:26Z
2026-09-06T12:00:00Z,BIT-30OCT26-CDE,2026-10-30T16:00:00Z,80605,80765,80630,664,,2026-09-06T12:14:26Z
2026-09-06T12:00:00Z,ET-25SEP26-CDE,2026-09-25T15:00:00Z,2506.5,2510,2466,68198,7874,2026-09-06T12:14:26Z
2026-09-06T12:00:00Z,ET-27NOV26-CDE,2026-11-27T16:00:00Z,,0,2475.5,0,,2026-09-06T12:14:26Z
2026-09-06T12:00:00Z,ET-30OCT26-CDE,2026-10-30T16:00:00Z,2522,2522.25,2475.5,483,10,2026-09-06T12:14:26Z
2026-09-06T13:00:00Z,BIT-25SEP26-CDE,2026-09-25T15:00:00Z,80240,80225,80150,173203,8306,2026-09-06T13:14:11Z
2026-09-06T13:00:00Z,BIT-27NOV26-CDE,2026-11-27T16:00:00Z,,0,80630,0,,2026-09-06T13:14:11Z
2026-09-06T13:00:00Z,BIT-30OCT26-CDE,2026-10-30T16:00:00Z,80605,80732.5,80630,664,,2026-09-06T13:14:11Z
2026-09-06T13:00:00Z,ET-25SEP26-CDE,2026-09-25T15:00:00Z,2508,2506.25,2466,68198,7811,2026-09-06T13:14:11Z
2026-09-06T13:00:00Z,ET-27NOV26-CDE,2026-11-27T16:00:00Z,,0,2475.5,0,,2026-09-06T13:14:11Z
2026-09-06T13:00:00Z,ET-30OCT26-CDE,2026-10-30T16:00:00Z,2522,2517.75,2475.5,483,10,2026-09-06T13:14:11Z
2026-09-06T14:00:00Z,BIT-25SEP26-CDE,2026-09-25T15:00:00Z,80105,80107.5,80150,173203,7922,2026-09-06T14:14:24Z
2026-09-06T14:00:00Z,BIT-27NOV26-CDE,2026-11-27T16:00:00Z,,0,80630,0,,2026-09-06T14:14:24Z
2026-09-06T14:00:00Z,BIT-30OCT26-CDE,2026-10-30T16:00:00Z,80605,80582.5,80630,664,,2026-09-06T14:14:24Z
2026-09-06T14:00:00Z,ET-25SEP26-CDE,2026-09-25T15:00:00Z,2496,2495,2466,68198,7717,2026-09-06T14:14:24Z
2026-09-06T14:00:00Z,ET-27NOV26-CDE,2026-11-27T16:00:00Z,,0,2475.5,0,,2026-09-06T14:14:24Z
2026-09-06T14:00:00Z,ET-30OCT26-CDE,2026-10-30T16:00:00Z,2522,2508.25,2475.5,483,10,2026-09-06T14:14:24Z
2026-09-06T15:00:00Z,BIT-25SEP26-CDE,2026-09-25T15:00:00Z,79900,79880,80150,173203,9234,2026-09-06T15:14:08Z
2026-09-06T15:00:00Z,BIT-27NOV26-CDE,2026-11-27T16:00:00Z,,0,80630,0,,2026-09-06T15:14:08Z
2026-09-06T15:00:00Z,BIT-30OCT26-CDE,2026-10-30T16:00:00Z,80605,80360,80630,664,,2026-09-06T15:14:08Z
2026-09-06T15:00:00Z,ET-25SEP26-CDE,2026-09-25T15:00:00Z,2486,2485,2466,68198,8548,2026-09-06T15:14:08Z
2026-09-06T15:00:00Z,ET-27NOV26-CDE,2026-11-27T16:00:00Z,,0,2475.5,0,,2026-09-06T15:14:08Z
2026-09-06T15:00:00Z,ET-30OCT26-CDE,2026-10-30T16:00:00Z,2487.5,2495.5,2475.5,483,16,2026-09-06T15:14:08Z
2026-09-06T16:00:00Z,BIT-25SEP26-CDE,2026-09-25T15:00:00Z,79950,80065,80150,173203,8775,2026-09-06T16:14:23Z
2026-09-06T16:00:00Z,BIT-27NOV26-CDE,2026-11-27T16:00:00Z,,0,80630,0,,2026-09-06T16:14:23Z
2026-09-06T16:00:00Z,BIT-30OCT26-CDE,2026-10-30T16:00:00Z,80605,80552.5,80630,664,,2026-09-06T16:14:23Z
2026-09-06T16:00:00Z,ET-25SEP26-CDE,2026-09-25T15:00:00Z,2489.5,2490,2466,68198,8565,2026-09-06T16:14:23Z
2026-09-06T16:00:00Z,ET-27NOV26-CDE,2026-11-27T16:00:00Z,,0,2475.5,0,,2026-09-06T16:14:23Z
2026-09-06T16:00:00Z,ET-30OCT26-CDE,2026-10-30T16:00:00Z,2487.5,2502.25,2475.5,483,16,2026-09-06T16:14:23Z
2026-09-06T17:00:00Z,BIT-25SEP26-CDE,2026-09-25T15:00:00Z,79990,79982.5,80150,173203,8682,2026-09-06T17:14:07Z
2026-09-06T17:00:00Z,BIT-27NOV26-CDE,2026-11-27T16:00:00Z,,0,80630,0,,2026-09-06T17:14:07Z
2026-09-06T17:00:00Z,BIT-30OCT26-CDE,2026-10-30T16:00:00Z,80605,80452.5,80630,664,,2026-09-06T17:14:07Z
2026-09-06T17:00:00Z,ET-25SEP26-CDE,2026-09-25T15:00:00Z,2490,2492.5,2466,68198,7522,2026-09-06T17:14:07Z
2026-09-06T17:00:00Z,ET-27NOV26-CDE,2026-11-27T16:00:00Z,,0,2475.5,0,,2026-09-06T17:14:07Z
2026-09-06T17:00:00Z,ET-30OCT26-CDE,2026-10-30T16:00:00Z,2487.5,2503.5,2475.5,483,16,2026-09-06T17:14:07Z
2026-09-06T18:00:00Z,BIT-25SEP26-CDE,2026-09-25T15:00:00Z,80170,80197.5,80150,173203,8536,2026-09-06T18:14:23Z
2026-09-06T18:00:00Z,BIT-27NOV26-CDE,2026-11-27T16:00:00Z,,0,80630,0,,2026-09-06T18:14:23Z
2026-09-06T18:00:00Z,BIT-30OCT26-CDE,2026-10-30T16:00:00Z,80605,80687.5,80630,664,,2026-09-06T18:14:23Z
2026-09-06T18:00:00Z,ET-25SEP26-CDE,2026-09-25T15:00:00Z,2501.5,2503,2466,68198,7449,2026-09-06T18:14:23Z
2026-09-06T18:00:00Z,ET-27NOV26-CDE,2026-11-27T16:00:00Z,,0,2475.5,0,,2026-09-06T18:14:23Z
2026-09-06T18:00:00Z,ET-30OCT26-CDE,2026-10-30T16:00:00Z,2487.5,2514,2475.5,483,16,2026-09-06T18:14:23Z
2026-09-06T19:00:00Z,BIT-25SEP26-CDE,2026-09-25T15:00:00Z,80185,80195,80150,173203,8719,2026-09-06T19:14:07Z
2026-09-06T19:00:00Z,BIT-27NOV26-CDE,2026-11-27T16:00:00Z,,0,80630,0,,2026-09-06T19:14:07Z
2026-09-06T19:00:00Z,BIT-30OCT26-CDE,2026-10-30T16:00:00Z,80605,80697.5,80630,664,,2026-09-06T19:14:07Z
2026-09-06T19:00:00Z,ET-25SEP26-CDE,2026-09-25T15:00:00Z,2500.5,2501.25,2466,68198,7348,2026-09-06T19:14:07Z
2026-09-06T19:00:00Z,ET-27NOV26-CDE,2026-11-27T16:00:00Z,,0,2475.5,0,,2026-09-06T19:14:07Z
2026-09-06T19:00:00Z,ET-30OCT26-CDE,2026-10-30T16:00:00Z,2487.5,2512.75,2475.5,483,16,2026-09-06T19:14:07Z
2026-09-06T20:00:00Z,BIT-25SEP26-CDE,2026-09-25T15:00:00Z,80185,80152.5,80150,173203,8539,2026-09-06T20:14:20Z
2026-09-06T20:00:00Z,BIT-27NOV26-CDE,2026-11-27T16:00:00Z,,0,80630,0,,2026-09-06T20:14:20Z
2026-09-06T20:00:00Z,BIT-30OCT26-CDE,2026-10-30T16:00:00Z,80605,80645,80630,664,,2026-09-06T20:14:20Z
2026-09-06T20:00:00Z,ET-25SEP26-CDE,2026-09-25T15:00:00Z,2497.5,2501.75,2466,68198,7220,2026-09-06T20:14:20Z
2026-09-06T20:00:00Z,ET-27NOV26-CDE,2026-11-27T16:00:00Z,,0,2475.5,0,,2026-09-06T20:14:20Z
2026-09-06T20:00:00Z,ET-30OCT26-CDE,2026-10-30T16:00:00Z,2487.5,2510,2475.5,483,16,2026-09-06T20:14:20Z
2026-09-06T21:00:00Z,BIT-25SEP26-CDE,2026-09-25T15:00:00Z,80350,80305,80150,173203,8440,2026-09-06T21:14:07Z
2026-09-06T21:00:00Z,BIT-27NOV26-CDE,2026-11-27T16:00:00Z,,0,80630,0,,2026-09-06T21:14:07Z
2026-09-06T21:00:00Z,BIT-30OCT26-CDE,2026-10-30T16:00:00Z,80605,80850,80630,664,,2026-09-06T21:14:07Z
2026-09-06T21:00:00Z,ET-25SEP26-CDE,2026-09-25T15:00:00Z,2519,2518.75,2466,68198,7395,2026-09-06T21:14:07Z
2026-09-06T21:00:00Z,ET-27NOV26-CDE,2026-11-27T16:00:00Z,,0,2475.5,0,,2026-09-06T21:14:07Z
2026-09-06T21:00:00Z,ET-30OCT26-CDE,2026-10-30T16:00:00Z,2525,2531.25,2475.5,483,24,2026-09-06T21:14:07Z
2026-09-06T22:00:00Z,BIT-25SEP26-CDE,2026-09-25T15:00:00Z,80010,80062.5,80150,173203,8544,2026-09-06T22:14:20Z
2026-09-06T22:00:00Z,BIT-27NOV26-CDE,2026-11-27T16:00:00Z,,0,80630,0,,2026-09-06T22:14:20Z
2026-09-06T22:00:00Z,BIT-30OCT26-CDE,2026-10-30T16:00:00Z,80605,80610,80630,664,,2026-09-06T22:14:20Z
2026-09-06T22:00:00Z,ET-25SEP26-CDE,2026-09-25T15:00:00Z,2506,2507.5,2466,68198,7071,2026-09-06T22:14:20Z
2026-09-06T22:00:00Z,ET-27NOV26-CDE,2026-11-27T16:00:00Z,,0,2475.5,0,,2026-09-06T22:14:20Z
2026-09-06T22:00:00Z,ET-30OCT26-CDE,2026-10-30T16:00:00Z,2525,2517.75,2475.5,483,24,2026-09-06T22:14:20Z
2026-09-06T23:00:00Z,BIT-25SEP26-CDE,2026-09-25T15:00:00Z,80560,80567.5,80150,173203,9315,2026-09-06T23:14:04Z
2026-09-06T23:00:00Z,BIT-27NOV26-CDE,2026-11-27T16:00:00Z,,0,80630,0,,2026-09-06T23:14:04Z
2026-09-06T23:00:00Z,BIT-30OCT26-CDE,2026-10-30T16:00:00Z,80605,81047.5,80630,664,,2026-09-06T23:14:04Z
2026-09-06T23:00:00Z,ET-25SEP26-CDE,2026-09-25T15:00:00Z,2520.5,2520.25,2466,68198,7310,2026-09-06T23:14:04Z
2026-09-06T23:00:00Z,ET-27NOV26-CDE,2026-11-27T16:00:00Z,,0,2475.5,0,,2026-09-06T23:14:04Z
2026-09-06T23:00:00Z,ET-30OCT26-CDE,2026-10-30T16:00:00Z,2525,2530.75,2475.5,483,24,2026-09-06T23:14:04Z
2026-09-07T00:00:00Z,BIT-25SEP26-CDE,2026-09-25T15:00:00Z,80705,80710,80150,173203,11031,2026-09-07T00:14:18Z
2026-09-07T00:00:00Z,BIT-27NOV26-CDE,2026-11-27T16:00:00Z,,0,80630,0,,2026-09-07T00:14:18Z
2026-09-07T00:00:00Z,BIT-30OCT26-CDE,2026-10-30T16:00:00Z,80605,81180,80630,664,,2026-09-07T00:14:18Z
2026-09-07T00:00:00Z,ET-25SEP26-CDE,2026-09-25T15:00:00Z,2523.5,2526,2466,68198,7682,2026-09-07T00:14:18Z
2026-09-07T00:00:00Z,ET-27NOV26-CDE,2026-11-27T16:00:00Z,,0,2475.5,0,,2026-09-07T00:14:18Z
2026-09-07T00:00:00Z,ET-30OCT26-CDE,2026-10-30T16:00:00Z,2525,2536.5,2475.5,483,24,2026-09-07T00:14:18Z
2026-09-07T01:00:00Z,BIT-25SEP26-CDE,2026-09-25T15:00:00Z,80345,80325,80150,173203,13857,2026-09-07T01:14:02Z
2026-09-07T01:00:00Z,BIT-27NOV26-CDE,2026-11-27T16:00:00Z,,0,80630,0,,2026-09-07T01:14:02Z
2026-09-07T01:00:00Z,BIT-30OCT26-CDE,2026-10-30T16:00:00Z,80605,80792.5,80630,664,,2026-09-07T01:14:02Z
2026-09-07T01:00:00Z,ET-25SEP26-CDE,2026-09-25T15:00:00Z,2514.5,2514,2466,68198,8621,2026-09-07T01:14:02Z
2026-09-07T01:00:00Z,ET-27NOV26-CDE,2026-11-27T16:00:00Z,,0,2475.5,0,,2026-09-07T01:14:02Z
2026-09-07T01:00:00Z,ET-30OCT26-CDE,2026-10-30T16:00:00Z,2525,2526.25,2475.5,483,24,2026-09-07T01:14:02Z
2026-09-07T02:00:00Z,BIT-25SEP26-CDE,2026-09-25T15:00:00Z,80170,80127.5,80150,173203,13871,2026-09-07T02:14:18Z
2026-09-07T02:00:00Z,BIT-27NOV26-CDE,2026-11-27T16:00:00Z,,0,80630,0,,2026-09-07T02:14:18Z
2026-09-07T02:00:00Z,BIT-30OCT26-CDE,2026-10-30T16:00:00Z,80605,80617.5,80630,664,,2026-09-07T02:14:18Z
2026-09-07T02:00:00Z,ET-25SEP26-CDE,2026-09-25T15:00:00Z,2508,2507,2466,68198,6686,2026-09-07T02:14:18Z
2026-09-07T02:00:00Z,ET-27NOV26-CDE,2026-11-27T16:00:00Z,,0,2475.5,0,,2026-09-07T02:14:18Z
2026-09-07T02:00:00Z,ET-30OCT26-CDE,2026-10-30T16:00:00Z,2525,2518.75,2475.5,483,24,2026-09-07T02:14:18Z
2026-09-07T03:00:00Z,BIT-25SEP26-CDE,2026-09-25T15:00:00Z,80105,80122.5,80150,173203,15025,2026-09-07T03:14:05Z
2026-09-07T03:00:00Z,BIT-27NOV26-CDE,2026-11-27T16:00:00Z,,0,80630,0,,2026-09-07T03:14:05Z
2026-09-07T03:00:00Z,BIT-30OCT26-CDE,2026-10-30T16:00:00Z,80605,80612.5,80630,664,,2026-09-07T03:14:05Z
2026-09-07T03:00:00Z,ET-25SEP26-CDE,2026-09-25T15:00:00Z,2515,2516.5,2466,68198,5858,2026-09-07T03:14:05Z
2026-09-07T03:00:00Z,ET-27NOV26-CDE,2026-11-27T16:00:00Z,,0,2475.5,0,,2026-09-07T03:14:05Z
2026-09-07T03:00:00Z,ET-30OCT26-CDE,2026-10-30T16:00:00Z,2525,2527.5,2475.5,483,24,2026-09-07T03:14:05Z
2026-09-07T04:00:00Z,BIT-25SEP26-CDE,2026-09-25T15:00:00Z,79920,79937.5,80150,173203,15323,2026-09-07T04:14:19Z
2026-09-07T04:00:00Z,BIT-27NOV26-CDE,2026-11-27T16:00:00Z,,0,80630,0,,2026-09-07T04:14:19Z
2026-09-07T04:00:00Z,BIT-30OCT26-CDE,2026-10-30T16:00:00Z,80605,80447.5,80630,664,,2026-09-07T04:14:19Z
2026-09-07T04:00:00Z,ET-25SEP26-CDE,2026-09-25T15:00:00Z,2505.5,2503.25,2466,68198,6329,2026-09-07T04:14:19Z
2026-09-07T04:00:00Z,ET-27NOV26-CDE,2026-11-27T16:00:00Z,,0,2475.5,0,,2026-09-07T04:14:19Z
2026-09-07T04:00:00Z,ET-30OCT26-CDE,2026-10-30T16:00:00Z,2525,2514.5,2475.5,483,24,2026-09-07T04:14:19Z
2026-09-07T05:00:00Z,BIT-25SEP26-CDE,2026-09-25T15:00:00Z,80060,80080,80150,173203,15587,2026-09-07T05:14:03Z
2026-09-07T05:00:00Z,BIT-27NOV26-CDE,2026-11-27T16:00:00Z,,0,80630,0,,2026-09-07T05:14:03Z
2026-09-07T05:00:00Z,BIT-30OCT26-CDE,2026-10-30T16:00:00Z,80605,80582.5,80630,664,,2026-09-07T05:14:03Z
2026-09-07T05:00:00Z,ET-25SEP26-CDE,2026-09-25T15:00:00Z,2510,2510.5,2466,68198,6436,2026-09-07T05:14:03Z
2026-09-07T05:00:00Z,ET-27NOV26-CDE,2026-11-27T16:00:00Z,,0,2475.5,0,,2026-09-07T05:14:03Z
2026-09-07T05:00:00Z,ET-30OCT26-CDE,2026-10-30T16:00:00Z,2525,2521.25,2475.5,483,24,2026-09-07T05:14:03Z
2026-09-07T06:00:00Z,BIT-25SEP26-CDE,2026-09-25T15:00:00Z,80135,80115,80150,173203,15497,2026-09-07T06:14:17Z
2026-09-07T06:00:00Z,BIT-27NOV26-CDE,2026-11-27T16:00:00Z,,0,80630,0,,2026-09-07T06:14:17Z
2026-09-07T06:00:00Z,BIT-30OCT26-CDE,2026-10-30T16:00:00Z,80605,80630,80630,664,,2026-09-07T06:14:17Z
2026-09-07T06:00:00Z,ET-25SEP26-CDE,2026-09-25T15:00:00Z,2517,2518.5,2466,68198,6021,2026-09-07T06:14:17Z
2026-09-07T06:00:00Z,ET-27NOV26-CDE,2026-11-27T16:00:00Z,,0,2475.5,0,,2026-09-07T06:14:17Z
2026-09-07T06:00:00Z,ET-30OCT26-CDE,2026-10-30T16:00:00Z,2525,2528.75,2475.5,483,24,2026-09-07T06:14:17Z
2026-09-07T07:00:00Z,BIT-25SEP26-CDE,2026-09-25T15:00:00Z,79690,79772.5,80150,173203,14857,2026-09-07T07:30:45Z
2026-09-07T07:00:00Z,BIT-27NOV26-CDE,2026-11-27T16:00:00Z,,0,80630,0,,2026-09-07T07:30:45Z
2026-09-07T07:00:00Z,BIT-30OCT26-CDE,2026-10-30T16:00:00Z,80605,80300,80630,664,,2026-09-07T07:30:45Z
2026-09-07T07:00:00Z,ET-25SEP26-CDE,2026-09-25T15:00:00Z,2496.5,2498.75,2466,68198,5848,2026-09-07T07:30:45Z
2026-09-07T07:00:00Z,ET-27NOV26-CDE,2026-11-27T16:00:00Z,,0,2475.5,0,,2026-09-07T07:30:45Z
2026-09-07T07:00:00Z,ET-30OCT26-CDE,2026-10-30T16:00:00Z,2525,2510.25,2475.5,483,19,2026-09-07T07:30:45Z
2026-09-07T13:00:00Z,BIT-25SEP26-CDE,2026-09-25T15:00:00Z,79640,79652.5,80150,173203,15898,2026-09-07T13:37:38Z
2026-09-07T13:00:00Z,BIT-27NOV26-CDE,2026-11-27T16:00:00Z,,0,80630,0,,2026-09-07T13:37:38Z
2026-09-07T13:00:00Z,BIT-30OCT26-CDE,2026-10-30T16:00:00Z,80605,80145,80630,664,,2026-09-07T13:37:38Z
2026-09-07T13:00:00Z,ET-25SEP26-CDE,2026-09-25T15:00:00Z,2513,2505.75,2466,68198,7428,2026-09-07T13:37:38Z
2026-09-07T13:00:00Z,ET-27NOV26-CDE,2026-11-27T16:00:00Z,,0,2475.5,0,,2026-09-07T13:37:38Z
2026-09-07T13:00:00Z,ET-30OCT26-CDE,2026-10-30T16:00:00Z,2525,2517.25,2475.5,483,14,2026-09-07T13:37:38Z
2026-09-07T18:00:00Z,BIT-25SEP26-CDE,2026-09-25T15:00:00Z,79455,79472.5,80150,173203,16221,2026-09-07T18:22:29Z
2026-09-07T18:00:00Z,BIT-27NOV26-CDE,2026-11-27T16:00:00Z,,0,80630,0,,2026-09-07T18:22:29Z
2026-09-07T18:00:00Z,BIT-30OCT26-CDE,2026-10-30T16:00:00Z,80605,79985,80630,664,,2026-09-07T18:22:29Z
2026-09-07T18:00:00Z,ET-25SEP26-CDE,2026-09-25T15:00:00Z,2501,2503.25,2466,68198,9760,2026-09-07T18:22:29Z
2026-09-07T18:00:00Z,ET-27NOV26-CDE,2026-11-27T16:00:00Z,,0,2475.5,0,,2026-09-07T18:22:29Z
2026-09-07T18:00:00Z,ET-30OCT26-CDE,2026-10-30T16:00:00Z,2525,2514,2475.5,483,8,2026-09-07T18:22:29Z
2026-09-07T21:00:00Z,BIT-25SEP26-CDE,2026-09-25T15:00:00Z,79655,79520,80150,173203,16301,2026-09-07T21:36:08Z
2026-09-07T21:00:00Z,BIT-27NOV26-CDE,2026-11-27T16:00:00Z,,0,80630,0,,2026-09-07T21:36:08Z
2026-09-07T21:00:00Z,BIT-30OCT26-CDE,2026-10-30T16:00:00Z,80605,0,80630,664,,2026-09-07T21:36:08Z
2026-09-07T21:00:00Z,ET-25SEP26-CDE,2026-09-25T15:00:00Z,2501,2499.75,2466,68198,10307,2026-09-07T21:36:08Z
2026-09-07T21:00:00Z,ET-27NOV26-CDE,2026-11-27T16:00:00Z,,0,2475.5,0,,2026-09-07T21:36:08Z
2026-09-07T21:00:00Z,ET-30OCT26-CDE,2026-10-30T16:00:00Z,2525,0,2475.5,483,,2026-09-07T21:36:08Z
2026-09-07T23:00:00Z,BIT-25SEP26-CDE,2026-09-25T15:00:00Z,79305,79312.5,80150,171742,34494,2026-09-07T23:44:02Z
2026-09-07T23:00:00Z,BIT-27NOV26-CDE,2026-11-27T16:00:00Z,,0,80630,0,,2026-09-07T23:44:02Z
2026-09-07T23:00:00Z,BIT-30OCT26-CDE,2026-10-30T16:00:00Z,79830,79825,80630,664,3,2026-09-07T23:44:02Z
2026-09-07T23:00:00Z,ET-25SEP26-CDE,2026-09-25T15:00:00Z,2495,2495,2466,69567,21038,2026-09-07T23:44:02Z
2026-09-07T23:00:00Z,ET-27NOV26-CDE,2026-11-27T16:00:00Z,,0,2475.5,0,,2026-09-07T23:44:02Z
2026-09-07T23:00:00Z,ET-30OCT26-CDE,2026-10-30T16:00:00Z,2507.5,2507.5,2475.5,483,2,2026-09-07T23:44:02Z
2026-09-08T01:00:00Z,BIT-25SEP26-CDE,2026-09-25T15:00:00Z,79685,79675,80150,171742,34072,2026-09-08T01:27:12Z
2026-09-08T01:00:00Z,BIT-27NOV26-CDE,2026-11-27T16:00:00Z,,0,80630,0,,2026-09-08T01:27:12Z
2026-09-08T01:00:00Z,BIT-30OCT26-CDE,2026-10-30T16:00:00Z,79830,80187.5,80630,664,3,2026-09-08T01:27:12Z
2026-09-08T01:00:00Z,ET-25SEP26-CDE,2026-09-25T15:00:00Z,2513,2511.5,2466,69567,21704,2026-09-08T01:27:12Z
2026-09-08T01:00:00Z,ET-27NOV26-CDE,2026-11-27T16:00:00Z,,0,2475.5,0,,2026-09-08T01:27:12Z
2026-09-08T01:00:00Z,ET-30OCT26-CDE,2026-10-30T16:00:00Z,2507.5,2523.25,2475.5,483,2,2026-09-08T01:27:12Z
2026-09-08T06:00:00Z,BIT-25SEP26-CDE,2026-09-25T15:00:00Z,78715,78715,80150,171742,43835,2026-09-08T06:12:00Z
2026-09-08T06:00:00Z,BIT-27NOV26-CDE,2026-11-27T16:00:00Z,,0,80630,0,,2026-09-08T06:12:00Z
2026-09-08T06:00:00Z,BIT-30OCT26-CDE,2026-10-30T16:00:00Z,79540,79252.5,80630,664,83,2026-09-08T06:12:00Z
2026-09-08T06:00:00Z,ET-25SEP26-CDE,2026-09-25T15:00:00Z,2476,2476,2466,69567,38332,2026-09-08T06:12:00Z
2026-09-08T06:00:00Z,ET-27NOV26-CDE,2026-11-27T16:00:00Z,,0,2475.5,0,,2026-09-08T06:12:00Z
2026-09-08T06:00:00Z,ET-30OCT26-CDE,2026-10-30T16:00:00Z,2491,2490,2475.5,483,10,2026-09-08T06:12:00Z
2026-09-08T11:00:00Z,BIT-25SEP26-CDE,2026-09-25T15:00:00Z,78520,78525,80150,171742,57105,2026-09-08T11:12:56Z
2026-09-08T11:00:00Z,BIT-27NOV26-CDE,2026-11-27T16:00:00Z,,0,80630,0,,2026-09-08T11:12:56Z
2026-09-08T11:00:00Z,BIT-30OCT26-CDE,2026-10-30T16:00:00Z,79205,79085,80630,664,162,2026-09-08T11:12:56Z
2026-09-08T11:00:00Z,ET-25SEP26-CDE,2026-09-25T15:00:00Z,2477,2477.75,2466,69567,63201,2026-09-08T11:12:56Z
2026-09-08T11:00:00Z,ET-27NOV26-CDE,2026-11-27T16:00:00Z,,0,2475.5,0,,2026-09-08T11:12:56Z
2026-09-08T11:00:00Z,ET-30OCT26-CDE,2026-10-30T16:00:00Z,2495,2491,2475.5,483,111,2026-09-08T11:12:56Z
2026-09-08T15:00:00Z,BIT-25SEP26-CDE,2026-09-25T15:00:00Z,78730,78735,80150,171742,71330,2026-09-08T15:05:27Z
2026-09-08T15:00:00Z,BIT-27NOV26-CDE,2026-11-27T16:00:00Z,,0,80630,0,,2026-09-08T15:05:27Z
2026-09-08T15:00:00Z,BIT-30OCT26-CDE,2026-10-30T16:00:00Z,79100,79255,80630,664,326,2026-09-08T15:05:27Z
2026-09-08T15:00:00Z,ET-25SEP26-CDE,2026-09-25T15:00:00Z,2491.5,2490.5,2466,69567,80477,2026-09-08T15:05:27Z
2026-09-08T15:00:00Z,ET-27NOV26-CDE,2026-11-27T16:00:00Z,,0,2475.5,0,,2026-09-08T15:05:27Z
2026-09-08T15:00:00Z,ET-30OCT26-CDE,2026-10-30T16:00:00Z,2474,2503.25,2475.5,483,165,2026-09-08T15:05:27Z
2026-09-08T18:00:00Z,BIT-25SEP26-CDE,2026-09-25T15:00:00Z,78990,78917.5,80150,171742,80169,2026-09-08T18:35:13Z
2026-09-08T18:00:00Z,BIT-27NOV26-CDE,2026-11-27T16:00:00Z,,0,80630,0,,2026-09-08T18:35:13Z
2026-09-08T18:00:00Z,BIT-30OCT26-CDE,2026-10-30T16:00:00Z,79400,79442.5,80630,664,352,2026-09-08T18:35:13Z
2026-09-08T18:00:00Z,ET-25SEP26-CDE,2026-09-25T15:00:00Z,2506.5,2504.25,2466,69567,83770,2026-09-08T18:35:13Z
2026-09-08T18:00:00Z,ET-27NOV26-CDE,2026-11-27T16:00:00Z,,0,2475.5,0,,2026-09-08T18:35:13Z
2026-09-08T18:00:00Z,ET-30OCT26-CDE,2026-10-30T16:00:00Z,2511.5,2516.5,2475.5,483,173,2026-09-08T18:35:13Z
2026-09-08T21:00:00Z,BIT-25SEP26-CDE,2026-09-25T15:00:00Z,78820,78787.5,80150,171742,117549,2026-09-08T21:23:15Z
2026-09-08T21:00:00Z,BIT-27NOV26-CDE,2026-11-27T16:00:00Z,,0,80630,0,,2026-09-08T21:23:15Z
2026-09-08T21:00:00Z,BIT-30OCT26-CDE,2026-10-30T16:00:00Z,79275,79302.5,80630,664,399,2026-09-08T21:23:15Z
2026-09-08T21:00:00Z,ET-25SEP26-CDE,2026-09-25T15:00:00Z,2493,2489.75,2466,69567,87732,2026-09-08T21:23:15Z
2026-09-08T21:00:00Z,ET-27NOV26-CDE,2026-11-27T16:00:00Z,,0,2475.5,0,,2026-09-08T21:23:15Z
2026-09-08T21:00:00Z,ET-30OCT26-CDE,2026-10-30T16:00:00Z,2502,2501.5,2475.5,483,196,2026-09-08T21:23:15Z
2026-09-08T23:00:00Z,BIT-25SEP26-CDE,2026-09-25T15:00:00Z,78630,78660,80150,170153,120989,2026-09-08T23:27:39Z
2026-09-08T23:00:00Z,BIT-27NOV26-CDE,2026-11-27T16:00:00Z,,0,80630,0,,2026-09-08T23:27:39Z
2026-09-08T23:00:00Z,BIT-30OCT26-CDE,2026-10-30T16:00:00Z,79250,79227.5,80630,451,681,2026-09-08T23:27:39Z
2026-09-08T23:00:00Z,ET-25SEP26-CDE,2026-09-25T15:00:00Z,2489.5,2490.25,2466,70697,77857,2026-09-08T23:27:39Z
2026-09-08T23:00:00Z,ET-27NOV26-CDE,2026-11-27T16:00:00Z,,0,2475.5,0,,2026-09-08T23:27:39Z
2026-09-08T23:00:00Z,ET-30OCT26-CDE,2026-10-30T16:00:00Z,2502.5,2501.75,2475.5,460,229,2026-09-08T23:27:39Z
2026-09-09T01:00:00Z,BIT-25SEP26-CDE,2026-09-25T15:00:00Z,78890,78902.5,78655,170153,119891,2026-09-09T01:21:21Z
2026-09-09T01:00:00Z,BIT-27NOV26-CDE,2026-11-27T16:00:00Z,,0,79165,0,,2026-09-09T01:21:21Z
2026-09-09T01:00:00Z,BIT-30OCT26-CDE,2026-10-30T16:00:00Z,79555,79455,79165,451,699,2026-09-09T01:21:21Z
2026-09-09T01:00:00Z,ET-25SEP26-CDE,2026-09-25T15:00:00Z,2501.5,2497.5,2488.5,70697,79821,2026-09-09T01:21:21Z
2026-09-09T01:00:00Z,ET-27NOV26-CDE,2026-11-27T16:00:00Z,,0,2498.5,0,,2026-09-09T01:21:21Z
2026-09-09T01:00:00Z,ET-30OCT26-CDE,2026-10-30T16:00:00Z,2509.5,2509.25,2498.5,460,285,2026-09-09T01:21:21Z
2026-09-09T06:00:00Z,BIT-25SEP26-CDE,2026-09-25T15:00:00Z,79080,79065,78655,170153,118705,2026-09-09T06:04:48Z
2026-09-09T06:00:00Z,BIT-27NOV26-CDE,2026-11-27T16:00:00Z,,0,79165,0,,2026-09-09T06:04:48Z
2026-09-09T06:00:00Z,BIT-30OCT26-CDE,2026-10-30T16:00:00Z,79640,79627.5,79165,451,754,2026-09-09T06:04:48Z
2026-09-09T06:00:00Z,ET-25SEP26-CDE,2026-09-25T15:00:00Z,2500,2499.5,2488.5,70697,69615,2026-09-09T06:04:48Z
2026-09-09T06:00:00Z,ET-27NOV26-CDE,2026-11-27T16:00:00Z,,0,2498.5,0,,2026-09-09T06:04:48Z
2026-09-09T06:00:00Z,ET-30OCT26-CDE,2026-10-30T16:00:00Z,2520,2510.75,2498.5,460,307,2026-09-09T06:04:48Z
2026-09-09T11:00:00Z,BIT-25SEP26-CDE,2026-09-25T15:00:00Z,79070,79030,78655,170153,111839,2026-09-09T11:14:44Z
2026-09-09T11:00:00Z,BIT-27NOV26-CDE,2026-11-27T16:00:00Z,,0,79165,0,,2026-09-09T11:14:44Z
2026-09-09T11:00:00Z,BIT-30OCT26-CDE,2026-10-30T16:00:00Z,79685,79585,79165,451,818,2026-09-09T11:14:44Z
2026-09-09T11:00:00Z,ET-25SEP26-CDE,2026-09-25T15:00:00Z,2490.5,2492.25,2488.5,70697,49110,2026-09-09T11:14:44Z
2026-09-09T11:00:00Z,ET-27NOV26-CDE,2026-11-27T16:00:00Z,,0,2498.5,0,,2026-09-09T11:14:44Z
2026-09-09T11:00:00Z,ET-30OCT26-CDE,2026-10-30T16:00:00Z,2538.5,2503.5,2498.5,460,212,2026-09-09T11:14:44Z
2026-09-09T15:00:00Z,BIT-25SEP26-CDE,2026-09-25T15:00:00Z,78770,78810,78655,170153,116857,2026-09-09T15:08:54Z
2026-09-09T15:00:00Z,BIT-27NOV26-CDE,2026-11-27T16:00:00Z,,0,79165,0,,2026-09-09T15:08:54Z
2026-09-09T15:00:00Z,BIT-30OCT26-CDE,2026-10-30T16:00:00Z,79325,79412.5,79165,451,779,2026-09-09T15:08:54Z
2026-09-09T15:00:00Z,ET-25SEP26-CDE,2026-09-25T15:00:00Z,2494,2497.25,2488.5,70697,38729,2026-09-09T15:08:54Z
2026-09-09T15:00:00Z,ET-27NOV26-CDE,2026-11-27T16:00:00Z,,0,2498.5,0,,2026-09-09T15:08:54Z
2026-09-09T15:00:00Z,ET-30OCT26-CDE,2026-10-30T16:00:00Z,2510.5,2509.75,2498.5,460,190,2026-09-09T15:08:54Z
2026-09-09T18:00:00Z,BIT-25SEP26-CDE,2026-09-25T15:00:00Z,78815,78820,78655,170153,121327,2026-09-09T18:31:46Z
2026-09-09T18:00:00Z,BIT-27NOV26-CDE,2026-11-27T16:00:00Z,,0,79165,0,,2026-09-09T18:31:46Z
2026-09-09T18:00:00Z,BIT-30OCT26-CDE,2026-10-30T16:00:00Z,79345,79370,79165,451,892,2026-09-09T18:31:46Z
2026-09-09T18:00:00Z,ET-25SEP26-CDE,2026-09-25T15:00:00Z,2496.5,2496,2488.5,70697,36222,2026-09-09T18:31:46Z
2026-09-09T18:00:00Z,ET-27NOV26-CDE,2026-11-27T16:00:00Z,,0,2498.5,0,,2026-09-09T18:31:46Z
2026-09-09T18:00:00Z,ET-30OCT26-CDE,2026-10-30T16:00:00Z,2510.5,2508.75,2498.5,460,182,2026-09-09T18:31:46Z
2026-09-09T21:00:00Z,BIT-25SEP26-CDE,2026-09-25T15:00:00Z,78525,78580,78655,170153,109668,2026-09-09T21:06:09Z
2026-09-09T21:00:00Z,BIT-27NOV26-CDE,2026-11-27T16:00:00Z,,0,79165,0,,2026-09-09T21:06:09Z
2026-09-09T21:00:00Z,BIT-30OCT26-CDE,2026-10-30T16:00:00Z,78935,79087.5,79165,451,854,2026-09-09T21:06:09Z
2026-09-09T21:00:00Z,ET-25SEP26-CDE,2026-09-25T15:00:00Z,2475,2478.25,2488.5,70697,37912,2026-09-09T21:06:09Z
2026-09-09T21:00:00Z,ET-27NOV26-CDE,2026-11-27T16:00:00Z,,0,2498.5,0,,2026-09-09T21:06:09Z
2026-09-09T21:00:00Z,ET-30OCT26-CDE,2026-10-30T16:00:00Z,2486.5,2490,2498.5,460,163,2026-09-09T21:06:09Z
2026-09-09T23:00:00Z,BIT-25SEP26-CDE,2026-09-25T15:00:00Z,78360,78367.5,78655,170864,109284,2026-09-09T23:10:23Z
2026-09-09T23:00:00Z,BIT-27NOV26-CDE,2026-11-27T16:00:00Z,,0,79165,0,,2026-09-09T23:10:23Z
2026-09-09T23:00:00Z,BIT-30OCT26-CDE,2026-10-30T16:00:00Z,78650,78942.5,79165,355,673,2026-09-09T23:10:23Z
2026-09-09T23:00:00Z,ET-25SEP26-CDE,2026-09-25T15:00:00Z,2465,2465.75,2488.5,69384,38959,2026-09-09T23:10:23Z
2026-09-09T23:00:00Z,ET-27NOV26-CDE,2026-11-27T16:00:00Z,,0,2498.5,0,,2026-09-09T23:10:23Z
2026-09-09T23:00:00Z,ET-30OCT26-CDE,2026-10-30T16:00:00Z,2486.5,2478,2498.5,437,163,2026-09-09T23:10:23Z
2026-09-10T01:00:00Z,BIT-25SEP26-CDE,2026-09-25T15:00:00Z,78435,78432.5,78455,170864,113434,2026-09-10T01:01:46Z
2026-09-10T01:00:00Z,BIT-27NOV26-CDE,2026-11-27T16:00:00Z,,0,78980,0,,2026-09-10T01:01:46Z
2026-09-10T01:00:00Z,BIT-30OCT26-CDE,2026-10-30T16:00:00Z,79065,78977.5,78980,355,640,2026-09-10T01:01:46Z
2026-09-10T01:00:00Z,ET-25SEP26-CDE,2026-09-25T15:00:00Z,2473.5,2472.75,2469,69384,36766,2026-09-10T01:01:46Z
2026-09-10T01:00:00Z,ET-27NOV26-CDE,2026-11-27T16:00:00Z,,0,2482,0,,2026-09-10T01:01:46Z
2026-09-10T01:00:00Z,ET-30OCT26-CDE,2026-10-30T16:00:00Z,2484.5,2485.5,2482,437,126,2026-09-10T01:01:46Z
2026-09-10T05:00:00Z,BIT-25SEP26-CDE,2026-09-25T15:00:00Z,78705,78620,78455,170864,115342,2026-09-10T05:43:42Z
2026-09-10T05:00:00Z,BIT-27NOV26-CDE,2026-11-27T16:00:00Z,,0,78980,0,,2026-09-10T05:43:42Z
2026-09-10T05:00:00Z,BIT-30OCT26-CDE,2026-10-30T16:00:00Z,79150,79157.5,78980,355,545,2026-09-10T05:43:42Z
2026-09-10T05:00:00Z,ET-25SEP26-CDE,2026-09-25T15:00:00Z,2486,2485,2469,69384,36880,2026-09-10T05:43:42Z
2026-09-10T05:00:00Z,ET-27NOV26-CDE,2026-11-27T16:00:00Z,,0,2482,0,,2026-09-10T05:43:42Z
2026-09-10T05:00:00Z,ET-30OCT26-CDE,2026-10-30T16:00:00Z,2492,2497.75,2482,437,68,2026-09-10T05:43:42Z
2026-09-10T10:00:00Z,BIT-25SEP26-CDE,2026-09-25T15:00:00Z,78150,78200,78455,170864,115284,2026-09-10T10:03:42Z
2026-09-10T10:00:00Z,BIT-27NOV26-CDE,2026-11-27T16:00:00Z,,0,78980,0,,2026-09-10T10:03:42Z
2026-09-10T10:00:00Z,BIT-30OCT26-CDE,2026-10-30T16:00:00Z,78710,78757.5,78980,355,553,2026-09-10T10:03:42Z
2026-09-10T10:00:00Z,ET-25SEP26-CDE,2026-09-25T15:00:00Z,2473.5,2475.75,2469,69384,29200,2026-09-10T10:03:42Z
2026-09-10T10:00:00Z,ET-27NOV26-CDE,2026-11-27T16:00:00Z,,0,2482,0,,2026-09-10T10:03:42Z
2026-09-10T10:00:00Z,ET-30OCT26-CDE,2026-10-30T16:00:00Z,2492,2487.75,2482,437,62,2026-09-10T10:03:42Z
2026-09-10T14:00:00Z,BIT-25SEP26-CDE,2026-09-25T15:00:00Z,77200,77170,78455,170864,132216,2026-09-10T14:21:39Z
2026-09-10T14:00:00Z,BIT-27NOV26-CDE,2026-11-27T16:00:00Z,,0,78980,0,,2026-09-10T14:21:39Z
2026-09-10T14:00:00Z,BIT-30OCT26-CDE,2026-10-30T16:00:00Z,77725,77752.5,78980,355,752,2026-09-10T14:21:39Z
2026-09-10T14:00:00Z,ET-25SEP26-CDE,2026-09-25T15:00:00Z,2439,2436.25,2469,69384,37407,2026-09-10T14:21:39Z
2026-09-10T14:00:00Z,ET-27NOV26-CDE,2026-11-27T16:00:00Z,,0,2482,0,,2026-09-10T14:21:39Z
2026-09-10T14:00:00Z,ET-30OCT26-CDE,2026-10-30T16:00:00Z,2449.5,2448.75,2482,437,78,2026-09-10T14:21:39Z
2026-09-10T17:00:00Z,BIT-25SEP26-CDE,2026-09-25T15:00:00Z,77495,77550,78455,170864,119372,2026-09-10T17:44:12Z
2026-09-10T17:00:00Z,BIT-27NOV26-CDE,2026-11-27T16:00:00Z,,0,78980,0,,2026-09-10T17:44:12Z
2026-09-10T17:00:00Z,BIT-30OCT26-CDE,2026-10-30T16:00:00Z,77900,78092.5,78980,355,576,2026-09-10T17:44:12Z
2026-09-10T17:00:00Z,ET-25SEP26-CDE,2026-09-25T15:00:00Z,2469,2469.75,2469,69384,39563,2026-09-10T17:44:12Z
2026-09-10T17:00:00Z,ET-27NOV26-CDE,2026-11-27T16:00:00Z,,0,2482,0,,2026-09-10T17:44:12Z
2026-09-10T17:00:00Z,ET-30OCT26-CDE,2026-10-30T16:00:00Z,2476.5,2483,2482,437,78,2026-09-10T17:44:12Z
2026-09-10T18:00:00Z,BIT-25SEP26-CDE,2026-09-25T15:00:00Z,77210,77215,78455,170864,119995,2026-09-10T18:20:02Z
2026-09-10T18:00:00Z,BIT-27NOV26-CDE,2026-11-27T16:00:00Z,,0,78980,0,,2026-09-10T18:20:02Z
2026-09-10T18:00:00Z,BIT-30OCT26-CDE,2026-10-30T16:00:00Z,77900,77775,78980,355,576,2026-09-10T18:20:02Z
2026-09-10T18:00:00Z,ET-25SEP26-CDE,2026-09-25T15:00:00Z,2461,2460.25,2469,69384,40592,2026-09-10T18:20:02Z
2026-09-10T18:00:00Z,ET-27NOV26-CDE,2026-11-27T16:00:00Z,,0,2482,0,,2026-09-10T18:20:02Z
2026-09-10T18:00:00Z,ET-30OCT26-CDE,2026-10-30T16:00:00Z,2476.5,2473,2482,437,78,2026-09-10T18:20:02Z
2026-09-10T19:00:00Z,BIT-25SEP26-CDE,2026-09-25T15:00:00Z,77380,77385,78455,170864,119518,2026-09-10T19:01:43Z
2026-09-10T19:00:00Z,BIT-27NOV26-CDE,2026-11-27T16:00:00Z,,0,78980,0,,2026-09-10T19:01:43Z
2026-09-10T19:00:00Z,BIT-30OCT26-CDE,2026-10-30T16:00:00Z,77900,77932.5,78980,355,575,2026-09-10T19:01:43Z
2026-09-10T19:00:00Z,ET-25SEP26-CDE,2026-09-25T15:00:00Z,2470,2470.75,2469,69384,39371,2026-09-10T19:01:43Z
2026-09-10T19:00:00Z,ET-27NOV26-CDE,2026-11-27T16:00:00Z,,0,2482,0,,2026-09-10T19:01:43Z
2026-09-10T19:00:00Z,ET-30OCT26-CDE,2026-10-30T16:00:00Z,2476.5,2483.75,2482,437,78,2026-09-10T19:01:43Z
2026-09-10T20:00:00Z,BIT-25SEP26-CDE,2026-09-25T15:00:00Z,77370,77360,78455,170864,115388,2026-09-10T20:01:44Z
2026-09-10T20:00:00Z,BIT-27NOV26-CDE,2026-11-27T16:00:00Z,,0,78980,0,,2026-09-10T20:01:44Z
2026-09-10T20:00:00Z,BIT-30OCT26-CDE,2026-10-30T16:00:00Z,77940,77922.5,78980,355,591,2026-09-10T20:01:44Z
2026-09-10T20:00:00Z,ET-25SEP26-CDE,2026-09-25T15:00:00Z,2469,2468.25,2469,69384,37880,2026-09-10T20:01:44Z
2026-09-10T20:00:00Z,ET-27NOV26-CDE,2026-11-27T16:00:00Z,,0,2482,0,,2026-09-10T20:01:44Z
2026-09-10T20:00:00Z,ET-30OCT26-CDE,2026-10-30T16:00:00Z,2476.5,2480.75,2482,437,74,2026-09-10T20:01:44Z
2026-09-10T21:00:00Z,BIT-25SEP26-CDE,2026-09-25T15:00:00Z,77485,77447.5,78455,170864,108670,2026-09-10T21:01:42Z
2026-09-10T21:00:00Z,BIT-27NOV26-CDE,2026-11-27T16:00:00Z,,0,78980,0,,2026-09-10T21:01:42Z
2026-09-10T21:00:00Z,BIT-30OCT26-CDE,2026-10-30T16:00:00Z,78020,77997.5,78980,355,592,2026-09-10T21:01:42Z
2026-09-10T21:00:00Z,ET-25SEP26-CDE,2026-09-25T15:00:00Z,2466,2466.25,2469,69384,36710,2026-09-10T21:01:42Z
2026-09-10T21:00:00Z,ET-27NOV26-CDE,2026-11-27T16:00:00Z,,0,2482,0,,2026-09-10T21:01:42Z
2026-09-10T21:00:00Z,ET-30OCT26-CDE,2026-10-30T16:00:00Z,2476.5,2478.25,2482,437,74,2026-09-10T21:01:42Z
2026-09-10T22:00:00Z,BIT-25SEP26-CDE,2026-09-25T15:00:00Z,77315,77312.5,78455,170864,108073,2026-09-10T22:01:51Z
2026-09-10T22:00:00Z,BIT-27NOV26-CDE,2026-11-27T16:00:00Z,,0,78980,0,,2026-09-10T22:01:51Z
2026-09-10T22:00:00Z,BIT-30OCT26-CDE,2026-10-30T16:00:00Z,78020,77847.5,78980,355,506,2026-09-10T22:01:51Z
2026-09-10T22:00:00Z,ET-25SEP26-CDE,2026-09-25T15:00:00Z,2462,2463.25,2469,69384,36882,2026-09-10T22:01:51Z
2026-09-10T22:00:00Z,ET-27NOV26-CDE,2026-11-27T16:00:00Z,,0,2482,0,,2026-09-10T22:01:51Z
2026-09-10T22:00:00Z,ET-30OCT26-CDE,2026-10-30T16:00:00Z,2476.5,2476.25,2482,437,74,2026-09-10T22:01:51Z
2026-09-10T23:00:00Z,BIT-25SEP26-CDE,2026-09-25T15:00:00Z,76995,77007.5,78455,175999,100590,2026-09-10T23:01:41Z
2026-09-10T23:00:00Z,BIT-27NOV26-CDE,2026-11-27T16:00:00Z,,0,78980,0,,2026-09-10T23:01:41Z
2026-09-10T23:00:00Z,BIT-30OCT26-CDE,2026-10-30T16:00:00Z,77570,77582.5,78980,308,530,2026-09-10T23:01:41Z
2026-09-10T23:00:00Z,ET-25SEP26-CDE,2026-09-25T15:00:00Z,2450,2450.75,2469,71127,36596,2026-09-10T23:01:41Z
2026-09-10T23:00:00Z,ET-27NOV26-CDE,2026-11-27T16:00:00Z,,0,2482,0,,2026-09-10T23:01:41Z
2026-09-10T23:00:00Z,ET-30OCT26-CDE,2026-10-30T16:00:00Z,2476.5,2462.75,2482,435,74,2026-09-10T23:01:41Z
2026-09-11T00:00:00Z,BIT-25SEP26-CDE,2026-09-25T15:00:00Z,76765,76745,78455,175999,98822,2026-09-11T00:01:41Z
2026-09-11T00:00:00Z,BIT-27NOV26-CDE,2026-11-27T16:00:00Z,,0,78980,0,,2026-09-11T00:01:41Z
2026-09-11T00:00:00Z,BIT-30OCT26-CDE,2026-10-30T16:00:00Z,77270,77287.5,78980,308,553,2026-09-11T00:01:41Z
2026-09-11T00:00:00Z,ET-25SEP26-CDE,2026-09-25T15:00:00Z,2442.5,2443.25,2469,71127,37184,2026-09-11T00:01:41Z
2026-09-11T00:00:00Z,ET-27NOV26-CDE,2026-11-27T16:00:00Z,,0,2482,0,,2026-09-11T00:01:41Z
2026-09-11T00:00:00Z,ET-30OCT26-CDE,2026-10-30T16:00:00Z,2476.5,2455.25,2482,435,74,2026-09-11T00:01:41Z
2026-09-11T01:00:00Z,BIT-25SEP26-CDE,2026-09-25T15:00:00Z,77125,77125,77320,175999,96736,2026-09-11T01:01:43Z
2026-09-11T01:00:00Z,BIT-27NOV26-CDE,2026-11-27T16:00:00Z,,0,77880,0,,2026-09-11T01:01:43Z
2026-09-11T01:00:00Z,BIT-30OCT26-CDE,2026-10-30T16:00:00Z,77270,77667.5,77880,308,553,2026-09-11T01:01:43Z
2026-09-11T01:00:00Z,ET-25SEP26-CDE,2026-09-25T15:00:00Z,2460,2461.75,2466.5,71127,38194,2026-09-11T01:01:43Z
2026-09-11T01:00:00Z,ET-27NOV26-CDE,2026-11-27T16:00:00Z,,0,2479.5,0,,2026-09-11T01:01:43Z
2026-09-11T01:00:00Z,ET-30OCT26-CDE,2026-10-30T16:00:00Z,2476.5,2474.75,2479.5,435,71,2026-09-11T01:01:43Z
2026-09-11T02:00:00Z,BIT-25SEP26-CDE,2026-09-25T15:00:00Z,77065,77075,77320,175999,94267,2026-09-11T02:01:40Z
2026-09-11T02:00:00Z,BIT-27NOV26-CDE,2026-11-27T16:00:00Z,,0,77880,0,,2026-09-11T02:01:40Z
2026-09-11T02:00:00Z,BIT-30OCT26-CDE,2026-10-30T16:00:00Z,77545,77637.5,77880,308,577,2026-09-11T02:01:40Z
2026-09-11T02:00:00Z,ET-25SEP26-CDE,2026-09-25T15:00:00Z,2459,2457,2466.5,71127,37840,2026-09-11T02:01:40Z
2026-09-11T02:00:00Z,ET-27NOV26-CDE,2026-11-27T16:00:00Z,,0,2479.5,0,,2026-09-11T02:01:40Z
2026-09-11T02:00:00Z,ET-30OCT26-CDE,2026-10-30T16:00:00Z,2476.5,2469.5,2479.5,435,71,2026-09-11T02:01:40Z
2026-09-11T03:00:00Z,BIT-25SEP26-CDE,2026-09-25T15:00:00Z,77005,77005,77320,175999,92440,2026-09-11T03:01:37Z
2026-09-11T03:00:00Z,BIT-27NOV26-CDE,2026-11-27T16:00:00Z,,0,77880,0,,2026-09-11T03:01:37Z
2026-09-11T03:00:00Z,BIT-30OCT26-CDE,2026-10-30T16:00:00Z,77545,77572.5,77880,308,574,2026-09-11T03:01:37Z
2026-09-11T03:00:00Z,ET-25SEP26-CDE,2026-09-25T15:00:00Z,2452,2451.5,2466.5,71127,37278,2026-09-11T03:01:37Z
2026-09-11T03:00:00Z,ET-27NOV26-CDE,2026-11-27T16:00:00Z,,0,2479.5,0,,2026-09-11T03:01:37Z
2026-09-11T03:00:00Z,ET-30OCT26-CDE,2026-10-30T16:00:00Z,2476.5,2463.75,2479.5,435,71,2026-09-11T03:01:37Z
2026-09-11T04:00:00Z,BIT-25SEP26-CDE,2026-09-25T15:00:00Z,77045,77060,77320,175999,92565,2026-09-11T04:01:37Z
2026-09-11T04:00:00Z,BIT-27NOV26-CDE,2026-11-27T16:00:00Z,,0,77880,0,,2026-09-11T04:01:37Z
2026-09-11T04:00:00Z,BIT-30OCT26-CDE,2026-10-30T16:00:00Z,77480,77602.5,77880,308,599,2026-09-11T04:01:37Z
2026-09-11T04:00:00Z,ET-25SEP26-CDE,2026-09-25T15:00:00Z,2452,2451.75,2466.5,71127,35619,2026-09-11T04:01:37Z
2026-09-11T04:00:00Z,ET-27NOV26-CDE,2026-11-27T16:00:00Z,,0,2479.5,0,,2026-09-11T04:01:37Z
2026-09-11T04:00:00Z,ET-30OCT26-CDE,2026-10-30T16:00:00Z,2476.5,2464.25,2479.5,435,48,2026-09-11T04:01:37Z
2026-09-11T05:00:00Z,BIT-25SEP26-CDE,2026-09-25T15:00:00Z,77285,77270,77320,175999,92563,2026-09-11T05:01:37Z
2026-09-11T05:00:00Z,BIT-27NOV26-CDE,2026-11-27T16:00:00Z,,0,77880,0,,2026-09-11T05:01:37Z
2026-09-11T05:00:00Z,BIT-30OCT26-CDE,2026-10-30T16:00:00Z,77480,77790,77880,308,574,2026-09-11T05:01:37Z
2026-09-11T05:00:00Z,ET-25SEP26-CDE,2026-09-25T15:00:00Z,2463,2462.75,2466.5,71127,34819,2026-09-11T05:01:37Z
2026-09-11T05:00:00Z,ET-27NOV26-CDE,2026-11-27T16:00:00Z,,0,2479.5,0,,2026-09-11T05:01:37Z
2026-09-11T05:00:00Z,ET-30OCT26-CDE,2026-10-30T16:00:00Z,2466.5,2475.25,2479.5,435,53,2026-09-11T05:01:37Z
2026-09-11T06:00:00Z,BIT-25SEP26-CDE,2026-09-25T15:00:00Z,77420,77432.5,77320,175999,91567,2026-09-11T06:01:42Z
2026-09-11T06:00:00Z,BIT-27NOV26-CDE,2026-11-27T16:00:00Z,,0,77880,0,,2026-09-11T06:01:42Z
2026-09-11T06:00:00Z,BIT-30OCT26-CDE,2026-10-30T16:00:00Z,77805,77960,77880,308,605,2026-09-11T06:01:42Z
2026-09-11T06:00:00Z,ET-25SEP26-CDE,2026-09-25T15:00:00Z,2474,2473,2466.5,71127,35648,2026-09-11T06:01:42Z
2026-09-11T06:00:00Z,ET-27NOV26-CDE,2026-11-27T16:00:00Z,,0,2479.5,0,,2026-09-11T06:01:42Z
2026-09-11T06:00:00Z,ET-30OCT26-CDE,2026-10-30T16:00:00Z,2466.5,2485.25,2479.5,435,53,2026-09-11T06:01:42Z
2026-09-11T07:00:00Z,BIT-25SEP26-CDE,2026-09-25T15:00:00Z,77435,77435,77320,175999,91507,2026-09-11T07:01:55Z
2026-09-11T07:00:00Z,BIT-27NOV26-CDE,2026-11-27T16:00:00Z,,0,77880,0,,2026-09-11T07:01:55Z
2026-09-11T07:00:00Z,BIT-30OCT26-CDE,2026-10-30T16:00:00Z,78035,77985,77880,308,585,2026-09-11T07:01:55Z
2026-09-11T07:00:00Z,ET-25SEP26-CDE,2026-09-25T15:00:00Z,2471,2471.75,2466.5,71127,36024,2026-09-11T07:01:55Z
2026-09-11T07:00:00Z,ET-27NOV26-CDE,2026-11-27T16:00:00Z,,0,2479.5,0,,2026-09-11T07:01:55Z
2026-09-11T07:00:00Z,ET-30OCT26-CDE,2026-10-30T16:00:00Z,2466.5,2484,2479.5,435,53,2026-09-11T07:01:55Z
2026-09-11T08:00:00Z,BIT-25SEP26-CDE,2026-09-25T15:00:00Z,77410,77382.5,77320,175999,90496,2026-09-11T08:01:47Z
2026-09-11T08:00:00Z,BIT-27NOV26-CDE,2026-11-27T16:00:00Z,,0,77880,0,,2026-09-11T08:01:47Z
2026-09-11T08:00:00Z,BIT-30OCT26-CDE,2026-10-30T16:00:00Z,77925,77927.5,77880,308,580,2026-09-11T08:01:47Z
2026-09-11T08:00:00Z,ET-25SEP26-CDE,2026-09-25T15:00:00Z,2473,2471.75,2466.5,71127,36239,2026-09-11T08:01:47Z
2026-09-11T08:00:00Z,ET-27NOV26-CDE,2026-11-27T16:00:00Z,,0,2479.5,0,,2026-09-11T08:01:47Z
2026-09-11T08:00:00Z,ET-30OCT26-CDE,2026-10-30T16:00:00Z,2466.5,2484.75,2479.5,435,53,2026-09-11T08:01:47Z
2026-09-11T09:00:00Z,BIT-25SEP26-CDE,2026-09-25T15:00:00Z,77540,77535,77320,175999,89872,2026-09-11T09:01:43Z
2026-09-11T09:00:00Z,BIT-27NOV26-CDE,2026-11-27T16:00:00Z,,0,77880,0,,2026-09-11T09:01:43Z
2026-09-11T09:00:00Z,BIT-30OCT26-CDE,2026-10-30T16:00:00Z,77925,78072.5,77880,308,552,2026-09-11T09:01:43Z
2026-09-11T09:00:00Z,ET-25SEP26-CDE,2026-09-25T15:00:00Z,2481.5,2482.25,2466.5,71127,37952,2026-09-11T09:01:43Z
2026-09-11T09:00:00Z,ET-27NOV26-CDE,2026-11-27T16:00:00Z,,0,2479.5,0,,2026-09-11T09:01:43Z
2026-09-11T09:00:00Z,ET-30OCT26-CDE,2026-10-30T16:00:00Z,2493,2494.5,2479.5,435,82,2026-09-11T09:01:43Z
2026-09-11T10:00:00Z,BIT-25SEP26-CDE,2026-09-25T15:00:00Z,77205,77227.5,77320,175999,90140,2026-09-11T10:01:41Z
2026-09-11T10:00:00Z,BIT-27NOV26-CDE,2026-11-27T16:00:00Z,,0,77880,0,,2026-09-11T10:01:41Z
2026-09-11T10:00:00Z,BIT-30OCT26-CDE,2026-10-30T16:00:00Z,77635,77772.5,77880,308,552,2026-09-11T10:01:41Z
2026-09-11T10:00:00Z,ET-25SEP26-CDE,2026-09-25T15:00:00Z,2473,2474.5,2466.5,71127,38454,2026-09-11T10:01:41Z
2026-09-11T10:00:00Z,ET-27NOV26-CDE,2026-11-27T16:00:00Z,,0,2479.5,0,,2026-09-11T10:01:41Z
2026-09-11T10:00:00Z,ET-30OCT26-CDE,2026-10-30T16:00:00Z,2493,2487,2479.5,435,82,2026-09-11T10:01:41Z
2026-09-11T11:00:00Z,BIT-25SEP26-CDE,2026-09-25T15:00:00Z,77140,77117.5,77320,175999,89558,2026-09-11T11:01:46Z
2026-09-11T11:00:00Z,BIT-27NOV26-CDE,2026-11-27T16:00:00Z,,0,77880,0,,2026-09-11T11:01:46Z
2026-09-11T11:00:00Z,BIT-30OCT26-CDE,2026-10-30T16:00:00Z,77635,77660,77880,308,552,2026-09-11T11:01:46Z
2026-09-11T11:00:00Z,ET-25SEP26-CDE,2026-09-25T15:00:00Z,2465,2463.75,2466.5,71127,37635,2026-09-11T11:01:46Z
2026-09-11T11:00:00Z,ET-27NOV26-CDE,2026-11-27T16:00:00Z,,0,2479.5,0,,2026-09-11T11:01:46Z
2026-09-11T11:00:00Z,ET-30OCT26-CDE,2026-10-30T16:00:00Z,2493,2476.25,2479.5,435,82,2026-09-11T11:01:46Z
2026-09-11T12:00:00Z,BIT-25SEP26-CDE,2026-09-25T15:00:00Z,77175,77232.5,77320,175999,89452,2026-09-11T12:01:49Z
2026-09-11T12:00:00Z,BIT-27NOV26-CDE,2026-11-27T16:00:00Z,,0,77880,0,,2026-09-11T12:01:49Z
2026-09-11T12:00:00Z,BIT-30OCT26-CDE,2026-10-30T16:00:00Z,77500,77792.5,77880,308,557,2026-09-11T12:01:49Z
2026-09-11T12:00:00Z,ET-25SEP26-CDE,2026-09-25T15:00:00Z,2462,2463,2466.5,71127,36756,2026-09-11T12:01:49Z
2026-09-11T12:00:00Z,ET-27NOV26-CDE,2026-11-27T16:00:00Z,,0,2479.5,0,,2026-09-11T12:01:49Z
2026-09-11T12:00:00Z,ET-30OCT26-CDE,2026-10-30T16:00:00Z,2493,2475.25,2479.5,435,82,2026-09-11T12:01:49Z
2026-09-11T13:00:00Z,BIT-25SEP26-CDE,2026-09-25T15:00:00Z,78075,78052.5,77320,175999,92640,2026-09-11T13:01:47Z
2026-09-11T13:00:00Z,BIT-27NOV26-CDE,2026-11-27T16:00:00Z,,0,77880,0,,2026-09-11T13:01:47Z
2026-09-11T13:00:00Z,BIT-30OCT26-CDE,2026-10-30T16:00:00Z,78860,78592.5,77880,308,691,2026-09-11T13:01:47Z
2026-09-11T13:00:00Z,ET-25SEP26-CDE,2026-09-25T15:00:00Z,2510,2510.25,2466.5,71127,40700,2026-09-11T13:01:47Z
2026-09-11T13:00:00Z,ET-27NOV26-CDE,2026-11-27T16:00:00Z,,0,2479.5,0,,2026-09-11T13:01:47Z
2026-09-11T13:00:00Z,ET-30OCT26-CDE,2026-10-30T16:00:00Z,2516,2522.25,2479.5,435,149,2026-09-11T13:01:47Z
2026-09-11T14:00:00Z,BIT-25SEP26-CDE,2026-09-25T15:00:00Z,79560,79560,77320,175999,103213,2026-09-11T14:01:43Z
2026-09-11T14:00:00Z,BIT-27NOV26-CDE,2026-11-27T16:00:00Z,,0,77880,0,,2026-09-11T14:01:43Z
2026-09-11T14:00:00Z,BIT-30OCT26-CDE,2026-10-30T16:00:00Z,80035,80110,77880,308,551,2026-09-11T14:01:43Z
2026-09-11T14:00:00Z,ET-25SEP26-CDE,2026-09-25T15:00:00Z,2641,2643.75,2466.5,71127,59126,2026-09-11T14:01:43Z
2026-09-11T14:00:00Z,ET-27NOV26-CDE,2026-11-27T16:00:00Z,,0,2479.5,0,,2026-09-11T14:01:43Z
2026-09-11T14:00:00Z,ET-30OCT26-CDE,2026-10-30T16:00:00Z,2649.5,2654.25,2479.5,435,220,2026-09-11T14:01:43Z
2026-09-11T15:00:00Z,BIT-25SEP26-CDE,2026-09-25T15:00:00Z,78825,78770,77320,175999,115655,2026-09-11T15:01:49Z
2026-09-11T15:00:00Z,BIT-27NOV26-CDE,2026-11-27T16:00:00Z,,0,77880,0,,2026-09-11T15:01:49Z
2026-09-11T15:00:00Z,BIT-30OCT26-CDE,2026-10-30T16:00:00Z,79305,79310,77880,308,623,2026-09-11T15:01:49Z
2026-09-11T15:00:00Z,ET-25SEP26-CDE,2026-09-25T15:00:00Z,2614.5,2608.5,2466.5,71127,79209,2026-09-11T15:01:49Z
2026-09-11T15:00:00Z,ET-27NOV26-CDE,2026-11-27T16:00:00Z,,0,2479.5,0,,2026-09-11T15:01:49Z
2026-09-11T15:00:00Z,ET-30OCT26-CDE,2026-10-30T16:00:00Z,2621,2620,2479.5,435,300,2026-09-11T15:01:49Z
2026-09-11T16:00:00Z,BIT-25SEP26-CDE,2026-09-25T15:00:00Z,78135,78125,77320,175999,124089,2026-09-11T16:01:44Z
2026-09-11T16:00:00Z,BIT-27NOV26-CDE,2026-11-27T16:00:00Z,,0,77880,0,,2026-09-11T16:01:44Z
2026-09-11T16:00:00Z,BIT-30OCT26-CDE,2026-10-30T16:00:00Z,78580,78692.5,77880,308,613,2026-09-11T16:01:44Z
2026-09-11T16:00:00Z,ET-25SEP26-CDE,2026-09-25T15:00:00Z,2579.5,2580.25,2466.5,71127,85329,2026-09-11T16:01:44Z
2026-09-11T16:00:00Z,ET-27NOV26-CDE,2026-11-27T16:00:00Z,,0,2479.5,0,,2026-09-11T16:01:44Z
2026-09-11T16:00:00Z,ET-30OCT26-CDE,2026-10-30T16:00:00Z,2630.5,2591.75,2479.5,435,315,2026-09-11T16:01:44Z
2026-09-11T17:00:00Z,BIT-25SEP26-CDE,2026-09-25T15:00:00Z,78080,78110,77320,175999,126594,2026-09-11T17:01:45Z
2026-09-11T17:00:00Z,BIT-27NOV26-CDE,2026-11-27T16:00:00Z,,0,77880,0,,2026-09-11T17:01:45Z
2026-09-11T17:00:00Z,BIT-30OCT26-CDE,2026-10-30T16:00:00Z,78580,78675,77880,308,594,2026-09-11T17:01:45Z
2026-09-11T17:00:00Z,ET-25SEP26-CDE,2026-09-25T15:00:00Z,2585.5,2586.75,2466.5,71127,87891,2026-09-11T17:01:45Z
2026-09-11T17:00:00Z,ET-27NOV26-CDE,2026-11-27T16:00:00Z,,0,2479.5,0,,2026-09-11T17:01:45Z
2026-09-11T17:00:00Z,ET-30OCT26-CDE,2026-10-30T16:00:00Z,2586.5,2599.25,2479.5,435,328,2026-09-11T17:01:45Z
2026-09-11T18:00:00Z,BIT-25SEP26-CDE,2026-09-25T15:00:00Z,77600,77590,77320,175999,127721,2026-09-11T18:01:40Z
2026-09-11T18:00:00Z,BIT-27NOV26-CDE,2026-11-27T16:00:00Z,,0,77880,0,,2026-09-11T18:01:40Z
2026-09-11T18:00:00Z,BIT-30OCT26-CDE,2026-10-30T16:00:00Z,78580,78165,77880,308,582,2026-09-11T18:01:40Z
2026-09-11T18:00:00Z,ET-25SEP26-CDE,2026-09-25T15:00:00Z,2569,2570,2466.5,71127,85654,2026-09-11T18:01:40Z
2026-09-11T18:00:00Z,ET-27NOV26-CDE,2026-11-27T16:00:00Z,,0,2479.5,0,,2026-09-11T18:01:40Z
2026-09-11T18:00:00Z,ET-30OCT26-CDE,2026-10-30T16:00:00Z,2586.5,2582.5,2479.5,435,325,2026-09-11T18:01:40Z
2026-09-11T19:00:00Z,BIT-25SEP26-CDE,2026-09-25T15:00:00Z,77195,77175,77320,175999,129109,2026-09-11T19:01:46Z
2026-09-11T19:00:00Z,BIT-27NOV26-CDE,2026-11-27T16:00:00Z,,0,77880,0,,2026-09-11T19:01:46Z
2026-09-11T19:00:00Z,BIT-30OCT26-CDE,2026-10-30T16:00:00Z,78580,77752.5,77880,308,582,2026-09-11T19:01:46Z
2026-09-11T19:00:00Z,ET-25SEP26-CDE,2026-09-25T15:00:00Z,2543,2540.75,2466.5,71127,88400,2026-09-11T19:01:46Z
2026-09-11T19:00:00Z,ET-27NOV26-CDE,2026-11-27T16:00:00Z,,0,2479.5,0,,2026-09-11T19:01:46Z
2026-09-11T19:00:00Z,ET-30OCT26-CDE,2026-10-30T16:00:00Z,2561.5,2551.75,2479.5,435,335,2026-09-11T19:01:46Z
2026-09-11T20:00:00Z,BIT-25SEP26-CDE,2026-09-25T15:00:00Z,77460,77470,77320,175999,129777,2026-09-11T20:01:35Z
2026-09-11T20:00:00Z,BIT-27NOV26-CDE,2026-11-27T16:00:00Z,,0,77880,0,,2026-09-11T20:01:35Z
2026-09-11T20:00:00Z,BIT-30OCT26-CDE,2026-10-30T16:00:00Z,78580,78032.5,77880,308,566,2026-09-11T20:01:35Z
2026-09-11T20:00:00Z,ET-25SEP26-CDE,2026-09-25T15:00:00Z,2548,2547.25,2466.5,71127,89570,2026-09-11T20:01:35Z
2026-09-11T20:00:00Z,ET-27NOV26-CDE,2026-11-27T16:00:00Z,,0,2479.5,0,,2026-09-11T20:01:35Z
2026-09-11T20:00:00Z,ET-30OCT26-CDE,2026-10-30T16:00:00Z,2561.5,2559.25,2479.5,435,335,2026-09-11T20:01:35Z
2026-09-11T21:00:00Z,BIT-25SEP26-CDE,2026-09-25T15:00:00Z,77565,77425,77320,175999,145129,2026-09-11T21:01:40Z
2026-09-11T21:00:00Z,BIT-27NOV26-CDE,2026-11-27T16:00:00Z,,0,77880,0,,2026-09-11T21:01:40Z
2026-09-11T21:00:00Z,BIT-30OCT26-CDE,2026-10-30T16:00:00Z,78210,0,77880,308,574,2026-09-11T21:01:40Z
2026-09-11T21:00:00Z,ET-25SEP26-CDE,2026-09-25T15:00:00Z,2540,2551.25,2466.5,71127,114492,2026-09-11T21:01:40Z
2026-09-11T21:00:00Z,ET-27NOV26-CDE,2026-11-27T16:00:00Z,,0,2479.5,0,,2026-09-11T21:01:40Z
2026-09-11T21:00:00Z,ET-30OCT26-CDE,2026-10-30T16:00:00Z,2548,0,2479.5,435,418,2026-09-11T21:01:40Z
2026-09-11T22:00:00Z,BIT-25SEP26-CDE,2026-09-25T15:00:00Z,77295,77260,77320,175208,144836,2026-09-11T22:01:47Z
2026-09-11T22:00:00Z,BIT-27NOV26-CDE,2026-11-27T16:00:00Z,,0,77880,0,,2026-09-11T22:01:47Z
2026-09-11T22:00:00Z,BIT-30OCT26-CDE,2026-10-30T16:00:00Z,78210,77760,77880,302,574,2026-09-11T22:01:47Z
2026-09-11T22:00:00Z,ET-25SEP26-CDE,2026-09-25T15:00:00Z,2522,2516.25,2466.5,63074,114042,2026-09-11T22:01:47Z
2026-09-11T22:00:00Z,ET-27NOV26-CDE,2026-11-27T16:00:00Z,,0,2479.5,0,,2026-09-11T22:01:47Z
2026-09-11T22:00:00Z,ET-30OCT26-CDE,2026-10-30T16:00:00Z,2548,2526.5,2479.5,563,418,2026-09-11T22:01:47Z
2026-09-11T23:00:00Z,BIT-25SEP26-CDE,2026-09-25T15:00:00Z,77355,77375,77320,175208,134449,2026-09-11T23:01:34Z
2026-09-11T23:00:00Z,BIT-27NOV26-CDE,2026-11-27T16:00:00Z,,0,77880,0,,2026-09-11T23:01:34Z
2026-09-11T23:00:00Z,BIT-30OCT26-CDE,2026-10-30T16:00:00Z,78210,77895,77880,302,549,2026-09-11T23:01:34Z
2026-09-11T23:00:00Z,ET-25SEP26-CDE,2026-09-25T15:00:00Z,2521.5,2519.5,2466.5,63074,113574,2026-09-11T23:01:34Z
2026-09-11T23:00:00Z,ET-27NOV26-CDE,2026-11-27T16:00:00Z,,0,2479.5,0,,2026-09-11T23:01:34Z
2026-09-11T23:00:00Z,ET-30OCT26-CDE,2026-10-30T16:00:00Z,2523.5,2529.5,2479.5,563,424,2026-09-11T23:01:34Z
2026-09-12T00:00:00Z,BIT-25SEP26-CDE,2026-09-25T15:00:00Z,77440,77460,77320,175208,131613,2026-09-12T00:01:37Z
2026-09-12T00:00:00Z,BIT-27NOV26-CDE,2026-11-27T16:00:00Z,,0,77880,0,,2026-09-12T00:01:37Z
2026-09-12T00:00:00Z,BIT-30OCT26-CDE,2026-10-30T16:00:00Z,78210,77987.5,77880,302,524,2026-09-12T00:01:37Z
2026-09-12T00:00:00Z,ET-25SEP26-CDE,2026-09-25T15:00:00Z,2519,2522.25,2466.5,63074,112686,2026-09-12T00:01:37Z
2026-09-12T00:00:00Z,ET-27NOV26-CDE,2026-11-27T16:00:00Z,,0,2479.5,0,,2026-09-12T00:01:37Z
2026-09-12T00:00:00Z,ET-30OCT26-CDE,2026-10-30T16:00:00Z,2523.5,2531.5,2479.5,563,424,2026-09-12T00:01:37Z
2026-09-12T01:00:00Z,BIT-25SEP26-CDE,2026-09-25T15:00:00Z,77435,77457.5,77490,175208,130053,2026-09-12T01:01:43Z
2026-09-12T01:00:00Z,BIT-27NOV26-CDE,2026-11-27T16:00:00Z,,0,78070,0,,2026-09-12T01:01:43Z
2026-09-12T01:00:00Z,BIT-30OCT26-CDE,2026-10-30T16:00:00Z,78210,77987.5,78070,302,524,2026-09-12T01:01:43Z
2026-09-12T01:00:00Z,ET-25SEP26-CDE,2026-09-25T15:00:00Z,2519,2518.25,2546.5,63074,110636,2026-09-12T01:01:43Z
2026-09-12T01:00:00Z,ET-27NOV26-CDE,2026-11-27T16:00:00Z,,0,2558.5,0,,2026-09-12T01:01:43Z
2026-09-12T01:00:00Z,ET-30OCT26-CDE,2026-10-30T16:00:00Z,2523.5,2527,2558.5,563,424,2026-09-12T01:01:43Z
2026-09-12T02:00:00Z,BIT-25SEP26-CDE,2026-09-25T15:00:00Z,77470,77475,77490,175208,127064,2026-09-12T02:01:34Z
2026-09-12T02:00:00Z,BIT-27NOV26-CDE,2026-11-27T16:00:00Z,,0,78070,0,,2026-09-12T02:01:34Z
2026-09-12T02:00:00Z,BIT-30OCT26-CDE,2026-10-30T16:00:00Z,78210,78012.5,78070,302,499,2026-09-12T02:01:34Z
2026-09-12T02:00:00Z,ET-25SEP26-CDE,2026-09-25T15:00:00Z,2521.5,2522.5,2546.5,63074,109545,2026-09-12T02:01:34Z
2026-09-12T02:00:00Z,ET-27NOV26-CDE,2026-11-27T16:00:00Z,,0,2558.5,0,,2026-09-12T02:01:34Z
2026-09-12T02:00:00Z,ET-30OCT26-CDE,2026-10-30T16:00:00Z,2523.5,2532.25,2558.5,563,424,2026-09-12T02:01:34Z
2026-09-12T03:00:00Z,BIT-25SEP26-CDE,2026-09-25T15:00:00Z,77420,77422.5,77490,175208,126029,2026-09-12T03:01:38Z
2026-09-12T03:00:00Z,BIT-27NOV26-CDE,2026-11-27T16:00:00Z,,0,78070,0,,2026-09-12T03:01:38Z
2026-09-12T03:00:00Z,BIT-30OCT26-CDE,2026-10-30T16:00:00Z,78210,77970,78070,302,499,2026-09-12T03:01:38Z
2026-09-12T03:00:00Z,ET-25SEP26-CDE,2026-09-25T15:00:00Z,2520,2520.25,2546.5,63074,109620,2026-09-12T03:01:38Z
2026-09-12T03:00:00Z,ET-27NOV26-CDE,2026-11-27T16:00:00Z,,0,2558.5,0,,2026-09-12T03:01:38Z
2026-09-12T03:00:00Z,ET-30OCT26-CDE,2026-10-30T16:00:00Z,2523.5,2529,2558.5,563,424,2026-09-12T03:01:38Z
2026-09-12T04:00:00Z,BIT-25SEP26-CDE,2026-09-25T15:00:00Z,77455,77457.5,77490,175208,123754,2026-09-12T04:01:35Z
2026-09-12T04:00:00Z,BIT-27NOV26-CDE,2026-11-27T16:00:00Z,,0,78070,0,,2026-09-12T04:01:35Z
2026-09-12T04:00:00Z,BIT-30OCT26-CDE,2026-10-30T16:00:00Z,78210,78002.5,78070,302,473,2026-09-12T04:01:35Z
2026-09-12T04:00:00Z,ET-25SEP26-CDE,2026-09-25T15:00:00Z,2522.5,2520.75,2546.5,63074,109103,2026-09-12T04:01:35Z
2026-09-12T04:00:00Z,ET-27NOV26-CDE,2026-11-27T16:00:00Z,,0,2558.5,0,,2026-09-12T04:01:35Z
2026-09-12T04:00:00Z,ET-30OCT26-CDE,2026-10-30T16:00:00Z,2523.5,2530.25,2558.5,563,424,2026-09-12T04:01:35Z
2026-09-12T05:00:00Z,BIT-25SEP26-CDE,2026-09-25T15:00:00Z,77380,77385,77490,175208,122681,2026-09-12T05:01:43Z
2026-09-12T05:00:00Z,BIT-27NOV26-CDE,2026-11-27T16:00:00Z,,0,78070,0,,2026-09-12T05:01:43Z
2026-09-12T05:00:00Z,BIT-30OCT26-CDE,2026-10-30T16:00:00Z,78210,77932.5,78070,302,473,2026-09-12T05:01:43Z
2026-09-12T05:00:00Z,ET-25SEP26-CDE,2026-09-25T15:00:00Z,2520,2519.5,2546.5,63074,109036,2026-09-12T05:01:43Z
2026-09-12T05:00:00Z,ET-27NOV26-CDE,2026-11-27T16:00:00Z,,0,2558.5,0,,2026-09-12T05:01:43Z
2026-09-12T05:00:00Z,ET-30OCT26-CDE,2026-10-30T16:00:00Z,2523.5,2529,2558.5,563,419,2026-09-12T05:01:43Z
2026-09-12T06:00:00Z,BIT-25SEP26-CDE,2026-09-25T15:00:00Z,77370,77380,77490,175208,121517,2026-09-12T06:01:44Z
2026-09-12T06:00:00Z,BIT-27NOV26-CDE,2026-11-27T16:00:00Z,,0,78070,0,,2026-09-12T06:01:44Z
2026-09-12T06:00:00Z,BIT-30OCT26-CDE,2026-10-30T16:00:00Z,78210,77922.5,78070,302,442,2026-09-12T06:01:44Z
2026-09-12T06:00:00Z,ET-25SEP26-CDE,2026-09-25T15:00:00Z,2519.5,2519.5,2546.5,63074,108028,2026-09-12T06:01:44Z
2026-09-12T06:00:00Z,ET-27NOV26-CDE,2026-11-27T16:00:00Z,,0,2558.5,0,,2026-09-12T06:01:44Z
2026-09-12T06:00:00Z,ET-30OCT26-CDE,2026-10-30T16:00:00Z,2523.5,2528.5,2558.5,563,419,2026-09-12T06:01:44Z
2026-09-12T07:00:00Z,BIT-25SEP26-CDE,2026-09-25T15:00:00Z,77450,77480,77490,175208,119837,2026-09-12T07:01:47Z
2026-09-12T07:00:00Z,BIT-27NOV26-CDE,2026-11-27T16:00:00Z,,0,78070,0,,2026-09-12T07:01:47Z
2026-09-12T07:00:00Z,BIT-30OCT26-CDE,2026-10-30T16:00:00Z,78210,78025,78070,302,441,2026-09-12T07:01:47Z
2026-09-12T07:00:00Z,ET-25SEP26-CDE,2026-09-25T15:00:00Z,2520.5,2529,2546.5,63074,107503,2026-09-12T07:01:47Z
2026-09-12T07:00:00Z,ET-27NOV26-CDE,2026-11-27T16:00:00Z,,0,2558.5,0,,2026-09-12T07:01:47Z
2026-09-12T07:00:00Z,ET-30OCT26-CDE,2026-10-30T16:00:00Z,2523.5,2538.75,2558.5,563,419,2026-09-12T07:01:47Z
2026-09-12T08:00:00Z,BIT-25SEP26-CDE,2026-09-25T15:00:00Z,77435,77432.5,77490,175208,118933,2026-09-12T08:01:42Z
2026-09-12T08:00:00Z,BIT-27NOV26-CDE,2026-11-27T16:00:00Z,,0,78070,0,,2026-09-12T08:01:42Z
2026-09-12T08:00:00Z,BIT-30OCT26-CDE,2026-10-30T16:00:00Z,77985,77972.5,78070,302,421,2026-09-12T08:01:42Z
2026-09-12T08:00:00Z,ET-25SEP26-CDE,2026-09-25T15:00:00Z,2532,2532,2546.5,63074,107528,2026-09-12T08:01:42Z
2026-09-12T08:00:00Z,ET-27NOV26-CDE,2026-11-27T16:00:00Z,,0,2558.5,0,,2026-09-12T08:01:42Z
2026-09-12T08:00:00Z,ET-30OCT26-CDE,2026-10-30T16:00:00Z,2523.5,2541.25,2558.5,563,419,2026-09-12T08:01:42Z
2026-09-12T09:00:00Z,BIT-25SEP26-CDE,2026-09-25T15:00:00Z,77520,77500,77490,175208,118146,2026-09-12T09:01:42Z
2026-09-12T09:00:00Z,BIT-27NOV26-CDE,2026-11-27T16:00:00Z,,0,78070,0,,2026-09-12T09:01:42Z
2026-09-12T09:00:00Z,BIT-30OCT26-CDE,2026-10-30T16:00:00Z,77995,78042.5,78070,302,446,2026-09-12T09:01:42Z
2026-09-12T09:00:00Z,ET-25SEP26-CDE,2026-09-25T15:00:00Z,2543.5,2542.75,2546.5,63074,110444,2026-09-12T09:01:42Z
2026-09-12T09:00:00Z,ET-27NOV26-CDE,2026-11-27T16:00:00Z,,0,2558.5,0,,2026-09-12T09:01:42Z
2026-09-12T09:00:00Z,ET-30OCT26-CDE,2026-10-30T16:00:00Z,2543.5,2550.25,2558.5,563,415,2026-09-12T09:01:42Z
2026-09-12T10:00:00Z,BIT-25SEP26-CDE,2026-09-25T15:00:00Z,77510,77527.5,77490,175208,116819,2026-09-12T10:01:39Z
2026-09-12T10:00:00Z,BIT-27NOV26-CDE,2026-11-27T16:00:00Z,,0,78070,0,,2026-09-12T10:01:39Z
2026-09-12T10:00:00Z,BIT-30OCT26-CDE,2026-10-30T16:00:00Z,78055,78065,78070,302,429,2026-09-12T10:01:39Z
2026-09-12T10:00:00Z,ET-25SEP26-CDE,2026-09-25T15:00:00Z,2542,2543.75,2546.5,63074,110481,2026-09-12T10:01:39Z
2026-09-12T10:00:00Z,ET-27NOV26-CDE,2026-11-27T16:00:00Z,,0,2558.5,0,,2026-09-12T10:01:39Z
2026-09-12T10:00:00Z,ET-30OCT26-CDE,2026-10-30T16:00:00Z,2543.5,2551,2558.5,563,415,2026-09-12T10:01:39Z
2026-09-12T11:00:00Z,BIT-25SEP26-CDE,2026-09-25T15:00:00Z,77515,77510,77490,175208,115875,2026-09-12T11:01:37Z
2026-09-12T11:00:00Z,BIT-27NOV26-CDE,2026-11-27T16:00:00Z,,0,78070,0,,2026-09-12T11:01:37Z
2026-09-12T11:00:00Z,BIT-30OCT26-CDE,2026-10-30T16:00:00Z,78055,78055,78070,302,429,2026-09-12T11:01:37Z
2026-09-12T11:00:00Z,ET-25SEP26-CDE,2026-09-25T15:00:00Z,2544.5,2544.5,2546.5,63074,111348,2026-09-12T11:01:37Z
2026-09-12T11:00:00Z,ET-27NOV26-CDE,2026-11-27T16:00:00Z,,0,2558.5,0,,2026-09-12T11:01:37Z
2026-09-12T11:00:00Z,ET-30OCT26-CDE,2026-10-30T16:00:00Z,2543.5,2552.75,2558.5,563,415,2026-09-12T11:01:37Z
2026-09-12T12:00:00Z,BIT-25SEP26-CDE,2026-09-25T15:00:00Z,77520,77522.5,77490,175208,114250,2026-09-12T12:01:41Z
2026-09-12T12:00:00Z,BIT-27NOV26-CDE,2026-11-27T16:00:00Z,,0,78070,0,,2026-09-12T12:01:41Z
2026-09-12T12:00:00Z,BIT-30OCT26-CDE,2026-10-30T16:00:00Z,78055,78062.5,78070,302,424,2026-09-12T12:01:41Z
2026-09-12T12:00:00Z,ET-25SEP26-CDE,2026-09-25T15:00:00Z,2545,2544.75,2546.5,63074,111081,2026-09-12T12:01:41Z
2026-09-12T12:00:00Z,ET-27NOV26-CDE,2026-11-27T16:00:00Z,,0,2558.5,0,,2026-09-12T12:01:41Z
2026-09-12T12:00:00Z,ET-30OCT26-CDE,2026-10-30T16:00:00Z,2543.5,2552.75,2558.5,563,415,2026-09-12T12:01:41Z
2026-09-12T13:00:00Z,BIT-25SEP26-CDE,2026-09-25T15:00:00Z,77450,77490,77490,175208,97101,2026-09-12T13:01:46Z
2026-09-12T13:00:00Z,BIT-27NOV26-CDE,2026-11-27T16:00:00Z,,0,78070,0,,2026-09-12T13:01:46Z
2026-09-12T13:00:00Z,BIT-30OCT26-CDE,2026-10-30T16:00:00Z,78035,78035,78070,302,190,2026-09-12T13:01:46Z
2026-09-12T13:00:00Z,ET-25SEP26-CDE,2026-09-25T15:00:00Z,2543,2543.75,2546.5,63074,98153,2026-09-12T13:01:46Z
2026-09-12T13:00:00Z,ET-27NOV26-CDE,2026-11-27T16:00:00Z,,0,2558.5,0,,2026-09-12T13:01:46Z
2026-09-12T13:00:00Z,ET-30OCT26-CDE,2026-10-30T16:00:00Z,2551.5,2552.25,2558.5,563,343,2026-09-12T13:01:46Z
2026-09-12T14:00:00Z,BIT-25SEP26-CDE,2026-09-25T15:00:00Z,77530,77540,77490,175208,72897,2026-09-12T14:01:46Z
2026-09-12T14:00:00Z,BIT-27NOV26-CDE,2026-11-27T16:00:00Z,,0,78070,0,,2026-09-12T14:01:46Z
2026-09-12T14:00:00Z,BIT-30OCT26-CDE,2026-10-30T16:00:00Z,77995,78082.5,78070,302,163,2026-09-12T14:01:46Z
2026-09-12T14:00:00Z,ET-25SEP26-CDE,2026-09-25T15:00:00Z,2553.5,2551.5,2546.5,63074,76950,2026-09-12T14:01:46Z
2026-09-12T14:00:00Z,ET-27NOV26-CDE,2026-11-27T16:00:00Z,,0,2558.5,0,,2026-09-12T14:01:46Z
2026-09-12T14:00:00Z,ET-30OCT26-CDE,2026-10-30T16:00:00Z,2555,2560.25,2558.5,563,249,2026-09-12T14:01:46Z
2026-09-12T15:00:00Z,BIT-25SEP26-CDE,2026-09-25T15:00:00Z,77645,77632.5,77490,175208,56481,2026-09-12T15:01:43Z
2026-09-12T15:00:00Z,BIT-27NOV26-CDE,2026-11-27T16:00:00Z,,0,78070,0,,2026-09-12T15:01:43Z
2026-09-12T15:00:00Z,BIT-30OCT26-CDE,2026-10-30T16:00:00Z,77995,78172.5,78070,302,79,2026-09-12T15:01:43Z
2026-09-12T15:00:00Z,ET-25SEP26-CDE,2026-09-25T15:00:00Z,2551,2549.25,2546.5,63074,56018,2026-09-12T15:01:43Z
2026-09-12T15:00:00Z,ET-27NOV26-CDE,2026-11-27T16:00:00Z,,0,2558.5,0,,2026-09-12T15:01:43Z
2026-09-12T15:00:00Z,ET-30OCT26-CDE,2026-10-30T16:00:00Z,2555,2558,2558.5,563,171,2026-09-12T15:01:43Z
2026-09-12T16:00:00Z,BIT-25SEP26-CDE,2026-09-25T15:00:00Z,77600,77560,77490,175208,45629,2026-09-12T16:01:43Z
2026-09-12T16:00:00Z,BIT-27NOV26-CDE,2026-11-27T16:00:00Z,,0,78070,0,,2026-09-12T16:01:43Z
2026-09-12T16:00:00Z,BIT-30OCT26-CDE,2026-10-30T16:00:00Z,78095,78105,78070,302,65,2026-09-12T16:01:43Z
2026-09-12T16:00:00Z,ET-25SEP26-CDE,2026-09-25T15:00:00Z,2543.5,2543.75,2546.5,63074,49377,2026-09-12T16:01:43Z
2026-09-12T16:00:00Z,ET-27NOV26-CDE,2026-11-27T16:00:00Z,,0,2558.5,0,,2026-09-12T16:01:43Z
2026-09-12T16:00:00Z,ET-30OCT26-CDE,2026-10-30T16:00:00Z,2555.5,2552.75,2558.5,563,158,2026-09-12T16:01:43Z
2026-09-12T17:00:00Z,BIT-25SEP26-CDE,2026-09-25T15:00:00Z,77515,77540,77490,175208,40842,2026-09-12T17:01:43Z
2026-09-12T17:00:00Z,BIT-27NOV26-CDE,2026-11-27T16:00:00Z,,0,78070,0,,2026-09-12T17:01:43Z
2026-09-12T17:00:00Z,BIT-30OCT26-CDE,2026-10-30T16:00:00Z,78040,78082.5,78070,302,287,2026-09-12T17:01:43Z
2026-09-12T17:00:00Z,ET-25SEP26-CDE,2026-09-25T15:00:00Z,2540,2541.75,2546.5,63074,45190,2026-09-12T17:01:43Z
2026-09-12T17:00:00Z,ET-27NOV26-CDE,2026-11-27T16:00:00Z,,0,2558.5,0,,2026-09-12T17:01:43Z
2026-09-12T17:00:00Z,ET-30OCT26-CDE,2026-10-30T16:00:00Z,2555.5,2550.75,2558.5,563,145,2026-09-12T17:01:43Z
2026-09-12T18:00:00Z,BIT-25SEP26-CDE,2026-09-25T15:00:00Z,77365,77357.5,77490,175208,37206,2026-09-12T18:01:42Z
2026-09-12T18:00:00Z,BIT-27NOV26-CDE,2026-11-27T16:00:00Z,,0,78070,0,,2026-09-12T18:01:42Z
2026-09-12T18:00:00Z,BIT-30OCT26-CDE,2026-10-30T16:00:00Z,78040,77905,78070,302,287,2026-09-12T18:01:42Z
2026-09-12T18:00:00Z,ET-25SEP26-CDE,2026-09-25T15:00:00Z,2535.5,2534,2546.5,63074,42897,2026-09-12T18:01:42Z
2026-09-12T18:00:00Z,ET-27NOV26-CDE,2026-11-27T16:00:00Z,,0,2558.5,0,,2026-09-12T18:01:42Z
2026-09-12T18:00:00Z,ET-30OCT26-CDE,2026-10-30T16:00:00Z,2555.5,2542.75,2558.5,563,145,2026-09-12T18:01:42Z
2026-09-12T19:00:00Z,BIT-25SEP26-CDE,2026-09-25T15:00:00Z,77315,77325,77490,175208,34397,2026-09-12T19:01:37Z
2026-09-12T19:00:00Z,BIT-27NOV26-CDE,2026-11-27T16:00:00Z,,0,78070,0,,2026-09-12T19:01:37Z
2026-09-12T19:00:00Z,BIT-30OCT26-CDE,2026-10-30T16:00:00Z,77900,77857.5,78070,302,294,2026-09-12T19:01:37Z
2026-09-12T19:00:00Z,ET-25SEP26-CDE,2026-09-25T15:00:00Z,2530.5,2531,2546.5,63074,39996,2026-09-12T19:01:37Z
2026-09-12T19:00:00Z,ET-27NOV26-CDE,2026-11-27T16:00:00Z,,0,2558.5,0,,2026-09-12T19:01:37Z
2026-09-12T19:00:00Z,ET-30OCT26-CDE,2026-10-30T16:00:00Z,2543,2540.25,2558.5,563,136,2026-09-12T19:01:37Z
2026-09-12T20:00:00Z,BIT-25SEP26-CDE,2026-09-25T15:00:00Z,77320,77322.5,77490,175208,30612,2026-09-12T20:01:40Z
2026-09-12T20:00:00Z,BIT-27NOV26-CDE,2026-11-27T16:00:00Z,,0,78070,0,,2026-09-12T20:01:40Z
2026-09-12T20:00:00Z,BIT-30OCT26-CDE,2026-10-30T16:00:00Z,77805,77867.5,78070,302,312,2026-09-12T20:01:40Z
2026-09-12T20:00:00Z,ET-25SEP26-CDE,2026-09-25T15:00:00Z,2526.5,2529,2546.5,63074,37201,2026-09-12T20:01:40Z
2026-09-12T20:00:00Z,ET-27NOV26-CDE,2026-11-27T16:00:00Z,,0,2558.5,0,,2026-09-12T20:01:40Z
2026-09-12T20:00:00Z,ET-30OCT26-CDE,2026-10-30T16:00:00Z,2543,2538.25,2558.5,563,136,2026-09-12T20:01:40Z
2026-09-12T21:00:00Z,BIT-25SEP26-CDE,2026-09-25T15:00:00Z,77320,77382.5,77490,175208,4659,2026-09-12T21:01:44Z
2026-09-12T21:00:00Z,BIT-27NOV26-CDE,2026-11-27T16:00:00Z,,0,78070,0,,2026-09-12T21:01:44Z
2026-09-12T21:00:00Z,BIT-30OCT26-CDE,2026-10-30T16:00:00Z,77805,77925,78070,302,294,2026-09-12T21:01:44Z
2026-09-12T21:00:00Z,ET-25SEP26-CDE,2026-09-25T15:00:00Z,2528,2531.75,2546.5,63074,11979,2026-09-12T21:01:44Z
2026-09-12T21:00:00Z,ET-27NOV26-CDE,2026-11-27T16:00:00Z,,0,2558.5,0,,2026-09-12T21:01:44Z
2026-09-12T21:00:00Z,ET-30OCT26-CDE,2026-10-30T16:00:00Z,2543,2540.75,2558.5,563,53,2026-09-12T21:01:44Z
2026-09-12T22:00:00Z,BIT-25SEP26-CDE,2026-09-25T15:00:00Z,77405,77382.5,77490,175208,4832,2026-09-12T22:01:45Z
2026-09-12T22:00:00Z,BIT-27NOV26-CDE,2026-11-27T16:00:00Z,,0,78070,0,,2026-09-12T22:01:45Z
2026-09-12T22:00:00Z,BIT-30OCT26-CDE,2026-10-30T16:00:00Z,77805,77930,78070,302,294,2026-09-12T22:01:45Z
2026-09-12T22:00:00Z,ET-25SEP26-CDE,2026-09-25T15:00:00Z,2537.5,2530.75,2546.5,63074,11801,2026-09-12T22:01:45Z
2026-09-12T22:00:00Z,ET-27NOV26-CDE,2026-11-27T16:00:00Z,,0,2558.5,0,,2026-09-12T22:01:45Z
2026-09-12T22:00:00Z,ET-30OCT26-CDE,2026-10-30T16:00:00Z,2541.5,2539,2558.5,563,95,2026-09-12T22:01:45Z
2026-09-12T23:00:00Z,BIT-25SEP26-CDE,2026-09-25T15:00:00Z,77420,77400,77490,175208,3523,2026-09-12T23:01:39Z
2026-09-12T23:00:00Z,BIT-27NOV26-CDE,2026-11-27T16:00:00Z,,0,78070,0,,2026-09-12T23:01:39Z
2026-09-12T23:00:00Z,BIT-30OCT26-CDE,2026-10-30T16:00:00Z,77805,77942.5,78070,302,294,2026-09-12T23:01:39Z
2026-09-12T23:00:00Z,ET-25SEP26-CDE,2026-09-25T15:00:00Z,2533,2531.25,2546.5,63074,11249,2026-09-12T23:01:39Z
2026-09-12T23:00:00Z,ET-27NOV26-CDE,2026-11-27T16:00:00Z,,0,2558.5,0,,2026-09-12T23:01:39Z
2026-09-12T23:00:00Z,ET-30OCT26-CDE,2026-10-30T16:00:00Z,2539.5,2541.5,2558.5,563,348,2026-09-12T23:01:39Z
2026-09-13T00:00:00Z,BIT-25SEP26-CDE,2026-09-25T15:00:00Z,77445,77442.5,77490,175208,3237,2026-09-13T00:01:46Z
2026-09-13T00:00:00Z,BIT-27NOV26-CDE,2026-11-27T16:00:00Z,,0,78070,0,,2026-09-13T00:01:46Z
2026-09-13T00:00:00Z,BIT-30OCT26-CDE,2026-10-30T16:00:00Z,77805,77985,78070,302,294,2026-09-13T00:01:46Z
2026-09-13T00:00:00Z,ET-25SEP26-CDE,2026-09-25T15:00:00Z,2534,2534.5,2546.5,63074,11209,2026-09-13T00:01:46Z
2026-09-13T00:00:00Z,ET-27NOV26-CDE,2026-11-27T16:00:00Z,,0,2558.5,0,,2026-09-13T00:01:46Z
2026-09-13T00:00:00Z,ET-30OCT26-CDE,2026-10-30T16:00:00Z,2539.5,2544.25,2558.5,563,348,2026-09-13T00:01:46Z
2026-09-13T01:00:00Z,BIT-25SEP26-CDE,2026-09-25T15:00:00Z,77390,77435,77490,175208,2941,2026-09-13T01:01:35Z
2026-09-13T01:00:00Z,BIT-27NOV26-CDE,2026-11-27T16:00:00Z,,0,78070,0,,2026-09-13T01:01:35Z
2026-09-13T01:00:00Z,BIT-30OCT26-CDE,2026-10-30T16:00:00Z,77805,77982.5,78070,302,294,2026-09-13T01:01:35Z
2026-09-13T01:00:00Z,ET-25SEP26-CDE,2026-09-25T15:00:00Z,2531,2534,2546.5,63074,11298,2026-09-13T01:01:35Z
2026-09-13T01:00:00Z,ET-27NOV26-CDE,2026-11-27T16:00:00Z,,0,2558.5,0,,2026-09-13T01:01:35Z
2026-09-13T01:00:00Z,ET-30OCT26-CDE,2026-10-30T16:00:00Z,2539.5,2543.5,2558.5,563,348,2026-09-13T01:01:35Z
2026-09-13T02:00:00Z,BIT-25SEP26-CDE,2026-09-25T15:00:00Z,77475,77487.5,77490,175208,2764,2026-09-13T02:01:35Z
2026-09-13T02:00:00Z,BIT-27NOV26-CDE,2026-11-27T16:00:00Z,,0,78070,0,,2026-09-13T02:01:35Z
2026-09-13T02:00:00Z,BIT-30OCT26-CDE,2026-10-30T16:00:00Z,78020,78025,78070,302,319,2026-09-13T02:01:35Z
2026-09-13T02:00:00Z,ET-25SEP26-CDE,2026-09-25T15:00:00Z,2534,2533.75,2546.5,63074,11094,2026-09-13T02:01:35Z
2026-09-13T02:00:00Z,ET-27NOV26-CDE,2026-11-27T16:00:00Z,,0,2558.5,0,,2026-09-13T02:01:35Z
2026-09-13T02:00:00Z,ET-30OCT26-CDE,2026-10-30T16:00:00Z,2539.5,2543.25,2558.5,563,348,2026-09-13T02:01:35Z
2026-09-13T03:00:00Z,BIT-25SEP26-CDE,2026-09-25T15:00:00Z,77455,77450,77490,175208,2644,2026-09-13T03:01:38Z
2026-09-13T03:00:00Z,BIT-27NOV26-CDE,2026-11-27T16:00:00Z,,0,78070,0,,2026-09-13T03:01:38Z
2026-09-13T03:00:00Z,BIT-30OCT26-CDE,2026-10-30T16:00:00Z,78020,77987.5,78070,302,319,2026-09-13T03:01:38Z
2026-09-13T03:00:00Z,ET-25SEP26-CDE,2026-09-25T15:00:00Z,2529,2529,2546.5,63074,11020,2026-09-13T03:01:38Z
2026-09-13T03:00:00Z,ET-27NOV26-CDE,2026-11-27T16:00:00Z,,0,2558.5,0,,2026-09-13T03:01:38Z
2026-09-13T03:00:00Z,ET-30OCT26-CDE,2026-10-30T16:00:00Z,2539.5,2538,2558.5,563,348,2026-09-13T03:01:38Z
2026-09-13T04:00:00Z,BIT-25SEP26-CDE,2026-09-25T15:00:00Z,77385,77382.5,77490,175208,2511,2026-09-13T04:01:32Z
2026-09-13T04:00:00Z,BIT-27NOV26-CDE,2026-11-27T16:00:00Z,,0,78070,0,,2026-09-13T04:01:32Z
2026-09-13T04:00:00Z,BIT-30OCT26-CDE,2026-10-30T16:00:00Z,77910,77925,78070,302,491,2026-09-13T04:01:32Z
2026-09-13T04:00:00Z,ET-25SEP26-CDE,2026-09-25T15:00:00Z,2529,2529,2546.5,63074,10984,2026-09-13T04:01:32Z
2026-09-13T04:00:00Z,ET-27NOV26-CDE,2026-11-27T16:00:00Z,,0,2558.5,0,,2026-09-13T04:01:32Z
2026-09-13T04:00:00Z,ET-30OCT26-CDE,2026-10-30T16:00:00Z,2539.5,2538.5,2558.5,563,348,2026-09-13T04:01:32Z
2026-09-13T05:00:00Z,BIT-25SEP26-CDE,2026-09-25T15:00:00Z,77405,77385,77490,175208,2542,2026-09-13T05:01:42Z
2026-09-13T05:00:00Z,BIT-27NOV26-CDE,2026-11-27T16:00:00Z,,0,78070,0,,2026-09-13T05:01:42Z
2026-09-13T05:00:00Z,BIT-30OCT26-CDE,2026-10-30T16:00:00Z,77950,77917.5,78070,302,580,2026-09-13T05:01:42Z
2026-09-13T05:00:00Z,ET-25SEP26-CDE,2026-09-25T15:00:00Z,2529,2530.25,2546.5,63074,10774,2026-09-13T05:01:42Z
2026-09-13T05:00:00Z,ET-27NOV26-CDE,2026-11-27T16:00:00Z,,0,2558.5,0,,2026-09-13T05:01:42Z
2026-09-13T05:00:00Z,ET-30OCT26-CDE,2026-10-30T16:00:00Z,2539.5,2538.75,2558.5,563,348,2026-09-13T05:01:42Z
2026-09-13T06:00:00Z,BIT-25SEP26-CDE,2026-09-25T15:00:00Z,77490,77480,77490,175208,2385,2026-09-13T06:01:46Z
2026-09-13T06:00:00Z,BIT-27NOV26-CDE,2026-11-27T16:00:00Z,,0,78070,0,,2026-09-13T06:01:46Z
2026-09-13T06:00:00Z,BIT-30OCT26-CDE,2026-10-30T16:00:00Z,77950,78010,78070,302,580,2026-09-13T06:01:46Z
2026-09-13T06:00:00Z,ET-25SEP26-CDE,2026-09-25T15:00:00Z,2531.5,2531.5,2546.5,63074,10628,2026-09-13T06:01:46Z
2026-09-13T06:00:00Z,ET-27NOV26-CDE,2026-11-27T16:00:00Z,,0,2558.5,0,,2026-09-13T06:01:46Z
2026-09-13T06:00:00Z,ET-30OCT26-CDE,2026-10-30T16:00:00Z,2539.5,2540.75,2558.5,563,348,2026-09-13T06:01:46Z
2026-09-13T07:00:00Z,BIT-25SEP26-CDE,2026-09-25T15:00:00Z,77325,77315,77490,175208,2536,2026-09-13T07:01:44Z
2026-09-13T07:00:00Z,BIT-27NOV26-CDE,2026-11-27T16:00:00Z,,0,78070,0,,2026-09-13T07:01:44Z
2026-09-13T07:00:00Z,BIT-30OCT26-CDE,2026-10-30T16:00:00Z,77950,77842.5,78070,302,580,2026-09-13T07:01:44Z
2026-09-13T07:00:00Z,ET-25SEP26-CDE,2026-09-25T15:00:00Z,2521,2522.75,2546.5,63074,10563,2026-09-13T07:01:44Z
2026-09-13T07:00:00Z,ET-27NOV26-CDE,2026-11-27T16:00:00Z,,0,2558.5,0,,2026-09-13T07:01:44Z
2026-09-13T07:00:00Z,ET-30OCT26-CDE,2026-10-30T16:00:00Z,2539.5,2532,2558.5,563,348,2026-09-13T07:01:44Z
2026-09-13T08:00:00Z,BIT-25SEP26-CDE,2026-09-25T15:00:00Z,77305,77290,77490,175208,2532,2026-09-13T08:01:42Z
2026-09-13T08:00:00Z,BIT-27NOV26-CDE,2026-11-27T16:00:00Z,,0,78070,0,,2026-09-13T08:01:42Z
2026-09-13T08:00:00Z,BIT-30OCT26-CDE,2026-10-30T16:00:00Z,77800,77817.5,78070,302,576,2026-09-13T08:01:42Z
2026-09-13T08:00:00Z,ET-25SEP26-CDE,2026-09-25T15:00:00Z,2524,2526.25,2546.5,63074,10259,2026-09-13T08:01:42Z
2026-09-13T08:00:00Z,ET-27NOV26-CDE,2026-11-27T16:00:00Z,,0,2558.5,0,,2026-09-13T08:01:42Z
2026-09-13T08:00:00Z,ET-30OCT26-CDE,2026-10-30T16:00:00Z,2539.5,2535.5,2558.5,563,348,2026-09-13T08:01:42Z
2026-09-13T09:00:00Z,BIT-25SEP26-CDE,2026-09-25T15:00:00Z,76815,76805,77490,175208,3418,2026-09-13T09:31:29Z
2026-09-13T09:00:00Z,BIT-27NOV26-CDE,2026-11-27T16:00:00Z,,0,78070,0,,2026-09-13T09:31:29Z
2026-09-13T09:00:00Z,BIT-30OCT26-CDE,2026-10-30T16:00:00Z,77340,77342.5,78070,302,584,2026-09-13T09:31:29Z
2026-09-13T09:00:00Z,ET-25SEP26-CDE,2026-09-25T15:00:00Z,2490,2487.75,2546.5,63074,9221,2026-09-13T09:31:29Z
2026-09-13T09:00:00Z,ET-27NOV26-CDE,2026-11-27T16:00:00Z,,0,2558.5,0,,2026-09-13T09:31:29Z
2026-09-13T09:00:00Z,ET-30OCT26-CDE,2026-10-30T16:00:00Z,2505,2497,2558.5,563,333,2026-09-13T09:31:29Z
2026-09-13T10:00:00Z,BIT-25SEP26-CDE,2026-09-25T15:00:00Z,76990,76977.5,77490,175208,3516,2026-09-13T10:01:51Z
2026-09-13T10:00:00Z,BIT-27NOV26-CDE,2026-11-27T16:00:00Z,,0,78070,0,,2026-09-13T10:01:51Z
2026-09-13T10:00:00Z,BIT-30OCT26-CDE,2026-10-30T16:00:00Z,77340,77507.5,78070,302,576,2026-09-13T10:01:51Z
2026-09-13T10:00:00Z,ET-25SEP26-CDE,2026-09-25T15:00:00Z,2492.5,2492.5,2546.5,63074,10809,2026-09-13T10:01:51Z
2026-09-13T10:00:00Z,ET-27NOV26-CDE,2026-11-27T16:00:00Z,,0,2558.5,0,,2026-09-13T10:01:51Z
2026-09-13T10:00:00Z,ET-30OCT26-CDE,2026-10-30T16:00:00Z,2505,2501.75,2558.5,563,333,2026-09-13T10:01:51Z
2026-09-13T11:00:00Z,BIT-25SEP26-CDE,2026-09-25T15:00:00Z,76815,76867.5,77490,175208,3811,2026-09-13T11:01:39Z
2026-09-13T11:00:00Z,BIT-27NOV26-CDE,2026-11-27T16:00:00Z,,0,78070,0,,2026-09-13T11:01:39Z
2026-09-13T11:00:00Z,BIT-30OCT26-CDE,2026-10-30T16:00:00Z,77340,77367.5,78070,302,576,2026-09-13T11:01:39Z
2026-09-13T11:00:00Z,ET-25SEP26-CDE,2026-09-25T15:00:00Z,2481,2480.5,2546.5,63074,9880,2026-09-13T11:01:39Z
2026-09-13T11:00:00Z,ET-27NOV26-CDE,2026-11-27T16:00:00Z,,0,2558.5,0,,2026-09-13T11:01:39Z
2026-09-13T11:00:00Z,ET-30OCT26-CDE,2026-10-30T16:00:00Z,2505,2490,2558.5,563,333,2026-09-13T11:01:39Z
2026-09-13T12:00:00Z,BIT-25SEP26-CDE,2026-09-25T15:00:00Z,76955,76927.5,77490,175208,6674,2026-09-13T12:01:40Z
2026-09-13T12:00:00Z,BIT-27NOV26-CDE,2026-11-27T16:00:00Z,,0,78070,0,,2026-09-13T12:01:40Z
2026-09-13T12:00:00Z,BIT-30OCT26-CDE,2026-10-30T16:00:00Z,77340,77455,78070,302,682,2026-09-13T12:01:40Z
2026-09-13T12:00:00Z,ET-25SEP26-CDE,2026-09-25T15:00:00Z,2488.5,2488.5,2546.5,63074,10229,2026-09-13T12:01:40Z
2026-09-13T12:00:00Z,ET-27NOV26-CDE,2026-11-27T16:00:00Z,,0,2558.5,0,,2026-09-13T12:01:40Z
2026-09-13T12:00:00Z,ET-30OCT26-CDE,2026-10-30T16:00:00Z,2487,2497,2558.5,563,338,2026-09-13T12:01:40Z
2026-09-13T13:00:00Z,BIT-25SEP26-CDE,2026-09-25T15:00:00Z,76910,76887.5,77490,175208,6776,2026-09-13T13:01:46Z
2026-09-13T13:00:00Z,BIT-27NOV26-CDE,2026-11-27T16:00:00Z,,0,78070,0,,2026-09-13T13:01:46Z
2026-09-13T13:00:00Z,BIT-30OCT26-CDE,2026-10-30T16:00:00Z,77340,77415,78070,302,678,2026-09-13T13:01:46Z
2026-09-13T13:00:00Z,ET-25SEP26-CDE,2026-09-25T15:00:00Z,2484,2483.25,2546.5,63074,10054,2026-09-13T13:01:46Z
2026-09-13T13:00:00Z,ET-27NOV26-CDE,2026-11-27T16:00:00Z,,0,2558.5,0,,2026-09-13T13:01:46Z
2026-09-13T13:00:00Z,ET-30OCT26-CDE,2026-10-30T16:00:00Z,2487,2491.75,2558.5,563,331,2026-09-13T13:01:46Z
2026-09-13T14:00:00Z,BIT-25SEP26-CDE,2026-09-25T15:00:00Z,76990,77010,77490,175208,6808,2026-09-13T14:01:41Z
2026-09-13T14:00:00Z,BIT-27NOV26-CDE,2026-11-27T16:00:00Z,,0,78070,0,,2026-09-13T14:01:41Z
2026-09-13T14:00:00Z,BIT-30OCT26-CDE,2026-10-30T16:00:00Z,77535,77527.5,78070,302,883,2026-09-13T14:01:41Z
2026-09-13T14:00:00Z,ET-25SEP26-CDE,2026-09-25T15:00:00Z,2487.5,2486.25,2546.5,63074,9752,2026-09-13T14:01:41Z
2026-09-13T14:00:00Z,ET-27NOV26-CDE,2026-11-27T16:00:00Z,,0,2558.5,0,,2026-09-13T14:01:41Z
2026-09-13T14:00:00Z,ET-30OCT26-CDE,2026-10-30T16:00:00Z,2488,2495,2558.5,563,393,2026-09-13T14:01:41Z
2026-09-13T15:00:00Z,BIT-25SEP26-CDE,2026-09-25T15:00:00Z,77340,77295,77490,175208,8058,2026-09-13T15:01:44Z
2026-09-13T15:00:00Z,BIT-27NOV26-CDE,2026-11-27T16:00:00Z,,0,78070,0,,2026-09-13T15:01:44Z
2026-09-13T15:00:00Z,BIT-30OCT26-CDE,2026-10-30T16:00:00Z,77745,77815,78070,302,1247,2026-09-13T15:01:44Z
2026-09-13T15:00:00Z,ET-25SEP26-CDE,2026-09-25T15:00:00Z,2495.5,2496.75,2546.5,63074,9759,2026-09-13T15:01:44Z
2026-09-13T15:00:00Z,ET-27NOV26-CDE,2026-11-27T16:00:00Z,,0,2558.5,0,,2026-09-13T15:01:44Z
2026-09-13T15:00:00Z,ET-30OCT26-CDE,2026-10-30T16:00:00Z,2501.5,2505.5,2558.5,563,403,2026-09-13T15:01:44Z
2026-09-13T16:00:00Z,BIT-25SEP26-CDE,2026-09-25T15:00:00Z,77285,77327.5,77490,175208,8919,2026-09-13T16:01:39Z
2026-09-13T16:00:00Z,BIT-27NOV26-CDE,2026-11-27T16:00:00Z,,0,78070,0,,2026-09-13T16:01:39Z
2026-09-13T16:00:00Z,BIT-30OCT26-CDE,2026-10-30T16:00:00Z,77795,77815,78070,302,1568,2026-09-13T16:01:39Z
2026-09-13T16:00:00Z,ET-25SEP26-CDE,2026-09-25T15:00:00Z,2498,2498.75,2546.5,63074,9749,2026-09-13T16:01:39Z
2026-09-13T16:00:00Z,ET-27NOV26-CDE,2026-11-27T16:00:00Z,,0,2558.5,0,,2026-09-13T16:01:39Z
2026-09-13T16:00:00Z,ET-30OCT26-CDE,2026-10-30T16:00:00Z,2501.5,2507,2558.5,563,397,2026-09-13T16:01:39Z
2026-09-13T17:00:00Z,BIT-25SEP26-CDE,2026-09-25T15:00:00Z,77440,77477.5,77490,175208,9277,2026-09-13T17:01:44Z
2026-09-13T17:00:00Z,BIT-27NOV26-CDE,2026-11-27T16:00:00Z,,0,78070,0,,2026-09-13T17:01:44Z
2026-09-13T17:00:00Z,BIT-30OCT26-CDE,2026-10-30T16:00:00Z,77935,77987.5,78070,302,1447,2026-09-13T17:01:44Z
2026-09-13T17:00:00Z,ET-25SEP26-CDE,2026-09-25T15:00:00Z,2512,2512.5,2546.5,63074,9679,2026-09-13T17:01:44Z
2026-09-13T17:00:00Z,ET-27NOV26-CDE,2026-11-27T16:00:00Z,,0,2558.5,0,,2026-09-13T17:01:44Z
2026-09-13T17:00:00Z,ET-30OCT26-CDE,2026-10-30T16:00:00Z,2501.5,2521.75,2558.5,563,397,2026-09-13T17:01:44Z
2026-09-13T18:00:00Z,BIT-25SEP26-CDE,2026-09-25T15:00:00Z,77500,77497.5,77490,175208,9640,2026-09-13T18:01:35Z
2026-09-13T18:00:00Z,BIT-27NOV26-CDE,2026-11-27T16:00:00Z,,0,78070,0,,2026-09-13T18:01:35Z
2026-09-13T18:00:00Z,BIT-30OCT26-CDE,2026-10-30T16:00:00Z,77935,78002.5,78070,302,1447,2026-09-13T18:01:35Z
2026-09-13T18:00:00Z,ET-25SEP26-CDE,2026-09-25T15:00:00Z,2511.5,2512.75,2546.5,63074,9657,2026-09-13T18:01:35Z
2026-09-13T18:00:00Z,ET-27NOV26-CDE,2026-11-27T16:00:00Z,,0,2558.5,0,,2026-09-13T18:01:35Z
2026-09-13T18:00:00Z,ET-30OCT26-CDE,2026-10-30T16:00:00Z,2501.5,2522,2558.5,563,397,2026-09-13T18:01:35Z
2026-09-13T19:00:00Z,BIT-25SEP26-CDE,2026-09-25T15:00:00Z,77520,77510,77490,175208,9524,2026-09-13T19:01:44Z
2026-09-13T19:00:00Z,BIT-27NOV26-CDE,2026-11-27T16:00:00Z,,0,78070,0,,2026-09-13T19:01:44Z
2026-09-13T19:00:00Z,BIT-30OCT26-CDE,2026-10-30T16:00:00Z,77935,78022.5,78070,302,1440,2026-09-13T19:01:44Z
2026-09-13T19:00:00Z,ET-25SEP26-CDE,2026-09-25T15:00:00Z,2515,2516.5,2546.5,63074,9547,2026-09-13T19:01:44Z
2026-09-13T19:00:00Z,ET-27NOV26-CDE,2026-11-27T16:00:00Z,,0,2558.5,0,,2026-09-13T19:01:44Z
2026-09-13T19:00:00Z,ET-30OCT26-CDE,2026-10-30T16:00:00Z,2501.5,2526,2558.5,563,396,2026-09-13T19:01:44Z
2026-09-13T20:00:00Z,BIT-25SEP26-CDE,2026-09-25T15:00:00Z,77450,77455,77490,175208,9426,2026-09-13T20:01:35Z
2026-09-13T20:00:00Z,BIT-27NOV26-CDE,2026-11-27T16:00:00Z,,0,78070,0,,2026-09-13T20:01:35Z
2026-09-13T20:00:00Z,BIT-30OCT26-CDE,2026-10-30T16:00:00Z,77935,77962.5,78070,302,1422,2026-09-13T20:01:35Z
2026-09-13T20:00:00Z,ET-25SEP26-CDE,2026-09-25T15:00:00Z,2511.5,2513.5,2546.5,63074,10411,2026-09-13T20:01:35Z
2026-09-13T20:00:00Z,ET-27NOV26-CDE,2026-11-27T16:00:00Z,,0,2558.5,0,,2026-09-13T20:01:35Z
2026-09-13T20:00:00Z,ET-30OCT26-CDE,2026-10-30T16:00:00Z,2501.5,2523,2558.5,563,396,2026-09-13T20:01:35Z
2026-09-13T21:00:00Z,BIT-25SEP26-CDE,2026-09-25T15:00:00Z,77495,77480,77490,175208,10476,2026-09-13T21:01:35Z
2026-09-13T21:00:00Z,BIT-27NOV26-CDE,2026-11-27T16:00:00Z,,0,78070,0,,2026-09-13T21:01:35Z
2026-09-13T21:00:00Z,BIT-30OCT26-CDE,2026-10-30T16:00:00Z,78030,77997.5,78070,302,1557,2026-09-13T21:01:35Z
2026-09-13T21:00:00Z,ET-25SEP26-CDE,2026-09-25T15:00:00Z,2522,2519.5,2546.5,63074,10280,2026-09-13T21:01:35Z
2026-09-13T21:00:00Z,ET-27NOV26-CDE,2026-11-27T16:00:00Z,,0,2558.5,0,,2026-09-13T21:01:35Z
2026-09-13T21:00:00Z,ET-30OCT26-CDE,2026-10-30T16:00:00Z,2524,2529,2558.5,563,452,2026-09-13T21:01:35Z
2026-09-13T22:00:00Z,BIT-25SEP26-CDE,2026-09-25T15:00:00Z,77265,77262.5,77490,175208,11026,2026-09-13T22:01:42Z
2026-09-13T22:00:00Z,BIT-27NOV26-CDE,2026-11-27T16:00:00Z,,0,78070,0,,2026-09-13T22:01:42Z
2026-09-13T22:00:00Z,BIT-30OCT26-CDE,2026-10-30T16:00:00Z,77915,77775,78070,302,1640,2026-09-13T22:01:42Z
2026-09-13T22:00:00Z,ET-25SEP26-CDE,2026-09-25T15:00:00Z,2505.5,2505.75,2546.5,63074,10537,2026-09-13T22:01:42Z
2026-09-13T22:00:00Z,ET-27NOV26-CDE,2026-11-27T16:00:00Z,,0,2558.5,0,,2026-09-13T22:01:42Z
2026-09-13T22:00:00Z,ET-30OCT26-CDE,2026-10-30T16:00:00Z,2515.5,2516.5,2558.5,563,428,2026-09-13T22:01:42Z
2026-09-13T23:00:00Z,BIT-25SEP26-CDE,2026-09-25T15:00:00Z,76790,76770,77490,175208,36370,2026-09-13T23:01:34Z
2026-09-13T23:00:00Z,BIT-27NOV26-CDE,2026-11-27T16:00:00Z,,0,78070,0,,2026-09-13T23:01:34Z
2026-09-13T23:00:00Z,BIT-30OCT26-CDE,2026-10-30T16:00:00Z,77655,77382.5,78070,302,1747,2026-09-13T23:01:34Z
2026-09-13T23:00:00Z,ET-25SEP26-CDE,2026-09-25T15:00:00Z,2480,2479.5,2546.5,63074,32279,2026-09-13T23:01:34Z
2026-09-13T23:00:00Z,ET-27NOV26-CDE,2026-11-27T16:00:00Z,,0,2558.5,0,,2026-09-13T23:01:34Z
2026-09-13T23:00:00Z,ET-30OCT26-CDE,2026-10-30T16:00:00Z,2499.5,2492,2558.5,563,196,2026-09-13T23:01:34Z
2026-09-14T00:00:00Z,BIT-25SEP26-CDE,2026-09-25T15:00:00Z,76970,76962.5,77490,175208,37593,2026-09-14T00:01:33Z
2026-09-14T00:00:00Z,BIT-27NOV26-CDE,2026-11-27T16:00:00Z,,0,78070,0,,2026-09-14T00:01:33Z
2026-09-14T00:00:00Z,BIT-30OCT26-CDE,2026-10-30T16:00:00Z,77475,77552.5,78070,302,1749,2026-09-14T00:01:33Z
2026-09-14T00:00:00Z,ET-25SEP26-CDE,2026-09-25T15:00:00Z,2482,2482.75,2546.5,63074,34369,2026-09-14T00:01:33Z
2026-09-14T00:00:00Z,ET-27NOV26-CDE,2026-11-27T16:00:00Z,,0,2558.5,0,,2026-09-14T00:01:33Z
2026-09-14T00:00:00Z,ET-30OCT26-CDE,2026-10-30T16:00:00Z,2488,2494.5,2558.5,563,207,2026-09-14T00:01:33Z
2026-09-14T01:00:00Z,BIT-25SEP26-CDE,2026-09-25T15:00:00Z,76895,76860,77490,175208,40987,2026-09-14T01:01:32Z
2026-09-14T01:00:00Z,BIT-27NOV26-CDE,2026-11-27T16:00:00Z,,0,78070,0,,2026-09-14T01:01:32Z
2026-09-14T01:00:00Z,BIT-30OCT26-CDE,2026-10-30T16:00:00Z,77710,77452.5,78070,302,1761,2026-09-14T01:01:32Z
2026-09-14T01:00:00Z,ET-25SEP26-CDE,2026-09-25T15:00:00Z,2488.5,2486.75,2546.5,63074,34572,2026-09-14T01:01:32Z
2026-09-14T01:00:00Z,ET-27NOV26-CDE,2026-11-27T16:00:00Z,,0,2558.5,0,,2026-09-14T01:01:32Z
2026-09-14T01:00:00Z,ET-30OCT26-CDE,2026-10-30T16:00:00Z,2500,2500,2558.5,563,216,2026-09-14T01:01:32Z
2026-09-14T02:00:00Z,BIT-25SEP26-CDE,2026-09-25T15:00:00Z,77160,77147.5,77490,175208,43683,2026-09-14T02:01:33Z
2026-09-14T02:00:00Z,BIT-27NOV26-CDE,2026-11-27T16:00:00Z,,0,78070,0,,2026-09-14T02:01:33Z
2026-09-14T02:00:00Z,BIT-30OCT26-CDE,2026-10-30T16:00:00Z,77770,77727.5,78070,302,1760,2026-09-14T02:01:33Z
2026-09-14T02:00:00Z,ET-25SEP26-CDE,2026-09-25T15:00:00Z,2494.5,2494.75,2546.5,63074,34529,2026-09-14T02:01:33Z
2026-09-14T02:00:00Z,ET-27NOV26-CDE,2026-11-27T16:00:00Z,,0,2558.5,0,,2026-09-14T02:01:33Z
2026-09-14T02:00:00Z,ET-30OCT26-CDE,2026-10-30T16:00:00Z,2502,2508.75,2558.5,563,220,2026-09-14T02:01:33Z
2026-09-14T03:00:00Z,BIT-25SEP26-CDE,2026-09-25T15:00:00Z,77700,77737.5,77490,175208,49429,2026-09-14T03:01:34Z
2026-09-14T03:00:00Z,BIT-27NOV26-CDE,2026-11-27T16:00:00Z,,0,78070,0,,2026-09-14T03:01:34Z
2026-09-14T03:00:00Z,BIT-30OCT26-CDE,2026-10-30T16:00:00Z,78370,78300,78070,302,1807,2026-09-14T03:01:34Z
2026-09-14T03:00:00Z,ET-25SEP26-CDE,2026-09-25T15:00:00Z,2514.5,2516.25,2546.5,63074,35708,2026-09-14T03:01:34Z
2026-09-14T03:00:00Z,ET-27NOV26-CDE,2026-11-27T16:00:00Z,,0,2558.5,0,,2026-09-14T03:01:34Z
2026-09-14T03:00:00Z,ET-30OCT26-CDE,2026-10-30T16:00:00Z,2529.5,2529.5,2558.5,563,281,2026-09-14T03:01:34Z
2026-09-14T04:00:00Z,BIT-25SEP26-CDE,2026-09-25T15:00:00Z,77725,77700,77490,175208,54878,2026-09-14T04:01:34Z
2026-09-14T04:00:00Z,BIT-27NOV26-CDE,2026-11-27T16:00:00Z,,0,78070,0,,2026-09-14T04:01:34Z
2026-09-14T04:00:00Z,BIT-30OCT26-CDE,2026-10-30T16:00:00Z,78375,78250,78070,302,1680,2026-09-14T04:01:34Z
2026-09-14T04:00:00Z,ET-25SEP26-CDE,2026-09-25T15:00:00Z,2518.5,2516.5,2546.5,63074,36695,2026-09-14T04:01:34Z
2026-09-14T04:00:00Z,ET-27NOV26-CDE,2026-11-27T16:00:00Z,,0,2558.5,0,,2026-09-14T04:01:34Z
2026-09-14T04:00:00Z,ET-30OCT26-CDE,2026-10-30T16:00:00Z,2529.5,2528.75,2558.5,563,281,2026-09-14T04:01:34Z
2026-09-14T05:00:00Z,BIT-25SEP26-CDE,2026-09-25T15:00:00Z,77725,77715,77490,175208,58879,2026-09-14T05:01:37Z
2026-09-14T05:00:00Z,BIT-27NOV26-CDE,2026-11-27T16:00:00Z,,0,78070,0,,2026-09-14T05:01:37Z
2026-09-14T05:00:00Z,BIT-30OCT26-CDE,2026-10-30T16:00:00Z,78375,78290,78070,302,1591,2026-09-14T05:01:37Z
2026-09-14T05:00:00Z,ET-25SEP26-CDE,2026-09-25T15:00:00Z,2519.5,2518.75,2546.5,63074,36974,2026-09-14T05:01:37Z
2026-09-14T05:00:00Z,ET-27NOV26-CDE,2026-11-27T16:00:00Z,,0,2558.5,0,,2026-09-14T05:01:37Z
2026-09-14T05:00:00Z,ET-30OCT26-CDE,2026-10-30T16:00:00Z,2529.5,2531,2558.5,563,281,2026-09-14T05:01:37Z
2026-09-14T06:00:00Z,BIT-25SEP26-CDE,2026-09-25T15:00:00Z,77700,77715,77490,175208,59397,2026-09-14T06:01:42Z
2026-09-14T06:00:00Z,BIT-27NOV26-CDE,2026-11-27T16:00:00Z,,0,78070,0,,2026-09-14T06:01:42Z
2026-09-14T06:00:00Z,BIT-30OCT26-CDE,2026-10-30T16:00:00Z,78375,78300,78070,302,1591,2026-09-14T06:01:42Z
2026-09-14T06:00:00Z,ET-25SEP26-CDE,2026-09-25T15:00:00Z,2521.5,2522,2546.5,63074,37025,2026-09-14T06:01:42Z
2026-09-14T06:00:00Z,ET-27NOV26-CDE,2026-11-27T16:00:00Z,,0,2558.5,0,,2026-09-14T06:01:42Z
2026-09-14T06:00:00Z,ET-30OCT26-CDE,2026-10-30T16:00:00Z,2529.5,2534.75,2558.5,563,281,2026-09-14T06:01:42Z
2026-09-14T07:00:00Z,BIT-25SEP26-CDE,2026-09-25T15:00:00Z,77685,77660,77490,175208,63771,2026-09-14T07:01:39Z
2026-09-14T07:00:00Z,BIT-27NOV26-CDE,2026-11-27T16:00:00Z,,0,78070,0,,2026-09-14T07:01:39Z
2026-09-14T07:00:00Z,BIT-30OCT26-CDE,2026-10-30T16:00:00Z,78105,78222.5,78070,302,1618,2026-09-14T07:01:39Z
2026-09-14T07:00:00Z,ET-25SEP26-CDE,2026-09-25T15:00:00Z,2522.5,2517.5,2546.5,63074,37119,2026-09-14T07:01:39Z
2026-09-14T07:00:00Z,ET-27NOV26-CDE,2026-11-27T16:00:00Z,,0,2558.5,0,,2026-09-14T07:01:39Z
2026-09-14T07:00:00Z,ET-30OCT26-CDE,2026-10-30T16:00:00Z,2529,2530.25,2558.5,563,355,2026-09-14T07:01:39Z
2026-09-14T08:00:00Z,BIT-25SEP26-CDE,2026-09-25T15:00:00Z,77895,77930,77490,175208,66567,2026-09-14T08:01:44Z
2026-09-14T08:00:00Z,BIT-27NOV26-CDE,2026-11-27T16:00:00Z,,0,78070,0,,2026-09-14T08:01:44Z
2026-09-14T08:00:00Z,BIT-30OCT26-CDE,2026-10-30T16:00:00Z,78530,78492.5,78070,302,1712,2026-09-14T08:01:44Z
2026-09-14T08:00:00Z,ET-25SEP26-CDE,2026-09-25T15:00:00Z,2525.5,2525.75,2546.5,63074,37486,2026-09-14T08:01:44Z
2026-09-14T08:00:00Z,ET-27NOV26-CDE,2026-11-27T16:00:00Z,,0,2558.5,0,,2026-09-14T08:01:44Z
2026-09-14T08:00:00Z,ET-30OCT26-CDE,2026-10-30T16:00:00Z,2535.5,2539,2558.5,563,382,2026-09-14T08:01:44Z
2026-09-14T09:00:00Z,BIT-25SEP26-CDE,2026-09-25T15:00:00Z,77910,77915,77490,175208,68395,2026-09-14T09:01:41Z
2026-09-14T09:00:00Z,BIT-27NOV26-CDE,2026-11-27T16:00:00Z,,0,78070,0,,2026-09-14T09:01:41Z
2026-09-14T09:00:00Z,BIT-30OCT26-CDE,2026-10-30T16:00:00Z,78565,78457.5,78070,302,1736,2026-09-14T09:01:41Z
2026-09-14T09:00:00Z,ET-25SEP26-CDE,2026-09-25T15:00:00Z,2524,2524.5,2546.5,63074,38740,2026-09-14T09:01:41Z
2026-09-14T09:00:00Z,ET-27NOV26-CDE,2026-11-27T16:00:00Z,,0,2558.5,0,,2026-09-14T09:01:41Z
2026-09-14T09:00:00Z,ET-30OCT26-CDE,2026-10-30T16:00:00Z,2535.5,2537.5,2558.5,563,382,2026-09-14T09:01:41Z
2026-09-14T10:00:00Z,BIT-25SEP26-CDE,2026-09-25T15:00:00Z,78220,78237.5,77490,175208,71085,2026-09-14T10:01:44Z
2026-09-14T10:00:00Z,BIT-27NOV26-CDE,2026-11-27T16:00:00Z,,0,78070,0,,2026-09-14T10:01:44Z
2026-09-14T10:00:00Z,BIT-30OCT26-CDE,2026-10-30T16:00:00Z,78720,78780,78070,302,1729,2026-09-14T10:01:44Z
2026-09-14T10:00:00Z,ET-25SEP26-CDE,2026-09-25T15:00:00Z,2527,2527.25,2546.5,63074,34526,2026-09-14T10:01:44Z
2026-09-14T10:00:00Z,ET-27NOV26-CDE,2026-11-27T16:00:00Z,,0,2558.5,0,,2026-09-14T10:01:44Z
2026-09-14T10:00:00Z,ET-30OCT26-CDE,2026-10-30T16:00:00Z,2545,2540,2558.5,563,400,2026-09-14T10:01:44Z
2026-09-14T11:00:00Z,BIT-25SEP26-CDE,2026-09-25T15:00:00Z,78025,78012.5,77490,175208,73572,2026-09-14T11:01:46Z
2026-09-14T11:00:00Z,BIT-27NOV26-CDE,2026-11-27T16:00:00Z,,0,78070,0,,2026-09-14T11:01:46Z
2026-09-14T11:00:00Z,BIT-30OCT26-CDE,2026-10-30T16:00:00Z,78670,78577.5,78070,302,1731,2026-09-14T11:01:46Z
2026-09-14T11:00:00Z,ET-25SEP26-CDE,2026-09-25T15:00:00Z,2518,2518.25,2546.5,63074,34755,2026-09-14T11:01:46Z
2026-09-14T11:00:00Z,ET-27NOV26-CDE,2026-11-27T16:00:00Z,,0,2558.5,0,,2026-09-14T11:01:46Z
2026-09-14T11:00:00Z,ET-30OCT26-CDE,2026-10-30T16:00:00Z,2545,2530.75,2558.5,563,400,2026-09-14T11:01:46Z
2026-09-14T12:00:00Z,BIT-25SEP26-CDE,2026-09-25T15:00:00Z,77920,77920,77490,175208,72428,2026-09-14T12:01:53Z
2026-09-14T12:00:00Z,BIT-27NOV26-CDE,2026-11-27T16:00:00Z,,0,78070,0,,2026-09-14T12:01:53Z
2026-09-14T12:00:00Z,BIT-30OCT26-CDE,2026-10-30T16:00:00Z,78550,78475,78070,302,1636,2026-09-14T12:01:53Z
2026-09-14T12:00:00Z,ET-25SEP26-CDE,2026-09-25T15:00:00Z,2509.5,2512.75,2546.5,63074,34561,2026-09-14T12:01:53Z
2026-09-14T12:00:00Z,ET-27NOV26-CDE,2026-11-27T16:00:00Z,,0,2558.5,0,,2026-09-14T12:01:53Z
2026-09-14T12:00:00Z,ET-30OCT26-CDE,2026-10-30T16:00:00Z,2545,2525.5,2558.5,563,395,2026-09-14T12:01:53Z
2026-09-14T13:00:00Z,BIT-25SEP26-CDE,2026-09-25T15:00:00Z,77805,77810,77490,175208,75906,2026-09-14T13:01:50Z
2026-09-14T13:00:00Z,BIT-27NOV26-CDE,2026-11-27T16:00:00Z,,0,78070,0,,2026-09-14T13:01:50Z
2026-09-14T13:00:00Z,BIT-30OCT26-CDE,2026-10-30T16:00:00Z,78510,78360,78070,302,1651,2026-09-14T13:01:50Z
2026-09-14T13:00:00Z,ET-25SEP26-CDE,2026-09-25T15:00:00Z,2508,2506.75,2546.5,63074,34846,2026-09-14T13:01:50Z
2026-09-14T13:00:00Z,ET-27NOV26-CDE,2026-11-27T16:00:00Z,,0,2558.5,0,,2026-09-14T13:01:50Z
2026-09-14T13:00:00Z,ET-30OCT26-CDE,2026-10-30T16:00:00Z,2530,2519.25,2558.5,563,419,2026-09-14T13:01:50Z
2026-09-14T14:00:00Z,BIT-25SEP26-CDE,2026-09-25T15:00:00Z,78505,78500,77490,175208,82896,2026-09-14T14:01:46Z
2026-09-14T14:00:00Z,BIT-27NOV26-CDE,2026-11-27T16:00:00Z,,0,78070,0,,2026-09-14T14:01:46Z
2026-09-14T14:00:00Z,BIT-30OCT26-CDE,2026-10-30T16:00:00Z,79155,79032.5,78070,302,1520,2026-09-14T14:01:46Z
2026-09-14T14:00:00Z,ET-25SEP26-CDE,2026-09-25T15:00:00Z,2506.5,2509.75,2546.5,63074,38253,2026-09-14T14:01:46Z
2026-09-14T14:00:00Z,ET-27NOV26-CDE,2026-11-27T16:00:00Z,,0,2558.5,0,,2026-09-14T14:01:46Z
2026-09-14T14:00:00Z,ET-30OCT26-CDE,2026-10-30T16:00:00Z,2529,2522.5,2558.5,563,379,2026-09-14T14:01:46Z
2026-09-14T15:00:00Z,BIT-25SEP26-CDE,2026-09-25T15:00:00Z,78600,78630,77490,175208,90878,2026-09-14T15:01:45Z
2026-09-14T15:00:00Z,BIT-27NOV26-CDE,2026-11-27T16:00:00Z,,0,78070,0,,2026-09-14T15:01:45Z
2026-09-14T15:00:00Z,BIT-30OCT26-CDE,2026-10-30T16:00:00Z,79160,79145,78070,302,1249,2026-09-14T15:01:45Z
2026-09-14T15:00:00Z,ET-25SEP26-CDE,2026-09-25T15:00:00Z,2505,2504.75,2546.5,63074,38884,2026-09-14T15:01:45Z
2026-09-14T15:00:00Z,ET-27NOV26-CDE,2026-11-27T16:00:00Z,,0,2558.5,0,,2026-09-14T15:01:45Z
2026-09-14T15:00:00Z,ET-30OCT26-CDE,2026-10-30T16:00:00Z,2516.5,2517.25,2558.5,563,400,2026-09-14T15:01:45Z
2026-09-14T16:00:00Z,BIT-25SEP26-CDE,2026-09-25T15:00:00Z,78695,78690,77490,175208,95075,2026-09-14T16:01:46Z
2026-09-14T16:00:00Z,BIT-27NOV26-CDE,2026-11-27T16:00:00Z,,0,78070,0,,2026-09-14T16:01:46Z
2026-09-14T16:00:00Z,BIT-30OCT26-CDE,2026-10-30T16:00:00Z,79250,79232.5,78070,302,935,2026-09-14T16:01:46Z
2026-09-14T16:00:00Z,ET-25SEP26-CDE,2026-09-25T15:00:00Z,2512.5,2510.75,2546.5,63074,40161,2026-09-14T16:01:46Z
2026-09-14T16:00:00Z,ET-27NOV26-CDE,2026-11-27T16:00:00Z,,0,2558.5,0,,2026-09-14T16:01:46Z
2026-09-14T16:00:00Z,ET-30OCT26-CDE,2026-10-30T16:00:00Z,2516.5,2523.75,2558.5,563,400,2026-09-14T16:01:46Z
2026-09-14T17:00:00Z,BIT-25SEP26-CDE,2026-09-25T15:00:00Z,78925,78917.5,77490,175208,97932,2026-09-14T17:01:43Z
2026-09-14T17:00:00Z,BIT-27NOV26-CDE,2026-11-27T16:00:00Z,,0,78070,0,,2026-09-14T17:01:43Z
2026-09-14T17:00:00Z,BIT-30OCT26-CDE,2026-10-30T16:00:00Z,79535,79457.5,78070,302,839,2026-09-14T17:01:43Z
2026-09-14T17:00:00Z,ET-25SEP26-CDE,2026-09-25T15:00:00Z,2533,2532.75,2546.5,63074,42718,2026-09-14T17:01:43Z
2026-09-14T17:00:00Z,ET-27NOV26-CDE,2026-11-27T16:00:00Z,,0,2558.5,0,,2026-09-14T17:01:43Z
2026-09-14T17:00:00Z,ET-30OCT26-CDE,2026-10-30T16:00:00Z,2516.5,2545.25,2558.5,563,400,2026-09-14T17:01:43Z
2026-09-14T18:00:00Z,BIT-25SEP26-CDE,2026-09-25T15:00:00Z,79090,79115,77490,175208,103122,2026-09-14T18:01:43Z
2026-09-14T18:00:00Z,BIT-27NOV26-CDE,2026-11-27T16:00:00Z,,0,78070,0,,2026-09-14T18:01:43Z
2026-09-14T18:00:00Z,BIT-30OCT26-CDE,2026-10-30T16:00:00Z,79545,79647.5,78070,302,846,2026-09-14T18:01:43Z
2026-09-14T18:00:00Z,ET-25SEP26-CDE,2026-09-25T15:00:00Z,2538.5,2538.75,2546.5,63074,42750,2026-09-14T18:01:43Z
2026-09-14T18:00:00Z,ET-27NOV26-CDE,2026-11-27T16:00:00Z,,0,2558.5,0,,2026-09-14T18:01:43Z
2026-09-14T18:00:00Z,ET-30OCT26-CDE,2026-10-30T16:00:00Z,2516.5,2551,2558.5,563,400,2026-09-14T18:01:43Z
2026-09-14T19:00:00Z,BIT-25SEP26-CDE,2026-09-25T15:00:00Z,79330,79340,77490,175208,112051,2026-09-14T19:01:39Z
2026-09-14T19:00:00Z,BIT-27NOV26-CDE,2026-11-27T16:00:00Z,,0,78070,0,,2026-09-14T19:01:39Z
2026-09-14T19:00:00Z,BIT-30OCT26-CDE,2026-10-30T16:00:00Z,79880,79872.5,78070,302,934,2026-09-14T19:01:39Z
2026-09-14T19:00:00Z,ET-25SEP26-CDE,2026-09-25T15:00:00Z,2545,2543.75,2546.5,63074,44739,2026-09-14T19:01:39Z
2026-09-14T19:00:00Z,ET-27NOV26-CDE,2026-11-27T16:00:00Z,,0,2558.5,0,,2026-09-14T19:01:39Z
2026-09-14T19:00:00Z,ET-30OCT26-CDE,2026-10-30T16:00:00Z,2555.5,2556.5,2558.5,563,420,2026-09-14T19:01:39Z
2026-09-14T20:00:00Z,BIT-25SEP26-CDE,2026-09-25T15:00:00Z,79210,79200,77490,175208,117528,2026-09-14T20:01:35Z
2026-09-14T20:00:00Z,BIT-27NOV26-CDE,2026-11-27T16:00:00Z,,0,78070,0,,2026-09-14T20:01:35Z
2026-09-14T20:00:00Z,BIT-30OCT26-CDE,2026-10-30T16:00:00Z,79785,79712.5,78070,302,935,2026-09-14T20:01:35Z
2026-09-14T20:00:00Z,ET-25SEP26-CDE,2026-09-25T15:00:00Z,2546,2546.75,2546.5,63074,46388,2026-09-14T20:01:35Z
2026-09-14T20:00:00Z,ET-27NOV26-CDE,2026-11-27T16:00:00Z,,0,2558.5,0,,2026-09-14T20:01:35Z
2026-09-14T20:00:00Z,ET-30OCT26-CDE,2026-10-30T16:00:00Z,2560.5,2560,2558.5,563,436,2026-09-14T20:01:35Z
2026-09-14T21:00:00Z,BIT-25SEP26-CDE,2026-09-25T15:00:00Z,79305,79257.5,77490,175208,140822,2026-09-14T21:01:31Z
2026-09-14T21:00:00Z,BIT-27NOV26-CDE,2026-11-27T16:00:00Z,,0,78070,0,,2026-09-14T21:01:31Z
2026-09-14T21:00:00Z,BIT-30OCT26-CDE,2026-10-30T16:00:00Z,79930,79737.5,78070,302,853,2026-09-14T21:01:31Z
2026-09-14T21:00:00Z,ET-25SEP26-CDE,2026-09-25T15:00:00Z,2570,2569.25,2546.5,63074,71961,2026-09-14T21:01:31Z
2026-09-14T21:00:00Z,ET-27NOV26-CDE,2026-11-27T16:00:00Z,,0,2558.5,0,,2026-09-14T21:01:31Z
2026-09-14T21:00:00Z,ET-30OCT26-CDE,2026-10-30T16:00:00Z,2632.5,2581.5,2558.5,563,390,2026-09-14T21:01:31Z
2026-09-14T22:00:00Z,BIT-25SEP26-CDE,2026-09-25T15:00:00Z,78965,78972.5,77490,175208,141402,2026-09-14T22:02:20Z
2026-09-14T22:00:00Z,BIT-27NOV26-CDE,2026-11-27T16:00:00Z,,0,78070,0,,2026-09-14T22:02:20Z
2026-09-14T22:00:00Z,BIT-30OCT26-CDE,2026-10-30T16:00:00Z,79930,79485,78070,302,722,2026-09-14T22:02:20Z
2026-09-14T22:00:00Z,ET-25SEP26-CDE,2026-09-25T15:00:00Z,2552,2552.5,2546.5,63074,72519,2026-09-14T22:02:20Z
2026-09-14T22:00:00Z,ET-27NOV26-CDE,2026-11-27T16:00:00Z,,0,2558.5,0,,2026-09-14T22:02:20Z
2026-09-14T22:00:00Z,ET-30OCT26-CDE,2026-10-30T16:00:00Z,2560.5,2564.25,2558.5,563,362,2026-09-14T22:02:20Z
2026-09-14T23:00:00Z,BIT-25SEP26-CDE,2026-09-25T15:00:00Z,78715,78690,77490,171071,139525,2026-09-14T23:01:35Z
2026-09-14T23:00:00Z,BIT-27NOV26-CDE,2026-11-27T16:00:00Z,,0,78070,0,,2026-09-14T23:01:35Z
2026-09-14T23:00:00Z,BIT-30OCT26-CDE,2026-10-30T16:00:00Z,79930,79245,78070,530,663,2026-09-14T23:01:35Z
2026-09-14T23:00:00Z,ET-25SEP26-CDE,2026-09-25T15:00:00Z,2537,2536,2546.5,61755,71924,2026-09-14T23:01:35Z
2026-09-14T23:00:00Z,ET-27NOV26-CDE,2026-11-27T16:00:00Z,,0,2558.5,0,,2026-09-14T23:01:35Z
2026-09-14T23:00:00Z,ET-30OCT26-CDE,2026-10-30T16:00:00Z,2560.5,2550.5,2558.5,432,353,2026-09-14T23:01:35Z
2026-09-15T00:00:00Z,BIT-25SEP26-CDE,2026-09-25T15:00:00Z,78345,78352.5,77490,171071,142100,2026-09-15T00:01:36Z
2026-09-15T00:00:00Z,BIT-27NOV26-CDE,2026-11-27T16:00:00Z,,0,78070,0,,2026-09-15T00:01:36Z
2026-09-15T00:00:00Z,BIT-30OCT26-CDE,2026-10-30T16:00:00Z,78945,78915,78070,530,698,2026-09-15T00:01:36Z
2026-09-15T00:00:00Z,ET-25SEP26-CDE,2026-09-25T15:00:00Z,2518,2517.75,2546.5,61755,71132,2026-09-15T00:01:36Z
2026-09-15T00:00:00Z,ET-27NOV26-CDE,2026-11-27T16:00:00Z,,0,2558.5,0,,2026-09-15T00:01:36Z
2026-09-15T00:00:00Z,ET-30OCT26-CDE,2026-10-30T16:00:00Z,2538,2531.5,2558.5,432,388,2026-09-15T00:01:36Z
2026-09-15T01:00:00Z,BIT-25SEP26-CDE,2026-09-25T15:00:00Z,78025,78032.5,77490,171071,144463,2026-09-15T01:01:30Z
2026-09-15T01:00:00Z,BIT-27NOV26-CDE,2026-11-27T16:00:00Z,,0,78070,0,,2026-09-15T01:01:30Z
2026-09-15T01:00:00Z,BIT-30OCT26-CDE,2026-10-30T16:00:00Z,78690,78597.5,78070,530,873,2026-09-15T01:01:30Z
2026-09-15T01:00:00Z,ET-25SEP26-CDE,2026-09-25T15:00:00Z,2516,2516.5,2546.5,61755,71795,2026-09-15T01:01:30Z
2026-09-15T01:00:00Z,ET-27NOV26-CDE,2026-11-27T16:00:00Z,,0,2558.5,0,,2026-09-15T01:01:30Z
2026-09-15T01:00:00Z,ET-30OCT26-CDE,2026-10-30T16:00:00Z,2533,2530.75,2558.5,432,429,2026-09-15T01:01:30Z
2026-09-15T02:00:00Z,BIT-25SEP26-CDE,2026-09-25T15:00:00Z,78040,78035,79205,171071,146770,2026-09-15T02:01:31Z
2026-09-15T02:00:00Z,BIT-27NOV26-CDE,2026-11-27T16:00:00Z,,0,79730,0,,2026-09-15T02:01:31Z
2026-09-15T02:00:00Z,BIT-30OCT26-CDE,2026-10-30T16:00:00Z,78755,78595,79730,530,958,2026-09-15T02:01:31Z
2026-09-15T02:00:00Z,ET-25SEP26-CDE,2026-09-25T15:00:00Z,2520.5,2519.75,2547,61755,72689,2026-09-15T02:01:31Z
2026-09-15T02:00:00Z,ET-27NOV26-CDE,2026-11-27T16:00:00Z,,0,2560,0,,2026-09-15T02:01:31Z
2026-09-15T02:00:00Z,ET-30OCT26-CDE,2026-10-30T16:00:00Z,2533,2533,2560,432,425,2026-09-15T02:01:31Z
2026-09-15T03:00:00Z,BIT-25SEP26-CDE,2026-09-25T15:00:00Z,77990,77970,79205,171071,142458,2026-09-15T03:01:29Z
2026-09-15T03:00:00Z,BIT-27NOV26-CDE,2026-11-27T16:00:00Z,,0,79730,0,,2026-09-15T03:01:29Z
2026-09-15T03:00:00Z,BIT-30OCT26-CDE,2026-10-30T16:00:00Z,78565,78537.5,79730,530,913,2026-09-15T03:01:29Z
2026-09-15T03:00:00Z,ET-25SEP26-CDE,2026-09-25T15:00:00Z,2513.5,2514,2547,61755,71861,2026-09-15T03:01:29Z
2026-09-15T03:00:00Z,ET-27NOV26-CDE,2026-11-27T16:00:00Z,,0,2560,0,,2026-09-15T03:01:29Z
2026-09-15T03:00:00Z,ET-30OCT26-CDE,2026-10-30T16:00:00Z,2533,2527.5,2560,432,364,2026-09-15T03:01:29Z
2026-09-15T04:00:00Z,BIT-25SEP26-CDE,2026-09-25T15:00:00Z,77835,77825,79205,171071,143090,2026-09-15T04:01:32Z
2026-09-15T04:00:00Z,BIT-27NOV26-CDE,2026-11-27T16:00:00Z,,0,79730,0,,2026-09-15T04:01:32Z
2026-09-15T04:00:00Z,BIT-30OCT26-CDE,2026-10-30T16:00:00Z,78380,78377.5,79730,530,942,2026-09-15T04:01:32Z
2026-09-15T04:00:00Z,ET-25SEP26-CDE,2026-09-25T15:00:00Z,2502.5,2502.75,2547,61755,71684,2026-09-15T04:01:32Z
2026-09-15T04:00:00Z,ET-27NOV26-CDE,2026-11-27T16:00:00Z,,0,2560,0,,2026-09-15T04:01:32Z
2026-09-15T04:00:00Z,ET-30OCT26-CDE,2026-10-30T16:00:00Z,2512.5,2516,2560,432,367,2026-09-15T04:01:32Z
2026-09-15T05:00:00Z,BIT-25SEP26-CDE,2026-09-25T15:00:00Z,77685,77697.5,79205,171071,140313,2026-09-15T05:01:36Z
2026-09-15T05:00:00Z,BIT-27NOV26-CDE,2026-11-27T16:00:00Z,,0,79730,0,,2026-09-15T05:01:36Z
2026-09-15T05:00:00Z,BIT-30OCT26-CDE,2026-10-30T16:00:00Z,78230,78257.5,79730,530,963,2026-09-15T05:01:36Z
2026-09-15T05:00:00Z,ET-25SEP26-CDE,2026-09-25T15:00:00Z,2495,2495.75,2547,61755,71786,2026-09-15T05:01:36Z
2026-09-15T05:00:00Z,ET-27NOV26-CDE,2026-11-27T16:00:00Z,,0,2560,0,,2026-09-15T05:01:36Z
2026-09-15T05:00:00Z,ET-30OCT26-CDE,2026-10-30T16:00:00Z,2512,2508.5,2560,432,437,2026-09-15T05:01:36Z
2026-09-15T06:00:00Z,BIT-25SEP26-CDE,2026-09-25T15:00:00Z,77810,77820,79205,171071,143490,2026-09-15T06:01:35Z
2026-09-15T06:00:00Z,BIT-27NOV26-CDE,2026-11-27T16:00:00Z,,0,79730,0,,2026-09-15T06:01:35Z
2026-09-15T06:00:00Z,BIT-30OCT26-CDE,2026-10-30T16:00:00Z,78270,78377.5,79730,530,1018,2026-09-15T06:01:35Z
2026-09-15T06:00:00Z,ET-25SEP26-CDE,2026-09-25T15:00:00Z,2502,2501.75,2547,61755,73044,2026-09-15T06:01:35Z
2026-09-15T06:00:00Z,ET-27NOV26-CDE,2026-11-27T16:00:00Z,,0,2560,0,,2026-09-15T06:01:35Z
2026-09-15T06:00:00Z,ET-30OCT26-CDE,2026-10-30T16:00:00Z,2512,2514.5,2560,432,437,2026-09-15T06:01:35Z
2026-09-15T07:00:00Z,BIT-25SEP26-CDE,2026-09-25T15:00:00Z,77360,77402.5,79205,171071,140697,2026-09-15T07:01:40Z
2026-09-15T07:00:00Z,BIT-27NOV26-CDE,2026-11-27T16:00:00Z,,0,79730,0,,2026-09-15T07:01:40Z
2026-09-15T07:00:00Z,BIT-30OCT26-CDE,2026-10-30T16:00:00Z,77845,77945,79730,530,1098,2026-09-15T07:01:40Z
2026-09-15T07:00:00Z,ET-25SEP26-CDE,2026-09-25T15:00:00Z,2488,2488.75,2547,61755,74830,2026-09-15T07:01:40Z
2026-09-15T07:00:00Z,ET-27NOV26-CDE,2026-11-27T16:00:00Z,,0,2560,0,,2026-09-15T07:01:40Z
2026-09-15T07:00:00Z,ET-30OCT26-CDE,2026-10-30T16:00:00Z,2512,2501.25,2560,432,363,2026-09-15T07:01:40Z
2026-09-15T08:00:00Z,BIT-25SEP26-CDE,2026-09-25T15:00:00Z,76940,76930,79205,171071,142163,2026-09-15T08:02:12Z
2026-09-15T08:00:00Z,BIT-27NOV26-CDE,2026-11-27T16:00:00Z,,0,79730,0,,2026-09-15T08:02:12Z
2026-09-15T08:00:00Z,BIT-30OCT26-CDE,2026-10-30T16:00:00Z,77495,77492.5,79730,530,1159,2026-09-15T08:02:12Z
2026-09-15T08:00:00Z,ET-25SEP26-CDE,2026-09-25T15:00:00Z,2472.5,2473,2547,61755,75225,2026-09-15T08:02:12Z
2026-09-15T08:00:00Z,ET-27NOV26-CDE,2026-11-27T16:00:00Z,,0,2560,0,,2026-09-15T08:02:12Z
2026-09-15T08:00:00Z,ET-30OCT26-CDE,2026-10-30T16:00:00Z,2489.5,2485,2560,432,341,2026-09-15T08:02:12Z
2026-09-15T09:00:00Z,BIT-25SEP26-CDE,2026-09-25T15:00:00Z,77010,76980,79205,171071,143871,2026-09-15T09:01:43Z
2026-09-15T09:00:00Z,BIT-27NOV26-CDE,2026-11-27T16:00:00Z,,0,79730,0,,2026-09-15T09:01:43Z
2026-09-15T09:00:00Z,BIT-30OCT26-CDE,2026-10-30T16:00:00Z,77495,77520,79730,530,1229,2026-09-15T09:01:43Z
2026-09-15T09:00:00Z,ET-25SEP26-CDE,2026-09-25T15:00:00Z,2477.5,2476.5,2547,61755,74098,2026-09-15T09:01:43Z
2026-09-15T09:00:00Z,ET-27NOV26-CDE,2026-11-27T16:00:00Z,,0,2560,0,,2026-09-15T09:01:43Z
2026-09-15T09:00:00Z,ET-30OCT26-CDE,2026-10-30T16:00:00Z,2490.5,2488.75,2560,432,369,2026-09-15T09:01:43Z
2026-09-15T10:00:00Z,BIT-25SEP26-CDE,2026-09-25T15:00:00Z,77040,77020,79205,171071,143728,2026-09-15T10:01:37Z
2026-09-15T10:00:00Z,BIT-27NOV26-CDE,2026-11-27T16:00:00Z,,0,79730,0,,2026-09-15T10:01:37Z
2026-09-15T10:00:00Z,BIT-30OCT26-CDE,2026-10-30T16:00:00Z,77645,77602.5,79730,530,1253,2026-09-15T10:01:37Z
2026-09-15T10:00:00Z,ET-25SEP26-CDE,2026-09-25T15:00:00Z,2476.5,2475.75,2547,61755,73331,2026-09-15T10:01:37Z
2026-09-15T10:00:00Z,ET-27NOV26-CDE,2026-11-27T16:00:00Z,,0,2560,0,,2026-09-15T10:01:37Z
2026-09-15T10:00:00Z,ET-30OCT26-CDE,2026-10-30T16:00:00Z,2490,2488.5,2560,432,361,2026-09-15T10:01:37Z
2026-09-15T11:00:00Z,BIT-25SEP26-CDE,2026-09-25T15:00:00Z,77110,77130,79205,171071,148592,2026-09-15T11:01:35Z
2026-09-15T11:00:00Z,BIT-27NOV26-CDE,2026-11-27T16:00:00Z,,0,79730,0,,2026-09-15T11:01:35Z
2026-09-15T11:00:00Z,BIT-30OCT26-CDE,2026-10-30T16:00:00Z,77630,77705,79730,530,1361,2026-09-15T11:01:35Z
2026-09-15T11:00:00Z,ET-25SEP26-CDE,2026-09-25T15:00:00Z,2486.5,2487.5,2547,61755,73822,2026-09-15T11:01:35Z
2026-09-15T11:00:00Z,ET-27NOV26-CDE,2026-11-27T16:00:00Z,,0,2560,0,,2026-09-15T11:01:35Z
2026-09-15T11:00:00Z,ET-30OCT26-CDE,2026-10-30T16:00:00Z,2490.5,2500.5,2560,432,392,2026-09-15T11:01:35Z
2026-09-15T12:00:00Z,BIT-25SEP26-CDE,2026-09-25T15:00:00Z,76990,76980,79205,171071,151053,2026-09-15T12:01:51Z
2026-09-15T12:00:00Z,BIT-27NOV26-CDE,2026-11-27T16:00:00Z,,0,79730,0,,2026-09-15T12:01:51Z
2026-09-15T12:00:00Z,BIT-30OCT26-CDE,2026-10-30T16:00:00Z,77585,77565,79730,530,1485,2026-09-15T12:01:51Z
2026-09-15T12:00:00Z,ET-25SEP26-CDE,2026-09-25T15:00:00Z,2478,2478.25,2547,61755,74481,2026-09-15T12:01:51Z
2026-09-15T12:00:00Z,ET-27NOV26-CDE,2026-11-27T16:00:00Z,,0,2560,0,,2026-09-15T12:01:51Z
2026-09-15T12:00:00Z,ET-30OCT26-CDE,2026-10-30T16:00:00Z,2490.5,2490.75,2560,432,425,2026-09-15T12:01:51Z
2026-09-15T13:00:00Z,BIT-25SEP26-CDE,2026-09-25T15:00:00Z,77035,77040,79205,171071,152111,2026-09-15T13:01:42Z
2026-09-15T13:00:00Z,BIT-27NOV26-CDE,2026-11-27T16:00:00Z,,0,79730,0,,2026-09-15T13:01:42Z
2026-09-15T13:00:00Z,BIT-30OCT26-CDE,2026-10-30T16:00:00Z,77555,77617.5,79730,530,1496,2026-09-15T13:01:42Z
2026-09-15T13:00:00Z,ET-25SEP26-CDE,2026-09-25T15:00:00Z,2483,2482.75,2547,61755,75026,2026-09-15T13:01:42Z
2026-09-15T13:00:00Z,ET-27NOV26-CDE,2026-11-27T16:00:00Z,,0,2560,0,,2026-09-15T13:01:42Z
2026-09-15T13:00:00Z,ET-30OCT26-CDE,2026-10-30T16:00:00Z,2490.5,2496,2560,432,401,2026-09-15T13:01:42Z
2026-09-15T14:00:00Z,BIT-25SEP26-CDE,2026-09-25T15:00:00Z,76590,76595,79205,171071,155067,2026-09-15T14:01:39Z
2026-09-15T14:00:00Z,BIT-27NOV26-CDE,2026-11-27T16:00:00Z,,0,79730,0,,2026-09-15T14:01:39Z
2026-09-15T14:00:00Z,BIT-30OCT26-CDE,2026-10-30T16:00:00Z,77270,77182.5,79730,530,1573,2026-09-15T14:01:39Z
2026-09-15T14:00:00Z,ET-25SEP26-CDE,2026-09-25T15:00:00Z,2457.5,2452,2547,61755,80243,2026-09-15T14:01:39Z
2026-09-15T14:00:00Z,ET-27NOV26-CDE,2026-11-27T16:00:00Z,,0,2560,0,,2026-09-15T14:01:39Z
2026-09-15T14:00:00Z,ET-30OCT26-CDE,2026-10-30T16:00:00Z,2470.5,2465.25,2560,432,387,2026-09-15T14:01:39Z
2026-09-15T15:00:00Z,BIT-25SEP26-CDE,2026-09-25T15:00:00Z,75900,75925,79205,171071,157215,2026-09-15T15:01:40Z
2026-09-15T15:00:00Z,BIT-27NOV26-CDE,2026-11-27T16:00:00Z,,0,79730,0,,2026-09-15T15:01:40Z
2026-09-15T15:00:00Z,BIT-30OCT26-CDE,2026-10-30T16:00:00Z,76530,76547.5,79730,530,1764,2026-09-15T15:01:40Z
2026-09-15T15:00:00Z,ET-25SEP26-CDE,2026-09-25T15:00:00Z,2403.5,2400.75,2547,61755,83540,2026-09-15T15:01:40Z
2026-09-15T15:00:00Z,ET-27NOV26-CDE,2026-11-27T16:00:00Z,,0,2560,0,,2026-09-15T15:01:40Z
2026-09-15T15:00:00Z,ET-30OCT26-CDE,2026-10-30T16:00:00Z,2426,2415.25,2560,432,398,2026-09-15T15:01:40Z
2026-09-15T16:00:00Z,BIT-25SEP26-CDE,2026-09-25T15:00:00Z,76595,76602.5,79205,171071,161272,2026-09-15T16:01:40Z
2026-09-15T16:00:00Z,BIT-27NOV26-CDE,2026-11-27T16:00:00Z,,0,79730,0,,2026-09-15T16:01:40Z
2026-09-15T16:00:00Z,BIT-30OCT26-CDE,2026-10-30T16:00:00Z,77195,77227.5,79730,530,1864,2026-09-15T16:01:40Z
2026-09-15T16:00:00Z,ET-25SEP26-CDE,2026-09-25T15:00:00Z,2423.5,2425.5,2547,61755,83774,2026-09-15T16:01:40Z
2026-09-15T16:00:00Z,ET-27NOV26-CDE,2026-11-27T16:00:00Z,,0,2560,0,,2026-09-15T16:01:40Z
2026-09-15T16:00:00Z,ET-30OCT26-CDE,2026-10-30T16:00:00Z,2442,2438.5,2560,432,403,2026-09-15T16:01:40Z
2026-09-15T17:00:00Z,BIT-25SEP26-CDE,2026-09-25T15:00:00Z,76450,76460,79205,171071,160444,2026-09-15T17:01:37Z
2026-09-15T17:00:00Z,BIT-27NOV26-CDE,2026-11-27T16:00:00Z,,0,79730,0,,2026-09-15T17:01:37Z
2026-09-15T17:00:00Z,BIT-30OCT26-CDE,2026-10-30T16:00:00Z,77195,77087.5,79730,530,1859,2026-09-15T17:01:37Z
2026-09-15T17:00:00Z,ET-25SEP26-CDE,2026-09-25T15:00:00Z,2424.5,2424.25,2547,61755,81630,2026-09-15T17:01:37Z
2026-09-15T17:00:00Z,ET-27NOV26-CDE,2026-11-27T16:00:00Z,,0,2560,0,,2026-09-15T17:01:37Z
2026-09-15T17:00:00Z,ET-30OCT26-CDE,2026-10-30T16:00:00Z,2442,2437.5,2560,432,403,2026-09-15T17:01:37Z
2026-09-15T18:00:00Z,BIT-25SEP26-CDE,2026-09-25T15:00:00Z,76960,76945,79205,171071,165489,2026-09-15T18:01:42Z
2026-09-15T18:00:00Z,BIT-27NOV26-CDE,2026-11-27T16:00:00Z,,0,79730,0,,2026-09-15T18:01:42Z
2026-09-15T18:00:00Z,BIT-30OCT26-CDE,2026-10-30T16:00:00Z,77660,77560,79730,530,1904,2026-09-15T18:01:42Z
2026-09-15T18:00:00Z,ET-25SEP26-CDE,2026-09-25T15:00:00Z,2438,2438.25,2547,61755,83080,2026-09-15T18:01:42Z
2026-09-15T18:00:00Z,ET-27NOV26-CDE,2026-11-27T16:00:00Z,,0,2560,0,,2026-09-15T18:01:42Z
2026-09-15T18:00:00Z,ET-30OCT26-CDE,2026-10-30T16:00:00Z,2449.5,2452.25,2560,432,425,2026-09-15T18:01:42Z
2026-09-15T19:00:00Z,BIT-25SEP26-CDE,2026-09-25T15:00:00Z,75890,75897.5,79205,171071,190692,2026-09-15T19:01:36Z
2026-09-15T19:00:00Z,BIT-27NOV26-CDE,2026-11-27T16:00:00Z,,0,79730,0,,2026-09-15T19:01:36Z
2026-09-15T19:00:00Z,BIT-30OCT26-CDE,2026-10-30T16:00:00Z,76740,76535,79730,530,2415,2026-09-15T19:01:36Z
2026-09-15T19:00:00Z,ET-25SEP26-CDE,2026-09-25T15:00:00Z,2404.5,2401.25,2547,61755,92360,2026-09-15T19:01:36Z
2026-09-15T19:00:00Z,ET-27NOV26-CDE,2026-11-27T16:00:00Z,,0,2560,0,,2026-09-15T19:01:36Z
2026-09-15T19:00:00Z,ET-30OCT26-CDE,2026-10-30T16:00:00Z,2411.5,2415.25,2560,432,610,2026-09-15T19:01:36Z
2026-09-15T20:00:00Z,BIT-25SEP26-CDE,2026-09-25T15:00:00Z,76345,76352.5,79205,171071,184983,2026-09-15T20:01:40Z
2026-09-15T20:00:00Z,BIT-27NOV26-CDE,2026-11-27T16:00:00Z,,0,79730,0,,2026-09-15T20:01:40Z
2026-09-15T20:00:00Z,BIT-30OCT26-CDE,2026-10-30T16:00:00Z,76800,76900,79730,530,2414,2026-09-15T20:01:40Z
2026-09-15T20:00:00Z,ET-25SEP26-CDE,2026-09-25T15:00:00Z,2419.5,2420,2547,61755,89800,2026-09-15T20:01:40Z
2026-09-15T20:00:00Z,ET-27NOV26-CDE,2026-11-27T16:00:00Z,,0,2560,0,,2026-09-15T20:01:40Z
2026-09-15T20:00:00Z,ET-30OCT26-CDE,2026-10-30T16:00:00Z,2430,2431.25,2560,432,594,2026-09-15T20:01:40Z
2026-09-15T21:00:00Z,BIT-25SEP26-CDE,2026-09-25T15:00:00Z,75890,75842.5,79205,171071,162230,2026-09-15T21:01:34Z
2026-09-15T21:00:00Z,BIT-27NOV26-CDE,2026-11-27T16:00:00Z,,0,79730,0,,2026-09-15T21:01:34Z
2026-09-15T21:00:00Z,BIT-30OCT26-CDE,2026-10-30T16:00:00Z,76635,76462.5,79730,530,2365,2026-09-15T21:01:34Z
2026-09-15T21:00:00Z,ET-25SEP26-CDE,2026-09-25T15:00:00Z,2403.5,2400.75,2547,61755,64960,2026-09-15T21:01:34Z
2026-09-15T21:00:00Z,ET-27NOV26-CDE,2026-11-27T16:00:00Z,,0,2560,0,,2026-09-15T21:01:34Z
2026-09-15T21:00:00Z,ET-30OCT26-CDE,2026-10-30T16:00:00Z,2425,2414,2560,432,584,2026-09-15T21:01:34Z
2026-09-15T22:00:00Z,BIT-25SEP26-CDE,2026-09-25T15:00:00Z,75465,75462.5,79205,171071,163082,2026-09-15T22:01:44Z
2026-09-15T22:00:00Z,BIT-27NOV26-CDE,2026-11-27T16:00:00Z,,0,79730,0,,2026-09-15T22:01:44Z
2026-09-15T22:00:00Z,BIT-30OCT26-CDE,2026-10-30T16:00:00Z,76105,76080,79730,530,2787,2026-09-15T22:01:44Z
2026-09-15T22:00:00Z,ET-25SEP26-CDE,2026-09-25T15:00:00Z,2388.5,2388.5,2547,61755,64598,2026-09-15T22:01:44Z
2026-09-15T22:00:00Z,ET-27NOV26-CDE,2026-11-27T16:00:00Z,,0,2560,0,,2026-09-15T22:01:44Z
2026-09-15T22:00:00Z,ET-30OCT26-CDE,2026-10-30T16:00:00Z,2425,2402,2560,432,576,2026-09-15T22:01:44Z
2026-09-15T23:00:00Z,BIT-25SEP26-CDE,2026-09-25T15:00:00Z,75800,75792.5,79205,183185,170942,2026-09-15T23:01:35Z
2026-09-15T23:00:00Z,BIT-27NOV26-CDE,2026-11-27T16:00:00Z,,0,79730,0,,2026-09-15T23:01:35Z
2026-09-15T23:00:00Z,BIT-30OCT26-CDE,2026-10-30T16:00:00Z,76245,76400,79730,264,3322,2026-09-15T23:01:35Z
2026-09-15T23:00:00Z,ET-25SEP26-CDE,2026-09-25T15:00:00Z,2396,2399.5,2547,60640,63420,2026-09-15T23:01:35Z
2026-09-15T23:00:00Z,ET-27NOV26-CDE,2026-11-27T16:00:00Z,,0,2560,0,,2026-09-15T23:01:35Z
2026-09-15T23:00:00Z,ET-30OCT26-CDE,2026-10-30T16:00:00Z,2411,2413.25,2560,418,578,2026-09-15T23:01:35Z
2026-09-16T00:00:00Z,BIT-25SEP26-CDE,2026-09-25T15:00:00Z,75675,75670,76285,183185,228592,2026-09-16T00:01:39Z
2026-09-16T00:00:00Z,BIT-27NOV26-CDE,2026-11-27T16:00:00Z,,0,76825,0,,2026-09-16T00:01:39Z
2026-09-16T00:00:00Z,BIT-30OCT26-CDE,2026-10-30T16:00:00Z,76255,76280,76825,264,3930,2026-09-16T00:01:39Z
2026-09-16T00:00:00Z,ET-25SEP26-CDE,2026-09-25T15:00:00Z,2398,2398.5,2420,60640,92393,2026-09-16T00:01:39Z
2026-09-16T00:00:00Z,ET-27NOV26-CDE,2026-11-27T16:00:00Z,,0,2429.5,0,,2026-09-16T00:01:39Z
2026-09-16T00:00:00Z,ET-30OCT26-CDE,2026-10-30T16:00:00Z,2411,2412,2429.5,418,656,2026-09-16T00:01:39Z
2026-09-16T01:00:00Z,BIT-25SEP26-CDE,2026-09-25T15:00:00Z,75915,75907.5,76285,183185,224166,2026-09-16T01:01:37Z
2026-09-16T01:00:00Z,BIT-27NOV26-CDE,2026-11-27T16:00:00Z,,0,76825,0,,2026-09-16T01:01:37Z
2026-09-16T01:00:00Z,BIT-30OCT26-CDE,2026-10-30T16:00:00Z,76255,76505,76825,264,3743,2026-09-16T01:01:37Z
2026-09-16T01:00:00Z,ET-25SEP26-CDE,2026-09-25T15:00:00Z,2403,2402.25,2420,60640,92213,2026-09-16T01:01:37Z
2026-09-16T01:00:00Z,ET-27NOV26-CDE,2026-11-27T16:00:00Z,,0,2429.5,0,,2026-09-16T01:01:37Z
2026-09-16T01:00:00Z,ET-30OCT26-CDE,2026-10-30T16:00:00Z,2414,2415.75,2429.5,418,706,2026-09-16T01:01:37Z
2026-09-16T02:00:00Z,BIT-25SEP26-CDE,2026-09-25T15:00:00Z,75530,75542.5,76285,183185,163942,2026-09-16T02:01:35Z
2026-09-16T02:00:00Z,BIT-27NOV26-CDE,2026-11-27T16:00:00Z,,0,76825,0,,2026-09-16T02:01:35Z
2026-09-16T02:00:00Z,BIT-30OCT26-CDE,2026-10-30T16:00:00Z,76140,76150,76825,264,3094,2026-09-16T02:01:35Z
2026-09-16T02:00:00Z,ET-25SEP26-CDE,2026-09-25T15:00:00Z,2390,2389.75,2420,60640,63112,2026-09-16T02:01:35Z
2026-09-16T02:00:00Z,ET-27NOV26-CDE,2026-11-27T16:00:00Z,,0,2429.5,0,,2026-09-16T02:01:35Z
2026-09-16T02:00:00Z,ET-30OCT26-CDE,2026-10-30T16:00:00Z,2408,2403.25,2429.5,418,589,2026-09-16T02:01:35Z
2026-09-16T03:00:00Z,BIT-25SEP26-CDE,2026-09-25T15:00:00Z,75905,75975,76285,183185,223566,2026-09-16T03:01:34Z
2026-09-16T03:00:00Z,BIT-27NOV26-CDE,2026-11-27T16:00:00Z,,0,76825,0,,2026-09-16T03:01:34Z
2026-09-16T03:00:00Z,BIT-30OCT26-CDE,2026-10-30T16:00:00Z,76500,76562.5,76825,264,4002,2026-09-16T03:01:34Z
2026-09-16T03:00:00Z,ET-25SEP26-CDE,2026-09-25T15:00:00Z,2402,2405.5,2420,60640,91907,2026-09-16T03:01:34Z
2026-09-16T03:00:00Z,ET-27NOV26-CDE,2026-11-27T16:00:00Z,,0,2429.5,0,,2026-09-16T03:01:34Z
2026-09-16T03:00:00Z,ET-30OCT26-CDE,2026-10-30T16:00:00Z,2411.5,2418.25,2429.5,418,761,2026-09-16T03:01:34Z
2026-09-16T04:00:00Z,BIT-25SEP26-CDE,2026-09-25T15:00:00Z,75845,75857.5,76285,183185,219705,2026-09-16T04:01:40Z
2026-09-16T04:00:00Z,BIT-27NOV26-CDE,2026-11-27T16:00:00Z,,0,76825,0,,2026-09-16T04:01:40Z
2026-09-16T04:00:00Z,BIT-30OCT26-CDE,2026-10-30T16:00:00Z,76375,76445,76825,264,4150,2026-09-16T04:01:40Z
2026-09-16T04:00:00Z,ET-25SEP26-CDE,2026-09-25T15:00:00Z,2402.5,2402.5,2420,60640,91933,2026-09-16T04:01:40Z
2026-09-16T04:00:00Z,ET-27NOV26-CDE,2026-11-27T16:00:00Z,,0,2429.5,0,,2026-09-16T04:01:40Z
2026-09-16T04:00:00Z,ET-30OCT26-CDE,2026-10-30T16:00:00Z,2411.5,2415.25,2429.5,418,758,2026-09-16T04:01:40Z
2026-09-16T05:00:00Z,BIT-25SEP26-CDE,2026-09-25T15:00:00Z,75860,75857.5,76285,183185,162836,2026-09-16T05:01:40Z
2026-09-16T05:00:00Z,BIT-27NOV26-CDE,2026-11-27T16:00:00Z,,0,76825,0,,2026-09-16T05:01:40Z
2026-09-16T05:00:00Z,BIT-30OCT26-CDE,2026-10-30T16:00:00Z,76575,76430,76825,264,3653,2026-09-16T05:01:40Z
2026-09-16T05:00:00Z,ET-25SEP26-CDE,2026-09-25T15:00:00Z,2402.5,2402,2420,60640,63929,2026-09-16T05:01:40Z
2026-09-16T05:00:00Z,ET-27NOV26-CDE,2026-11-27T16:00:00Z,,0,2429.5,0,,2026-09-16T05:01:40Z
2026-09-16T05:00:00Z,ET-30OCT26-CDE,2026-10-30T16:00:00Z,2411.5,2414.75,2429.5,418,564,2026-09-16T05:01:40Z
2026-09-16T06:00:00Z,BIT-25SEP26-CDE,2026-09-25T15:00:00Z,76055,76055,76285,183185,219729,2026-09-16T06:01:39Z
2026-09-16T06:00:00Z,BIT-27NOV26-CDE,2026-11-27T16:00:00Z,,0,76825,0,,2026-09-16T06:01:39Z
2026-09-16T06:00:00Z,BIT-30OCT26-CDE,2026-10-30T16:00:00Z,76505,76620,76825,264,4471,2026-09-16T06:01:39Z
2026-09-16T06:00:00Z,ET-25SEP26-CDE,2026-09-25T15:00:00Z,2407,2407,2420,60640,91895,2026-09-16T06:01:39Z
2026-09-16T06:00:00Z,ET-27NOV26-CDE,2026-11-27T16:00:00Z,,0,2429.5,0,,2026-09-16T06:01:39Z
2026-09-16T06:00:00Z,ET-30OCT26-CDE,2026-10-30T16:00:00Z,2411.5,2420,2429.5,418,688,2026-09-16T06:01:39Z
2026-09-16T07:00:00Z,BIT-25SEP26-CDE,2026-09-25T15:00:00Z,76085,76090,76285,183185,220087,2026-09-16T07:01:45Z
2026-09-16T07:00:00Z,BIT-27NOV26-CDE,2026-11-27T16:00:00Z,,0,76825,0,,2026-09-16T07:01:45Z
2026-09-16T07:00:00Z,BIT-30OCT26-CDE,2026-10-30T16:00:00Z,76540,76642.5,76825,264,4398,2026-09-16T07:01:45Z
2026-09-16T07:00:00Z,ET-25SEP26-CDE,2026-09-25T15:00:00Z,2408,2406.25,2420,60640,91328,2026-09-16T07:01:45Z
2026-09-16T07:00:00Z,ET-27NOV26-CDE,2026-11-27T16:00:00Z,,0,2429.5,0,,2026-09-16T07:01:45Z
2026-09-16T07:00:00Z,ET-30OCT26-CDE,2026-10-30T16:00:00Z,2411.5,2418.75,2429.5,418,688,2026-09-16T07:01:45Z
2026-09-16T08:00:00Z,BIT-25SEP26-CDE,2026-09-25T15:00:00Z,75765,75760,76285,183185,218140,2026-09-16T08:01:40Z
2026-09-16T08:00:00Z,BIT-27NOV26-CDE,2026-11-27T16:00:00Z,,0,76825,0,,2026-09-16T08:01:40Z
2026-09-16T08:00:00Z,BIT-30OCT26-CDE,2026-10-30T16:00:00Z,76365,76320,76825,264,4649,2026-09-16T08:01:40Z
2026-09-16T08:00:00Z,ET-25SEP26-CDE,2026-09-25T15:00:00Z,2398,2395.25,2420,60640,90594,2026-09-16T08:01:40Z
2026-09-16T08:00:00Z,ET-27NOV26-CDE,2026-11-27T16:00:00Z,,0,2429.5,0,,2026-09-16T08:01:40Z
2026-09-16T08:00:00Z,ET-30OCT26-CDE,2026-10-30T16:00:00Z,2411.5,2407.25,2429.5,418,683,2026-09-16T08:01:40Z
2026-09-16T09:00:00Z,BIT-25SEP26-CDE,2026-09-25T15:00:00Z,75840,75830,76285,183185,216905,2026-09-16T09:01:39Z
2026-09-16T09:00:00Z,BIT-27NOV26-CDE,2026-11-27T16:00:00Z,,0,76825,0,,2026-09-16T09:01:39Z
2026-09-16T09:00:00Z,BIT-30OCT26-CDE,2026-10-30T16:00:00Z,76080,76365,76825,264,4547,2026-09-16T09:01:39Z
2026-09-16T09:00:00Z,ET-25SEP26-CDE,2026-09-25T15:00:00Z,2402.5,2403,2420,60640,90698,2026-09-16T09:01:39Z
2026-09-16T09:00:00Z,ET-27NOV26-CDE,2026-11-27T16:00:00Z,,0,2429.5,0,,2026-09-16T09:01:39Z
2026-09-16T09:00:00Z,ET-30OCT26-CDE,2026-10-30T16:00:00Z,2414.5,2415.5,2429.5,418,659,2026-09-16T09:01:39Z
2026-09-16T10:00:00Z,BIT-25SEP26-CDE,2026-09-25T15:00:00Z,76060,76082.5,76285,183185,216073,2026-09-16T10:01:40Z
2026-09-16T10:00:00Z,BIT-27NOV26-CDE,2026-11-27T16:00:00Z,,0,76825,0,,2026-09-16T10:01:40Z
2026-09-16T10:00:00Z,BIT-30OCT26-CDE,2026-10-30T16:00:00Z,76080,76627.5,76825,264,4508,2026-09-16T10:01:40Z
2026-09-16T10:00:00Z,ET-25SEP26-CDE,2026-09-25T15:00:00Z,2407,2405.5,2420,60640,90625,2026-09-16T10:01:40Z
2026-09-16T10:00:00Z,ET-27NOV26-CDE,2026-11-27T16:00:00Z,,0,2429.5,0,,2026-09-16T10:01:40Z
2026-09-16T10:00:00Z,ET-30OCT26-CDE,2026-10-30T16:00:00Z,2415,2417.25,2429.5,418,656,2026-09-16T10:01:40Z
2026-09-16T11:00:00Z,BIT-25SEP26-CDE,2026-09-25T15:00:00Z,76100,75995,76285,183185,209598,2026-09-16T11:01:42Z
2026-09-16T11:00:00Z,BIT-27NOV26-CDE,2026-11-27T16:00:00Z,,0,76825,0,,2026-09-16T11:01:42Z
2026-09-16T11:00:00Z,BIT-30OCT26-CDE,2026-10-30T16:00:00Z,76080,76557.5,76825,264,4398,2026-09-16T11:01:42Z
2026-09-16T11:00:00Z,ET-25SEP26-CDE,2026-09-25T15:00:00Z,2408.5,2405.75,2420,60640,89780,2026-09-16T11:01:42Z
2026-09-16T11:00:00Z,ET-27NOV26-CDE,2026-11-27T16:00:00Z,,0,2429.5,0,,2026-09-16T11:01:42Z
2026-09-16T11:00:00Z,ET-30OCT26-CDE,2026-10-30T16:00:00Z,2414.5,2418.5,2429.5,418,628,2026-09-16T11:01:42Z
2026-09-16T12:00:00Z,BIT-25SEP26-CDE,2026-09-25T15:00:00Z,76280,76277.5,76285,183185,149243,2026-09-16T12:01:39Z
2026-09-16T12:00:00Z,BIT-27NOV26-CDE,2026-11-27T16:00:00Z,,0,76825,0,,2026-09-16T12:01:39Z
2026-09-16T12:00:00Z,BIT-30OCT26-CDE,2026-10-30T16:00:00Z,76640,76835,76825,264,3636,2026-09-16T12:01:39Z
2026-09-16T12:00:00Z,ET-25SEP26-CDE,2026-09-25T15:00:00Z,2423.5,2422.75,2420,60640,62108,2026-09-16T12:01:39Z
2026-09-16T12:00:00Z,ET-27NOV26-CDE,2026-11-27T16:00:00Z,,0,2429.5,0,,2026-09-16T12:01:39Z
2026-09-16T12:00:00Z,ET-30OCT26-CDE,2026-10-30T16:00:00Z,2414.5,2434.25,2429.5,418,471,2026-09-16T12:01:39Z
2026-09-16T13:00:00Z,BIT-25SEP26-CDE,2026-09-25T15:00:00Z,75880,75890,76285,183185,204428,2026-09-16T13:01:36Z
2026-09-16T13:00:00Z,BIT-27NOV26-CDE,2026-11-27T16:00:00Z,,0,76825,0,,2026-09-16T13:01:36Z
2026-09-16T13:00:00Z,BIT-30OCT26-CDE,2026-10-30T16:00:00Z,76520,76430,76825,264,4281,2026-09-16T13:01:36Z
2026-09-16T13:00:00Z,ET-25SEP26-CDE,2026-09-25T15:00:00Z,2404,2404.75,2420,60640,92821,2026-09-16T13:01:36Z
2026-09-16T13:00:00Z,ET-27NOV26-CDE,2026-11-27T16:00:00Z,,0,2429.5,0,,2026-09-16T13:01:36Z
2026-09-16T13:00:00Z,ET-30OCT26-CDE,2026-10-30T16:00:00Z,2422.5,2416.25,2429.5,418,644,2026-09-16T13:01:36Z
2026-09-16T14:00:00Z,BIT-25SEP26-CDE,2026-09-25T15:00:00Z,75655,75682.5,76285,183185,198339,2026-09-16T14:01:44Z
2026-09-16T14:00:00Z,BIT-27NOV26-CDE,2026-11-27T16:00:00Z,,0,76825,0,,2026-09-16T14:01:44Z
2026-09-16T14:00:00Z,BIT-30OCT26-CDE,2026-10-30T16:00:00Z,76240,76225,76825,264,4155,2026-09-16T14:01:44Z
2026-09-16T14:00:00Z,ET-25SEP26-CDE,2026-09-25T15:00:00Z,2394,2393.25,2420,60640,84684,2026-09-16T14:01:44Z
2026-09-16T14:00:00Z,ET-27NOV26-CDE,2026-11-27T16:00:00Z,,0,2429.5,0,,2026-09-16T14:01:44Z
2026-09-16T14:00:00Z,ET-30OCT26-CDE,2026-10-30T16:00:00Z,2408,2405.75,2429.5,418,646,2026-09-16T14:01:44Z
2026-09-16T15:00:00Z,BIT-25SEP26-CDE,2026-09-25T15:00:00Z,75785,75785,76285,183185,190792,2026-09-16T15:01:44Z
2026-09-16T15:00:00Z,BIT-27NOV26-CDE,2026-11-27T16:00:00Z,,0,76825,0,,2026-09-16T15:01:44Z
2026-09-16T15:00:00Z,BIT-30OCT26-CDE,2026-10-30T16:00:00Z,76145,76330,76825,264,3950,2026-09-16T15:01:44Z
2026-09-16T15:00:00Z,ET-25SEP26-CDE,2026-09-25T15:00:00Z,2394,2394,2420,60640,83001,2026-09-16T15:01:44Z
2026-09-16T15:00:00Z,ET-27NOV26-CDE,2026-11-27T16:00:00Z,,0,2429.5,0,,2026-09-16T15:01:44Z
2026-09-16T15:00:00Z,ET-30OCT26-CDE,2026-10-30T16:00:00Z,2408,2406.5,2429.5,418,604,2026-09-16T15:01:44Z
2026-09-16T16:00:00Z,BIT-25SEP26-CDE,2026-09-25T15:00:00Z,75845,75845,76285,183185,184136,2026-09-16T16:01:43Z
2026-09-16T16:00:00Z,BIT-27NOV26-CDE,2026-11-27T16:00:00Z,,0,76825,0,,2026-09-16T16:01:43Z
2026-09-16T16:00:00Z,BIT-30OCT26-CDE,2026-10-30T16:00:00Z,76445,76375,76825,264,3926,2026-09-16T16:01:43Z
2026-09-16T16:00:00Z,ET-25SEP26-CDE,2026-09-25T15:00:00Z,2393.5,2392.75,2420,60640,82043,2026-09-16T16:01:43Z
2026-09-16T16:00:00Z,ET-27NOV26-CDE,2026-11-27T16:00:00Z,,0,2429.5,0,,2026-09-16T16:01:43Z
2026-09-16T16:00:00Z,ET-30OCT26-CDE,2026-10-30T16:00:00Z,2400,2405,2429.5,418,615,2026-09-16T16:01:43Z
2026-09-16T17:00:00Z,BIT-25SEP26-CDE,2026-09-25T15:00:00Z,75800,75807.5,76285,183185,182706,2026-09-16T17:01:38Z
2026-09-16T17:00:00Z,BIT-27NOV26-CDE,2026-11-27T16:00:00Z,,0,76825,0,,2026-09-16T17:01:38Z
2026-09-16T17:00:00Z,BIT-30OCT26-CDE,2026-10-30T16:00:00Z,76285,76335,76825,264,3952,2026-09-16T17:01:38Z
2026-09-16T17:00:00Z,ET-25SEP26-CDE,2026-09-25T15:00:00Z,2393.5,2391.25,2420,60640,81696,2026-09-16T17:01:38Z
2026-09-16T17:00:00Z,ET-27NOV26-CDE,2026-11-27T16:00:00Z,,0,2429.5,0,,2026-09-16T17:01:38Z
2026-09-16T17:00:00Z,ET-30OCT26-CDE,2026-10-30T16:00:00Z,2400,2403,2429.5,418,615,2026-09-16T17:01:38Z
2026-09-16T18:00:00Z,BIT-25SEP26-CDE,2026-09-25T15:00:00Z,75470,75497.5,76285,183185,175131,2026-09-16T18:01:44Z
2026-09-16T18:00:00Z,BIT-27NOV26-CDE,2026-11-27T16:00:00Z,,0,76825,0,,2026-09-16T18:01:44Z
2026-09-16T18:00:00Z,BIT-30OCT26-CDE,2026-10-30T16:00:00Z,76235,76092.5,76825,264,4018,2026-09-16T18:01:44Z
2026-09-16T18:00:00Z,ET-25SEP26-CDE,2026-09-25T15:00:00Z,2381,2378.5,2420,60640,84664,2026-09-16T18:01:44Z
2026-09-16T18:00:00Z,ET-27NOV26-CDE,2026-11-27T16:00:00Z,,0,2429.5,0,,2026-09-16T18:01:44Z
2026-09-16T18:00:00Z,ET-30OCT26-CDE,2026-10-30T16:00:00Z,2393.5,2391.5,2429.5,418,779,2026-09-16T18:01:44Z
2026-09-16T19:00:00Z,BIT-25SEP26-CDE,2026-09-25T15:00:00Z,76040,76017.5,76285,183185,138852,2026-09-16T19:01:41Z
2026-09-16T19:00:00Z,BIT-27NOV26-CDE,2026-11-27T16:00:00Z,,0,76825,0,,2026-09-16T19:01:41Z
2026-09-16T19:00:00Z,BIT-30OCT26-CDE,2026-10-30T16:00:00Z,76445,76542.5,76825,264,3303,2026-09-16T19:01:41Z
2026-09-16T19:00:00Z,ET-25SEP26-CDE,2026-09-25T15:00:00Z,2413.5,2411.75,2420,60640,79257,2026-09-16T19:01:41Z
2026-09-16T19:00:00Z,ET-27NOV26-CDE,2026-11-27T16:00:00Z,,0,2429.5,0,,2026-09-16T19:01:41Z
2026-09-16T19:00:00Z,ET-30OCT26-CDE,2026-10-30T16:00:00Z,2424,2424.25,2429.5,418,803,2026-09-16T19:01:41Z
2026-09-16T20:00:00Z,BIT-25SEP26-CDE,2026-09-25T15:00:00Z,76110,76112.5,76285,183185,101232,2026-09-16T20:01:40Z
2026-09-16T20:00:00Z,BIT-27NOV26-CDE,2026-11-27T16:00:00Z,,0,76825,0,,2026-09-16T20:01:40Z
2026-09-16T20:00:00Z,BIT-30OCT26-CDE,2026-10-30T16:00:00Z,76490,76625,76825,264,3142,2026-09-16T20:01:40Z
2026-09-16T20:00:00Z,ET-25SEP26-CDE,2026-09-25T15:00:00Z,2408,2407.75,2420,60640,58026,2026-09-16T20:01:40Z
2026-09-16T20:00:00Z,ET-27NOV26-CDE,2026-11-27T16:00:00Z,,0,2429.5,0,,2026-09-16T20:01:40Z
2026-09-16T20:00:00Z,ET-30OCT26-CDE,2026-10-30T16:00:00Z,2420,2418.75,2429.5,418,750,2026-09-16T20:01:40Z
2026-09-16T21:00:00Z,BIT-25SEP26-CDE,2026-09-25T15:00:00Z,76230,76232.5,76285,183185,90916,2026-09-16T21:01:38Z
2026-09-16T21:00:00Z,BIT-27NOV26-CDE,2026-11-27T16:00:00Z,,0,76825,0,,2026-09-16T21:01:38Z
2026-09-16T21:00:00Z,BIT-30OCT26-CDE,2026-10-30T16:00:00Z,76765,76755,76825,264,3089,2026-09-16T21:01:38Z
2026-09-16T21:00:00Z,ET-25SEP26-CDE,2026-09-25T15:00:00Z,2411,2411,2420,60640,52578,2026-09-16T21:01:38Z
2026-09-16T21:00:00Z,ET-27NOV26-CDE,2026-11-27T16:00:00Z,,0,2429.5,0,,2026-09-16T21:01:38Z
2026-09-16T21:00:00Z,ET-30OCT26-CDE,2026-10-30T16:00:00Z,2424,2423.25,2429.5,418,739,2026-09-16T21:01:38Z
2026-09-16T22:00:00Z,BIT-25SEP26-CDE,2026-09-25T15:00:00Z,75955,75957.5,76285,183185,89608,2026-09-16T22:01:43Z
2026-09-16T22:00:00Z,BIT-27NOV26-CDE,2026-11-27T16:00:00Z,,0,76825,0,,2026-09-16T22:01:43Z
2026-09-16T22:00:00Z,BIT-30OCT26-CDE,2026-10-30T16:00:00Z,76580,76467.5,76825,264,2726,2026-09-16T22:01:43Z
2026-09-16T22:00:00Z,ET-25SEP26-CDE,2026-09-25T15:00:00Z,2402.5,2402.75,2420,60640,52142,2026-09-16T22:01:43Z
2026-09-16T22:00:00Z,ET-27NOV26-CDE,2026-11-27T16:00:00Z,,0,2429.5,0,,2026-09-16T22:01:43Z
2026-09-16T22:00:00Z,ET-30OCT26-CDE,2026-10-30T16:00:00Z,2424,2414,2429.5,418,739,2026-09-16T22:01:43Z
2026-09-16T23:00:00Z,BIT-25SEP26-CDE,2026-09-25T15:00:00Z,75680,75692.5,76285,177535,111474,2026-09-16T23:01:40Z
2026-09-16T23:00:00Z,BIT-27NOV26-CDE,2026-11-27T16:00:00Z,,0,76825,0,,2026-09-16T23:01:40Z
2026-09-16T23:00:00Z,BIT-30OCT26-CDE,2026-10-30T16:00:00Z,76405,76272.5,76825,1750,2723,2026-09-16T23:01:40Z
2026-09-16T23:00:00Z,ET-25SEP26-CDE,2026-09-25T15:00:00Z,2388.5,2389.5,2420,63967,69242,2026-09-16T23:01:40Z
2026-09-16T23:00:00Z,ET-27NOV26-CDE,2026-11-27T16:00:00Z,,0,2429.5,0,,2026-09-16T23:01:40Z
2026-09-16T23:00:00Z,ET-30OCT26-CDE,2026-10-30T16:00:00Z,2405,2404.5,2429.5,469,880,2026-09-16T23:01:40Z
2026-09-17T00:00:00Z,BIT-25SEP26-CDE,2026-09-25T15:00:00Z,76305,76315,76150,177535,113768,2026-09-17T00:01:39Z
2026-09-17T00:00:00Z,BIT-27NOV26-CDE,2026-11-27T16:00:00Z,,0,76665,0,,2026-09-17T00:01:39Z
2026-09-17T00:00:00Z,BIT-30OCT26-CDE,2026-10-30T16:00:00Z,76810,76852.5,76665,1750,2754,2026-09-17T00:01:39Z
2026-09-17T00:00:00Z,ET-25SEP26-CDE,2026-09-25T15:00:00Z,2417.5,2418,2411,63967,70088,2026-09-17T00:01:39Z
2026-09-17T00:00:00Z,ET-27NOV26-CDE,2026-11-27T16:00:00Z,,0,2421.5,0,,2026-09-17T00:01:39Z
2026-09-17T00:00:00Z,ET-30OCT26-CDE,2026-10-30T16:00:00Z,2405,2431.5,2421.5,469,880,2026-09-17T00:01:39Z
2026-09-17T01:00:00Z,BIT-25SEP26-CDE,2026-09-25T15:00:00Z,76270,76280,76150,177535,114996,2026-09-17T01:01:38Z
2026-09-17T01:00:00Z,BIT-27NOV26-CDE,2026-11-27T16:00:00Z,,0,76665,0,,2026-09-17T01:01:38Z
2026-09-17T01:00:00Z,BIT-30OCT26-CDE,2026-10-30T16:00:00Z,76980,76827.5,76665,1750,2774,2026-09-17T01:01:38Z
2026-09-17T01:00:00Z,ET-25SEP26-CDE,2026-09-25T15:00:00Z,2421,2414.5,2411,63967,69931,2026-09-17T01:01:38Z
2026-09-17T01:00:00Z,ET-27NOV26-CDE,2026-11-27T16:00:00Z,,0,2421.5,0,,2026-09-17T01:01:38Z
2026-09-17T01:00:00Z,ET-30OCT26-CDE,2026-10-30T16:00:00Z,2405,2428,2421.5,469,780,2026-09-17T01:01:38Z
2026-09-17T02:00:00Z,BIT-25SEP26-CDE,2026-09-25T15:00:00Z,76335,76335,76150,177535,115227,2026-09-17T02:01:36Z
2026-09-17T02:00:00Z,BIT-27NOV26-CDE,2026-11-27T16:00:00Z,,0,76665,0,,2026-09-17T02:01:36Z
2026-09-17T02:00:00Z,BIT-30OCT26-CDE,2026-10-30T16:00:00Z,76955,76897.5,76665,1750,2921,2026-09-17T02:01:36Z
2026-09-17T02:00:00Z,ET-25SEP26-CDE,2026-09-25T15:00:00Z,2428,2428,2411,63967,73972,2026-09-17T02:01:36Z
2026-09-17T02:00:00Z,ET-27NOV26-CDE,2026-11-27T16:00:00Z,,0,2421.5,0,,2026-09-17T02:01:36Z
2026-09-17T02:00:00Z,ET-30OCT26-CDE,2026-10-30T16:00:00Z,2441.5,2440.75,2421.5,469,821,2026-09-17T02:01:36Z
2026-09-17T03:00:00Z,BIT-25SEP26-CDE,2026-09-25T15:00:00Z,76415,76440,76150,177535,117676,2026-09-17T03:01:40Z
2026-09-17T03:00:00Z,BIT-27NOV26-CDE,2026-11-27T16:00:00Z,,0,76665,0,,2026-09-17T03:01:40Z
2026-09-17T03:00:00Z,BIT-30OCT26-CDE,2026-10-30T16:00:00Z,76985,76970,76665,1750,2936,2026-09-17T03:01:40Z
2026-09-17T03:00:00Z,ET-25SEP26-CDE,2026-09-25T15:00:00Z,2431,2431,2411,63967,76288,2026-09-17T03:01:40Z
2026-09-17T03:00:00Z,ET-27NOV26-CDE,2026-11-27T16:00:00Z,,0,2421.5,0,,2026-09-17T03:01:40Z
2026-09-17T03:00:00Z,ET-30OCT26-CDE,2026-10-30T16:00:00Z,2441.5,2444.5,2421.5,469,773,2026-09-17T03:01:40Z
2026-09-17T04:00:00Z,BIT-25SEP26-CDE,2026-09-25T15:00:00Z,76420,76420,76150,177535,116890,2026-09-17T04:01:34Z
2026-09-17T04:00:00Z,BIT-27NOV26-CDE,2026-11-27T16:00:00Z,,0,76665,0,,2026-09-17T04:01:34Z
2026-09-17T04:00:00Z,BIT-30OCT26-CDE,2026-10-30T16:00:00Z,77005,76942.5,76665,1750,2738,2026-09-17T04:01:34Z
2026-09-17T04:00:00Z,ET-25SEP26-CDE,2026-09-25T15:00:00Z,2436,2435,2411,63967,76149,2026-09-17T04:01:34Z
2026-09-17T04:00:00Z,ET-27NOV26-CDE,2026-11-27T16:00:00Z,,0,2421.5,0,,2026-09-17T04:01:34Z
2026-09-17T04:00:00Z,ET-30OCT26-CDE,2026-10-30T16:00:00Z,2441.5,2447.5,2421.5,469,773,2026-09-17T04:01:34Z
2026-09-17T05:00:00Z,BIT-25SEP26-CDE,2026-09-25T15:00:00Z,76640,76635,76150,177535,116391,2026-09-17T05:01:35Z
2026-09-17T05:00:00Z,BIT-27NOV26-CDE,2026-11-27T16:00:00Z,,0,76665,0,,2026-09-17T05:01:35Z
2026-09-17T05:00:00Z,BIT-30OCT26-CDE,2026-10-30T16:00:00Z,77160,77165,76665,1750,2662,2026-09-17T05:01:35Z
2026-09-17T05:00:00Z,ET-25SEP26-CDE,2026-09-25T15:00:00Z,2444.5,2444.75,2411,63967,75616,2026-09-17T05:01:35Z
2026-09-17T05:00:00Z,ET-27NOV26-CDE,2026-11-27T16:00:00Z,,0,2421.5,0,,2026-09-17T05:01:35Z
2026-09-17T05:00:00Z,ET-30OCT26-CDE,2026-10-30T16:00:00Z,2450,2458.5,2421.5,469,804,2026-09-17T05:01:35Z
2026-09-17T06:00:00Z,BIT-25SEP26-CDE,2026-09-25T15:00:00Z,76330,76345,76150,177535,115941,2026-09-17T06:01:39Z
2026-09-17T06:00:00Z,BIT-27NOV26-CDE,2026-11-27T16:00:00Z,,0,76665,0,,2026-09-17T06:01:39Z
2026-09-17T06:00:00Z,BIT-30OCT26-CDE,2026-10-30T16:00:00Z,76840,76877.5,76665,1750,2536,2026-09-17T06:01:39Z
2026-09-17T06:00:00Z,ET-25SEP26-CDE,2026-09-25T15:00:00Z,2436.5,2437,2411,63967,76241,2026-09-17T06:01:39Z
2026-09-17T06:00:00Z,ET-27NOV26-CDE,2026-11-27T16:00:00Z,,0,2421.5,0,,2026-09-17T06:01:39Z
2026-09-17T06:00:00Z,ET-30OCT26-CDE,2026-10-30T16:00:00Z,2455,2450.25,2421.5,469,833,2026-09-17T06:01:39Z
2026-09-17T07:00:00Z,BIT-25SEP26-CDE,2026-09-25T15:00:00Z,76540,76565,76150,177535,114290,2026-09-17T07:01:38Z
2026-09-17T07:00:00Z,BIT-27NOV26-CDE,2026-11-27T16:00:00Z,,0,76665,0,,2026-09-17T07:01:38Z
2026-09-17T07:00:00Z,BIT-30OCT26-CDE,2026-10-30T16:00:00Z,77080,77082.5,76665,1750,2527,2026-09-17T07:01:38Z
2026-09-17T07:00:00Z,ET-25SEP26-CDE,2026-09-25T15:00:00Z,2440,2443.25,2411,63967,75544,2026-09-17T07:01:38Z
2026-09-17T07:00:00Z,ET-27NOV26-CDE,2026-11-27T16:00:00Z,,0,2421.5,0,,2026-09-17T07:01:38Z
2026-09-17T07:00:00Z,ET-30OCT26-CDE,2026-10-30T16:00:00Z,2455,2456.75,2421.5,469,833,2026-09-17T07:01:38Z
2026-09-17T08:00:00Z,BIT-25SEP26-CDE,2026-09-25T15:00:00Z,76505,76495,76150,177535,114018,2026-09-17T08:02:14Z
2026-09-17T08:00:00Z,BIT-27NOV26-CDE,2026-11-27T16:00:00Z,,0,76665,0,,2026-09-17T08:02:14Z
2026-09-17T08:00:00Z,BIT-30OCT26-CDE,2026-10-30T16:00:00Z,77060,77027.5,76665,1750,2237,2026-09-17T08:02:14Z
2026-09-17T08:00:00Z,ET-25SEP26-CDE,2026-09-25T15:00:00Z,2445,2445.25,2411,63967,77601,2026-09-17T08:02:14Z
2026-09-17T08:00:00Z,ET-27NOV26-CDE,2026-11-27T16:00:00Z,,0,2421.5,0,,2026-09-17T08:02:14Z
2026-09-17T08:00:00Z,ET-30OCT26-CDE,2026-10-30T16:00:00Z,2455,2457.75,2421.5,469,833,2026-09-17T08:02:14Z
2026-09-17T09:00:00Z,BIT-25SEP26-CDE,2026-09-25T15:00:00Z,76695,76720,76150,177535,112335,2026-09-17T09:01:49Z
2026-09-17T09:00:00Z,BIT-27NOV26-CDE,2026-11-27T16:00:00Z,,0,76665,0,,2026-09-17T09:01:49Z
2026-09-17T09:00:00Z,BIT-30OCT26-CDE,2026-10-30T16:00:00Z,77100,77230,76665,1750,2288,2026-09-17T09:01:49Z
2026-09-17T09:00:00Z,ET-25SEP26-CDE,2026-09-25T15:00:00Z,2447.5,2448.25,2411,63967,77291,2026-09-17T09:01:49Z
2026-09-17T09:00:00Z,ET-27NOV26-CDE,2026-11-27T16:00:00Z,,0,2421.5,0,,2026-09-17T09:01:49Z
2026-09-17T09:00:00Z,ET-30OCT26-CDE,2026-10-30T16:00:00Z,2455,2460.5,2421.5,469,829,2026-09-17T09:01:49Z
2026-09-17T10:00:00Z,BIT-25SEP26-CDE,2026-09-25T15:00:00Z,76465,76447.5,76150,177535,112361,2026-09-17T10:01:36Z
2026-09-17T10:00:00Z,BIT-27NOV26-CDE,2026-11-27T16:00:00Z,,0,76665,0,,2026-09-17T10:01:36Z
2026-09-17T10:00:00Z,BIT-30OCT26-CDE,2026-10-30T16:00:00Z,77020,76982.5,76665,1750,2463,2026-09-17T10:01:36Z
2026-09-17T10:00:00Z,ET-25SEP26-CDE,2026-09-25T15:00:00Z,2438,2438,2411,63967,77672,2026-09-17T10:01:36Z
2026-09-17T10:00:00Z,ET-27NOV26-CDE,2026-11-27T16:00:00Z,,0,2421.5,0,,2026-09-17T10:01:36Z
2026-09-17T10:00:00Z,ET-30OCT26-CDE,2026-10-30T16:00:00Z,2455,2450.75,2421.5,469,812,2026-09-17T10:01:36Z
2026-09-17T11:00:00Z,BIT-25SEP26-CDE,2026-09-25T15:00:00Z,76465,76460,76150,177535,112959,2026-09-17T11:01:42Z
2026-09-17T11:00:00Z,BIT-27NOV26-CDE,2026-11-27T16:00:00Z,,0,76665,0,,2026-09-17T11:01:42Z
2026-09-17T11:00:00Z,BIT-30OCT26-CDE,2026-10-30T16:00:00Z,76860,76992.5,76665,1750,2551,2026-09-17T11:01:42Z
2026-09-17T11:00:00Z,ET-25SEP26-CDE,2026-09-25T15:00:00Z,2438.5,2438,2411,63967,79313,2026-09-17T11:01:42Z
2026-09-17T11:00:00Z,ET-27NOV26-CDE,2026-11-27T16:00:00Z,,0,2421.5,0,,2026-09-17T11:01:42Z
2026-09-17T11:00:00Z,ET-30OCT26-CDE,2026-10-30T16:00:00Z,2455,2451,2421.5,469,809,2026-09-17T11:01:42Z
2026-09-17T12:00:00Z,BIT-25SEP26-CDE,2026-09-25T15:00:00Z,76590,76597.5,76150,177535,113239,2026-09-17T12:01:50Z
2026-09-17T12:00:00Z,BIT-27NOV26-CDE,2026-11-27T16:00:00Z,,0,76665,0,,2026-09-17T12:01:50Z
2026-09-17T12:00:00Z,BIT-30OCT26-CDE,2026-10-30T16:00:00Z,77010,77110,76665,1750,2762,2026-09-17T12:01:50Z
2026-09-17T12:00:00Z,ET-25SEP26-CDE,2026-09-25T15:00:00Z,2445,2444.5,2411,63967,77859,2026-09-17T12:01:50Z
2026-09-17T12:00:00Z,ET-27NOV26-CDE,2026-11-27T16:00:00Z,,0,2421.5,0,,2026-09-17T12:01:50Z
2026-09-17T12:00:00Z,ET-30OCT26-CDE,2026-10-30T16:00:00Z,2455,2457.25,2421.5,469,809,2026-09-17T12:01:50Z
2026-09-17T13:00:00Z,BIT-25SEP26-CDE,2026-09-25T15:00:00Z,76910,76920,76150,177535,117118,2026-09-17T13:01:46Z
2026-09-17T13:00:00Z,BIT-27NOV26-CDE,2026-11-27T16:00:00Z,,0,76665,0,,2026-09-17T13:01:46Z
2026-09-17T13:00:00Z,BIT-30OCT26-CDE,2026-10-30T16:00:00Z,77330,77437.5,76665,1750,3087,2026-09-17T13:01:46Z
2026-09-17T13:00:00Z,ET-25SEP26-CDE,2026-09-25T15:00:00Z,2463,2466,2411,63967,76292,2026-09-17T13:01:46Z
2026-09-17T13:00:00Z,ET-27NOV26-CDE,2026-11-27T16:00:00Z,,0,2421.5,0,,2026-09-17T13:01:46Z
2026-09-17T13:00:00Z,ET-30OCT26-CDE,2026-10-30T16:00:00Z,2477.5,2477.25,2421.5,469,864,2026-09-17T13:01:46Z
2026-09-17T14:00:00Z,BIT-25SEP26-CDE,2026-09-25T15:00:00Z,76580,76615,76150,177535,120019,2026-09-17T14:01:48Z
2026-09-17T14:00:00Z,BIT-27NOV26-CDE,2026-11-27T16:00:00Z,,0,76665,0,,2026-09-17T14:01:48Z
2026-09-17T14:00:00Z,BIT-30OCT26-CDE,2026-10-30T16:00:00Z,77320,77125,76665,1750,3196,2026-09-17T14:01:48Z
2026-09-17T14:00:00Z,ET-25SEP26-CDE,2026-09-25T15:00:00Z,2458.5,2459.5,2411,63967,78913,2026-09-17T14:01:48Z
2026-09-17T14:00:00Z,ET-27NOV26-CDE,2026-11-27T16:00:00Z,,0,2421.5,0,,2026-09-17T14:01:48Z
2026-09-17T14:00:00Z,ET-30OCT26-CDE,2026-10-30T16:00:00Z,2475.5,2471.25,2421.5,469,929,2026-09-17T14:01:48Z
2026-09-17T15:00:00Z,BIT-25SEP26-CDE,2026-09-25T15:00:00Z,76370,76380,76150,177535,123395,2026-09-17T15:01:45Z
2026-09-17T15:00:00Z,BIT-27NOV26-CDE,2026-11-27T16:00:00Z,,0,76665,0,,2026-09-17T15:01:45Z
2026-09-17T15:00:00Z,BIT-30OCT26-CDE,2026-10-30T16:00:00Z,77125,76900,76665,1750,3397,2026-09-17T15:01:45Z
2026-09-17T15:00:00Z,ET-25SEP26-CDE,2026-09-25T15:00:00Z,2455.5,2455,2411,63967,82622,2026-09-17T15:01:45Z
2026-09-17T15:00:00Z,ET-27NOV26-CDE,2026-11-27T16:00:00Z,,0,2421.5,0,,2026-09-17T15:01:45Z
2026-09-17T15:00:00Z,ET-30OCT26-CDE,2026-10-30T16:00:00Z,2495.5,2467.75,2421.5,469,958,2026-09-17T15:01:45Z
2026-09-17T16:00:00Z,BIT-25SEP26-CDE,2026-09-25T15:00:00Z,76830,76837.5,76150,177535,125208,2026-09-17T16:01:42Z
2026-09-17T16:00:00Z,BIT-27NOV26-CDE,2026-11-27T16:00:00Z,,0,76665,0,,2026-09-17T16:01:42Z
2026-09-17T16:00:00Z,BIT-30OCT26-CDE,2026-10-30T16:00:00Z,77200,77340,76665,1750,3379,2026-09-17T16:01:42Z
2026-09-17T16:00:00Z,ET-25SEP26-CDE,2026-09-25T15:00:00Z,2470.5,2472,2411,63967,83427,2026-09-17T16:01:42Z
2026-09-17T16:00:00Z,ET-27NOV26-CDE,2026-11-27T16:00:00Z,,0,2421.5,0,,2026-09-17T16:01:42Z
2026-09-17T16:00:00Z,ET-30OCT26-CDE,2026-10-30T16:00:00Z,2481,2484.25,2421.5,469,993,2026-09-17T16:01:42Z
2026-09-17T17:00:00Z,BIT-25SEP26-CDE,2026-09-25T15:00:00Z,76830,76830,76150,177535,128292,2026-09-17T17:01:39Z
2026-09-17T17:00:00Z,BIT-27NOV26-CDE,2026-11-27T16:00:00Z,,0,76665,0,,2026-09-17T17:01:39Z
2026-09-17T17:00:00Z,BIT-30OCT26-CDE,2026-10-30T16:00:00Z,77310,77320,76665,1750,3479,2026-09-17T17:01:39Z
2026-09-17T17:00:00Z,ET-25SEP26-CDE,2026-09-25T15:00:00Z,2470.5,2471,2411,63967,85544,2026-09-17T17:01:39Z
2026-09-17T17:00:00Z,ET-27NOV26-CDE,2026-11-27T16:00:00Z,,0,2421.5,0,,2026-09-17T17:01:39Z
2026-09-17T17:00:00Z,ET-30OCT26-CDE,2026-10-30T16:00:00Z,2481,2483.25,2421.5,469,993,2026-09-17T17:01:39Z
2026-09-17T18:00:00Z,BIT-25SEP26-CDE,2026-09-25T15:00:00Z,76710,76720,76150,177535,126722,2026-09-17T18:01:36Z
2026-09-17T18:00:00Z,BIT-27NOV26-CDE,2026-11-27T16:00:00Z,,0,76665,0,,2026-09-17T18:01:36Z
2026-09-17T18:00:00Z,BIT-30OCT26-CDE,2026-10-30T16:00:00Z,77230,77215,76665,1750,3379,2026-09-17T18:01:36Z
2026-09-17T18:00:00Z,ET-25SEP26-CDE,2026-09-25T15:00:00Z,2464.5,2462.75,2411,63967,85125,2026-09-17T18:01:36Z
2026-09-17T18:00:00Z,ET-27NOV26-CDE,2026-11-27T16:00:00Z,,0,2421.5,0,,2026-09-17T18:01:36Z
2026-09-17T18:00:00Z,ET-30OCT26-CDE,2026-10-30T16:00:00Z,2475.5,2474.25,2421.5,469,647,2026-09-17T18:01:36Z
2026-09-17T19:00:00Z,BIT-25SEP26-CDE,2026-09-25T15:00:00Z,76610,76620,76150,177535,114875,2026-09-17T19:01:42Z
2026-09-17T19:00:00Z,BIT-27NOV26-CDE,2026-11-27T16:00:00Z,,0,76665,0,,2026-09-17T19:01:42Z
2026-09-17T19:00:00Z,BIT-30OCT26-CDE,2026-10-30T16:00:00Z,77160,77105,76665,1750,3089,2026-09-17T19:01:42Z
2026-09-17T19:00:00Z,ET-25SEP26-CDE,2026-09-25T15:00:00Z,2454,2452.75,2411,63967,73760,2026-09-17T19:01:42Z
2026-09-17T19:00:00Z,ET-27NOV26-CDE,2026-11-27T16:00:00Z,,0,2421.5,0,,2026-09-17T19:01:42Z
2026-09-17T19:00:00Z,ET-30OCT26-CDE,2026-10-30T16:00:00Z,2475.5,2464.75,2421.5,469,487,2026-09-17T19:01:42Z
2026-09-17T20:00:00Z,BIT-25SEP26-CDE,2026-09-25T15:00:00Z,76585,76622.5,76150,177535,119502,2026-09-17T20:01:40Z
2026-09-17T20:00:00Z,BIT-27NOV26-CDE,2026-11-27T16:00:00Z,,0,76665,0,,2026-09-17T20:01:40Z
2026-09-17T20:00:00Z,BIT-30OCT26-CDE,2026-10-30T16:00:00Z,77165,77115,76665,1750,3130,2026-09-17T20:01:40Z
2026-09-17T20:00:00Z,ET-25SEP26-CDE,2026-09-25T15:00:00Z,2451.5,2451.5,2411,63967,74212,2026-09-17T20:01:40Z
2026-09-17T20:00:00Z,ET-27NOV26-CDE,2026-11-27T16:00:00Z,,0,2421.5,0,,2026-09-17T20:01:40Z
2026-09-17T20:00:00Z,ET-30OCT26-CDE,2026-10-30T16:00:00Z,2475.5,2461.5,2421.5,469,461,2026-09-17T20:01:40Z
2026-09-17T21:00:00Z,BIT-25SEP26-CDE,2026-09-25T15:00:00Z,76615,76647.5,76150,177535,108553,2026-09-17T21:01:41Z
2026-09-17T21:00:00Z,BIT-27NOV26-CDE,2026-11-27T16:00:00Z,,0,76665,0,,2026-09-17T21:01:41Z
2026-09-17T21:00:00Z,BIT-30OCT26-CDE,2026-10-30T16:00:00Z,77125,77132.5,76665,1750,3078,2026-09-17T21:01:41Z
2026-09-17T21:00:00Z,ET-25SEP26-CDE,2026-09-25T15:00:00Z,2458,2457,2411,63967,73496,2026-09-17T21:01:41Z
2026-09-17T21:00:00Z,ET-27NOV26-CDE,2026-11-27T16:00:00Z,,0,2421.5,0,,2026-09-17T21:01:41Z
2026-09-17T21:00:00Z,ET-30OCT26-CDE,2026-10-30T16:00:00Z,2462.5,2467.75,2421.5,469,457,2026-09-17T21:01:41Z
2026-09-17T22:00:00Z,BIT-25SEP26-CDE,2026-09-25T15:00:00Z,76480,76485,76150,177535,108350,2026-09-17T22:01:38Z
2026-09-17T22:00:00Z,BIT-27NOV26-CDE,2026-11-27T16:00:00Z,,0,76665,0,,2026-09-17T22:01:38Z
2026-09-17T22:00:00Z,BIT-30OCT26-CDE,2026-10-30T16:00:00Z,76990,76987.5,76665,1750,3022,2026-09-17T22:01:38Z
2026-09-17T22:00:00Z,ET-25SEP26-CDE,2026-09-25T15:00:00Z,2452,2452,2411,63967,73715,2026-09-17T22:01:38Z
2026-09-17T22:00:00Z,ET-27NOV26-CDE,2026-11-27T16:00:00Z,,0,2421.5,0,,2026-09-17T22:01:38Z
2026-09-17T22:00:00Z,ET-30OCT26-CDE,2026-10-30T16:00:00Z,2462.5,2461.5,2421.5,469,457,2026-09-17T22:01:38Z
2026-09-17T23:00:00Z,BIT-25SEP26-CDE,2026-09-25T15:00:00Z,76430,76437.5,76150,178614,102066,2026-09-17T23:01:40Z
2026-09-17T23:00:00Z,BIT-27NOV26-CDE,2026-11-27T16:00:00Z,,0,76665,0,,2026-09-17T23:01:40Z
2026-09-17T23:00:00Z,BIT-30OCT26-CDE,2026-10-30T16:00:00Z,76890,76967.5,76665,2046,3137,2026-09-17T23:01:40Z
2026-09-17T23:00:00Z,ET-25SEP26-CDE,2026-09-25T15:00:00Z,2445,2445,2411,58492,70096,2026-09-17T23:01:40Z
2026-09-17T23:00:00Z,ET-27NOV26-CDE,2026-11-27T16:00:00Z,,0,2421.5,0,,2026-09-17T23:01:40Z
2026-09-17T23:00:00Z,ET-30OCT26-CDE,2026-10-30T16:00:00Z,2456.5,2457.25,2421.5,506,437,2026-09-17T23:01:40Z
2026-09-18T00:00:00Z,BIT-25SEP26-CDE,2026-09-25T15:00:00Z,76405,76412.5,76650,178614,105999,2026-09-18T00:02:18Z
2026-09-18T00:00:00Z,BIT-27NOV26-CDE,2026-11-27T16:00:00Z,,0,77165,0,,2026-09-18T00:02:18Z
2026-09-18T00:00:00Z,BIT-30OCT26-CDE,2026-10-30T16:00:00Z,76980,76942.5,77165,2046,3194,2026-09-18T00:02:18Z
2026-09-18T00:00:00Z,ET-25SEP26-CDE,2026-09-25T15:00:00Z,2446,2447,2453.5,58492,76829,2026-09-18T00:02:18Z
2026-09-18T00:00:00Z,ET-27NOV26-CDE,2026-11-27T16:00:00Z,,0,2463,0,,2026-09-18T00:02:18Z
2026-09-18T00:00:00Z,ET-30OCT26-CDE,2026-10-30T16:00:00Z,2456.5,2458.75,2463,506,437,2026-09-18T00:02:18Z
2026-09-18T01:00:00Z,BIT-25SEP26-CDE,2026-09-25T15:00:00Z,76650,76650,76650,178614,105602,2026-09-18T01:01:42Z
2026-09-18T01:00:00Z,BIT-27NOV26-CDE,2026-11-27T16:00:00Z,,0,77165,0,,2026-09-18T01:01:42Z
2026-09-18T01:00:00Z,BIT-30OCT26-CDE,2026-10-30T16:00:00Z,77255,77150,77165,2046,3290,2026-09-18T01:01:42Z
2026-09-18T01:00:00Z,ET-25SEP26-CDE,2026-09-25T15:00:00Z,2453,2449.5,2453.5,58492,77690,2026-09-18T01:01:42Z
2026-09-18T01:00:00Z,ET-27NOV26-CDE,2026-11-27T16:00:00Z,,0,2463,0,,2026-09-18T01:01:42Z
2026-09-18T01:00:00Z,ET-30OCT26-CDE,2026-10-30T16:00:00Z,2456.5,2461.25,2463,506,437,2026-09-18T01:01:42Z
2026-09-18T02:00:00Z,BIT-25SEP26-CDE,2026-09-25T15:00:00Z,76815,76835,76650,178614,104033,2026-09-18T02:01:42Z
2026-09-18T02:00:00Z,BIT-27NOV26-CDE,2026-11-27T16:00:00Z,,0,77165,0,,2026-09-18T02:01:42Z
2026-09-18T02:00:00Z,BIT-30OCT26-CDE,2026-10-30T16:00:00Z,77255,77322.5,77165,2046,3047,2026-09-18T02:01:42Z
2026-09-18T02:00:00Z,ET-25SEP26-CDE,2026-09-25T15:00:00Z,2460,2460.5,2453.5,58492,76210,2026-09-18T02:01:42Z
2026-09-18T02:00:00Z,ET-27NOV26-CDE,2026-11-27T16:00:00Z,,0,2463,0,,2026-09-18T02:01:42Z
2026-09-18T02:00:00Z,ET-30OCT26-CDE,2026-10-30T16:00:00Z,2456.5,2472,2463,506,389,2026-09-18T02:01:42Z
2026-09-18T03:00:00Z,BIT-25SEP26-CDE,2026-09-25T15:00:00Z,77050,77057.5,76650,178614,100933,2026-09-18T03:01:42Z
2026-09-18T03:00:00Z,BIT-27NOV26-CDE,2026-11-27T16:00:00Z,,0,77165,0,,2026-09-18T03:01:42Z
2026-09-18T03:00:00Z,BIT-30OCT26-CDE,2026-10-30T16:00:00Z,77570,77535,77165,2046,2768,2026-09-18T03:01:42Z
2026-09-18T03:00:00Z,ET-25SEP26-CDE,2026-09-25T15:00:00Z,2465,2464.5,2453.5,58492,75595,2026-09-18T03:01:42Z
2026-09-18T03:00:00Z,ET-27NOV26-CDE,2026-11-27T16:00:00Z,,0,2463,0,,2026-09-18T03:01:42Z
2026-09-18T03:00:00Z,ET-30OCT26-CDE,2026-10-30T16:00:00Z,2456.5,2474.75,2463,506,389,2026-09-18T03:01:42Z
2026-09-18T04:00:00Z,BIT-25SEP26-CDE,2026-09-25T15:00:00Z,77445,77432.5,76650,178614,106214,2026-09-18T04:01:37Z
2026-09-18T04:00:00Z,BIT-27NOV26-CDE,2026-11-27T16:00:00Z,,0,77165,0,,2026-09-18T04:01:37Z
2026-09-18T04:00:00Z,BIT-30OCT26-CDE,2026-10-30T16:00:00Z,77940,77922.5,77165,2046,2820,2026-09-18T04:01:37Z
2026-09-18T04:00:00Z,ET-25SEP26-CDE,2026-09-25T15:00:00Z,2481,2483.5,2453.5,58492,78476,2026-09-18T04:01:37Z
2026-09-18T04:00:00Z,ET-27NOV26-CDE,2026-11-27T16:00:00Z,,0,2463,0,,2026-09-18T04:01:37Z
2026-09-18T04:00:00Z,ET-30OCT26-CDE,2026-10-30T16:00:00Z,2482.5,2495,2463,506,396,2026-09-18T04:01:37Z
2026-09-18T05:00:00Z,BIT-25SEP26-CDE,2026-09-25T15:00:00Z,77700,77685,76650,178614,106626,2026-09-18T05:01:38Z
2026-09-18T05:00:00Z,BIT-27NOV26-CDE,2026-11-27T16:00:00Z,,0,77165,0,,2026-09-18T05:01:38Z
2026-09-18T05:00:00Z,BIT-30OCT26-CDE,2026-10-30T16:00:00Z,77875,78165,77165,2046,2740,2026-09-18T05:01:38Z
2026-09-18T05:00:00Z,ET-25SEP26-CDE,2026-09-25T15:00:00Z,2483.5,2482,2453.5,58492,81223,2026-09-18T05:01:38Z
2026-09-18T05:00:00Z,ET-27NOV26-CDE,2026-11-27T16:00:00Z,,0,2463,0,,2026-09-18T05:01:38Z
2026-09-18T05:00:00Z,ET-30OCT26-CDE,2026-10-30T16:00:00Z,2488.5,2493.5,2463,506,391,2026-09-18T05:01:38Z
2026-09-18T06:00:00Z,BIT-25SEP26-CDE,2026-09-25T15:00:00Z,77605,77597.5,76650,178614,108035,2026-09-18T06:01:42Z
2026-09-18T06:00:00Z,BIT-27NOV26-CDE,2026-11-27T16:00:00Z,,0,77165,0,,2026-09-18T06:01:42Z
2026-09-18T06:00:00Z,BIT-30OCT26-CDE,2026-10-30T16:00:00Z,78065,78090,77165,2046,2670,2026-09-18T06:01:42Z
2026-09-18T06:00:00Z,ET-25SEP26-CDE,2026-09-25T15:00:00Z,2486,2486.5,2453.5,58492,83874,2026-09-18T06:01:42Z
2026-09-18T06:00:00Z,ET-27NOV26-CDE,2026-11-27T16:00:00Z,,0,2463,0,,2026-09-18T06:01:42Z
2026-09-18T06:00:00Z,ET-30OCT26-CDE,2026-10-30T16:00:00Z,2497.5,2497.75,2463,506,387,2026-09-18T06:01:42Z
2026-09-18T07:00:00Z,BIT-25SEP26-CDE,2026-09-25T15:00:00Z,77705,77702.5,76650,178614,111118,2026-09-18T07:01:37Z
2026-09-18T07:00:00Z,BIT-27NOV26-CDE,2026-11-27T16:00:00Z,,0,77165,0,,2026-09-18T07:01:37Z
2026-09-18T07:00:00Z,BIT-30OCT26-CDE,2026-10-30T16:00:00Z,78175,78177.5,77165,2046,2799,2026-09-18T07:01:37Z
2026-09-18T07:00:00Z,ET-25SEP26-CDE,2026-09-25T15:00:00Z,2492.5,2491.25,2453.5,58492,84191,2026-09-18T07:01:37Z
2026-09-18T07:00:00Z,ET-27NOV26-CDE,2026-11-27T16:00:00Z,,0,2463,0,,2026-09-18T07:01:37Z
2026-09-18T07:00:00Z,ET-30OCT26-CDE,2026-10-30T16:00:00Z,2497.5,2502.25,2463,506,387,2026-09-18T07:01:37Z
2026-09-18T08:00:00Z,BIT-25SEP26-CDE,2026-09-25T15:00:00Z,77860,77942.5,76650,178614,111579,2026-09-18T08:01:42Z
2026-09-18T08:00:00Z,BIT-27NOV26-CDE,2026-11-27T16:00:00Z,,0,77165,0,,2026-09-18T08:01:42Z
2026-09-18T08:00:00Z,BIT-30OCT26-CDE,2026-10-30T16:00:00Z,78320,78422.5,77165,2046,2718,2026-09-18T08:01:42Z
2026-09-18T08:00:00Z,ET-25SEP26-CDE,2026-09-25T15:00:00Z,2493,2494.25,2453.5,58492,83794,2026-09-18T08:01:42Z
2026-09-18T08:00:00Z,ET-27NOV26-CDE,2026-11-27T16:00:00Z,,0,2463,0,,2026-09-18T08:01:42Z
2026-09-18T08:00:00Z,ET-30OCT26-CDE,2026-10-30T16:00:00Z,2502.5,2505.5,2463,506,391,2026-09-18T08:01:42Z
2026-09-18T09:00:00Z,BIT-25SEP26-CDE,2026-09-25T15:00:00Z,78390,78380,76650,178614,112687,2026-09-18T09:01:43Z
2026-09-18T09:00:00Z,BIT-27NOV26-CDE,2026-11-27T16:00:00Z,,0,77165,0,,2026-09-18T09:01:43Z
2026-09-18T09:00:00Z,BIT-30OCT26-CDE,2026-10-30T16:00:00Z,78320,78860,77165,2046,2664,2026-09-18T09:01:43Z
2026-09-18T09:00:00Z,ET-25SEP26-CDE,2026-09-25T15:00:00Z,2507.5,2507.75,2453.5,58492,84024,2026-09-18T09:01:43Z
2026-09-18T09:00:00Z,ET-27NOV26-CDE,2026-11-27T16:00:00Z,,0,2463,0,,2026-09-18T09:01:43Z
2026-09-18T09:00:00Z,ET-30OCT26-CDE,2026-10-30T16:00:00Z,2510,2519.75,2463,506,440,2026-09-18T09:01:43Z
2026-09-18T10:00:00Z,BIT-25SEP26-CDE,2026-09-25T15:00:00Z,78240,78250,76650,178614,114771,2026-09-18T10:01:41Z
2026-09-18T10:00:00Z,BIT-27NOV26-CDE,2026-11-27T16:00:00Z,,0,77165,0,,2026-09-18T10:01:41Z
2026-09-18T10:00:00Z,BIT-30OCT26-CDE,2026-10-30T16:00:00Z,78655,78735,77165,2046,2528,2026-09-18T10:01:41Z
2026-09-18T10:00:00Z,ET-25SEP26-CDE,2026-09-25T15:00:00Z,2511.5,2510.5,2453.5,58492,85293,2026-09-18T10:01:41Z
2026-09-18T10:00:00Z,ET-27NOV26-CDE,2026-11-27T16:00:00Z,,0,2463,0,,2026-09-18T10:01:41Z
2026-09-18T10:00:00Z,ET-30OCT26-CDE,2026-10-30T16:00:00Z,2510,2522.25,2463,506,440,2026-09-18T10:01:41Z
2026-09-18T11:00:00Z,BIT-25SEP26-CDE,2026-09-25T15:00:00Z,78360,78375,76650,178614,115011,2026-09-18T11:01:38Z
2026-09-18T11:00:00Z,BIT-27NOV26-CDE,2026-11-27T16:00:00Z,,0,77165,0,,2026-09-18T11:01:38Z
2026-09-18T11:00:00Z,BIT-30OCT26-CDE,2026-10-30T16:00:00Z,78760,78875,77165,2046,2454,2026-09-18T11:01:38Z
2026-09-18T11:00:00Z,ET-25SEP26-CDE,2026-09-25T15:00:00Z,2518.5,2517.5,2453.5,58492,84132,2026-09-18T11:01:38Z
2026-09-18T11:00:00Z,ET-27NOV26-CDE,2026-11-27T16:00:00Z,,0,2463,0,,2026-09-18T11:01:38Z
2026-09-18T11:00:00Z,ET-30OCT26-CDE,2026-10-30T16:00:00Z,2510,2529.75,2463,506,440,2026-09-18T11:01:38Z
2026-09-18T12:00:00Z,BIT-25SEP26-CDE,2026-09-25T15:00:00Z,78080,78085,76650,178614,115866,2026-09-18T12:01:41Z
2026-09-18T12:00:00Z,BIT-27NOV26-CDE,2026-11-27T16:00:00Z,,0,77165,0,,2026-09-18T12:01:41Z
2026-09-18T12:00:00Z,BIT-30OCT26-CDE,2026-10-30T16:00:00Z,78665,78570,77165,2046,2242,2026-09-18T12:01:41Z
2026-09-18T12:00:00Z,ET-25SEP26-CDE,2026-09-25T15:00:00Z,2508.5,2507,2453.5,58492,84622,2026-09-18T12:01:41Z
2026-09-18T12:00:00Z,ET-27NOV26-CDE,2026-11-27T16:00:00Z,,0,2463,0,,2026-09-18T12:01:41Z
2026-09-18T12:00:00Z,ET-30OCT26-CDE,2026-10-30T16:00:00Z,2523,2520,2463,506,445,2026-09-18T12:01:41Z
2026-09-18T13:00:00Z,BIT-25SEP26-CDE,2026-09-25T15:00:00Z,78110,78115,76650,178614,113355,2026-09-18T13:01:45Z
2026-09-18T13:00:00Z,BIT-27NOV26-CDE,2026-11-27T16:00:00Z,,0,77165,0,,2026-09-18T13:01:45Z
2026-09-18T13:00:00Z,BIT-30OCT26-CDE,2026-10-30T16:00:00Z,78680,78612.5,77165,2046,1929,2026-09-18T13:01:45Z
2026-09-18T13:00:00Z,ET-25SEP26-CDE,2026-09-25T15:00:00Z,2503.5,2503.25,2453.5,58492,84002,2026-09-18T13:01:45Z
2026-09-18T13:00:00Z,ET-27NOV26-CDE,2026-11-27T16:00:00Z,,0,2463,0,,2026-09-18T13:01:45Z
2026-09-18T13:00:00Z,ET-30OCT26-CDE,2026-10-30T16:00:00Z,2518.5,2516.25,2463,506,346,2026-09-18T13:01:45Z
2026-09-18T14:00:00Z,BIT-25SEP26-CDE,2026-09-25T15:00:00Z,80385,80375,76650,178614,119953,2026-09-18T14:01:48Z
2026-09-18T14:00:00Z,BIT-27NOV26-CDE,2026-11-27T16:00:00Z,,0,77165,0,,2026-09-18T14:01:48Z
2026-09-18T14:00:00Z,BIT-30OCT26-CDE,2026-10-30T16:00:00Z,80900,80862.5,77165,2046,2278,2026-09-18T14:01:48Z
2026-09-18T14:00:00Z,ET-25SEP26-CDE,2026-09-25T15:00:00Z,2568.5,2563.5,2453.5,58492,87393,2026-09-18T14:01:48Z
2026-09-18T14:00:00Z,ET-27NOV26-CDE,2026-11-27T16:00:00Z,,0,2463,0,,2026-09-18T14:01:48Z
2026-09-18T14:00:00Z,ET-30OCT26-CDE,2026-10-30T16:00:00Z,2581,2578,2463,506,542,2026-09-18T14:01:48Z
2026-09-18T15:00:00Z,BIT-25SEP26-CDE,2026-09-25T15:00:00Z,81140,81107.5,76650,178614,123866,2026-09-18T15:01:40Z
2026-09-18T15:00:00Z,BIT-27NOV26-CDE,2026-11-27T16:00:00Z,,0,77165,0,,2026-09-18T15:01:40Z
2026-09-18T15:00:00Z,BIT-30OCT26-CDE,2026-10-30T16:00:00Z,81165,81550,77165,2046,2162,2026-09-18T15:01:40Z
2026-09-18T15:00:00Z,ET-25SEP26-CDE,2026-09-25T15:00:00Z,2589,2587.75,2453.5,58492,84009,2026-09-18T15:01:40Z
2026-09-18T15:00:00Z,ET-27NOV26-CDE,2026-11-27T16:00:00Z,,0,2463,0,,2026-09-18T15:01:40Z
2026-09-18T15:00:00Z,ET-30OCT26-CDE,2026-10-30T16:00:00Z,2601.5,2600,2463,506,596,2026-09-18T15:01:40Z
2026-09-18T16:00:00Z,BIT-25SEP26-CDE,2026-09-25T15:00:00Z,80860,80857.5,76650,178614,125923,2026-09-18T16:01:39Z
2026-09-18T16:00:00Z,BIT-27NOV26-CDE,2026-11-27T16:00:00Z,,0,77165,0,,2026-09-18T16:01:39Z
2026-09-18T16:00:00Z,BIT-30OCT26-CDE,2026-10-30T16:00:00Z,81395,81315,77165,2046,2154,2026-09-18T16:01:39Z
2026-09-18T16:00:00Z,ET-25SEP26-CDE,2026-09-25T15:00:00Z,2586.5,2584.25,2453.5,58492,87668,2026-09-18T16:01:39Z
2026-09-18T16:00:00Z,ET-27NOV26-CDE,2026-11-27T16:00:00Z,,0,2463,0,,2026-09-18T16:01:39Z
2026-09-18T16:00:00Z,ET-30OCT26-CDE,2026-10-30T16:00:00Z,2601,2596.75,2463,506,553,2026-09-18T16:01:39Z
2026-09-18T17:00:00Z,BIT-25SEP26-CDE,2026-09-25T15:00:00Z,81045,81057.5,76650,178614,125845,2026-09-18T17:01:38Z
2026-09-18T17:00:00Z,BIT-27NOV26-CDE,2026-11-27T16:00:00Z,,0,77165,0,,2026-09-18T17:01:38Z
2026-09-18T17:00:00Z,BIT-30OCT26-CDE,2026-10-30T16:00:00Z,81675,81517.5,77165,2046,2031,2026-09-18T17:01:38Z
2026-09-18T17:00:00Z,ET-25SEP26-CDE,2026-09-25T15:00:00Z,2600,2601.25,2453.5,58492,88744,2026-09-18T17:01:38Z
2026-09-18T17:00:00Z,ET-27NOV26-CDE,2026-11-27T16:00:00Z,,0,2463,0,,2026-09-18T17:01:38Z
2026-09-18T17:00:00Z,ET-30OCT26-CDE,2026-10-30T16:00:00Z,2609.5,2613.5,2463,506,602,2026-09-18T17:01:38Z
2026-09-18T18:00:00Z,BIT-25SEP26-CDE,2026-09-25T15:00:00Z,81115,81137.5,76650,178614,129702,2026-09-18T18:01:41Z
2026-09-18T18:00:00Z,BIT-27NOV26-CDE,2026-11-27T16:00:00Z,,0,77165,0,,2026-09-18T18:01:41Z
2026-09-18T18:00:00Z,BIT-30OCT26-CDE,2026-10-30T16:00:00Z,81240,81597.5,77165,2046,1927,2026-09-18T18:01:41Z
2026-09-18T18:00:00Z,ET-25SEP26-CDE,2026-09-25T15:00:00Z,2608.5,2609.5,2453.5,58492,88872,2026-09-18T18:01:41Z
2026-09-18T18:00:00Z,ET-27NOV26-CDE,2026-11-27T16:00:00Z,,0,2463,0,,2026-09-18T18:01:41Z
2026-09-18T18:00:00Z,ET-30OCT26-CDE,2026-10-30T16:00:00Z,2621.5,2623.25,2463,506,574,2026-09-18T18:01:41Z
2026-09-18T19:00:00Z,BIT-25SEP26-CDE,2026-09-25T15:00:00Z,81105,81102.5,76650,178614,132445,2026-09-18T19:01:36Z
2026-09-18T19:00:00Z,BIT-27NOV26-CDE,2026-11-27T16:00:00Z,,0,77165,0,,2026-09-18T19:01:36Z
2026-09-18T19:00:00Z,BIT-30OCT26-CDE,2026-10-30T16:00:00Z,81240,81547.5,77165,2046,1686,2026-09-18T19:01:36Z
2026-09-18T19:00:00Z,ET-25SEP26-CDE,2026-09-25T15:00:00Z,2618,2618,2453.5,58492,90134,2026-09-18T19:01:36Z
2026-09-18T19:00:00Z,ET-27NOV26-CDE,2026-11-27T16:00:00Z,,0,2463,0,,2026-09-18T19:01:36Z
2026-09-18T19:00:00Z,ET-30OCT26-CDE,2026-10-30T16:00:00Z,2642,2630.5,2463,506,615,2026-09-18T19:01:36Z
2026-09-18T20:00:00Z,BIT-25SEP26-CDE,2026-09-25T15:00:00Z,81265,81272.5,76650,178614,142435,2026-09-18T20:01:39Z
2026-09-18T20:00:00Z,BIT-27NOV26-CDE,2026-11-27T16:00:00Z,,0,77165,0,,2026-09-18T20:01:39Z
2026-09-18T20:00:00Z,BIT-30OCT26-CDE,2026-10-30T16:00:00Z,81765,81722.5,77165,2046,1562,2026-09-18T20:01:39Z
2026-09-18T20:00:00Z,ET-25SEP26-CDE,2026-09-25T15:00:00Z,2637.5,2638,2453.5,58492,104568,2026-09-18T20:01:39Z
2026-09-18T20:00:00Z,ET-27NOV26-CDE,2026-11-27T16:00:00Z,,0,2463,0,,2026-09-18T20:01:39Z
2026-09-18T20:00:00Z,ET-30OCT26-CDE,2026-10-30T16:00:00Z,2655.5,2648.5,2463,506,1029,2026-09-18T20:01:39Z
2026-09-18T21:00:00Z,BIT-25SEP26-CDE,2026-09-25T15:00:00Z,81255,81295,76650,178614,142466,2026-09-18T21:01:44Z
2026-09-18T21:00:00Z,BIT-27NOV26-CDE,2026-11-27T16:00:00Z,,0,77165,0,,2026-09-18T21:01:44Z
2026-09-18T21:00:00Z,BIT-30OCT26-CDE,2026-10-30T16:00:00Z,81655,0,77165,2046,1561,2026-09-18T21:01:44Z
2026-09-18T21:00:00Z,ET-25SEP26-CDE,2026-09-25T15:00:00Z,2636,2637,2453.5,58492,107349,2026-09-18T21:01:44Z
2026-09-18T21:00:00Z,ET-27NOV26-CDE,2026-11-27T16:00:00Z,,0,2463,0,,2026-09-18T21:01:44Z
2026-09-18T21:00:00Z,ET-30OCT26-CDE,2026-10-30T16:00:00Z,2653.5,0,2463,506,1031,2026-09-18T21:01:44Z
2026-09-18T22:00:00Z,BIT-24DEC26-CDE,2026-12-24T16:00:00Z,,0,,,,2026-09-18T22:01:41Z
2026-09-18T22:00:00Z,BIT-25SEP26-CDE,2026-09-25T15:00:00Z,81415,81372.5,76650,178614,141849,2026-09-18T22:01:41Z
2026-09-18T22:00:00Z,BIT-27NOV26-CDE,2026-11-27T16:00:00Z,,0,77165,0,,2026-09-18T22:01:41Z
2026-09-18T22:00:00Z,BIT-30OCT26-CDE,2026-10-30T16:00:00Z,81655,81832.5,77165,2046,1558,2026-09-18T22:01:41Z
2026-09-18T22:00:00Z,ET-24DEC26-CDE,2026-12-24T16:00:00Z,,0,,,,2026-09-18T22:01:41Z
2026-09-18T22:00:00Z,ET-25SEP26-CDE,2026-09-25T15:00:00Z,2632.5,2632.25,2453.5,58492,106905,2026-09-18T22:01:41Z
2026-09-18T22:00:00Z,ET-27NOV26-CDE,2026-11-27T16:00:00Z,,0,2463,0,,2026-09-18T22:01:41Z
2026-09-18T22:00:00Z,ET-30OCT26-CDE,2026-10-30T16:00:00Z,2653.5,2644,2463,506,1031,2026-09-18T22:01:41Z
2026-09-18T23:00:00Z,BIT-24DEC26-CDE,2026-12-24T16:00:00Z,,0,,0,,2026-09-18T23:01:43Z
2026-09-18T23:00:00Z,BIT-25SEP26-CDE,2026-09-25T15:00:00Z,81390,81372.5,76650,175179,133045,2026-09-18T23:01:43Z
2026-09-18T23:00:00Z,BIT-27NOV26-CDE,2026-11-27T16:00:00Z,,0,77165,0,,2026-09-18T23:01:43Z
2026-09-18T23:00:00Z,BIT-30OCT26-CDE,2026-10-30T16:00:00Z,81775,81822.5,77165,2045,1458,2026-09-18T23:01:43Z
2026-09-18T23:00:00Z,ET-24DEC26-CDE,2026-12-24T16:00:00Z,,0,,0,,2026-09-18T23:01:43Z
2026-09-18T23:00:00Z,ET-25SEP26-CDE,2026-09-25T15:00:00Z,2627,2626.25,2453.5,65912,98137,2026-09-18T23:01:43Z
2026-09-18T23:00:00Z,ET-27NOV26-CDE,2026-11-27T16:00:00Z,,0,2463,0,,2026-09-18T23:01:43Z
2026-09-18T23:00:00Z,ET-30OCT26-CDE,2026-10-30T16:00:00Z,2653.5,2638.5,2463,616,1001,2026-09-18T23:01:43Z
2026-09-19T00:00:00Z,BIT-24DEC26-CDE,2026-12-24T16:00:00Z,,0,,0,,2026-09-19T00:01:44Z
2026-09-19T00:00:00Z,BIT-25SEP26-CDE,2026-09-25T15:00:00Z,81050,81087.5,81405,175179,124603,2026-09-19T00:01:44Z
2026-09-19T00:00:00Z,BIT-27NOV26-CDE,2026-11-27T16:00:00Z,,0,81855,0,,2026-09-19T00:01:44Z
2026-09-19T00:00:00Z,BIT-30OCT26-CDE,2026-10-30T16:00:00Z,81775,81547.5,81855,2045,1360,2026-09-19T00:01:44Z
2026-09-19T00:00:00Z,ET-24DEC26-CDE,2026-12-24T16:00:00Z,,0,,0,,2026-09-19T00:01:44Z
2026-09-19T00:00:00Z,ET-25SEP26-CDE,2026-09-25T15:00:00Z,2617,2616.5,2645,65912,89946,2026-09-19T00:01:44Z
2026-09-19T00:00:00Z,ET-27NOV26-CDE,2026-11-27T16:00:00Z,,0,2655,0,,2026-09-19T00:01:44Z
2026-09-19T00:00:00Z,ET-30OCT26-CDE,2026-10-30T16:00:00Z,2637,2628,2655,616,1002,2026-09-19T00:01:44Z
2026-09-19T01:00:00Z,BIT-24DEC26-CDE,2026-12-24T16:00:00Z,,0,,0,,2026-09-19T01:01:41Z
2026-09-19T01:00:00Z,BIT-25SEP26-CDE,2026-09-25T15:00:00Z,81925,81880,81405,175179,123318,2026-09-19T01:01:41Z
2026-09-19T01:00:00Z,BIT-27NOV26-CDE,2026-11-27T16:00:00Z,,0,81855,0,,2026-09-19T01:01:41Z
2026-09-19T01:00:00Z,BIT-30OCT26-CDE,2026-10-30T16:00:00Z,82040,82317.5,81855,2045,1266,2026-09-19T01:01:41Z
2026-09-19T01:00:00Z,ET-24DEC26-CDE,2026-12-24T16:00:00Z,,0,,0,,2026-09-19T01:01:41Z
2026-09-19T01:00:00Z,ET-25SEP26-CDE,2026-09-25T15:00:00Z,2632,2631.25,2645,65912,89160,2026-09-19T01:01:41Z
2026-09-19T01:00:00Z,ET-27NOV26-CDE,2026-11-27T16:00:00Z,,0,2655,0,,2026-09-19T01:01:41Z
2026-09-19T01:00:00Z,ET-30OCT26-CDE,2026-10-30T16:00:00Z,2637,2643,2655,616,1002,2026-09-19T01:01:41Z
2026-09-19T02:00:00Z,BIT-24DEC26-CDE,2026-12-24T16:00:00Z,,0,,0,,2026-09-19T02:01:38Z
2026-09-19T02:00:00Z,BIT-25SEP26-CDE,2026-09-25T15:00:00Z,81490,81465,76650,175179,125325,2026-09-19T02:01:38Z
2026-09-19T02:00:00Z,BIT-27NOV26-CDE,2026-11-27T16:00:00Z,,0,77165,0,,2026-09-19T02:01:38Z
2026-09-19T02:00:00Z,BIT-30OCT26-CDE,2026-10-30T16:00:00Z,81890,81907.5,77165,2045,1267,2026-09-19T02:01:38Z
2026-09-19T02:00:00Z,ET-24DEC26-CDE,2026-12-24T16:00:00Z,,0,,0,,2026-09-19T02:01:38Z
2026-09-19T02:00:00Z,ET-25SEP26-CDE,2026-09-25T15:00:00Z,2618.5,2619.75,2453.5,65912,91351,2026-09-19T02:01:38Z
2026-09-19T02:00:00Z,ET-27NOV26-CDE,2026-11-27T16:00:00Z,,0,2463,0,,2026-09-19T02:01:38Z
2026-09-19T02:00:00Z,ET-30OCT26-CDE,2026-10-30T16:00:00Z,2637,2630.25,2463,616,1002,2026-09-19T02:01:38Z
2026-09-19T03:00:00Z,BIT-24DEC26-CDE,2026-12-24T16:00:00Z,,0,,0,,2026-09-19T03:01:32Z
2026-09-19T03:00:00Z,BIT-25SEP26-CDE,2026-09-25T15:00:00Z,81495,81525,81405,175179,123313,2026-09-19T03:01:32Z
2026-09-19T03:00:00Z,BIT-27NOV26-CDE,2026-11-27T16:00:00Z,,0,81855,0,,2026-09-19T03:01:32Z
2026-09-19T03:00:00Z,BIT-30OCT26-CDE,2026-10-30T16:00:00Z,81980,81932.5,81855,2045,1277,2026-09-19T03:01:32Z
2026-09-19T03:00:00Z,ET-24DEC26-CDE,2026-12-24T16:00:00Z,,0,,0,,2026-09-19T03:01:32Z
2026-09-19T03:00:00Z,ET-25SEP26-CDE,2026-09-25T15:00:00Z,2628.5,2631,2645,65912,90124,2026-09-19T03:01:32Z
2026-09-19T03:00:00Z,ET-27NOV26-CDE,2026-11-27T16:00:00Z,,0,2655,0,,2026-09-19T03:01:32Z
2026-09-19T03:00:00Z,ET-30OCT26-CDE,2026-10-30T16:00:00Z,2637,2640.25,2655,616,1002,2026-09-19T03:01:32Z
2026-09-19T04:00:00Z,BIT-24DEC26-CDE,2026-12-24T16:00:00Z,,0,,0,,2026-09-19T04:01:33Z
2026-09-19T04:00:00Z,BIT-25SEP26-CDE,2026-09-25T15:00:00Z,81325,81302.5,76650,175179,117346,2026-09-19T04:01:33Z
2026-09-19T04:00:00Z,BIT-27NOV26-CDE,2026-11-27T16:00:00Z,,0,77165,0,,2026-09-19T04:01:33Z
2026-09-19T04:00:00Z,BIT-30OCT26-CDE,2026-10-30T16:00:00Z,81870,81717.5,77165,2045,1208,2026-09-19T04:01:33Z
2026-09-19T04:00:00Z,ET-24DEC26-CDE,2026-12-24T16:00:00Z,,0,,0,,2026-09-19T04:01:33Z
2026-09-19T04:00:00Z,ET-25SEP26-CDE,2026-09-25T15:00:00Z,2627.5,2627.25,2453.5,65912,87133,2026-09-19T04:01:33Z
2026-09-19T04:00:00Z,ET-27NOV26-CDE,2026-11-27T16:00:00Z,,0,2463,0,,2026-09-19T04:01:33Z
2026-09-19T04:00:00Z,ET-30OCT26-CDE,2026-10-30T16:00:00Z,2637,2637,2463,616,995,2026-09-19T04:01:33Z
2026-09-19T05:00:00Z,BIT-24DEC26-CDE,2026-12-24T16:00:00Z,,0,,0,,2026-09-19T05:01:40Z
2026-09-19T05:00:00Z,BIT-25SEP26-CDE,2026-09-25T15:00:00Z,81245,81227.5,76650,175179,114630,2026-09-19T05:01:40Z
2026-09-19T05:00:00Z,BIT-27NOV26-CDE,2026-11-27T16:00:00Z,,0,77165,0,,2026-09-19T05:01:40Z
2026-09-19T05:00:00Z,BIT-30OCT26-CDE,2026-10-30T16:00:00Z,81630,81640,77165,2045,1205,2026-09-19T05:01:40Z
2026-09-19T05:00:00Z,ET-24DEC26-CDE,2026-12-24T16:00:00Z,,0,,0,,2026-09-19T05:01:40Z
2026-09-19T05:00:00Z,ET-25SEP26-CDE,2026-09-25T15:00:00Z,2626,2627.5,2453.5,65912,84094,2026-09-19T05:01:40Z
2026-09-19T05:00:00Z,ET-27NOV26-CDE,2026-11-27T16:00:00Z,,0,2463,0,,2026-09-19T05:01:40Z
2026-09-19T05:00:00Z,ET-30OCT26-CDE,2026-10-30T16:00:00Z,2637,2637.5,2463,616,969,2026-09-19T05:01:40Z
2026-09-19T06:00:00Z,BIT-24DEC26-CDE,2026-12-24T16:00:00Z,,0,,0,,2026-09-19T06:01:42Z
2026-09-19T06:00:00Z,BIT-25SEP26-CDE,2026-09-25T15:00:00Z,81240,81230,81405,175179,111862,2026-09-19T06:01:42Z
2026-09-19T06:00:00Z,BIT-27NOV26-CDE,2026-11-27T16:00:00Z,,0,81855,0,,2026-09-19T06:01:42Z
2026-09-19T06:00:00Z,BIT-30OCT26-CDE,2026-10-30T16:00:00Z,81630,81635,81855,2045,1164,2026-09-19T06:01:42Z
2026-09-19T06:00:00Z,ET-24DEC26-CDE,2026-12-24T16:00:00Z,,0,,0,,2026-09-19T06:01:42Z
2026-09-19T06:00:00Z,ET-25SEP26-CDE,2026-09-25T15:00:00Z,2637.5,2634.25,2645,65912,80197,2026-09-19T06:01:42Z
2026-09-19T06:00:00Z,ET-27NOV26-CDE,2026-11-27T16:00:00Z,,0,2655,0,,2026-09-19T06:01:42Z
2026-09-19T06:00:00Z,ET-30OCT26-CDE,2026-10-30T16:00:00Z,2649.5,2644.25,2655,616,1070,2026-09-19T06:01:42Z
2026-09-19T07:00:00Z,BIT-24DEC26-CDE,2026-12-24T16:00:00Z,,0,,0,,2026-09-19T07:01:37Z
2026-09-19T07:00:00Z,BIT-25SEP26-CDE,2026-09-25T15:00:00Z,81280,81265,81405,175179,108031,2026-09-19T07:01:37Z
2026-09-19T07:00:00Z,BIT-27NOV26-CDE,2026-11-27T16:00:00Z,,0,81855,0,,2026-09-19T07:01:37Z
2026-09-19T07:00:00Z,BIT-30OCT26-CDE,2026-10-30T16:00:00Z,81630,81675,81855,2045,1010,2026-09-19T07:01:37Z
2026-09-19T07:00:00Z,ET-24DEC26-CDE,2026-12-24T16:00:00Z,,0,,0,,2026-09-19T07:01:37Z
2026-09-19T07:00:00Z,ET-25SEP26-CDE,2026-09-25T15:00:00Z,2636,2634.5,2645,65912,79257,2026-09-19T07:01:37Z
2026-09-19T07:00:00Z,ET-27NOV26-CDE,2026-11-27T16:00:00Z,,0,2655,0,,2026-09-19T07:01:37Z
2026-09-19T07:00:00Z,ET-30OCT26-CDE,2026-10-30T16:00:00Z,2649.5,2644.5,2655,616,1066,2026-09-19T07:01:37Z
2026-09-19T08:00:00Z,BIT-24DEC26-CDE,2026-12-24T16:00:00Z,,0,,0,,2026-09-19T08:01:40Z
2026-09-19T08:00:00Z,BIT-25SEP26-CDE,2026-09-25T15:00:00Z,81280,81267.5,81405,175179,106025,2026-09-19T08:01:40Z
2026-09-19T08:00:00Z,BIT-27NOV26-CDE,2026-11-27T16:00:00Z,,0,81855,0,,2026-09-19T08:01:40Z
2026-09-19T08:00:00Z,BIT-30OCT26-CDE,2026-10-30T16:00:00Z,81630,81697.5,81855,2045,974,2026-09-19T08:01:40Z
2026-09-19T08:00:00Z,ET-24DEC26-CDE,2026-12-24T16:00:00Z,,0,,0,,2026-09-19T08:01:40Z
2026-09-19T08:00:00Z,ET-25SEP26-CDE,2026-09-25T15:00:00Z,2634.5,2631.75,2645,65912,77542,2026-09-19T08:01:40Z
2026-09-19T08:00:00Z,ET-27NOV26-CDE,2026-11-27T16:00:00Z,,0,2655,0,,2026-09-19T08:01:40Z
2026-09-19T08:00:00Z,ET-30OCT26-CDE,2026-10-30T16:00:00Z,2649.5,2641.75,2655,616,1066,2026-09-19T08:01:40Z
2026-09-19T09:00:00Z,BIT-24DEC26-CDE,2026-12-24T16:00:00Z,,0,,0,,2026-09-19T09:01:41Z
2026-09-19T09:00:00Z,BIT-25SEP26-CDE,2026-09-25T15:00:00Z,81485,81477.5,81405,175179,103554,2026-09-19T09:01:41Z
2026-09-19T09:00:00Z,BIT-27NOV26-CDE,2026-11-27T16:00:00Z,,0,81855,0,,2026-09-19T09:01:41Z
2026-09-19T09:00:00Z,BIT-30OCT26-CDE,2026-10-30T16:00:00Z,81955,81920,81855,2045,975,2026-09-19T09:01:41Z
2026-09-19T09:00:00Z,ET-24DEC26-CDE,2026-12-24T16:00:00Z,,0,,0,,2026-09-19T09:01:41Z
2026-09-19T09:00:00Z,ET-25SEP26-CDE,2026-09-25T15:00:00Z,2653.5,2652.25,2645,65912,78798,2026-09-19T09:01:41Z
2026-09-19T09:00:00Z,ET-27NOV26-CDE,2026-11-27T16:00:00Z,,0,2655,0,,2026-09-19T09:01:41Z
2026-09-19T09:00:00Z,ET-30OCT26-CDE,2026-10-30T16:00:00Z,2673,2663.25,2655,616,1029,2026-09-19T09:01:41Z
2026-09-19T10:00:00Z,BIT-24DEC26-CDE,2026-12-24T16:00:00Z,,0,,0,,2026-09-19T10:01:33Z
2026-09-19T10:00:00Z,BIT-25SEP26-CDE,2026-09-25T15:00:00Z,81545,81520,81405,175179,99550,2026-09-19T10:01:33Z
2026-09-19T10:00:00Z,BIT-27NOV26-CDE,2026-11-27T16:00:00Z,,0,81855,0,,2026-09-19T10:01:33Z
2026-09-19T10:00:00Z,BIT-30OCT26-CDE,2026-10-30T16:00:00Z,81955,81947.5,81855,2045,936,2026-09-19T10:01:33Z
2026-09-19T10:00:00Z,ET-24DEC26-CDE,2026-12-24T16:00:00Z,,0,,0,,2026-09-19T10:01:33Z
2026-09-19T10:00:00Z,ET-25SEP26-CDE,2026-09-25T15:00:00Z,2644,2648.5,2645,65912,77620,2026-09-19T10:01:33Z
2026-09-19T10:00:00Z,ET-27NOV26-CDE,2026-11-27T16:00:00Z,,0,2655,0,,2026-09-19T10:01:33Z
2026-09-19T10:00:00Z,ET-30OCT26-CDE,2026-10-30T16:00:00Z,2669,2659,2655,616,1129,2026-09-19T10:01:33Z
2026-09-19T11:00:00Z,BIT-24DEC26-CDE,2026-12-24T16:00:00Z,,0,,0,,2026-09-19T11:01:39Z
2026-09-19T11:00:00Z,BIT-25SEP26-CDE,2026-09-25T15:00:00Z,81445,81432.5,81405,175179,97659,2026-09-19T11:01:39Z
2026-09-19T11:00:00Z,BIT-27NOV26-CDE,2026-11-27T16:00:00Z,,0,81855,0,,2026-09-19T11:01:39Z
2026-09-19T11:00:00Z,BIT-30OCT26-CDE,2026-10-30T16:00:00Z,81955,81852.5,81855,2045,920,2026-09-19T11:01:39Z
2026-09-19T11:00:00Z,ET-24DEC26-CDE,2026-12-24T16:00:00Z,,0,,0,,2026-09-19T11:01:39Z
2026-09-19T11:00:00Z,ET-25SEP26-CDE,2026-09-25T15:00:00Z,2646,2646,2645,65912,77241,2026-09-19T11:01:39Z
2026-09-19T11:00:00Z,ET-27NOV26-CDE,2026-11-27T16:00:00Z,,0,2655,0,,2026-09-19T11:01:39Z
2026-09-19T11:00:00Z,ET-30OCT26-CDE,2026-10-30T16:00:00Z,2658.5,2656.5,2655,616,1132,2026-09-19T11:01:39Z
2026-09-19T12:00:00Z,BIT-24DEC26-CDE,2026-12-24T16:00:00Z,,0,,0,,2026-09-19T12:01:39Z
2026-09-19T12:00:00Z,BIT-25SEP26-CDE,2026-09-25T15:00:00Z,81530,81492.5,81405,175179,94278,2026-09-19T12:01:39Z
2026-09-19T12:00:00Z,BIT-27NOV26-CDE,2026-11-27T16:00:00Z,,0,81855,0,,2026-09-19T12:01:39Z
2026-09-19T12:00:00Z,BIT-30OCT26-CDE,2026-10-30T16:00:00Z,81955,81927.5,81855,2045,904,2026-09-19T12:01:39Z
2026-09-19T12:00:00Z,ET-24DEC26-CDE,2026-12-24T16:00:00Z,,0,,0,,2026-09-19T12:01:39Z
2026-09-19T12:00:00Z,ET-25SEP26-CDE,2026-09-25T15:00:00Z,2645,2645.5,2645,65912,76456,2026-09-19T12:01:39Z
2026-09-19T12:00:00Z,ET-27NOV26-CDE,2026-11-27T16:00:00Z,,0,2655,0,,2026-09-19T12:01:39Z
2026-09-19T12:00:00Z,ET-30OCT26-CDE,2026-10-30T16:00:00Z,2654.5,2656,2655,616,1152,2026-09-19T12:01:39Z
2026-09-19T13:00:00Z,BIT-24DEC26-CDE,2026-12-24T16:00:00Z,,0,,0,,2026-09-19T13:01:43Z
2026-09-19T13:00:00Z,BIT-25SEP26-CDE,2026-09-25T15:00:00Z,81520,81497.5,81405,175179,91317,2026-09-19T13:01:43Z
2026-09-19T13:00:00Z,BIT-27NOV26-CDE,2026-11-27T16:00:00Z,,0,81855,0,,2026-09-19T13:01:43Z
2026-09-19T13:00:00Z,BIT-30OCT26-CDE,2026-10-30T16:00:00Z,81890,81920,81855,2045,876,2026-09-19T13:01:43Z
2026-09-19T13:00:00Z,ET-24DEC26-CDE,2026-12-24T16:00:00Z,,0,,0,,2026-09-19T13:01:43Z
2026-09-19T13:00:00Z,ET-25SEP26-CDE,2026-09-25T15:00:00Z,2646,2646.75,2645,65912,75840,2026-09-19T13:01:43Z
2026-09-19T13:00:00Z,ET-27NOV26-CDE,2026-11-27T16:00:00Z,,0,2655,0,,2026-09-19T13:01:43Z
2026-09-19T13:00:00Z,ET-30OCT26-CDE,2026-10-30T16:00:00Z,2656.5,2657,2655,616,1149,2026-09-19T13:01:43Z
2026-09-19T14:00:00Z,BIT-24DEC26-CDE,2026-12-24T16:00:00Z,,0,,0,,2026-09-19T14:01:38Z
2026-09-19T14:00:00Z,BIT-25SEP26-CDE,2026-09-25T15:00:00Z,81540,81545,81405,175179,77978,2026-09-19T14:01:38Z
2026-09-19T14:00:00Z,BIT-27NOV26-CDE,2026-11-27T16:00:00Z,,0,81855,0,,2026-09-19T14:01:38Z
2026-09-19T14:00:00Z,BIT-30OCT26-CDE,2026-10-30T16:00:00Z,81865,81960,81855,2045,533,2026-09-19T14:01:38Z
2026-09-19T14:00:00Z,ET-24DEC26-CDE,2026-12-24T16:00:00Z,,0,,0,,2026-09-19T14:01:38Z
2026-09-19T14:00:00Z,ET-25SEP26-CDE,2026-09-25T15:00:00Z,2641,2645,2645,65912,69103,2026-09-19T14:01:38Z
2026-09-19T14:00:00Z,ET-27NOV26-CDE,2026-11-27T16:00:00Z,,0,2655,0,,2026-09-19T14:01:38Z
2026-09-19T14:00:00Z,ET-30OCT26-CDE,2026-10-30T16:00:00Z,2652,2655.5,2655,616,875,2026-09-19T14:01:38Z
2026-09-19T15:00:00Z,BIT-24DEC26-CDE,2026-12-24T16:00:00Z,,0,,0,,2026-09-19T15:01:37Z
2026-09-19T15:00:00Z,BIT-25SEP26-CDE,2026-09-25T15:00:00Z,81810,81815,76650,175179,67321,2026-09-19T15:01:37Z
2026-09-19T15:00:00Z,BIT-27NOV26-CDE,2026-11-27T16:00:00Z,,0,77165,0,,2026-09-19T15:01:37Z
2026-09-19T15:00:00Z,BIT-30OCT26-CDE,2026-10-30T16:00:00Z,82215,82245,77165,2045,399,2026-09-19T15:01:37Z
2026-09-19T15:00:00Z,ET-24DEC26-CDE,2026-12-24T16:00:00Z,,0,,0,,2026-09-19T15:01:37Z
2026-09-19T15:00:00Z,ET-25SEP26-CDE,2026-09-25T15:00:00Z,2645.5,2647.25,2453.5,65912,67091,2026-09-19T15:01:37Z
2026-09-19T15:00:00Z,ET-27NOV26-CDE,2026-11-27T16:00:00Z,,0,2463,0,,2026-09-19T15:01:37Z
2026-09-19T15:00:00Z,ET-30OCT26-CDE,2026-10-30T16:00:00Z,2658.5,2657.25,2463,616,794,2026-09-19T15:01:37Z
2026-09-19T16:00:00Z,BIT-24DEC26-CDE,2026-12-24T16:00:00Z,,0,,0,,2026-09-19T16:01:34Z
2026-09-19T16:00:00Z,BIT-25SEP26-CDE,2026-09-25T15:00:00Z,81840,81827.5,81405,175179,70720,2026-09-19T16:01:34Z
2026-09-19T16:00:00Z,BIT-27NOV26-CDE,2026-11-27T16:00:00Z,,0,81855,0,,2026-09-19T16:01:34Z
2026-09-19T16:00:00Z,BIT-30OCT26-CDE,2026-10-30T16:00:00Z,82540,82275,81855,2045,406,2026-09-19T16:01:34Z
2026-09-19T16:00:00Z,ET-24DEC26-CDE,2026-12-24T16:00:00Z,,0,,0,,2026-09-19T16:01:34Z
2026-09-19T16:00:00Z,ET-25SEP26-CDE,2026-09-25T15:00:00Z,2653.5,2646.75,2645,65912,62533,2026-09-19T16:01:34Z
2026-09-19T16:00:00Z,ET-27NOV26-CDE,2026-11-27T16:00:00Z,,0,2655,0,,2026-09-19T16:01:34Z
2026-09-19T16:00:00Z,ET-30OCT26-CDE,2026-10-30T16:00:00Z,2664,2657,2655,616,789,2026-09-19T16:01:34Z
2026-09-19T17:00:00Z,BIT-24DEC26-CDE,2026-12-24T16:00:00Z,,0,,0,,2026-09-19T17:01:38Z
2026-09-19T17:00:00Z,BIT-25SEP26-CDE,2026-09-25T15:00:00Z,81940,81960,81405,175179,68497,2026-09-19T17:01:38Z
2026-09-19T17:00:00Z,BIT-27NOV26-CDE,2026-11-27T16:00:00Z,,0,81855,0,,2026-09-19T17:01:38Z
2026-09-19T17:00:00Z,BIT-30OCT26-CDE,2026-10-30T16:00:00Z,82555,82467.5,81855,2045,411,2026-09-19T17:01:38Z
2026-09-19T17:00:00Z,ET-24DEC26-CDE,2026-12-24T16:00:00Z,,0,,0,,2026-09-19T17:01:38Z
2026-09-19T17:00:00Z,ET-25SEP26-CDE,2026-09-25T15:00:00Z,2653.5,2655.75,2645,65912,58977,2026-09-19T17:01:38Z
2026-09-19T17:00:00Z,ET-27NOV26-CDE,2026-11-27T16:00:00Z,,0,2655,0,,2026-09-19T17:01:38Z
2026-09-19T17:00:00Z,ET-30OCT26-CDE,2026-10-30T16:00:00Z,2664,2666.5,2655,616,740,2026-09-19T17:01:38Z
2026-09-19T18:00:00Z,BIT-24DEC26-CDE,2026-12-24T16:00:00Z,,0,,0,,2026-09-19T18:01:36Z
2026-09-19T18:00:00Z,BIT-25SEP26-CDE,2026-09-25T15:00:00Z,81660,81692.5,81405,175179,62179,2026-09-19T18:01:36Z
2026-09-19T18:00:00Z,BIT-27NOV26-CDE,2026-11-27T16:00:00Z,,0,81855,0,,2026-09-19T18:01:36Z
2026-09-19T18:00:00Z,BIT-30OCT26-CDE,2026-10-30T16:00:00Z,82250,82182.5,81855,2045,466,2026-09-19T18:01:36Z
2026-09-19T18:00:00Z,ET-24DEC26-CDE,2026-12-24T16:00:00Z,,0,,0,,2026-09-19T18:01:36Z
2026-09-19T18:00:00Z,ET-25SEP26-CDE,2026-09-25T15:00:00Z,2653.5,2653.5,2645,65912,55088,2026-09-19T18:01:36Z
2026-09-19T18:00:00Z,ET-27NOV26-CDE,2026-11-27T16:00:00Z,,0,2655,0,,2026-09-19T18:01:36Z
2026-09-19T18:00:00Z,ET-30OCT26-CDE,2026-10-30T16:00:00Z,2664,2664.75,2655,616,737,2026-09-19T18:01:36Z
2026-09-19T19:00:00Z,BIT-24DEC26-CDE,2026-12-24T16:00:00Z,,0,,0,,2026-09-19T19:01:36Z
2026-09-19T19:00:00Z,BIT-25SEP26-CDE,2026-09-25T15:00:00Z,81610,81620,76650,175179,57577,2026-09-19T19:01:36Z
2026-09-19T19:00:00Z,BIT-27NOV26-CDE,2026-11-27T16:00:00Z,,0,77165,0,,2026-09-19T19:01:36Z
2026-09-19T19:00:00Z,BIT-30OCT26-CDE,2026-10-30T16:00:00Z,82140,82122.5,77165,2045,481,2026-09-19T19:01:36Z
2026-09-19T19:00:00Z,ET-24DEC26-CDE,2026-12-24T16:00:00Z,,0,,0,,2026-09-19T19:01:36Z
2026-09-19T19:00:00Z,ET-25SEP26-CDE,2026-09-25T15:00:00Z,2645,2645.25,2453.5,65912,52515,2026-09-19T19:01:36Z
2026-09-19T19:00:00Z,ET-27NOV26-CDE,2026-11-27T16:00:00Z,,0,2463,0,,2026-09-19T19:01:36Z
2026-09-19T19:00:00Z,ET-30OCT26-CDE,2026-10-30T16:00:00Z,2655,2657,2463,616,710,2026-09-19T19:01:36Z
2026-09-19T20:00:00Z,BIT-24DEC26-CDE,2026-12-24T16:00:00Z,,0,,0,,2026-09-19T20:01:38Z
2026-09-19T20:00:00Z,BIT-25SEP26-CDE,2026-09-25T15:00:00Z,81580,81570,81405,175179,26519,2026-09-19T20:01:38Z
2026-09-19T20:00:00Z,BIT-27NOV26-CDE,2026-11-27T16:00:00Z,,0,81855,0,,2026-09-19T20:01:38Z
2026-09-19T20:00:00Z,BIT-30OCT26-CDE,2026-10-30T16:00:00Z,82140,82067.5,81855,2045,451,2026-09-19T20:01:38Z
2026-09-19T20:00:00Z,ET-24DEC26-CDE,2026-12-24T16:00:00Z,,0,,0,,2026-09-19T20:01:38Z
2026-09-19T20:00:00Z,ET-25SEP26-CDE,2026-09-25T15:00:00Z,2644,2641.25,2645,65912,19929,2026-09-19T20:01:38Z
2026-09-19T20:00:00Z,ET-27NOV26-CDE,2026-11-27T16:00:00Z,,0,2655,0,,2026-09-19T20:01:38Z
2026-09-19T20:00:00Z,ET-30OCT26-CDE,2026-10-30T16:00:00Z,2655,2652.75,2655,616,296,2026-09-19T20:01:38Z
2026-09-19T21:00:00Z,BIT-24DEC26-CDE,2026-12-24T16:00:00Z,,0,,0,,2026-09-19T21:01:37Z
2026-09-19T21:00:00Z,BIT-25SEP26-CDE,2026-09-25T15:00:00Z,81355,81385,81405,175179,22214,2026-09-19T21:01:37Z
2026-09-19T21:00:00Z,BIT-27NOV26-CDE,2026-11-27T16:00:00Z,,0,81855,0,,2026-09-19T21:01:37Z
2026-09-19T21:00:00Z,BIT-30OCT26-CDE,2026-10-30T16:00:00Z,81735,81855,81855,2045,404,2026-09-19T21:01:37Z
2026-09-19T21:00:00Z,ET-24DEC26-CDE,2026-12-24T16:00:00Z,,0,,0,,2026-09-19T21:01:37Z
2026-09-19T21:00:00Z,ET-25SEP26-CDE,2026-09-25T15:00:00Z,2640,2642.5,2645,65912,15974,2026-09-19T21:01:37Z
2026-09-19T21:00:00Z,ET-27NOV26-CDE,2026-11-27T16:00:00Z,,0,2655,0,,2026-09-19T21:01:37Z
2026-09-19T21:00:00Z,ET-30OCT26-CDE,2026-10-30T16:00:00Z,2655,2652.25,2655,616,297,2026-09-19T21:01:37Z
2026-09-19T22:00:00Z,BIT-24DEC26-CDE,2026-12-24T16:00:00Z,,0,,0,,2026-09-19T22:01:47Z
2026-09-19T22:00:00Z,BIT-25SEP26-CDE,2026-09-25T15:00:00Z,81325,81230,81405,175179,22772,2026-09-19T22:01:47Z
2026-09-19T22:00:00Z,BIT-27NOV26-CDE,2026-11-27T16:00:00Z,,0,81855,0,,2026-09-19T22:01:47Z
2026-09-19T22:00:00Z,BIT-30OCT26-CDE,2026-10-30T16:00:00Z,81680,81732.5,81855,2045,414,2026-09-19T22:01:47Z
2026-09-19T22:00:00Z,ET-24DEC26-CDE,2026-12-24T16:00:00Z,,0,,0,,2026-09-19T22:01:47Z
2026-09-19T22:00:00Z,ET-25SEP26-CDE,2026-09-25T15:00:00Z,2632.5,2631.5,2645,65912,17246,2026-09-19T22:01:47Z
2026-09-19T22:00:00Z,ET-27NOV26-CDE,2026-11-27T16:00:00Z,,0,2655,0,,2026-09-19T22:01:47Z
2026-09-19T22:00:00Z,ET-30OCT26-CDE,2026-10-30T16:00:00Z,2642.5,2642.5,2655,616,306,2026-09-19T22:01:47Z
2026-09-19T23:00:00Z,BIT-24DEC26-CDE,2026-12-24T16:00:00Z,,0,,0,,2026-09-19T23:01:33Z
2026-09-19T23:00:00Z,BIT-25SEP26-CDE,2026-09-25T15:00:00Z,81465,81435,81405,175179,23399,2026-09-19T23:01:33Z
2026-09-19T23:00:00Z,BIT-27NOV26-CDE,2026-11-27T16:00:00Z,,0,81855,0,,2026-09-19T23:01:33Z
2026-09-19T23:00:00Z,BIT-30OCT26-CDE,2026-10-30T16:00:00Z,81680,81927.5,81855,2045,397,2026-09-19T23:01:33Z
2026-09-19T23:00:00Z,ET-24DEC26-CDE,2026-12-24T16:00:00Z,,0,,0,,2026-09-19T23:01:33Z
2026-09-19T23:00:00Z,ET-25SEP26-CDE,2026-09-25T15:00:00Z,2636.5,2636,2645,65912,17321,2026-09-19T23:01:33Z
2026-09-19T23:00:00Z,ET-27NOV26-CDE,2026-11-27T16:00:00Z,,0,2655,0,,2026-09-19T23:01:33Z
2026-09-19T23:00:00Z,ET-30OCT26-CDE,2026-10-30T16:00:00Z,2639,2648,2655,616,309,2026-09-19T23:01:33Z
2026-09-20T00:00:00Z,BIT-24DEC26-CDE,2026-12-24T16:00:00Z,,0,,0,,2026-09-20T00:01:44Z
2026-09-20T00:00:00Z,BIT-25SEP26-CDE,2026-09-25T15:00:00Z,81400,81410,76650,175179,22921,2026-09-20T00:01:44Z
2026-09-20T00:00:00Z,BIT-27NOV26-CDE,2026-11-27T16:00:00Z,,0,77165,0,,2026-09-20T00:01:44Z
2026-09-20T00:00:00Z,BIT-30OCT26-CDE,2026-10-30T16:00:00Z,82025,81910,77165,2045,415,2026-09-20T00:01:44Z
2026-09-20T00:00:00Z,ET-24DEC26-CDE,2026-12-24T16:00:00Z,,0,,0,,2026-09-20T00:01:44Z
2026-09-20T00:00:00Z,ET-25SEP26-CDE,2026-09-25T15:00:00Z,2635,2634.5,2453.5,65912,16287,2026-09-20T00:01:44Z
2026-09-20T00:00:00Z,ET-27NOV26-CDE,2026-11-27T16:00:00Z,,0,2463,0,,2026-09-20T00:01:44Z
2026-09-20T00:00:00Z,ET-30OCT26-CDE,2026-10-30T16:00:00Z,2651,2645.5,2463,616,310,2026-09-20T00:01:44Z
2026-09-20T01:00:00Z,BIT-24DEC26-CDE,2026-12-24T16:00:00Z,,0,,0,,2026-09-20T01:01:34Z
2026-09-20T01:00:00Z,BIT-25SEP26-CDE,2026-09-25T15:00:00Z,81490,81465,81405,175179,21925,2026-09-20T01:01:34Z
2026-09-20T01:00:00Z,BIT-27NOV26-CDE,2026-11-27T16:00:00Z,,0,81855,0,,2026-09-20T01:01:34Z
2026-09-20T01:00:00Z,BIT-30OCT26-CDE,2026-10-30T16:00:00Z,81990,81967.5,81855,2045,412,2026-09-20T01:01:34Z
2026-09-20T01:00:00Z,ET-24DEC26-CDE,2026-12-24T16:00:00Z,,0,,0,,2026-09-20T01:01:34Z
2026-09-20T01:00:00Z,ET-25SEP26-CDE,2026-09-25T15:00:00Z,2633,2631.75,2645,65912,15468,2026-09-20T01:01:34Z
2026-09-20T01:00:00Z,ET-27NOV26-CDE,2026-11-27T16:00:00Z,,0,2655,0,,2026-09-20T01:01:34Z
2026-09-20T01:00:00Z,ET-30OCT26-CDE,2026-10-30T16:00:00Z,2646.5,2643.5,2655,616,313,2026-09-20T01:01:34Z
2026-09-20T02:00:00Z,BIT-24DEC26-CDE,2026-12-24T16:00:00Z,,0,,0,,2026-09-20T02:01:40Z
2026-09-20T02:00:00Z,BIT-25SEP26-CDE,2026-09-25T15:00:00Z,81240,81252.5,81405,175179,18541,2026-09-20T02:01:40Z
2026-09-20T02:00:00Z,BIT-27NOV26-CDE,2026-11-27T16:00:00Z,,0,81855,0,,2026-09-20T02:01:40Z
2026-09-20T02:00:00Z,BIT-30OCT26-CDE,2026-10-30T16:00:00Z,81870,81780,81855,2045,412,2026-09-20T02:01:40Z
2026-09-20T02:00:00Z,ET-24DEC26-CDE,2026-12-24T16:00:00Z,,0,,0,,2026-09-20T02:01:40Z
2026-09-20T02:00:00Z,ET-25SEP26-CDE,2026-09-25T15:00:00Z,2624,2626,2645,65912,10472,2026-09-20T02:01:40Z
2026-09-20T02:00:00Z,ET-27NOV26-CDE,2026-11-27T16:00:00Z,,0,2655,0,,2026-09-20T02:01:40Z
2026-09-20T02:00:00Z,ET-30OCT26-CDE,2026-10-30T16:00:00Z,2646.5,2637.5,2655,616,313,2026-09-20T02:01:40Z
2026-09-20T03:00:00Z,BIT-24DEC26-CDE,2026-12-24T16:00:00Z,,0,,0,,2026-09-20T03:01:32Z
2026-09-20T03:00:00Z,BIT-25SEP26-CDE,2026-09-25T15:00:00Z,80580,80567.5,81405,175179,21403,2026-09-20T03:01:32Z
2026-09-20T03:00:00Z,BIT-27NOV26-CDE,2026-11-27T16:00:00Z,,0,81855,0,,2026-09-20T03:01:32Z
2026-09-20T03:00:00Z,BIT-30OCT26-CDE,2026-10-30T16:00:00Z,80985,81070,81855,2045,486,2026-09-20T03:01:32Z
2026-09-20T03:00:00Z,ET-24DEC26-CDE,2026-12-24T16:00:00Z,,0,,0,,2026-09-20T03:01:32Z
2026-09-20T03:00:00Z,ET-25SEP26-CDE,2026-09-25T15:00:00Z,2578.5,2577.5,2645,65912,11414,2026-09-20T03:01:32Z
2026-09-20T03:00:00Z,ET-27NOV26-CDE,2026-11-27T16:00:00Z,,0,2655,0,,2026-09-20T03:01:32Z
2026-09-20T03:00:00Z,ET-30OCT26-CDE,2026-10-30T16:00:00Z,2646.5,2590.25,2655,616,313,2026-09-20T03:01:32Z
2026-09-20T04:00:00Z,BIT-24DEC26-CDE,2026-12-24T16:00:00Z,,0,,0,,2026-09-20T04:01:33Z
2026-09-20T04:00:00Z,BIT-25SEP26-CDE,2026-09-25T15:00:00Z,80685,80687.5,81405,175179,23498,2026-09-20T04:01:33Z
2026-09-20T04:00:00Z,BIT-27NOV26-CDE,2026-11-27T16:00:00Z,,0,81855,0,,2026-09-20T04:01:33Z
2026-09-20T04:00:00Z,BIT-30OCT26-CDE,2026-10-30T16:00:00Z,81175,81140,81855,2045,517,2026-09-20T04:01:33Z
2026-09-20T04:00:00Z,ET-24DEC26-CDE,2026-12-24T16:00:00Z,,0,,0,,2026-09-20T04:01:33Z
2026-09-20T04:00:00Z,ET-25SEP26-CDE,2026-09-25T15:00:00Z,2591,2590.5,2645,65912,13583,2026-09-20T04:01:33Z
2026-09-20T04:00:00Z,ET-27NOV26-CDE,2026-11-27T16:00:00Z,,0,2655,0,,2026-09-20T04:01:33Z
2026-09-20T04:00:00Z,ET-30OCT26-CDE,2026-10-30T16:00:00Z,2646.5,2602.75,2655,616,313,2026-09-20T04:01:33Z
2026-09-20T05:00:00Z,BIT-24DEC26-CDE,2026-12-24T16:00:00Z,,0,,0,,2026-09-20T05:01:36Z
2026-09-20T05:00:00Z,BIT-25SEP26-CDE,2026-09-25T15:00:00Z,80655,80607.5,81405,175179,23720,2026-09-20T05:01:36Z
2026-09-20T05:00:00Z,BIT-27NOV26-CDE,2026-11-27T16:00:00Z,,0,81855,0,,2026-09-20T05:01:36Z
2026-09-20T05:00:00Z,BIT-30OCT26-CDE,2026-10-30T16:00:00Z,81105,81095,81855,2045,518,2026-09-20T05:01:36Z
2026-09-20T05:00:00Z,ET-24DEC26-CDE,2026-12-24T16:00:00Z,,0,,0,,2026-09-20T05:01:36Z
2026-09-20T05:00:00Z,ET-25SEP26-CDE,2026-09-25T15:00:00Z,2584.5,2582.75,2645,65912,13667,2026-09-20T05:01:36Z
2026-09-20T05:00:00Z,ET-27NOV26-CDE,2026-11-27T16:00:00Z,,0,2655,0,,2026-09-20T05:01:36Z
2026-09-20T05:00:00Z,ET-30OCT26-CDE,2026-10-30T16:00:00Z,2600,2595,2655,616,413,2026-09-20T05:01:36Z
2026-09-20T06:00:00Z,BIT-24DEC26-CDE,2026-12-24T16:00:00Z,,0,,0,,2026-09-20T06:01:39Z
2026-09-20T06:00:00Z,BIT-25SEP26-CDE,2026-09-25T15:00:00Z,80680,80690,81405,175179,23893,2026-09-20T06:01:39Z
2026-09-20T06:00:00Z,BIT-27NOV26-CDE,2026-11-27T16:00:00Z,,0,81855,0,,2026-09-20T06:01:39Z
2026-09-20T06:00:00Z,BIT-30OCT26-CDE,2026-10-30T16:00:00Z,81105,81167.5,81855,2045,518,2026-09-20T06:01:39Z
2026-09-20T06:00:00Z,ET-24DEC26-CDE,2026-12-24T16:00:00Z,,0,,0,,2026-09-20T06:01:39Z
2026-09-20T06:00:00Z,ET-25SEP26-CDE,2026-09-25T15:00:00Z,2581.5,2583.5,2645,65912,13673,2026-09-20T06:01:39Z
2026-09-20T06:00:00Z,ET-27NOV26-CDE,2026-11-27T16:00:00Z,,0,2655,0,,2026-09-20T06:01:39Z
2026-09-20T06:00:00Z,ET-30OCT26-CDE,2026-10-30T16:00:00Z,2589.5,2595.5,2655,616,387,2026-09-20T06:01:39Z
2026-09-20T07:00:00Z,BIT-24DEC26-CDE,2026-12-24T16:00:00Z,,0,,0,,2026-09-20T07:01:38Z
2026-09-20T07:00:00Z,BIT-25SEP26-CDE,2026-09-25T15:00:00Z,80415,80510,81405,175179,24094,2026-09-20T07:01:38Z
2026-09-20T07:00:00Z,BIT-27NOV26-CDE,2026-11-27T16:00:00Z,,0,81855,0,,2026-09-20T07:01:38Z
2026-09-20T07:00:00Z,BIT-30OCT26-CDE,2026-10-30T16:00:00Z,81105,80992.5,81855,2045,518,2026-09-20T07:01:38Z
2026-09-20T07:00:00Z,ET-24DEC26-CDE,2026-12-24T16:00:00Z,,0,,0,,2026-09-20T07:01:38Z
2026-09-20T07:00:00Z,ET-25SEP26-CDE,2026-09-25T15:00:00Z,2579.5,2579.75,2645,65912,13705,2026-09-20T07:01:38Z
2026-09-20T07:00:00Z,ET-27NOV26-CDE,2026-11-27T16:00:00Z,,0,2655,0,,2026-09-20T07:01:38Z
2026-09-20T07:00:00Z,ET-30OCT26-CDE,2026-10-30T16:00:00Z,2589.5,2592,2655,616,387,2026-09-20T07:01:38Z
2026-09-20T08:00:00Z,BIT-24DEC26-CDE,2026-12-24T16:00:00Z,,0,,0,,2026-09-20T08:01:47Z
2026-09-20T08:00:00Z,BIT-25SEP26-CDE,2026-09-25T15:00:00Z,80535,80612.5,81405,175179,23776,2026-09-20T08:01:47Z
2026-09-20T08:00:00Z,BIT-27NOV26-CDE,2026-11-27T16:00:00Z,,0,81855,0,,2026-09-20T08:01:47Z
2026-09-20T08:00:00Z,BIT-30OCT26-CDE,2026-10-30T16:00:00Z,81015,81100,81855,2045,570,2026-09-20T08:01:47Z
2026-09-20T08:00:00Z,ET-24DEC26-CDE,2026-12-24T16:00:00Z,,0,,0,,2026-09-20T08:01:47Z
2026-09-20T08:00:00Z,ET-25SEP26-CDE,2026-09-25T15:00:00Z,2578,2584.25,2645,65912,13614,2026-09-20T08:01:47Z
2026-09-20T08:00:00Z,ET-27NOV26-CDE,2026-11-27T16:00:00Z,,0,2655,0,,2026-09-20T08:01:47Z
2026-09-20T08:00:00Z,ET-30OCT26-CDE,2026-10-30T16:00:00Z,2589.5,2596.25,2655,616,387,2026-09-20T08:01:47Z
2026-09-20T09:00:00Z,BIT-24DEC26-CDE,2026-12-24T16:00:00Z,,0,,0,,2026-09-20T09:01:38Z
2026-09-20T09:00:00Z,BIT-25SEP26-CDE,2026-09-25T15:00:00Z,80460,80432.5,81405,175179,23825,2026-09-20T09:01:38Z
2026-09-20T09:00:00Z,BIT-27NOV26-CDE,2026-11-27T16:00:00Z,,0,81855,0,,2026-09-20T09:01:38Z
2026-09-20T09:00:00Z,BIT-30OCT26-CDE,2026-10-30T16:00:00Z,80855,80912.5,81855,2045,579,2026-09-20T09:01:38Z
2026-09-20T09:00:00Z,ET-24DEC26-CDE,2026-12-24T16:00:00Z,,0,,0,,2026-09-20T09:01:38Z
2026-09-20T09:00:00Z,ET-25SEP26-CDE,2026-09-25T15:00:00Z,2577.5,2579.5,2645,65912,11681,2026-09-20T09:01:38Z
2026-09-20T09:00:00Z,ET-27NOV26-CDE,2026-11-27T16:00:00Z,,0,2655,0,,2026-09-20T09:01:38Z
2026-09-20T09:00:00Z,ET-30OCT26-CDE,2026-10-30T16:00:00Z,2589.5,2591.75,2655,616,375,2026-09-20T09:01:38Z
2026-09-20T10:00:00Z,BIT-24DEC26-CDE,2026-12-24T16:00:00Z,,0,,0,,2026-09-20T10:01:38Z
2026-09-20T10:00:00Z,BIT-25SEP26-CDE,2026-09-25T15:00:00Z,80670,80692.5,81405,175179,23785,2026-09-20T10:01:38Z
2026-09-20T10:00:00Z,BIT-27NOV26-CDE,2026-11-27T16:00:00Z,,0,81855,0,,2026-09-20T10:01:38Z
2026-09-20T10:00:00Z,BIT-30OCT26-CDE,2026-10-30T16:00:00Z,81205,81172.5,81855,2045,604,2026-09-20T10:01:38Z
2026-09-20T10:00:00Z,ET-24DEC26-CDE,2026-12-24T16:00:00Z,,0,,0,,2026-09-20T10:01:38Z
2026-09-20T10:00:00Z,ET-25SEP26-CDE,2026-09-25T15:00:00Z,2583,2585,2645,65912,11044,2026-09-20T10:01:38Z
2026-09-20T10:00:00Z,ET-27NOV26-CDE,2026-11-27T16:00:00Z,,0,2655,0,,2026-09-20T10:01:38Z
2026-09-20T10:00:00Z,ET-30OCT26-CDE,2026-10-30T16:00:00Z,2589.5,2597,2655,616,275,2026-09-20T10:01:38Z
2026-09-20T11:00:00Z,BIT-24DEC26-CDE,2026-12-24T16:00:00Z,,0,,0,,2026-09-20T11:01:37Z
2026-09-20T11:00:00Z,BIT-25SEP26-CDE,2026-09-25T15:00:00Z,80530,80502.5,81405,175179,23631,2026-09-20T11:01:37Z
2026-09-20T11:00:00Z,BIT-27NOV26-CDE,2026-11-27T16:00:00Z,,0,81855,0,,2026-09-20T11:01:37Z
2026-09-20T11:00:00Z,BIT-30OCT26-CDE,2026-10-30T16:00:00Z,81020,80995,81855,2045,684,2026-09-20T11:01:37Z
2026-09-20T11:00:00Z,ET-24DEC26-CDE,2026-12-24T16:00:00Z,,0,,0,,2026-09-20T11:01:37Z
2026-09-20T11:00:00Z,ET-25SEP26-CDE,2026-09-25T15:00:00Z,2579.5,2574.75,2645,65912,10977,2026-09-20T11:01:37Z
2026-09-20T11:00:00Z,ET-27NOV26-CDE,2026-11-27T16:00:00Z,,0,2655,0,,2026-09-20T11:01:37Z
2026-09-20T11:00:00Z,ET-30OCT26-CDE,2026-10-30T16:00:00Z,2589.5,2588,2655,616,272,2026-09-20T11:01:37Z
2026-09-20T12:00:00Z,BIT-24DEC26-CDE,2026-12-24T16:00:00Z,,0,,0,,2026-09-20T12:01:34Z
2026-09-20T12:00:00Z,BIT-25SEP26-CDE,2026-09-25T15:00:00Z,80710,80630,81405,175179,23903,2026-09-20T12:01:34Z
2026-09-20T12:00:00Z,BIT-27NOV26-CDE,2026-11-27T16:00:00Z,,0,81855,0,,2026-09-20T12:01:34Z
2026-09-20T12:00:00Z,BIT-30OCT26-CDE,2026-10-30T16:00:00Z,81115,81117.5,81855,2045,660,2026-09-20T12:01:34Z
2026-09-20T12:00:00Z,ET-24DEC26-CDE,2026-12-24T16:00:00Z,,0,,0,,2026-09-20T12:01:34Z
2026-09-20T12:00:00Z,ET-25SEP26-CDE,2026-09-25T15:00:00Z,2581.5,2580.75,2645,65912,11067,2026-09-20T12:01:34Z
2026-09-20T12:00:00Z,ET-27NOV26-CDE,2026-11-27T16:00:00Z,,0,2655,0,,2026-09-20T12:01:34Z
2026-09-20T12:00:00Z,ET-30OCT26-CDE,2026-10-30T16:00:00Z,2589.5,2591.25,2655,616,247,2026-09-20T12:01:34Z
2026-09-20T13:00:00Z,BIT-24DEC26-CDE,2026-12-24T16:00:00Z,,0,,0,,2026-09-20T13:01:32Z
2026-09-20T13:00:00Z,BIT-25SEP26-CDE,2026-09-25T15:00:00Z,80600,80702.5,81405,175179,24221,2026-09-20T13:01:32Z
2026-09-20T13:00:00Z,BIT-27NOV26-CDE,2026-11-27T16:00:00Z,,0,81855,0,,2026-09-20T13:01:32Z
2026-09-20T13:00:00Z,BIT-30OCT26-CDE,2026-10-30T16:00:00Z,81180,81172.5,81855,2045,677,2026-09-20T13:01:32Z
2026-09-20T13:00:00Z,ET-24DEC26-CDE,2026-12-24T16:00:00Z,,0,,0,,2026-09-20T13:01:32Z
2026-09-20T13:00:00Z,ET-25SEP26-CDE,2026-09-25T15:00:00Z,2580.5,2586.25,2645,65912,10778,2026-09-20T13:01:32Z
2026-09-20T13:00:00Z,ET-27NOV26-CDE,2026-11-27T16:00:00Z,,0,2655,0,,2026-09-20T13:01:32Z
2026-09-20T13:00:00Z,ET-30OCT26-CDE,2026-10-30T16:00:00Z,2595.5,2599,2655,616,250,2026-09-20T13:01:32Z
2026-09-20T14:00:00Z,BIT-24DEC26-CDE,2026-12-24T16:00:00Z,,0,,0,,2026-09-20T14:01:39Z
2026-09-20T14:00:00Z,BIT-25SEP26-CDE,2026-09-25T15:00:00Z,80730,80772.5,81405,175179,24209,2026-09-20T14:01:39Z
2026-09-20T14:00:00Z,BIT-27NOV26-CDE,2026-11-27T16:00:00Z,,0,81855,0,,2026-09-20T14:01:39Z
2026-09-20T14:00:00Z,BIT-30OCT26-CDE,2026-10-30T16:00:00Z,81200,81257.5,81855,2045,549,2026-09-20T14:01:39Z
2026-09-20T14:00:00Z,ET-24DEC26-CDE,2026-12-24T16:00:00Z,,0,,0,,2026-09-20T14:01:39Z
2026-09-20T14:00:00Z,ET-25SEP26-CDE,2026-09-25T15:00:00Z,2586.5,2586.75,2645,65912,10856,2026-09-20T14:01:39Z
2026-09-20T14:00:00Z,ET-27NOV26-CDE,2026-11-27T16:00:00Z,,0,2655,0,,2026-09-20T14:01:39Z
2026-09-20T14:00:00Z,ET-30OCT26-CDE,2026-10-30T16:00:00Z,2599,2599,2655,616,345,2026-09-20T14:01:39Z
2026-09-20T15:00:00Z,BIT-24DEC26-CDE,2026-12-24T16:00:00Z,,0,,0,,2026-09-20T15:01:38Z
2026-09-20T15:00:00Z,BIT-25SEP26-CDE,2026-09-25T15:00:00Z,80820,80955,81405,175179,23999,2026-09-20T15:01:38Z
2026-09-20T15:00:00Z,BIT-27NOV26-CDE,2026-11-27T16:00:00Z,,0,81855,0,,2026-09-20T15:01:38Z
2026-09-20T15:00:00Z,BIT-30OCT26-CDE,2026-10-30T16:00:00Z,81310,81437.5,81855,2045,547,2026-09-20T15:01:38Z
2026-09-20T15:00:00Z,ET-24DEC26-CDE,2026-12-24T16:00:00Z,,0,,0,,2026-09-20T15:01:38Z
2026-09-20T15:00:00Z,ET-25SEP26-CDE,2026-09-25T15:00:00Z,2591,2597.75,2645,65912,9964,2026-09-20T15:01:38Z
2026-09-20T15:00:00Z,ET-27NOV26-CDE,2026-11-27T16:00:00Z,,0,2655,0,,2026-09-20T15:01:38Z
2026-09-20T15:00:00Z,ET-30OCT26-CDE,2026-10-30T16:00:00Z,2608.5,2610,2655,616,345,2026-09-20T15:01:38Z
2026-09-20T16:00:00Z,BIT-24DEC26-CDE,2026-12-24T16:00:00Z,,0,,0,,2026-09-20T16:01:38Z
2026-09-20T16:00:00Z,BIT-25SEP26-CDE,2026-09-25T15:00:00Z,81085,81015,81405,175179,16151,2026-09-20T16:01:38Z
2026-09-20T16:00:00Z,BIT-27NOV26-CDE,2026-11-27T16:00:00Z,,0,81855,0,,2026-09-20T16:01:38Z
2026-09-20T16:00:00Z,BIT-30OCT26-CDE,2026-10-30T16:00:00Z,81500,81515,81855,2045,494,2026-09-20T16:01:38Z
2026-09-20T16:00:00Z,ET-24DEC26-CDE,2026-12-24T16:00:00Z,,0,,0,,2026-09-20T16:01:38Z
2026-09-20T16:00:00Z,ET-25SEP26-CDE,2026-09-25T15:00:00Z,2619.5,2614.25,2645,65912,11406,2026-09-20T16:01:38Z
2026-09-20T16:00:00Z,ET-27NOV26-CDE,2026-11-27T16:00:00Z,,0,2655,0,,2026-09-20T16:01:38Z
2026-09-20T16:00:00Z,ET-30OCT26-CDE,2026-10-30T16:00:00Z,2608.5,2626,2655,616,343,2026-09-20T16:01:38Z
2026-09-20T17:00:00Z,BIT-24DEC26-CDE,2026-12-24T16:00:00Z,,0,,0,,2026-09-20T17:01:37Z
2026-09-20T17:00:00Z,BIT-25SEP26-CDE,2026-09-25T15:00:00Z,81435,81450,81405,175179,15655,2026-09-20T17:01:37Z
2026-09-20T17:00:00Z,BIT-27NOV26-CDE,2026-11-27T16:00:00Z,,0,81855,0,,2026-09-20T17:01:37Z
2026-09-20T17:00:00Z,BIT-30OCT26-CDE,2026-10-30T16:00:00Z,81935,81885,81855,2045,528,2026-09-20T17:01:37Z
2026-09-20T17:00:00Z,ET-24DEC26-CDE,2026-12-24T16:00:00Z,,0,,0,,2026-09-20T17:01:37Z
2026-09-20T17:00:00Z,ET-25SEP26-CDE,2026-09-25T15:00:00Z,2643.5,2640.75,2645,65912,11473,2026-09-20T17:01:37Z
2026-09-20T17:00:00Z,ET-27NOV26-CDE,2026-11-27T16:00:00Z,,0,2655,0,,2026-09-20T17:01:37Z
2026-09-20T17:00:00Z,ET-30OCT26-CDE,2026-10-30T16:00:00Z,2608.5,2653.25,2655,616,343,2026-09-20T17:01:37Z
