funding_time,product_id,funding_rate,index_price,settlement_price,mid,price,open_interest,volume_24h,fetched_at
2026-09-04T19:00:00Z,ADP-20DEC30-CDE,-2e-06,0.213521,0.2224,0.21355,0.2135,10379,40002,2026-09-04T19:24:13Z
2026-09-04T19:00:00Z,AIP-19DEC30-CDE,-1e-06,2954.16585,2953.8,2953.75,2954.4,656,1513,2026-09-04T19:24:13Z
2026-09-04T19:00:00Z,AVE-20DEC30-CDE,1e-06,130.895508,134.17,130.875,130.89,1092,3433,2026-09-04T19:24:13Z
2026-09-04T19:00:00Z,AVP-20DEC30-CDE,-3.9e-05,7.388946,7.53,7.385,7.37,8142,7086,2026-09-04T19:24:13Z
2026-09-04T19:00:00Z,BCP-20DEC30-CDE,1e-05,253.370504,259.65,253.6,253.4,1665,41035,2026-09-04T19:24:13Z
2026-09-04T19:00:00Z,BIP-20DEC30-CDE,3e-06,79798.877759,81805,79805,79800,216952,877294,2026-09-04T19:24:13Z
2026-09-04T19:00:00Z,BNB-20DEC30-CDE,6e-06,720.881797,724.55,721.275,721.15,341,886,2026-09-04T19:24:13Z
2026-09-04T19:00:00Z,CHN-19DEC30-CDE,-1.1e-05,2944.893902,2923.9,2944.15,2943.3,256,966,2026-09-04T19:24:13Z
2026-09-04T19:00:00Z,DEF-19DEC30-CDE,-1e-05,2748.839159,2791.9,2748.3,2746.6,191,531,2026-09-04T19:24:13Z
2026-09-04T19:00:00Z,DOP-20DEC30-CDE,-5e-06,0.084949,0.08934,0.084985,0.08493,2397,10496,2026-09-04T19:24:13Z
2026-09-04T19:00:00Z,ENA-20DEC30-CDE,2e-06,0.16556,0.17095,0.165605,0.16565,1071,16808,2026-09-04T19:24:13Z
2026-09-04T19:00:00Z,ETP-20DEC30-CDE,9e-06,2456.288472,2519,2457.25,2457.5,314677,464217,2026-09-04T19:24:13Z
2026-09-04T19:00:00Z,HEP-20DEC30-CDE,2e-06,0.077376,0.07969,0.07736,0.07725,2188,16851,2026-09-04T19:24:13Z
2026-09-04T19:00:00Z,HYP-20DEC30-CDE,2.3e-05,85.048708,85.88,85.055,85.08,9351,23830,2026-09-04T19:24:13Z
2026-09-04T19:00:00Z,LCP-20DEC30-CDE,8e-06,50.578003,51.67,50.605,50.46,3130,5832,2026-09-04T19:24:13Z
2026-09-04T19:00:00Z,LNP-20DEC30-CDE,9e-06,11.694791,11.855,11.7015,11.701,4276,9776,2026-09-04T19:24:13Z
2026-09-04T19:00:00Z,NER-20DEC30-CDE,2.6e-05,2.0774,1.9821,2.0792,2.0755,1305,9530,2026-09-04T19:24:13Z
2026-09-04T19:00:00Z,OND-20DEC30-CDE,-7e-06,0.356663,0.3676,0.35665,0.3567,5029,10743,2026-09-04T19:24:13Z
2026-09-04T19:00:00Z,PAU-20DEC30-CDE,2e-06,4430.412453,4475.7,4432.95,4433,1156,2184,2026-09-04T19:24:13Z
2026-09-04T19:00:00Z,PEP-20DEC30-CDE,1.2e-05,0.00356,0.00381,0.003565,0.00356,609,5155,2026-09-04T19:24:13Z
2026-09-04T19:00:00Z,POP-20DEC30-CDE,-8e-06,0.874701,0.896,0.8775,0.875,4413,5177,2026-09-04T19:24:13Z
2026-09-04T19:00:00Z,SHP-20DEC30-CDE,1e-05,0.00522,0.00544,0.00522,0.0052,3082,4802,2026-09-04T19:24:13Z
2026-09-04T19:00:00Z,SLP-20DEC30-CDE,2e-06,101.878594,105.24,101.89,101.85,36037,64945,2026-09-04T19:24:13Z
2026-09-04T19:00:00Z,SUP-20DEC30-CDE,1e-05,0.758002,0.7897,0.75865,0.7584,5041,17818,2026-09-04T19:24:13Z
2026-09-04T19:00:00Z,TEK-19DEC30-CDE,2e-06,3962.827496,3976.5,3963.4,3962.9,597,4809,2026-09-04T19:24:13Z
2026-09-04T19:00:00Z,US5-19DEC30-CDE,-5e-06,3109.73409,3124.3,3109.15,3109.5,1288,3568,2026-09-04T19:24:13Z
2026-09-04T19:00:00Z,XLP-20DEC30-CDE,1e-06,0.179313,0.18797,0.17935,0.17911,3820,8314,2026-09-04T19:24:13Z
2026-09-04T19:00:00Z,XPP-20DEC30-CDE,6e-06,1.403064,1.4734,1.40385,1.4037,48880,143967,2026-09-04T19:24:13Z
2026-09-04T19:00:00Z,ZEC-20DEC30-CDE,-8e-06,1031.661209,970,1035.725,1035.25,8196,85242,2026-09-04T19:24:13Z
2026-09-04T20:00:00Z,ADP-20DEC30-CDE,2e-06,0.212541,0.2224,0.21265,0.2124,10379,39432,2026-09-04T20:31:22Z
2026-09-04T20:00:00Z,AIP-19DEC30-CDE,1e-06,2956.468298,2953.8,2955.9,2957.2,656,1546,2026-09-04T20:31:22Z
2026-09-04T20:00:00Z,AVE-20DEC30-CDE,-1e-06,130.305679,134.17,130.38,130.45,1092,3511,2026-09-04T20:31:22Z
2026-09-04T20:00:00Z,AVP-20DEC30-CDE,-4.2e-05,7.374899,7.53,7.37,7.37,8142,6713,2026-09-04T20:31:22Z
2026-09-04T20:00:00Z,BCP-20DEC30-CDE,6e-06,253.004883,259.65,253.15,253.05,1665,40627,2026-09-04T20:31:22Z
2026-09-04T20:00:00Z,BIP-20DEC30-CDE,3e-06,79779.178207,81805,79795,79790,216952,825420,2026-09-04T20:31:22Z
2026-09-04T20:00:00Z,BNB-20DEC30-CDE,4e-06,719.453575,724.55,719.45,720.9,341,882,2026-09-04T20:31:22Z
2026-09-04T20:00:00Z,CHN-19DEC30-CDE,-1.5e-05,2948.848359,2923.9,2946.8,2945.1,256,1039,2026-09-04T20:31:22Z
2026-09-04T20:00:00Z,DEF-19DEC30-CDE,-1.1e-05,2754.125034,2791.9,2752.1,2751.9,191,458,2026-09-04T20:31:22Z
2026-09-04T20:00:00Z,DOP-20DEC30-CDE,-3e-06,0.084701,0.08934,0.084745,0.08466,2397,10282,2026-09-04T20:31:22Z
2026-09-04T20:00:00Z,ENA-20DEC30-CDE,5e-06,0.163651,0.17095,0.16399,0.16374,1071,16437,2026-09-04T20:31:22Z
2026-09-04T20:00:00Z,ETP-20DEC30-CDE,8e-06,2453.346661,2519,2454,2453.5,314677,413629,2026-09-04T20:31:22Z
2026-09-04T20:00:00Z,HEP-20DEC30-CDE,-3e-06,0.077801,0.07969,0.07785,0.07785,2188,16674,2026-09-04T20:31:22Z
2026-09-04T20:00:00Z,HYP-20DEC30-CDE,2.2e-05,84.722488,85.88,84.795,84.68,9351,22222,2026-09-04T20:31:22Z
2026-09-04T20:00:00Z,LCP-20DEC30-CDE,6e-06,50.721355,51.67,50.74,50.71,3130,5249,2026-09-04T20:31:22Z
2026-09-04T20:00:00Z,LNP-20DEC30-CDE,5e-06,11.691406,11.855,11.698,11.698,4276,9814,2026-09-04T20:31:22Z
2026-09-04T20:00:00Z,NER-20DEC30-CDE,1.2e-05,2.11163,1.9821,2.124,2.1192,1305,10317,2026-09-04T20:31:22Z
2026-09-04T20:00:00Z,OND-20DEC30-CDE,-5e-06,0.357565,0.3676,0.35815,0.3579,5029,10558,2026-09-04T20:31:22Z
2026-09-04T20:00:00Z,PAU-20DEC30-CDE,2e-06,4431.66,4475.7,4430.85,4432.3,1156,2197,2026-09-04T20:31:22Z
2026-09-04T20:00:00Z,PEP-20DEC30-CDE,1.1e-05,0.00357,0.00381,0.0035725,0.003571,609,4872,2026-09-04T20:31:22Z
2026-09-04T20:00:00Z,POP-20DEC30-CDE,-5e-06,0.868743,0.896,0.869,0.869,4413,4769,2026-09-04T20:31:22Z
2026-09-04T20:00:00Z,SHP-20DEC30-CDE,7e-06,0.005227,0.00544,0.005215,0.00521,3082,4239,2026-09-04T20:31:22Z
2026-09-04T20:00:00Z,SLP-20DEC30-CDE,-2e-06,101.657165,105.24,101.675,101.64,36037,63751,2026-09-04T20:31:22Z
2026-09-04T20:00:00Z,SUP-20DEC30-CDE,8e-06,0.758088,0.7897,0.75905,0.7581,5041,17564,2026-09-04T20:31:22Z
2026-09-04T20:00:00Z,TEK-19DEC30-CDE,4e-06,3962.973965,3976.5,3961.9,3961.4,597,4973,2026-09-04T20:31:22Z
2026-09-04T20:00:00Z,US5-19DEC30-CDE,-5e-06,3110.090277,3124.3,3108.95,3109.1,1288,3715,2026-09-04T20:31:22Z
2026-09-04T20:00:00Z,XLP-20DEC30-CDE,3e-06,0.179182,0.18797,0.179355,0.17924,3820,7682,2026-09-04T20:31:22Z
2026-09-04T20:00:00Z,XPP-20DEC30-CDE,3e-06,1.39779,1.4734,1.3979,1.3974,48880,138117,2026-09-04T20:31:22Z
2026-09-04T20:00:00Z,ZEC-20DEC30-CDE,-6e-06,1037.298209,970,1040.225,1039.65,8196,79559,2026-09-04T20:31:22Z
2026-09-04T21:00:00Z,ADP-20DEC30-CDE,1e-06,0.213101,0.2224,0.2126,0.2125,10379,38949,2026-09-04T21:25:07Z
2026-09-04T21:00:00Z,AIP-19DEC30-CDE,0,2957.15713,2953.8,2945,2957.8,656,1551,2026-09-04T21:25:07Z
2026-09-04T21:00:00Z,AVE-20DEC30-CDE,1e-06,130.105485,134.17,134,130.43,1092,3488,2026-09-04T21:25:07Z
2026-09-04T21:00:00Z,AVP-20DEC30-CDE,-4.5e-05,7.381421,7.53,7.295,7.37,8142,6771,2026-09-04T21:25:07Z
2026-09-04T21:00:00Z,BCP-20DEC30-CDE,7e-06,253.089054,259.65,257.9,252.75,1665,40634,2026-09-04T21:25:07Z
2026-09-04T21:00:00Z,BIP-20DEC30-CDE,5e-06,79807.515186,81805,79770,79710,216952,820138,2026-09-04T21:25:07Z
2026-09-04T21:00:00Z,BNB-20DEC30-CDE,5e-06,719.243496,724.55,710.5,720.9,341,878,2026-09-04T21:25:07Z
2026-09-04T21:00:00Z,CHN-19DEC30-CDE,-2.6e-05,2948.664295,2923.9,2952.3,2947.5,256,1069,2026-09-04T21:25:07Z
2026-09-04T21:00:00Z,DEF-19DEC30-CDE,-2.1e-05,2756.036843,2791.9,2809,2752.9,191,431,2026-09-04T21:25:07Z
2026-09-04T21:00:00Z,DOP-20DEC30-CDE,2e-06,0.084938,0.08934,0.086885,0.08474,2397,10195,2026-09-04T21:25:07Z
2026-09-04T21:00:00Z,ENA-20DEC30-CDE,2e-06,0.164799,0.17095,0.16599,0.16406,1071,16121,2026-09-04T21:25:07Z
2026-09-04T21:00:00Z,ETP-20DEC30-CDE,5e-06,2454.520364,2519,2457,2452.5,314677,400119,2026-09-04T21:25:07Z
2026-09-04T21:00:00Z,HEP-20DEC30-CDE,-3e-06,0.078251,0.07969,0.07745,0.07814,2188,16691,2026-09-04T21:25:07Z
2026-09-04T21:00:00Z,HYP-20DEC30-CDE,2.2e-05,84.221533,85.88,84.885,84.32,9351,22033,2026-09-04T21:25:07Z
2026-09-04T21:00:00Z,LCP-20DEC30-CDE,6e-06,50.86422,51.67,49,50.87,3130,5329,2026-09-04T21:25:07Z
2026-09-04T21:00:00Z,LNP-20DEC30-CDE,6e-06,11.684794,11.855,12.0755,11.682,4276,9758,2026-09-04T21:25:07Z
2026-09-04T21:00:00Z,NER-20DEC30-CDE,7e-06,2.123886,1.9821,2.1325,2.1047,1305,10357,2026-09-04T21:25:07Z
2026-09-04T21:00:00Z,OND-20DEC30-CDE,7e-06,0.357975,0.3676,0.3598,0.3571,5029,10506,2026-09-04T21:25:07Z
2026-09-04T21:00:00Z,PAU-20DEC30-CDE,0,4433.78,4475.7,4431.9,4432,1156,2172,2026-09-04T21:25:07Z
2026-09-04T21:00:00Z,PEP-20DEC30-CDE,8e-06,0.00358,0.00381,0.003642,0.003575,609,4865,2026-09-04T21:25:07Z
2026-09-04T21:00:00Z,POP-20DEC30-CDE,-9e-06,0.878507,0.896,0.8785,0.869,4413,4530,2026-09-04T21:25:07Z
2026-09-04T21:00:00Z,SHP-20DEC30-CDE,7e-06,0.00524,0.00544,0.005225,0.00522,3082,4017,2026-09-04T21:25:07Z
2026-09-04T21:00:00Z,SLP-20DEC30-CDE,-7e-06,101.835418,105.24,102.115,101.72,36037,63506,2026-09-04T21:25:07Z
2026-09-04T21:00:00Z,SUP-20DEC30-CDE,5e-06,0.758712,0.7897,0.7564,0.7593,5041,17514,2026-09-04T21:25:07Z
2026-09-04T21:00:00Z,TEK-19DEC30-CDE,-1e-06,3962.315026,3976.5,3968.15,3962.5,597,4966,2026-09-04T21:25:07Z
2026-09-04T21:00:00Z,US5-19DEC30-CDE,-9e-06,3109.705288,3124.3,3119.6,3108.4,1288,3665,2026-09-04T21:25:07Z
2026-09-04T21:00:00Z,XLP-20DEC30-CDE,4e-06,0.179635,0.18797,0.178525,0.17923,3820,7797,2026-09-04T21:25:07Z
2026-09-04T21:00:00Z,XPP-20DEC30-CDE,-5e-06,1.400815,1.4734,1.39955,1.3997,48880,135315,2026-09-04T21:25:07Z
2026-09-04T21:00:00Z,ZEC-20DEC30-CDE,7e-06,1023.673258,970,1027.95,1024.55,8196,79455,2026-09-04T21:25:07Z
2026-09-04T23:00:00Z,ADP-20DEC30-CDE,-3e-06,0.210041,0.2224,0.21035,0.2104,9681,36559,2026-09-04T23:04:30Z
2026-09-04T23:00:00Z,AVE-20DEC30-CDE,1e-06,129.725729,134.17,129.805,129.77,982,3333,2026-09-04T23:04:30Z
2026-09-04T23:00:00Z,AVP-20DEC30-CDE,-4.4e-05,7.344058,7.53,7.345,7.35,7699,6573,2026-09-04T23:04:30Z
2026-09-04T23:00:00Z,BCP-20DEC30-CDE,1.3e-05,249.127905,259.65,249.2,249.1,1657,38503,2026-09-04T23:04:30Z
2026-09-04T23:00:00Z,BIP-20DEC30-CDE,5e-06,79627.843639,81805,79667.5,79645,173830,732077,2026-09-04T23:04:30Z
2026-09-04T23:00:00Z,BNB-20DEC30-CDE,1.3e-05,718.931024,724.55,719.125,720.9,365,787,2026-09-04T23:04:30Z
2026-09-04T23:00:00Z,DOP-20DEC30-CDE,8e-06,0.084551,0.08934,0.08456,0.08449,2454,9670,2026-09-04T23:04:30Z
2026-09-04T23:00:00Z,ENA-20DEC30-CDE,-7e-06,0.162666,0.17095,0.162945,0.16276,1163,15099,2026-09-04T23:04:30Z
2026-09-04T23:00:00Z,ETP-20DEC30-CDE,1e-05,2450.85194,2519,2452.25,2451,319396,348206,2026-09-04T23:04:30Z
2026-09-04T23:00:00Z,HEP-20DEC30-CDE,-1e-06,0.077706,0.07969,0.077715,0.07777,2239,16245,2026-09-04T23:04:30Z
2026-09-04T23:00:00Z,HYP-20DEC30-CDE,1.9e-05,83.97814,85.88,84.125,83.91,9250,20931,2026-09-04T23:04:30Z
2026-09-04T23:00:00Z,LCP-20DEC30-CDE,-2.7e-05,50.724679,51.67,50.73,50.65,3178,4926,2026-09-04T23:04:30Z
2026-09-04T23:00:00Z,LNP-20DEC30-CDE,4e-06,11.598303,11.855,11.597,11.596,4294,8967,2026-09-04T23:04:30Z
2026-09-04T23:00:00Z,NER-20DEC30-CDE,5e-06,2.133642,1.9821,2.1349,2.1328,1157,10163,2026-09-04T23:04:30Z
2026-09-04T23:00:00Z,OND-20DEC30-CDE,-2e-06,0.354795,0.3676,0.35495,0.3561,4919,9644,2026-09-04T23:04:30Z
2026-09-04T23:00:00Z,PAU-20DEC30-CDE,1e-06,4433.830792,4475.7,4434,4436.8,1192,2091,2026-09-04T23:04:30Z
2026-09-04T23:00:00Z,PEP-20DEC30-CDE,-6e-06,0.00351,0.00381,0.0035135,0.003511,665,4282,2026-09-04T23:04:30Z
2026-09-04T23:00:00Z,POP-20DEC30-CDE,-5e-06,0.868407,0.896,0.8685,0.872,4401,4356,2026-09-04T23:04:30Z
2026-09-04T23:00:00Z,SHP-20DEC30-CDE,2.1e-05,0.005211,0.00544,0.005215,0.00522,3411,3944,2026-09-04T23:04:30Z
2026-09-04T23:00:00Z,SLP-20DEC30-CDE,-1e-05,101.734251,105.24,101.755,101.71,35533,58450,2026-09-04T23:04:30Z
2026-09-04T23:00:00Z,SUP-20DEC30-CDE,1e-05,0.751743,0.7897,0.75235,0.7513,4888,16531,2026-09-04T23:04:30Z
2026-09-04T23:00:00Z,XLP-20DEC30-CDE,1e-06,0.178905,0.18797,0.17907,0.17889,3777,6925,2026-09-04T23:04:30Z
2026-09-04T23:00:00Z,XPP-20DEC30-CDE,-9e-06,1.395531,1.4734,1.39565,1.3951,45857,122132,2026-09-04T23:04:30Z
2026-09-04T23:00:00Z,ZEC-20DEC30-CDE,1.6e-05,1026.855473,970,1026.9,1027.35,8729,72341,2026-09-04T23:04:30Z
2026-09-05T00:00:00Z,ADP-20DEC30-CDE,-6e-06,0.210983,0.2136,0.21075,0.211,9681,36297,2026-09-05T00:14:01Z
2026-09-05T00:00:00Z,AVE-20DEC30-CDE,-4e-06,130.848327,130.56,130.86,130.3,982,3305,2026-09-05T00:14:01Z
2026-09-05T00:00:00Z,AVP-20DEC30-CDE,-3.7e-05,7.390193,7.38,7.385,7.39,7699,6651,2026-09-05T00:14:01Z
2026-09-05T00:00:00Z,BCP-20DEC30-CDE,8e-06,246.687415,253.2,246.45,246.65,1657,37760,2026-09-05T00:14:01Z
2026-09-05T00:00:00Z,BIP-20DEC30-CDE,4e-06,79723.838309,79790,79717.5,79715,173830,706782,2026-09-05T00:14:01Z
2026-09-05T00:00:00Z,BNB-20DEC30-CDE,1.3e-05,721.498719,720.2,721.8,720.9,365,785,2026-09-05T00:14:01Z
2026-09-05T00:00:00Z,DOP-20DEC30-CDE,3e-06,0.084771,0.08475,0.08478,0.08468,2454,9060,2026-09-05T00:14:01Z
2026-09-05T00:00:00Z,ENA-20DEC30-CDE,-4e-06,0.16297,0.1633,0.162965,0.16337,1163,14306,2026-09-05T00:14:01Z
2026-09-05T00:00:00Z,ETP-20DEC30-CDE,1.2e-05,2457.52067,2455.5,2456.75,2456.5,319396,337662,2026-09-05T00:14:01Z
2026-09-05T00:00:00Z,HEP-20DEC30-CDE,3e-06,0.078926,0.07733,0.07905,0.07824,2239,15946,2026-09-05T00:14:01Z
2026-09-05T00:00:00Z,HYP-20DEC30-CDE,2.1e-05,84.348719,84.89,84.45,84.4,9250,18693,2026-09-05T00:14:01Z
2026-09-05T00:00:00Z,LCP-20DEC30-CDE,-1.9e-05,50.915276,50.68,50.96,50.86,3178,4652,2026-09-05T00:14:01Z
2026-09-05T00:00:00Z,LNP-20DEC30-CDE,4e-06,11.632677,11.711,11.635,11.616,4294,8941,2026-09-05T00:14:01Z
2026-09-05T00:00:00Z,NER-20DEC30-CDE,-9e-06,2.205484,2.1617,2.20495,2.2076,1157,10753,2026-09-05T00:14:01Z
2026-09-05T00:00:00Z,OND-20DEC30-CDE,-1e-06,0.358813,0.3582,0.359,0.3573,4919,9474,2026-09-05T00:14:01Z
2026-09-05T00:00:00Z,PAU-20DEC30-CDE,3e-06,4432.994753,4435.8,4434.65,4435.5,1192,2031,2026-09-05T00:14:01Z
2026-09-05T00:00:00Z,PEP-20DEC30-CDE,4e-06,0.00352,0.003579,0.0035125,0.003524,665,4108,2026-09-05T00:14:01Z
2026-09-05T00:00:00Z,POP-20DEC30-CDE,-1.6e-05,0.888855,0.874,0.886,0.889,4401,5030,2026-09-05T00:14:01Z
2026-09-05T00:00:00Z,SHP-20DEC30-CDE,7e-06,0.00523,0.00522,0.005235,0.00524,3411,4097,2026-09-05T00:14:01Z
2026-09-05T00:00:00Z,SLP-20DEC30-CDE,-5e-06,101.881256,101.71,101.85,101.79,35533,55955,2026-09-05T00:14:01Z
2026-09-05T00:00:00Z,SUP-20DEC30-CDE,6e-06,0.757845,0.7591,0.7576,0.7558,4888,15870,2026-09-05T00:14:01Z
2026-09-05T00:00:00Z,XLP-20DEC30-CDE,9e-06,0.179755,0.17962,0.17976,0.17991,3777,6539,2026-09-05T00:14:01Z
2026-09-05T00:00:00Z,XPP-20DEC30-CDE,-1e-05,1.399953,1.4005,1.3994,1.4004,45857,115588,2026-09-05T00:14:01Z
2026-09-05T00:00:00Z,ZEC-20DEC30-CDE,1.2e-05,1023.866028,1041.5,1025.775,1027,8729,70127,2026-09-05T00:14:01Z
2026-09-05T01:00:00Z,ADP-20DEC30-CDE,-5e-06,0.211097,0.2136,0.2113,0.2111,9681,34915,2026-09-05T01:14:14Z
2026-09-05T01:00:00Z,AVE-20DEC30-CDE,-4e-06,131.166868,130.56,131.215,131.04,982,3187,2026-09-05T01:14:14Z
2026-09-05T01:00:00Z,AVP-20DEC30-CDE,-2.9e-05,7.404523,7.38,7.395,7.39,7699,6677,2026-09-05T01:14:14Z
2026-09-05T01:00:00Z,BCP-20DEC30-CDE,0,246.147179,253.2,246.125,246,1657,36225,2026-09-05T01:14:14Z
2026-09-05T01:00:00Z,BIP-20DEC30-CDE,5e-06,79687.679808,79790,79710,79710,173830,675146,2026-09-05T01:14:14Z
2026-09-05T01:00:00Z,BNB-20DEC30-CDE,1.5e-05,720.022219,720.2,720.425,720.9,365,767,2026-09-05T01:14:14Z
2026-09-05T01:00:00Z,DOP-20DEC30-CDE,1e-06,0.084883,0.08475,0.08489,0.08472,2454,8738,2026-09-05T01:14:14Z
2026-09-05T01:00:00Z,ENA-20DEC30-CDE,5e-06,0.163679,0.1633,0.163775,0.16394,1163,13405,2026-09-05T01:14:14Z
2026-09-05T01:00:00Z,ETP-20DEC30-CDE,1.2e-05,2455.546415,2455.5,2456.5,2457,319396,322267,2026-09-05T01:14:14Z
2026-09-05T01:00:00Z,HEP-20DEC30-CDE,7e-06,0.079058,0.07733,0.0791,0.07892,2239,15155,2026-09-05T01:14:14Z
2026-09-05T01:00:00Z,HYP-20DEC30-CDE,2.7e-05,84.296315,84.89,84.34,84.29,9250,16983,2026-09-05T01:14:14Z
2026-09-05T01:00:00Z,LCP-20DEC30-CDE,-1.3e-05,51.049817,50.68,51.03,51.05,3178,4657,2026-09-05T01:14:14Z
2026-09-05T01:00:00Z,LNP-20DEC30-CDE,1e-05,11.665259,11.711,11.6725,11.642,4294,8685,2026-09-05T01:14:14Z
2026-09-05T01:00:00Z,NER-20DEC30-CDE,-1.4e-05,2.261726,2.1617,2.25865,2.2624,1157,10788,2026-09-05T01:14:14Z
2026-09-05T01:00:00Z,OND-20DEC30-CDE,-1.4e-05,0.365831,0.3582,0.36555,0.366,4919,9415,2026-09-05T01:14:14Z
2026-09-05T01:00:00Z,PAU-20DEC30-CDE,5e-06,4437.849241,4435.8,4437.9,4436.2,1192,1911,2026-09-05T01:14:14Z
2026-09-05T01:00:00Z,PEP-20DEC30-CDE,7e-06,0.0035,0.003579,0.0035035,0.003507,665,3885,2026-09-05T01:14:14Z
2026-09-05T01:00:00Z,POP-20DEC30-CDE,-1.2e-05,0.896503,0.874,0.8975,0.899,4401,5180,2026-09-05T01:14:14Z
2026-09-05T01:00:00Z,SHP-20DEC30-CDE,9e-06,0.00523,0.00522,0.005225,0.00524,3411,3986,2026-09-05T01:14:14Z
2026-09-05T01:00:00Z,SLP-20DEC30-CDE,-6e-06,101.997692,101.71,101.995,102.01,35533,52554,2026-09-05T01:14:14Z
2026-09-05T01:00:00Z,SUP-20DEC30-CDE,5e-06,0.767681,0.7591,0.7678,0.7678,4888,15281,2026-09-05T01:14:14Z
2026-09-05T01:00:00Z,XLP-20DEC30-CDE,1.5e-05,0.179228,0.17962,0.179285,0.17931,3777,5730,2026-09-05T01:14:14Z
2026-09-05T01:00:00Z,XPP-20DEC30-CDE,-9e-06,1.400574,1.4005,1.40085,1.4003,45857,111164,2026-09-05T01:14:14Z
2026-09-05T01:00:00Z,ZEC-20DEC30-CDE,1.2e-05,1021.766331,1041.5,1022.05,1021.95,8729,68129,2026-09-05T01:14:14Z
2026-09-05T02:00:00Z,ADP-20DEC30-CDE,-3e-06,0.210027,0.2136,0.2099,0.2097,9681,33732,2026-09-05T02:14:00Z
2026-09-05T02:00:00Z,AVE-20DEC30-CDE,2e-06,130.095547,130.56,130.125,131.04,982,3119,2026-09-05T02:14:00Z
2026-09-05T02:00:00Z,AVP-20DEC30-CDE,-1.7e-05,7.387514,7.38,7.385,7.38,7699,6488,2026-09-05T02:14:00Z
2026-09-05T02:00:00Z,BCP-20DEC30-CDE,-9e-06,246.039126,253.2,245.75,245.75,1657,34900,2026-09-05T02:14:00Z
2026-09-05T02:00:00Z,BIP-20DEC30-CDE,5e-06,79588.212467,79790,79592.5,79585,173830,659151,2026-09-05T02:14:00Z
2026-09-05T02:00:00Z,BNB-20DEC30-CDE,1.2e-05,721.390318,720.2,721.425,720.9,365,753,2026-09-05T02:14:00Z
2026-09-05T02:00:00Z,DOP-20DEC30-CDE,0,0.08466,0.08475,0.08467,0.08475,2454,8681,2026-09-05T02:14:00Z
2026-09-05T02:00:00Z,ENA-20DEC30-CDE,3e-06,0.162668,0.1633,0.16296,0.16221,1163,12291,2026-09-05T02:14:00Z
2026-09-05T02:00:00Z,ETP-20DEC30-CDE,1.2e-05,2452.686894,2455.5,2452.75,2453.5,319396,307140,2026-09-05T02:14:00Z
2026-09-05T02:00:00Z,HEP-20DEC30-CDE,6e-06,0.078823,0.07733,0.078795,0.0791,2239,14960,2026-09-05T02:14:00Z
2026-09-05T02:00:00Z,HYP-20DEC30-CDE,2.7e-05,84.171316,84.89,84.21,84.3,9250,16339,2026-09-05T02:14:00Z
2026-09-05T02:00:00Z,LCP-20DEC30-CDE,-1e-05,51.501094,50.68,51.495,51.54,3178,4617,2026-09-05T02:14:00Z
2026-09-05T02:00:00Z,LNP-20DEC30-CDE,9e-06,11.653355,11.711,11.6555,11.627,4294,8194,2026-09-05T02:14:00Z
2026-09-05T02:00:00Z,NER-20DEC30-CDE,-3e-06,2.191123,2.1617,2.18985,2.1928,1157,10870,2026-09-05T02:14:00Z
2026-09-05T02:00:00Z,OND-20DEC30-CDE,-3e-06,0.366668,0.3582,0.3673,0.3656,4919,9162,2026-09-05T02:14:00Z
2026-09-05T02:00:00Z,PAU-20DEC30-CDE,5e-06,4437.017759,4435.8,4437.3,4436.1,1192,1868,2026-09-05T02:14:00Z
2026-09-05T02:00:00Z,PEP-20DEC30-CDE,1.4e-05,0.00348,0.003579,0.003482,0.003485,665,3833,2026-09-05T02:14:00Z
2026-09-05T02:00:00Z,POP-20DEC30-CDE,-1.3e-05,0.900177,0.874,0.9015,0.9,4401,5605,2026-09-05T02:14:00Z
2026-09-05T02:00:00Z,SHP-20DEC30-CDE,6e-06,0.005227,0.00522,0.005235,0.00523,3411,4007,2026-09-05T02:14:00Z
2026-09-05T02:00:00Z,SLP-20DEC30-CDE,-5e-06,101.864875,101.71,101.835,101.83,35533,51263,2026-09-05T02:14:00Z
2026-09-05T02:00:00Z,SUP-20DEC30-CDE,6e-06,0.763827,0.7591,0.76395,0.7625,4888,14581,2026-09-05T02:14:00Z
2026-09-05T02:00:00Z,XLP-20DEC30-CDE,1.7e-05,0.178757,0.17962,0.17883,0.1787,3777,5495,2026-09-05T02:14:00Z
2026-09-05T02:00:00Z,XPP-20DEC30-CDE,-8e-06,1.396986,1.4005,1.39665,1.3973,45857,106814,2026-09-05T02:14:00Z
2026-09-05T02:00:00Z,ZEC-20DEC30-CDE,1.4e-05,1015.615462,1041.5,1015.7,1016.3,8729,66516,2026-09-05T02:14:00Z
2026-09-05T03:00:00Z,ADP-20DEC30-CDE,-1e-05,0.210577,0.2136,0.21055,0.2105,9681,31950,2026-09-05T03:14:16Z
2026-09-05T03:00:00Z,AVE-20DEC30-CDE,-3e-06,130.428148,130.56,130.425,130.37,982,3035,2026-09-05T03:14:16Z
2026-09-05T03:00:00Z,AVP-20DEC30-CDE,-1.7e-05,7.38896,7.38,7.385,7.39,7699,6566,2026-09-05T03:14:16Z
2026-09-05T03:00:00Z,BCP-20DEC30-CDE,-1.4e-05,247.207445,253.2,247.3,247.25,1657,33674,2026-09-05T03:14:16Z
2026-09-05T03:00:00Z,BIP-20DEC30-CDE,3e-06,79555.898294,79790,79562.5,79560,173830,624836,2026-09-05T03:14:16Z
2026-09-05T03:00:00Z,BNB-20DEC30-CDE,1.1e-05,722.196496,720.2,721.75,720.9,365,748,2026-09-05T03:14:16Z
2026-09-05T03:00:00Z,DOP-20DEC30-CDE,2e-06,0.084614,0.08475,0.084625,0.08457,2454,8368,2026-09-05T03:14:16Z
2026-09-05T03:00:00Z,ENA-20DEC30-CDE,-2e-06,0.16405,0.1633,0.164095,0.16425,1163,11942,2026-09-05T03:14:16Z
2026-09-05T03:00:00Z,ETP-20DEC30-CDE,8e-06,2452.231207,2455.5,2452.5,2452,319396,288263,2026-09-05T03:14:16Z
2026-09-05T03:00:00Z,HEP-20DEC30-CDE,7e-06,0.078716,0.07733,0.078715,0.07885,2239,14567,2026-09-05T03:14:16Z
2026-09-05T03:00:00Z,HYP-20DEC30-CDE,2.4e-05,83.922676,84.89,83.93,84.08,9250,15584,2026-09-05T03:14:16Z
2026-09-05T03:00:00Z,LCP-20DEC30-CDE,5e-06,52.220435,50.68,52.205,52.35,3178,4507,2026-09-05T03:14:16Z
2026-09-05T03:00:00Z,LNP-20DEC30-CDE,9e-06,11.677077,11.711,11.689,11.684,4294,8025,2026-09-05T03:14:16Z
2026-09-05T03:00:00Z,NER-20DEC30-CDE,-9e-06,2.223925,2.1617,2.2276,2.22,1157,10462,2026-09-05T03:14:16Z
2026-09-05T03:00:00Z,OND-20DEC30-CDE,-6e-06,0.367971,0.3582,0.3679,0.3681,4919,9147,2026-09-05T03:14:16Z
2026-09-05T03:00:00Z,PAU-20DEC30-CDE,4e-06,4435.878168,4435.8,4435.65,4436.1,1192,1821,2026-09-05T03:14:16Z
2026-09-05T03:00:00Z,PEP-20DEC30-CDE,1.1e-05,0.00345,0.003579,0.003454,0.003455,665,3862,2026-09-05T03:14:16Z
2026-09-05T03:00:00Z,POP-20DEC30-CDE,-6e-06,0.896888,0.874,0.8975,0.897,4401,5845,2026-09-05T03:14:16Z
2026-09-05T03:00:00Z,SHP-20DEC30-CDE,8e-06,0.00524,0.00522,0.00524,0.00525,3411,3797,2026-09-05T03:14:16Z
2026-09-05T03:00:00Z,SLP-20DEC30-CDE,-7e-06,101.877398,101.71,101.85,101.82,35533,50226,2026-09-05T03:14:16Z
2026-09-05T03:00:00Z,SUP-20DEC30-CDE,3e-06,0.762868,0.7591,0.7626,0.7624,4888,14625,2026-09-05T03:14:16Z
2026-09-05T03:00:00Z,XLP-20DEC30-CDE,1.7e-05,0.17971,0.17962,0.179835,0.17985,3777,5242,2026-09-05T03:14:16Z
2026-09-05T03:00:00Z,XPP-20DEC30-CDE,-5e-06,1.398797,1.4005,1.3994,1.3996,45857,101011,2026-09-05T03:14:16Z
2026-09-05T03:00:00Z,ZEC-20DEC30-CDE,1.2e-05,1026.152755,1041.5,1025.85,1027,8729,65078,2026-09-05T03:14:16Z
2026-09-05T04:00:00Z,ADP-20DEC30-CDE,-6e-06,0.210144,0.2136,0.2101,0.2101,9681,30862,2026-09-05T04:14:00Z
2026-09-05T04:00:00Z,AVE-20DEC30-CDE,-2e-06,130.217276,130.56,130.1,130.37,982,3026,2026-09-05T04:14:00Z
2026-09-05T04:00:00Z,AVP-20DEC30-CDE,-1.7e-05,7.39383,7.38,7.395,7.39,7699,6566,2026-09-05T04:14:00Z
2026-09-05T04:00:00Z,BCP-20DEC30-CDE,-1.1e-05,247.534199,253.2,247.45,247.4,1657,33108,2026-09-05T04:14:00Z
2026-09-05T04:00:00Z,BIP-20DEC30-CDE,3e-06,79532.162941,79790,79552.5,79545,173830,617205,2026-09-05T04:14:00Z
2026-09-05T04:00:00Z,BNB-20DEC30-CDE,8e-06,722.159069,720.2,722.325,720.9,365,744,2026-09-05T04:14:00Z
2026-09-05T04:00:00Z,DOP-20DEC30-CDE,3e-06,0.084522,0.08475,0.084565,0.08477,2454,8238,2026-09-05T04:14:00Z
2026-09-05T04:00:00Z,ENA-20DEC30-CDE,1e-06,0.162542,0.1633,0.162525,0.16353,1163,11626,2026-09-05T04:14:00Z
2026-09-05T04:00:00Z,ETP-20DEC30-CDE,8e-06,2451.265144,2455.5,2452,2452,319396,285542,2026-09-05T04:14:00Z
2026-09-05T04:00:00Z,HEP-20DEC30-CDE,9e-06,0.078746,0.07733,0.07875,0.0789,2239,14119,2026-09-05T04:14:00Z
2026-09-05T04:00:00Z,HYP-20DEC30-CDE,2.4e-05,83.837263,84.89,83.885,83.94,9250,15053,2026-09-05T04:14:00Z
2026-09-05T04:00:00Z,LCP-20DEC30-CDE,1e-05,52.354505,50.68,52.345,52.38,3178,4976,2026-09-05T04:14:00Z
2026-09-05T04:00:00Z,LNP-20DEC30-CDE,1.8e-05,11.649936,11.711,11.6505,11.678,4294,7951,2026-09-05T04:14:00Z
2026-09-05T04:00:00Z,NER-20DEC30-CDE,-1.5e-05,2.224154,2.1617,2.22115,2.2245,1157,10239,2026-09-05T04:14:00Z
2026-09-05T04:00:00Z,OND-20DEC30-CDE,-7e-06,0.366312,0.3582,0.36635,0.3666,4919,8864,2026-09-05T04:14:00Z
2026-09-05T04:00:00Z,PAU-20DEC30-CDE,2e-06,4435.35753,4435.8,4435.6,4436.1,1192,1776,2026-09-05T04:14:00Z
2026-09-05T04:00:00Z,PEP-20DEC30-CDE,7e-06,0.00345,0.003579,0.0034545,0.003455,665,3842,2026-09-05T04:14:00Z
2026-09-05T04:00:00Z,POP-20DEC30-CDE,-3e-06,0.888349,0.874,0.8885,0.89,4401,6051,2026-09-05T04:14:00Z
2026-09-05T04:00:00Z,SHP-20DEC30-CDE,8e-06,0.00525,0.00522,0.005255,0.00526,3411,3754,2026-09-05T04:14:00Z
2026-09-05T04:00:00Z,SLP-20DEC30-CDE,-9e-06,101.752205,101.71,101.72,101.76,35533,49987,2026-09-05T04:14:00Z
2026-09-05T04:00:00Z,SUP-20DEC30-CDE,4e-06,0.763155,0.7591,0.76295,0.7646,4888,14746,2026-09-05T04:14:00Z
2026-09-05T04:00:00Z,XLP-20DEC30-CDE,2e-05,0.180151,0.17962,0.180245,0.1803,3777,5140,2026-09-05T04:14:00Z
2026-09-05T04:00:00Z,XPP-20DEC30-CDE,-3e-06,1.396072,1.4005,1.39585,1.3957,45857,99086,2026-09-05T04:14:00Z
2026-09-05T04:00:00Z,ZEC-20DEC30-CDE,1.2e-05,1025.068176,1041.5,1025.3,1024,8729,64638,2026-09-05T04:14:00Z
2026-09-05T05:00:00Z,ADP-20DEC30-CDE,-7e-06,0.210591,0.2136,0.21065,0.2111,9681,29097,2026-09-05T05:14:13Z
2026-09-05T05:00:00Z,AVE-20DEC30-CDE,4e-06,129.310227,130.56,129.385,129.69,982,2990,2026-09-05T05:14:13Z
2026-09-05T05:00:00Z,AVP-20DEC30-CDE,-1.3e-05,7.406466,7.38,7.405,7.39,7699,6607,2026-09-05T05:14:13Z
2026-09-05T05:00:00Z,BCP-20DEC30-CDE,-1.1e-05,247.483407,253.2,247.55,247.1,1657,32695,2026-09-05T05:14:13Z
2026-09-05T05:00:00Z,BIP-20DEC30-CDE,3e-06,79565.592847,79790,79572.5,79585,173830,603902,2026-09-05T05:14:13Z
2026-09-05T05:00:00Z,BNB-20DEC30-CDE,1.2e-05,722.550572,720.2,722.6,720.9,365,702,2026-09-05T05:14:13Z
2026-09-05T05:00:00Z,DOP-20DEC30-CDE,3e-06,0.084729,0.08475,0.08476,0.08456,2454,7790,2026-09-05T05:14:13Z
2026-09-05T05:00:00Z,ENA-20DEC30-CDE,-1e-06,0.162454,0.1633,0.16255,0.16253,1163,10628,2026-09-05T05:14:13Z
2026-09-05T05:00:00Z,ETP-20DEC30-CDE,9e-06,2449.085335,2455.5,2450,2449.5,319396,273255,2026-09-05T05:14:13Z
2026-09-05T05:00:00Z,HEP-20DEC30-CDE,4e-06,0.079143,0.07733,0.079165,0.07888,2239,13800,2026-09-05T05:14:13Z
2026-09-05T05:00:00Z,HYP-20DEC30-CDE,2.4e-05,83.917786,84.89,84.02,83.8,9250,14095,2026-09-05T05:14:13Z
2026-09-05T05:00:00Z,LCP-20DEC30-CDE,1.3e-05,52.594475,50.68,52.615,52.61,3178,5105,2026-09-05T05:14:13Z
2026-09-05T05:00:00Z,LNP-20DEC30-CDE,2.1e-05,11.669956,11.711,11.677,11.65,4294,7412,2026-09-05T05:14:13Z
2026-09-05T05:00:00Z,NER-20DEC30-CDE,-1.4e-05,2.209352,2.1617,2.2075,2.2094,1157,10165,2026-09-05T05:14:13Z
2026-09-05T05:00:00Z,OND-20DEC30-CDE,-4.2e-05,0.371066,0.3582,0.37165,0.3721,4919,9314,2026-09-05T05:14:13Z
2026-09-05T05:00:00Z,PAU-20DEC30-CDE,2e-06,4433.413338,4435.8,4434.3,4431.8,1192,1759,2026-09-05T05:14:13Z
2026-09-05T05:00:00Z,PEP-20DEC30-CDE,1.2e-05,0.00348,0.003579,0.003476,0.003455,665,3816,2026-09-05T05:14:13Z
2026-09-05T05:00:00Z,POP-20DEC30-CDE,5e-06,0.888302,0.874,0.8895,0.889,4401,6323,2026-09-05T05:14:13Z
2026-09-05T05:00:00Z,SHP-20DEC30-CDE,1e-06,0.005276,0.00522,0.005285,0.00526,3411,3763,2026-09-05T05:14:13Z
2026-09-05T05:00:00Z,SLP-20DEC30-CDE,-9e-06,101.812133,101.71,101.815,101.66,35533,48564,2026-09-05T05:14:13Z
2026-09-05T05:00:00Z,SUP-20DEC30-CDE,3e-06,0.767899,0.7591,0.7681,0.7653,4888,14453,2026-09-05T05:14:13Z
2026-09-05T05:00:00Z,XLP-20DEC30-CDE,2.3e-05,0.180797,0.17962,0.181,0.1808,3777,5141,2026-09-05T05:14:13Z
2026-09-05T05:00:00Z,XPP-20DEC30-CDE,-2e-06,1.397944,1.4005,1.39765,1.398,45857,96434,2026-09-05T05:14:13Z
2026-09-05T05:00:00Z,ZEC-20DEC30-CDE,1.3e-05,1020.258216,1041.5,1021.525,1019.15,8729,63131,2026-09-05T05:14:13Z
2026-09-05T06:00:00Z,ADP-20DEC30-CDE,-6e-06,0.211243,0.2136,0.21135,0.2113,9681,28485,2026-09-05T06:01:48Z
2026-09-05T06:00:00Z,AVE-20DEC30-CDE,2e-06,129.413799,130.56,129.345,129.69,982,2903,2026-09-05T06:01:48Z
2026-09-05T06:00:00Z,AVP-20DEC30-CDE,-1.3e-05,7.421017,7.38,7.42,7.41,7699,5274,2026-09-05T06:01:48Z
2026-09-05T06:00:00Z,BCP-20DEC30-CDE,-5e-06,248.678329,253.2,248.775,248.15,1657,31826,2026-09-05T06:01:48Z
2026-09-05T06:00:00Z,BIP-20DEC30-CDE,3e-06,79592.927617,79790,79607.5,79590,173830,597854,2026-09-05T06:01:48Z
2026-09-05T06:00:00Z,BNB-20DEC30-CDE,1.1e-05,722.567141,720.2,722.7,720.9,365,691,2026-09-05T06:01:48Z
2026-09-05T06:00:00Z,DOP-20DEC30-CDE,3e-06,0.084695,0.08475,0.08474,0.08472,2454,7457,2026-09-05T06:01:48Z
2026-09-05T06:00:00Z,ENA-20DEC30-CDE,0,0.162997,0.1633,0.163055,0.16275,1163,9684,2026-09-05T06:01:48Z
2026-09-05T06:00:00Z,ETP-20DEC30-CDE,5e-06,2451.443262,2455.5,2451.5,2451,319396,269066,2026-09-05T06:01:48Z
2026-09-05T06:00:00Z,HEP-20DEC30-CDE,3e-06,0.079525,0.07733,0.079505,0.0795,2239,13573,2026-09-05T06:01:48Z
2026-09-05T06:00:00Z,HYP-20DEC30-CDE,2.1e-05,84.159012,84.89,84.16,84,9250,13783,2026-09-05T06:01:48Z
2026-09-05T06:00:00Z,LCP-20DEC30-CDE,1.5e-05,52.829039,50.68,52.845,52.83,3178,4998,2026-09-05T06:01:48Z
2026-09-05T06:00:00Z,LNP-20DEC30-CDE,1.9e-05,11.647791,11.711,11.655,11.648,4294,7263,2026-09-05T06:01:48Z
2026-09-05T06:00:00Z,NER-20DEC30-CDE,-5e-06,2.232797,2.1617,2.2356,2.2376,1157,10077,2026-09-05T06:01:48Z
2026-09-05T06:00:00Z,OND-20DEC30-CDE,-1.9e-05,0.373464,0.3582,0.3733,0.373,4919,9169,2026-09-05T06:01:48Z
2026-09-05T06:00:00Z,PAU-20DEC30-CDE,1e-06,4433.825371,4435.8,4433.4,4431.5,1192,1749,2026-09-05T06:01:48Z
2026-09-05T06:00:00Z,PEP-20DEC30-CDE,1.2e-05,0.00348,0.003579,0.0034865,0.003455,665,3728,2026-09-05T06:01:48Z
2026-09-05T06:00:00Z,POP-20DEC30-CDE,-4e-06,0.903111,0.874,0.9055,0.904,4401,6229,2026-09-05T06:01:48Z
2026-09-05T06:00:00Z,SHP-20DEC30-CDE,5e-06,0.005317,0.00522,0.00533,0.00533,3411,3807,2026-09-05T06:01:48Z
2026-09-05T06:00:00Z,SLP-20DEC30-CDE,-1e-05,101.868675,101.71,101.9,101.82,35533,47476,2026-09-05T06:01:48Z
2026-09-05T06:00:00Z,SUP-20DEC30-CDE,6e-06,0.770875,0.7591,0.77265,0.7714,4888,14230,2026-09-05T06:01:48Z
2026-09-05T06:00:00Z,XLP-20DEC30-CDE,2.2e-05,0.181298,0.17962,0.181335,0.1807,3777,4885,2026-09-05T06:01:48Z
2026-09-05T06:00:00Z,XPP-20DEC30-CDE,-6e-06,1.399304,1.4005,1.3997,1.3994,45857,92461,2026-09-05T06:01:48Z
2026-09-05T06:00:00Z,ZEC-20DEC30-CDE,1.2e-05,1015.331189,1041.5,1014.975,1017.1,8729,62999,2026-09-05T06:01:48Z
2026-09-05T07:00:00Z,ADP-20DEC30-CDE,-9e-06,0.213201,0.2136,0.2133,0.2132,9681,28191,2026-09-05T07:14:10Z
2026-09-05T07:00:00Z,AVE-20DEC30-CDE,-4e-06,129.917284,130.56,129.975,129.69,982,2823,2026-09-05T07:14:10Z
2026-09-05T07:00:00Z,AVP-20DEC30-CDE,-1.3e-05,7.459689,7.38,7.465,7.45,7699,5340,2026-09-05T07:14:10Z
2026-09-05T07:00:00Z,BCP-20DEC30-CDE,-1e-06,251.848418,253.2,252,251.65,1657,30235,2026-09-05T07:14:10Z
2026-09-05T07:00:00Z,BIP-20DEC30-CDE,3e-06,79705.615574,79790,79715,79725,173830,587409,2026-09-05T07:14:10Z
2026-09-05T07:00:00Z,BNB-20DEC30-CDE,8e-06,731.267659,720.2,732.6,720.9,365,661,2026-09-05T07:14:10Z
2026-09-05T07:00:00Z,DOP-20DEC30-CDE,4e-06,0.085667,0.08475,0.08576,0.08579,2454,7355,2026-09-05T07:14:10Z
2026-09-05T07:00:00Z,ENA-20DEC30-CDE,-1.2e-05,0.165279,0.1633,0.16527,0.16548,1163,9190,2026-09-05T07:14:10Z
2026-09-05T07:00:00Z,ETP-20DEC30-CDE,4e-06,2454.170139,2455.5,2455.5,2456,319396,265224,2026-09-05T07:14:10Z
2026-09-05T07:00:00Z,HEP-20DEC30-CDE,6e-06,0.080051,0.07733,0.080235,0.08014,2239,13243,2026-09-05T07:14:10Z
2026-09-05T07:00:00Z,HYP-20DEC30-CDE,2.1e-05,84.385616,84.89,84.445,84.34,9250,13411,2026-09-05T07:14:10Z
2026-09-05T07:00:00Z,LCP-20DEC30-CDE,1.8e-05,53.882484,50.68,53.96,53.99,3178,5078,2026-09-05T07:14:10Z
2026-09-05T07:00:00Z,LNP-20DEC30-CDE,1.7e-05,11.729757,11.711,11.7415,11.725,4294,6990,2026-09-05T07:14:10Z
2026-09-05T07:00:00Z,NER-20DEC30-CDE,0,2.267098,2.1617,2.26025,2.2595,1157,9609,2026-09-05T07:14:10Z
2026-09-05T07:00:00Z,OND-20DEC30-CDE,-1.3e-05,0.372309,0.3582,0.3718,0.3713,4919,8607,2026-09-05T07:14:10Z
2026-09-05T07:00:00Z,PAU-20DEC30-CDE,-1e-06,4433.836379,4435.8,4433.95,4432,1192,1707,2026-09-05T07:14:10Z
2026-09-05T07:00:00Z,PEP-20DEC30-CDE,1.5e-05,0.003512,0.003579,0.0035135,0.003509,665,3692,2026-09-05T07:14:10Z
2026-09-05T07:00:00Z,POP-20DEC30-CDE,-4e-06,0.911004,0.874,0.909,0.909,4401,6233,2026-09-05T07:14:10Z
2026-09-05T07:00:00Z,SHP-20DEC30-CDE,3e-06,0.0054,0.00522,0.005405,0.00541,3411,4108,2026-09-05T07:14:10Z
2026-09-05T07:00:00Z,SLP-20DEC30-CDE,-7e-06,102.366534,101.71,102.41,102.4,35533,44525,2026-09-05T07:14:10Z
2026-09-05T07:00:00Z,SUP-20DEC30-CDE,1e-05,0.782957,0.7591,0.78315,0.783,4888,14481,2026-09-05T07:14:10Z
2026-09-05T07:00:00Z,XLP-20DEC30-CDE,2.1e-05,0.183102,0.17962,0.183335,0.18301,3777,4835,2026-09-05T07:14:10Z
2026-09-05T07:00:00Z,XPP-20DEC30-CDE,-5e-06,1.403409,1.4005,1.40405,1.4038,45857,90604,2026-09-05T07:14:10Z
2026-09-05T07:00:00Z,ZEC-20DEC30-CDE,1.7e-05,1009.886862,1041.5,1011.05,1011.8,8729,61895,2026-09-05T07:14:10Z
2026-09-05T08:00:00Z,ADP-20DEC30-CDE,-6e-06,0.213164,0.2136,0.2131,0.2131,9681,27508,2026-09-05T08:14:25Z
2026-09-05T08:00:00Z,AVE-20DEC30-CDE,-6e-06,130.12838,130.56,129.985,129.69,982,2781,2026-09-05T08:14:25Z
2026-09-05T08:00:00Z,AVP-20DEC30-CDE,-9e-06,7.477214,7.38,7.475,7.5,7699,5389,2026-09-05T08:14:25Z
2026-09-05T08:00:00Z,BCP-20DEC30-CDE,5e-06,252.261144,253.2,252.225,253.4,1657,29016,2026-09-05T08:14:25Z
2026-09-05T08:00:00Z,BIP-20DEC30-CDE,1e-06,79693.173753,79790,79672.5,79695,173830,579246,2026-09-05T08:14:25Z
2026-09-05T08:00:00Z,BNB-20DEC30-CDE,-1e-06,741.381125,720.2,741.075,720.9,365,619,2026-09-05T08:14:25Z
2026-09-05T08:00:00Z,DOP-20DEC30-CDE,8e-06,0.085606,0.08475,0.08557,0.08559,2454,7045,2026-09-05T08:14:25Z
2026-09-05T08:00:00Z,ENA-20DEC30-CDE,-6e-06,0.164301,0.1633,0.16422,0.16437,1163,8860,2026-09-05T08:14:25Z
2026-09-05T08:00:00Z,ETP-20DEC30-CDE,6e-06,2456.576802,2455.5,2455.75,2455,319396,259517,2026-09-05T08:14:25Z
2026-09-05T08:00:00Z,HEP-20DEC30-CDE,1.3e-05,0.079723,0.07733,0.079665,0.07956,2239,10172,2026-09-05T08:14:25Z
2026-09-05T08:00:00Z,HYP-20DEC30-CDE,2.2e-05,84.711845,84.89,84.695,84.72,9250,12951,2026-09-05T08:14:25Z
2026-09-05T08:00:00Z,LCP-20DEC30-CDE,1.7e-05,53.525303,50.68,53.51,53.55,3178,5143,2026-09-05T08:14:25Z
2026-09-05T08:00:00Z,LNP-20DEC30-CDE,1.3e-05,11.741934,11.711,11.7415,11.73,4294,6908,2026-09-05T08:14:25Z
2026-09-05T08:00:00Z,NER-20DEC30-CDE,8e-06,2.229229,2.1617,2.2273,2.2297,1157,9646,2026-09-05T08:14:25Z
2026-09-05T08:00:00Z,OND-20DEC30-CDE,-9e-06,0.369573,0.3582,0.3687,0.3695,4919,8606,2026-09-05T08:14:25Z
2026-09-05T08:00:00Z,PAU-20DEC30-CDE,-5e-06,4434.546079,4435.8,4433.85,4432,1192,1663,2026-09-05T08:14:25Z
2026-09-05T08:00:00Z,PEP-20DEC30-CDE,2.4e-05,0.00352,0.003579,0.0035155,0.003515,665,3671,2026-09-05T08:14:25Z
2026-09-05T08:00:00Z,POP-20DEC30-CDE,-2e-06,0.903899,0.874,0.902,0.905,4401,6200,2026-09-05T08:14:25Z
2026-09-05T08:00:00Z,SHP-20DEC30-CDE,4e-06,0.00539,0.00522,0.005385,0.00539,3411,4058,2026-09-05T08:14:25Z
2026-09-05T08:00:00Z,SLP-20DEC30-CDE,-4e-06,102.271502,101.71,102.21,102.23,35533,42427,2026-09-05T08:14:25Z
2026-09-05T08:00:00Z,SUP-20DEC30-CDE,1.1e-05,0.788349,0.7591,0.78685,0.7868,4888,15253,2026-09-05T08:14:25Z
2026-09-05T08:00:00Z,XLP-20DEC30-CDE,2.5e-05,0.182356,0.17962,0.18233,0.18217,3777,4755,2026-09-05T08:14:25Z
2026-09-05T08:00:00Z,XPP-20DEC30-CDE,-6e-06,1.403512,1.4005,1.40345,1.4027,45857,86764,2026-09-05T08:14:25Z
2026-09-05T08:00:00Z,ZEC-20DEC30-CDE,1.7e-05,1006.695322,1041.5,1005.925,1005.95,8729,61098,2026-09-05T08:14:25Z
2026-09-05T09:00:00Z,ADP-20DEC30-CDE,-1e-05,0.214275,0.2136,0.2142,0.2142,9681,26274,2026-09-05T09:14:08Z
2026-09-05T09:00:00Z,AVE-20DEC30-CDE,-3e-06,129.832503,130.56,129.825,129.69,982,2650,2026-09-05T09:14:08Z
2026-09-05T09:00:00Z,AVP-20DEC30-CDE,-6e-06,7.504249,7.38,7.505,7.47,7699,4996,2026-09-05T09:14:08Z
2026-09-05T09:00:00Z,BCP-20DEC30-CDE,1.2e-05,252.303238,253.2,252.2,252.35,1657,26286,2026-09-05T09:14:08Z
2026-09-05T09:00:00Z,BIP-20DEC30-CDE,1e-06,79719.624261,79790,79735,79730,173830,558003,2026-09-05T09:14:08Z
2026-09-05T09:00:00Z,BNB-20DEC30-CDE,-3e-06,750.202299,720.2,750.475,749.4,365,644,2026-09-05T09:14:08Z
2026-09-05T09:00:00Z,DOP-20DEC30-CDE,1e-05,0.086256,0.08475,0.086255,0.08618,2454,6784,2026-09-05T09:14:08Z
2026-09-05T09:00:00Z,ENA-20DEC30-CDE,-5e-06,0.164251,0.1633,0.16409,0.16317,1163,8213,2026-09-05T09:14:08Z
2026-09-05T09:00:00Z,ETP-20DEC30-CDE,3e-06,2459.562582,2455.5,2459.5,2460,319396,238746,2026-09-05T09:14:08Z
2026-09-05T09:00:00Z,HEP-20DEC30-CDE,1.4e-05,0.080159,0.07733,0.08018,0.07956,2239,8647,2026-09-05T09:14:08Z
2026-09-05T09:00:00Z,HYP-20DEC30-CDE,2.3e-05,84.754252,84.89,84.78,84.84,9250,12616,2026-09-05T09:14:08Z
2026-09-05T09:00:00Z,LCP-20DEC30-CDE,2.5e-05,52.962546,50.68,52.975,52.99,3178,5069,2026-09-05T09:14:08Z
2026-09-05T09:00:00Z,LNP-20DEC30-CDE,1.2e-05,11.817117,11.711,11.815,11.819,4294,6559,2026-09-05T09:14:08Z
2026-09-05T09:00:00Z,NER-20DEC30-CDE,1e-05,2.220184,2.1617,2.2186,2.2244,1157,9228,2026-09-05T09:14:08Z
2026-09-05T09:00:00Z,OND-20DEC30-CDE,-7e-06,0.369811,0.3582,0.36945,0.3695,4919,7890,2026-09-05T09:14:08Z
2026-09-05T09:00:00Z,PAU-20DEC30-CDE,-6e-06,4431.956572,4435.8,4432.2,4432,1192,1635,2026-09-05T09:14:08Z
2026-09-05T09:00:00Z,PEP-20DEC30-CDE,2e-05,0.00353,0.003579,0.0035355,0.003515,665,3544,2026-09-05T09:14:08Z
2026-09-05T09:00:00Z,POP-20DEC30-CDE,2e-06,0.902214,0.874,0.902,0.901,4401,6138,2026-09-05T09:14:08Z
2026-09-05T09:00:00Z,SHP-20DEC30-CDE,-4e-06,0.005416,0.00522,0.005415,0.0054,3411,3962,2026-09-05T09:14:08Z
2026-09-05T09:00:00Z,SLP-20DEC30-CDE,-8e-06,102.72327,101.71,102.725,102.71,35533,40369,2026-09-05T09:14:08Z
2026-09-05T09:00:00Z,SUP-20DEC30-CDE,8e-06,0.787797,0.7591,0.7887,0.7875,4888,15229,2026-09-05T09:14:08Z
2026-09-05T09:00:00Z,XLP-20DEC30-CDE,2.2e-05,0.18324,0.17962,0.183365,0.1832,3777,4685,2026-09-05T09:14:08Z
2026-09-05T09:00:00Z,XPP-20DEC30-CDE,-3e-06,1.411068,1.4005,1.4102,1.4105,45857,84254,2026-09-05T09:14:08Z
2026-09-05T09:00:00Z,ZEC-20DEC30-CDE,1.8e-05,1010.204021,1041.5,1010.575,1011.45,8729,57427,2026-09-05T09:14:08Z
2026-09-05T10:00:00Z,ADP-20DEC30-CDE,-4e-06,0.213157,0.2136,0.2131,0.2131,9681,24776,2026-09-05T10:14:21Z
2026-09-05T10:00:00Z,AVE-20DEC30-CDE,-1.2e-05,130.297306,130.56,130.165,129.69,982,2395,2026-09-05T10:14:21Z
2026-09-05T10:00:00Z,AVP-20DEC30-CDE,-7e-06,7.50079,7.38,7.495,7.49,7699,4962,2026-09-05T10:14:21Z
2026-09-05T10:00:00Z,BCP-20DEC30-CDE,1.5e-05,251.825329,253.2,251.9,252.05,1657,24288,2026-09-05T10:14:21Z
2026-09-05T10:00:00Z,BIP-20DEC30-CDE,4e-06,79627.261837,79790,79630,79640,173830,541395,2026-09-05T10:14:21Z
2026-09-05T10:00:00Z,BNB-20DEC30-CDE,4e-06,748.263185,720.2,748.3,748.15,365,744,2026-09-05T10:14:21Z
2026-09-05T10:00:00Z,DOP-20DEC30-CDE,7e-06,0.086045,0.08475,0.08602,0.08606,2454,6603,2026-09-05T10:14:21Z
2026-09-05T10:00:00Z,ENA-20DEC30-CDE,-5e-06,0.163564,0.1633,0.16351,0.16317,1163,7399,2026-09-05T10:14:21Z
2026-09-05T10:00:00Z,ETP-20DEC30-CDE,1e-06,2457.788915,2455.5,2457.25,2457.5,319396,217600,2026-09-05T10:14:21Z
2026-09-05T10:00:00Z,HEP-20DEC30-CDE,1.1e-05,0.080232,0.07733,0.080265,0.0803,2239,8433,2026-09-05T10:14:21Z
2026-09-05T10:00:00Z,HYP-20DEC30-CDE,2.2e-05,84.80024,84.89,84.79,84.84,9250,11798,2026-09-05T10:14:21Z
2026-09-05T10:00:00Z,LCP-20DEC30-CDE,2e-05,53.032332,50.68,53.075,53,3178,4936,2026-09-05T10:14:21Z
2026-09-05T10:00:00Z,LNP-20DEC30-CDE,1.5e-05,11.785246,11.711,11.7885,11.786,4294,6209,2026-09-05T10:14:21Z
2026-09-05T10:00:00Z,NER-20DEC30-CDE,6e-06,2.246049,2.1617,2.24805,2.248,1157,8886,2026-09-05T10:14:21Z
2026-09-05T10:00:00Z,OND-20DEC30-CDE,-8e-06,0.368525,0.3582,0.36815,0.3681,4919,7711,2026-09-05T10:14:21Z
2026-09-05T10:00:00Z,PAU-20DEC30-CDE,-6e-06,4434.314531,4435.8,4434.1,4432,1192,1624,2026-09-05T10:14:21Z
2026-09-05T10:00:00Z,PEP-20DEC30-CDE,1.6e-05,0.00353,0.003579,0.003528,0.003515,665,3205,2026-09-05T10:14:21Z
2026-09-05T10:00:00Z,POP-20DEC30-CDE,-5e-06,0.910722,0.874,0.91,0.913,4401,6090,2026-09-05T10:14:21Z
2026-09-05T10:00:00Z,SHP-20DEC30-CDE,4e-06,0.00539,0.00522,0.005395,0.0054,3411,4146,2026-09-05T10:14:21Z
2026-09-05T10:00:00Z,SLP-20DEC30-CDE,-7e-06,102.490077,101.71,102.43,102.47,35533,37661,2026-09-05T10:14:21Z
2026-09-05T10:00:00Z,SUP-20DEC30-CDE,1e-05,0.786453,0.7591,0.78515,0.7853,4888,14695,2026-09-05T10:14:21Z
2026-09-05T10:00:00Z,XLP-20DEC30-CDE,2e-05,0.183255,0.17962,0.18319,0.18327,3777,4465,2026-09-05T10:14:21Z
2026-09-05T10:00:00Z,XPP-20DEC30-CDE,-3e-06,1.405367,1.4005,1.4046,1.4058,45857,80576,2026-09-05T10:14:21Z
2026-09-05T10:00:00Z,ZEC-20DEC30-CDE,1.7e-05,1009.730788,1041.5,1009.05,1011.9,8729,55455,2026-09-05T10:14:21Z
2026-09-05T11:00:00Z,ADP-20DEC30-CDE,-2e-06,0.213242,0.2136,0.213,0.2133,9681,23545,2026-09-05T11:14:05Z
2026-09-05T11:00:00Z,AVE-20DEC30-CDE,-7e-06,130.231531,130.56,130.065,130.27,982,2159,2026-09-05T11:14:05Z
2026-09-05T11:00:00Z,AVP-20DEC30-CDE,-1.2e-05,7.502261,7.38,7.495,7.5,7699,5246,2026-09-05T11:14:05Z
2026-09-05T11:00:00Z,BCP-20DEC30-CDE,1.6e-05,251.984648,253.2,251.95,252.05,1657,21805,2026-09-05T11:14:05Z
2026-09-05T11:00:00Z,BIP-20DEC30-CDE,5e-06,79671.754832,79790,79647.5,79675,173830,534350,2026-09-05T11:14:05Z
2026-09-05T11:00:00Z,BNB-20DEC30-CDE,6e-06,755.186583,720.2,754.225,750.25,365,754,2026-09-05T11:14:05Z
2026-09-05T11:00:00Z,DOP-20DEC30-CDE,7e-06,0.086055,0.08475,0.08609,0.08607,2454,6501,2026-09-05T11:14:05Z
2026-09-05T11:00:00Z,ENA-20DEC30-CDE,-8e-06,0.163981,0.1633,0.164095,0.16417,1163,6737,2026-09-05T11:14:05Z
2026-09-05T11:00:00Z,ETP-20DEC30-CDE,0,2455.183856,2455.5,2454.25,2455.5,319396,215235,2026-09-05T11:14:05Z
2026-09-05T11:00:00Z,HEP-20DEC30-CDE,1.3e-05,0.080338,0.07733,0.080315,0.08033,2239,7652,2026-09-05T11:14:05Z
2026-09-05T11:00:00Z,HYP-20DEC30-CDE,2.2e-05,84.777794,84.89,84.79,84.78,9250,10986,2026-09-05T11:14:05Z
2026-09-05T11:00:00Z,LCP-20DEC30-CDE,2e-05,52.979831,50.68,52.985,52.97,3178,5200,2026-09-05T11:14:05Z
2026-09-05T11:00:00Z,LNP-20DEC30-CDE,1.7e-05,11.755581,11.711,11.755,11.752,4294,5848,2026-09-05T11:14:05Z
2026-09-05T11:00:00Z,NER-20DEC30-CDE,0,2.264147,2.1617,2.2596,2.2584,1157,8631,2026-09-05T11:14:05Z
2026-09-05T11:00:00Z,OND-20DEC30-CDE,-7e-06,0.368913,0.3582,0.36905,0.3685,4919,7469,2026-09-05T11:14:05Z
2026-09-05T11:00:00Z,PAU-20DEC30-CDE,-4e-06,4434.21,4435.8,4434.35,4436.5,1192,1567,2026-09-05T11:14:05Z
2026-09-05T11:00:00Z,PEP-20DEC30-CDE,1.8e-05,0.003538,0.003579,0.0035315,0.003534,665,3095,2026-09-05T11:14:05Z
2026-09-05T11:00:00Z,POP-20DEC30-CDE,-5e-06,0.906891,0.874,0.906,0.907,4401,6061,2026-09-05T11:14:05Z
2026-09-05T11:00:00Z,SHP-20DEC30-CDE,1.1e-05,0.0054,0.00522,0.0054,0.00541,3411,4167,2026-09-05T11:14:05Z
2026-09-05T11:00:00Z,SLP-20DEC30-CDE,-8e-06,102.464513,101.71,102.45,102.49,35533,36488,2026-09-05T11:14:05Z
2026-09-05T11:00:00Z,SUP-20DEC30-CDE,1.5e-05,0.785472,0.7591,0.78545,0.7856,4888,14885,2026-09-05T11:14:05Z
2026-09-05T11:00:00Z,XLP-20DEC30-CDE,2.2e-05,0.183643,0.17962,0.183605,0.18369,3777,4415,2026-09-05T11:14:05Z
2026-09-05T11:00:00Z,XPP-20DEC30-CDE,-3e-06,1.40593,1.4005,1.40535,1.4055,45857,78305,2026-09-05T11:14:05Z
2026-09-05T11:00:00Z,ZEC-20DEC30-CDE,1e-05,1008.217307,1041.5,1007.675,1009.75,8729,54241,2026-09-05T11:14:05Z
2026-09-05T12:00:00Z,ADP-20DEC30-CDE,-4e-06,0.213466,0.2136,0.2135,0.2134,9681,23000,2026-09-05T12:14:19Z
2026-09-05T12:00:00Z,AVE-20DEC30-CDE,-6e-06,129.736826,130.56,129.72,129.67,982,1969,2026-09-05T12:14:19Z
2026-09-05T12:00:00Z,AVP-20DEC30-CDE,-1.1e-05,7.504073,7.38,7.505,7.51,7699,5824,2026-09-05T12:14:19Z
2026-09-05T12:00:00Z,BCP-20DEC30-CDE,1.7e-05,250.666388,253.2,250.675,250.5,1657,21380,2026-09-05T12:14:19Z
2026-09-05T12:00:00Z,BIP-20DEC30-CDE,5e-06,79663.539443,79790,79675,79665,173830,519828,2026-09-05T12:14:19Z
2026-09-05T12:00:00Z,BNB-20DEC30-CDE,1.2e-05,751.831113,720.2,752.3,751.5,365,705,2026-09-05T12:14:19Z
2026-09-05T12:00:00Z,DOP-20DEC30-CDE,7e-06,0.086308,0.08475,0.086305,0.08626,2454,6598,2026-09-05T12:14:19Z
2026-09-05T12:00:00Z,ENA-20DEC30-CDE,-1.1e-05,0.163585,0.1633,0.16346,0.16336,1163,6298,2026-09-05T12:14:19Z
2026-09-05T12:00:00Z,ETP-20DEC30-CDE,0,2455.420381,2455.5,2455.75,2455,319396,211689,2026-09-05T12:14:19Z
2026-09-05T12:00:00Z,HEP-20DEC30-CDE,1.1e-05,0.080481,0.07733,0.0805,0.08045,2239,7105,2026-09-05T12:14:19Z
2026-09-05T12:00:00Z,HYP-20DEC30-CDE,1.8e-05,84.842129,84.89,84.85,84.92,9250,10473,2026-09-05T12:14:19Z
2026-09-05T12:00:00Z,LCP-20DEC30-CDE,2e-05,53.199154,50.68,53.255,52.95,3178,5162,2026-09-05T12:14:19Z
2026-09-05T12:00:00Z,LNP-20DEC30-CDE,1.4e-05,11.746377,11.711,11.7485,11.753,4294,5629,2026-09-05T12:14:19Z
2026-09-05T12:00:00Z,NER-20DEC30-CDE,3e-06,2.289219,2.1617,2.278,2.2805,1157,8769,2026-09-05T12:14:19Z
2026-09-05T12:00:00Z,OND-20DEC30-CDE,-7e-06,0.370785,0.3582,0.37045,0.3705,4919,7065,2026-09-05T12:14:19Z
2026-09-05T12:00:00Z,PAU-20DEC30-CDE,-1e-06,4432.862497,4435.8,4434.5,4433,1192,1548,2026-09-05T12:14:19Z
2026-09-05T12:00:00Z,PEP-20DEC30-CDE,1e-05,0.003521,0.003579,0.0035285,0.003527,665,2899,2026-09-05T12:14:19Z
2026-09-05T12:00:00Z,POP-20DEC30-CDE,-4e-06,0.906988,0.874,0.9075,0.906,4401,6002,2026-09-05T12:14:19Z
2026-09-05T12:00:00Z,SHP-20DEC30-CDE,1.2e-05,0.0054,0.00522,0.005405,0.00541,3411,4374,2026-09-05T12:14:19Z
2026-09-05T12:00:00Z,SLP-20DEC30-CDE,-8e-06,102.426755,101.71,102.39,102.38,35533,35186,2026-09-05T12:14:19Z
2026-09-05T12:00:00Z,SUP-20DEC30-CDE,1.8e-05,0.787274,0.7591,0.7871,0.7876,4888,14241,2026-09-05T12:14:19Z
2026-09-05T12:00:00Z,XLP-20DEC30-CDE,2.2e-05,0.183295,0.17962,0.18342,0.18167,3777,4289,2026-09-05T12:14:19Z
2026-09-05T12:00:00Z,XPP-20DEC30-CDE,-5e-06,1.405422,1.4005,1.40515,1.4049,45857,74198,2026-09-05T12:14:19Z
2026-09-05T12:00:00Z,ZEC-20DEC30-CDE,3e-06,1014.65269,1041.5,1014.275,1013.7,8729,52373,2026-09-05T12:14:19Z
2026-09-05T13:00:00Z,ADP-20DEC30-CDE,-6e-06,0.216486,0.2136,0.21655,0.217,9681,13418,2026-09-05T13:14:03Z
2026-09-05T13:00:00Z,AVE-20DEC30-CDE,-1.3e-05,130.759506,130.56,130.715,130.51,982,849,2026-09-05T13:14:03Z
2026-09-05T13:00:00Z,AVP-20DEC30-CDE,-1e-05,7.546962,7.38,7.555,7.55,7699,4050,2026-09-05T13:14:03Z
2026-09-05T13:00:00Z,BCP-20DEC30-CDE,-1e-06,248.853368,253.2,249.125,248.45,1657,9412,2026-09-05T13:14:03Z
2026-09-05T13:00:00Z,BIP-20DEC30-CDE,7e-06,79690.759189,79790,79710,79705,173830,372323,2026-09-05T13:14:03Z
2026-09-05T13:00:00Z,BNB-20DEC30-CDE,5e-06,766.245838,720.2,767.6,764.35,365,606,2026-09-05T13:14:03Z
2026-09-05T13:00:00Z,DOP-20DEC30-CDE,5e-06,0.087282,0.08475,0.087365,0.08733,2454,3492,2026-09-05T13:14:03Z
2026-09-05T13:00:00Z,ENA-20DEC30-CDE,-1.4e-05,0.164584,0.1633,0.164785,0.16446,1163,4016,2026-09-05T13:14:03Z
2026-09-05T13:00:00Z,ETP-20DEC30-CDE,3e-06,2459.063973,2455.5,2459.75,2460.5,319396,116894,2026-09-05T13:14:03Z
2026-09-05T13:00:00Z,HEP-20DEC30-CDE,1e-05,0.081376,0.07733,0.08142,0.08149,2239,3628,2026-09-05T13:14:03Z
2026-09-05T13:00:00Z,HYP-20DEC30-CDE,1.6e-05,85.149635,84.89,85.22,85.35,9250,7679,2026-09-05T13:14:03Z
2026-09-05T13:00:00Z,LCP-20DEC30-CDE,1.5e-05,53.864798,50.68,53.935,53.53,3178,3289,2026-09-05T13:14:03Z
2026-09-05T13:00:00Z,LNP-20DEC30-CDE,1.3e-05,11.849803,11.711,11.857,11.855,4294,3189,2026-09-05T13:14:03Z
2026-09-05T13:00:00Z,NER-20DEC30-CDE,2e-06,2.223674,2.1617,2.22295,2.2216,1157,7847,2026-09-05T13:14:03Z
2026-09-05T13:00:00Z,OND-20DEC30-CDE,-1.2e-05,0.372425,0.3582,0.3725,0.3731,4919,4678,2026-09-05T13:14:03Z
2026-09-05T13:00:00Z,PAU-20DEC30-CDE,6e-06,4433.200063,4435.8,4434.15,4433,1192,514,2026-09-05T13:14:03Z
2026-09-05T13:00:00Z,PEP-20DEC30-CDE,-1.4e-05,0.00357,0.003579,0.003564,0.003579,665,1552,2026-09-05T13:14:03Z
2026-09-05T13:00:00Z,POP-20DEC30-CDE,-5e-06,0.914542,0.874,0.9145,0.914,4401,5263,2026-09-05T13:14:03Z
2026-09-05T13:00:00Z,SHP-20DEC30-CDE,5e-06,0.005449,0.00522,0.00546,0.00544,3411,3258,2026-09-05T13:14:03Z
2026-09-05T13:00:00Z,SLP-20DEC30-CDE,-1e-05,103.158034,101.71,103.195,103.12,35533,24937,2026-09-05T13:14:03Z
2026-09-05T13:00:00Z,SUP-20DEC30-CDE,1.6e-05,0.799273,0.7591,0.79915,0.8012,4888,10272,2026-09-05T13:14:03Z
2026-09-05T13:00:00Z,XLP-20DEC30-CDE,2.5e-05,0.184401,0.17962,0.1845,0.1844,3777,3243,2026-09-05T13:14:03Z
2026-09-05T13:00:00Z,XPP-20DEC30-CDE,-4e-06,1.415915,1.4005,1.41665,1.417,45857,53551,2026-09-05T13:14:03Z
2026-09-05T13:00:00Z,ZEC-20DEC30-CDE,7e-06,1013.426587,1041.5,1014.2,1013.5,8729,46700,2026-09-05T13:14:03Z
2026-09-05T14:00:00Z,ADP-20DEC30-CDE,0,0.215564,0.2136,0.21555,0.2156,9681,11942,2026-09-05T14:14:16Z
2026-09-05T14:00:00Z,AVE-20DEC30-CDE,-9e-06,130.053993,130.56,129.945,130.51,982,652,2026-09-05T14:14:16Z
2026-09-05T14:00:00Z,AVP-20DEC30-CDE,-4e-06,7.543289,7.38,7.545,7.53,7699,3750,2026-09-05T14:14:16Z
2026-09-05T14:00:00Z,BCP-20DEC30-CDE,-8e-06,249.190549,253.2,249.175,249,1657,5837,2026-09-05T14:14:16Z
2026-09-05T14:00:00Z,BIP-20DEC30-CDE,7e-06,79678.131649,79790,79677.5,79675,173830,274704,2026-09-05T14:14:16Z
2026-09-05T14:00:00Z,BNB-20DEC30-CDE,1.3e-05,764.718394,720.2,763.725,764,365,494,2026-09-05T14:14:16Z
2026-09-05T14:00:00Z,DOP-20DEC30-CDE,1e-05,0.087377,0.08475,0.087475,0.08731,2454,3591,2026-09-05T14:14:16Z
2026-09-05T14:00:00Z,ENA-20DEC30-CDE,-1.1e-05,0.163389,0.1633,0.16329,0.16334,1163,3328,2026-09-05T14:14:16Z
2026-09-05T14:00:00Z,ETP-20DEC30-CDE,6e-06,2455.555466,2455.5,2456,2457.5,319396,97503,2026-09-05T14:14:16Z
2026-09-05T14:00:00Z,HEP-20DEC30-CDE,2.5e-05,0.080415,0.07733,0.080545,0.08065,2239,2996,2026-09-05T14:14:16Z
2026-09-05T14:00:00Z,HYP-20DEC30-CDE,2.1e-05,85.345453,84.89,85.36,85.42,9250,6647,2026-09-05T14:14:16Z
2026-09-05T14:00:00Z,LCP-20DEC30-CDE,1.7e-05,53.807804,50.68,53.805,53.85,3178,3278,2026-09-05T14:14:16Z
2026-09-05T14:00:00Z,LNP-20DEC30-CDE,1.1e-05,11.864688,11.711,11.867,11.836,4294,2708,2026-09-05T14:14:16Z
2026-09-05T14:00:00Z,NER-20DEC30-CDE,-1e-06,2.19169,2.1617,2.1907,2.1905,1157,7705,2026-09-05T14:14:16Z
2026-09-05T14:00:00Z,OND-20DEC30-CDE,-6e-06,0.36985,0.3582,0.3697,0.3702,4919,4459,2026-09-05T14:14:16Z
2026-09-05T14:00:00Z,PAU-20DEC30-CDE,1e-05,4431.564094,4435.8,4433.25,4436.8,1192,441,2026-09-05T14:14:16Z
2026-09-05T14:00:00Z,PEP-20DEC30-CDE,-4e-06,0.00356,0.003579,0.003562,0.003563,665,1273,2026-09-05T14:14:16Z
2026-09-05T14:00:00Z,POP-20DEC30-CDE,-6e-06,0.914179,0.874,0.9125,0.914,4401,5205,2026-09-05T14:14:16Z
2026-09-05T14:00:00Z,SHP-20DEC30-CDE,7e-06,0.00547,0.00522,0.00548,0.00547,3411,3866,2026-09-05T14:14:16Z
2026-09-05T14:00:00Z,SLP-20DEC30-CDE,-1e-05,102.768855,101.71,102.725,102.79,35533,22645,2026-09-05T14:14:16Z
2026-09-05T14:00:00Z,SUP-20DEC30-CDE,1e-05,0.799153,0.7591,0.80055,0.8004,4888,9834,2026-09-05T14:14:16Z
2026-09-05T14:00:00Z,XLP-20DEC30-CDE,3.1e-05,0.183109,0.17962,0.18329,0.18362,3777,3140,2026-09-05T14:14:16Z
2026-09-05T14:00:00Z,XPP-20DEC30-CDE,-5e-06,1.413241,1.4005,1.4127,1.4126,45857,46866,2026-09-05T14:14:16Z
2026-09-05T14:00:00Z,ZEC-20DEC30-CDE,1.2e-05,1013.677168,1041.5,1012.675,1016.55,8729,39737,2026-09-05T14:14:16Z
2026-09-05T15:00:00Z,ADP-20DEC30-CDE,0,0.21724,0.2136,0.2175,0.2174,9681,10424,2026-09-05T15:14:29Z
2026-09-05T15:00:00Z,AVE-20DEC30-CDE,-1.7e-05,130.821024,130.56,130.71,130.84,982,551,2026-09-05T15:14:29Z
2026-09-05T15:00:00Z,AVP-20DEC30-CDE,-5e-06,7.555313,7.38,7.555,7.55,7699,3863,2026-09-05T15:14:29Z
2026-09-05T15:00:00Z,BCP-20DEC30-CDE,-8e-06,250.142216,253.2,250.225,250.05,1657,4722,2026-09-05T15:14:29Z
2026-09-05T15:00:00Z,BIP-20DEC30-CDE,4e-06,79721.352345,79790,79730,79745,173830,185180,2026-09-05T15:14:29Z
2026-09-05T15:00:00Z,BNB-20DEC30-CDE,1.3e-05,769.099098,720.2,769.325,768.15,365,546,2026-09-05T15:14:29Z
2026-09-05T15:00:00Z,DOP-20DEC30-CDE,8e-06,0.087582,0.08475,0.087575,0.08751,2454,3694,2026-09-05T15:14:29Z
2026-09-05T15:00:00Z,ENA-20DEC30-CDE,-7e-06,0.163185,0.1633,0.163085,0.16314,1163,2691,2026-09-05T15:14:29Z
2026-09-05T15:00:00Z,ETP-20DEC30-CDE,4e-06,2458.673327,2455.5,2459.5,2459.5,319396,84254,2026-09-05T15:14:29Z
2026-09-05T15:00:00Z,HEP-20DEC30-CDE,2e-05,0.080738,0.07733,0.080755,0.08075,2239,2188,2026-09-05T15:14:29Z
2026-09-05T15:00:00Z,HYP-20DEC30-CDE,2.2e-05,85.274944,84.89,85.26,85.26,9250,4939,2026-09-05T15:14:29Z
2026-09-05T15:00:00Z,LCP-20DEC30-CDE,2.5e-05,53.917573,50.68,53.93,54.01,3178,3122,2026-09-05T15:14:29Z
2026-09-05T15:00:00Z,LNP-20DEC30-CDE,1e-05,11.909772,11.711,11.922,11.921,4294,2326,2026-09-05T15:14:29Z
2026-09-05T15:00:00Z,NER-20DEC30-CDE,1e-06,2.196886,2.1617,2.1936,2.1948,1157,7386,2026-09-05T15:14:29Z
2026-09-05T15:00:00Z,OND-20DEC30-CDE,-6e-06,0.368867,0.3582,0.3688,0.3687,4919,3497,2026-09-05T15:14:29Z
2026-09-05T15:00:00Z,PAU-20DEC30-CDE,1.1e-05,4430.7207,4435.8,4432,4433.1,1192,339,2026-09-05T15:14:29Z
2026-09-05T15:00:00Z,PEP-20DEC30-CDE,1e-06,0.00357,0.003579,0.003568,0.003573,665,1041,2026-09-05T15:14:29Z
2026-09-05T15:00:00Z,POP-20DEC30-CDE,-7e-06,0.913311,0.874,0.9125,0.912,4401,4890,2026-09-05T15:14:29Z
2026-09-05T15:00:00Z,SHP-20DEC30-CDE,8e-06,0.00546,0.00522,0.00546,0.00548,3411,3956,2026-09-05T15:14:29Z
2026-09-05T15:00:00Z,SLP-20DEC30-CDE,-7e-06,102.885769,101.71,102.845,102.86,35533,20290,2026-09-05T15:14:29Z
2026-09-05T15:00:00Z,SUP-20DEC30-CDE,6e-06,0.799319,0.7591,0.79825,0.7987,4888,9103,2026-09-05T15:14:29Z
2026-09-05T15:00:00Z,XLP-20DEC30-CDE,3.2e-05,0.184125,0.17962,0.184315,0.18411,3777,2199,2026-09-05T15:14:29Z
2026-09-05T15:00:00Z,XPP-20DEC30-CDE,-7e-06,1.413307,1.4005,1.41255,1.4129,45857,38306,2026-09-05T15:14:29Z
2026-09-05T15:00:00Z,ZEC-20DEC30-CDE,1.1e-05,1018.171167,1041.5,1018.75,1019.5,8729,36484,2026-09-05T15:14:29Z
2026-09-05T16:00:00Z,ADP-20DEC30-CDE,2e-06,0.217799,0.2136,0.218,0.2183,9681,10058,2026-09-05T16:09:55Z
2026-09-05T16:00:00Z,AVE-20DEC30-CDE,-2.4e-05,131.561644,130.56,131.545,131.6,982,526,2026-09-05T16:09:55Z
2026-09-05T16:00:00Z,AVP-20DEC30-CDE,-2e-06,7.54298,7.38,7.545,7.54,7699,3934,2026-09-05T16:09:55Z
2026-09-05T16:00:00Z,BCP-20DEC30-CDE,2e-06,251.55412,253.2,251.775,251.65,1657,4939,2026-09-05T16:09:55Z
2026-09-05T16:00:00Z,BIP-20DEC30-CDE,5e-06,79777.112416,79790,79817.5,79820,173830,162457,2026-09-05T16:09:55Z
2026-09-05T16:00:00Z,BNB-20DEC30-CDE,1.8e-05,769.87706,720.2,769.65,770.25,365,637,2026-09-05T16:09:55Z
2026-09-05T16:00:00Z,DOP-20DEC30-CDE,7e-06,0.087531,0.08475,0.087555,0.08773,2454,4075,2026-09-05T16:09:55Z
2026-09-05T16:00:00Z,ENA-20DEC30-CDE,-7e-06,0.162868,0.1633,0.163075,0.16298,1163,2622,2026-09-05T16:09:55Z
2026-09-05T16:00:00Z,ETP-20DEC30-CDE,5e-06,2459.588858,2455.5,2460.5,2460.5,319396,74142,2026-09-05T16:09:55Z
2026-09-05T16:00:00Z,HEP-20DEC30-CDE,2.1e-05,0.080544,0.07733,0.08059,0.08041,2239,2073,2026-09-05T16:09:55Z
2026-09-05T16:00:00Z,HYP-20DEC30-CDE,1.9e-05,85.521293,84.89,85.635,85.52,9250,4466,2026-09-05T16:09:55Z
2026-09-05T16:00:00Z,LCP-20DEC30-CDE,2.7e-05,53.719278,50.68,53.74,53.74,3178,3342,2026-09-05T16:09:55Z
2026-09-05T16:00:00Z,LNP-20DEC30-CDE,4e-06,11.934528,11.711,11.9345,11.95,4294,2235,2026-09-05T16:09:55Z
2026-09-05T16:00:00Z,NER-20DEC30-CDE,-1e-06,2.180266,2.1617,2.18475,2.1806,1157,7703,2026-09-05T16:09:55Z
2026-09-05T16:00:00Z,OND-20DEC30-CDE,-1.1e-05,0.368695,0.3582,0.36875,0.3679,4919,3257,2026-09-05T16:09:55Z
2026-09-05T16:00:00Z,PAU-20DEC30-CDE,1.1e-05,4433.04,4435.8,4434.8,4435.5,1192,298,2026-09-05T16:09:55Z
2026-09-05T16:00:00Z,PEP-20DEC30-CDE,1.9e-05,0.00357,0.003579,0.003564,0.003563,665,926,2026-09-05T16:09:55Z
2026-09-05T16:00:00Z,POP-20DEC30-CDE,-3e-06,0.911335,0.874,0.911,0.91,4401,5244,2026-09-05T16:09:55Z
2026-09-05T16:00:00Z,SHP-20DEC30-CDE,2e-06,0.00545,0.00522,0.005455,0.00545,3411,4010,2026-09-05T16:09:55Z
2026-09-05T16:00:00Z,SLP-20DEC30-CDE,-6e-06,102.968669,101.71,102.965,102.95,35533,19106,2026-09-05T16:09:55Z
2026-09-05T16:00:00Z,SUP-20DEC30-CDE,9e-06,0.794934,0.7591,0.79575,0.7944,4888,8622,2026-09-05T16:09:55Z
2026-09-05T16:00:00Z,XLP-20DEC30-CDE,3e-05,0.183685,0.17962,0.18384,0.18385,3777,2597,2026-09-05T16:09:55Z
2026-09-05T16:00:00Z,XPP-20DEC30-CDE,-6e-06,1.412964,1.4005,1.41285,1.4126,45857,32731,2026-09-05T16:09:55Z
2026-09-05T16:00:00Z,ZEC-20DEC30-CDE,7e-06,1021.335373,1041.5,1021.775,1019.3,8729,34080,2026-09-05T16:09:55Z
2026-09-05T17:00:00Z,ADP-20DEC30-CDE,5e-06,0.218762,0.2136,0.2189,0.2185,9681,10192,2026-09-05T17:14:29Z
2026-09-05T17:00:00Z,AVE-20DEC30-CDE,-1.7e-05,132.267407,130.56,132.17,131.95,982,467,2026-09-05T17:14:29Z
2026-09-05T17:00:00Z,AVP-20DEC30-CDE,-4e-06,7.578669,7.38,7.585,7.58,7699,4044,2026-09-05T17:14:29Z
2026-09-05T17:00:00Z,BCP-20DEC30-CDE,6e-06,255.404319,253.2,255.325,255.3,1657,5274,2026-09-05T17:14:29Z
2026-09-05T17:00:00Z,BIP-20DEC30-CDE,6e-06,80096.441633,79790,80122.5,80115,173830,132677,2026-09-05T17:14:29Z
2026-09-05T17:00:00Z,BNB-20DEC30-CDE,1.2e-05,777.303132,720.2,777.625,779.9,365,732,2026-09-05T17:14:29Z
2026-09-05T17:00:00Z,DOP-20DEC30-CDE,5e-06,0.08909,0.08475,0.089385,0.08931,2454,4165,2026-09-05T17:14:29Z
2026-09-05T17:00:00Z,ENA-20DEC30-CDE,2e-06,0.165583,0.1633,0.16549,0.16577,1163,2525,2026-09-05T17:14:29Z
2026-09-05T17:00:00Z,ETP-20DEC30-CDE,9e-06,2480.098657,2455.5,2481,2480.5,319396,74175,2026-09-05T17:14:29Z
2026-09-05T17:00:00Z,HEP-20DEC30-CDE,1.8e-05,0.080724,0.07733,0.08077,0.08079,2239,1777,2026-09-05T17:14:29Z
2026-09-05T17:00:00Z,HYP-20DEC30-CDE,1.4e-05,85.978328,84.89,86.035,86.09,9250,3575,2026-09-05T17:14:29Z
2026-09-05T17:00:00Z,LCP-20DEC30-CDE,2.1e-05,54.755942,50.68,54.835,54.74,3178,3565,2026-09-05T17:14:29Z
2026-09-05T17:00:00Z,LNP-20DEC30-CDE,1e-06,12.09416,11.711,12.123,12.116,4294,2084,2026-09-05T17:14:29Z
2026-09-05T17:00:00Z,NER-20DEC30-CDE,1.1e-05,2.22103,2.1617,2.21945,2.2227,1157,8142,2026-09-05T17:14:29Z
2026-09-05T17:00:00Z,OND-20DEC30-CDE,-1.6e-05,0.370131,0.3582,0.37015,0.3703,4919,3092,2026-09-05T17:14:29Z
2026-09-05T17:00:00Z,PAU-20DEC30-CDE,1.1e-05,4435.225905,4435.8,4437.6,4437.5,1192,236,2026-09-05T17:14:29Z
2026-09-05T17:00:00Z,PEP-20DEC30-CDE,1.3e-05,0.00361,0.003579,0.0036085,0.003602,665,900,2026-09-05T17:14:29Z
2026-09-05T17:00:00Z,POP-20DEC30-CDE,-1e-06,0.910786,0.874,0.9105,0.911,4401,5418,2026-09-05T17:14:29Z
2026-09-05T17:00:00Z,SHP-20DEC30-CDE,0,0.0055,0.00522,0.0055,0.00548,3411,4426,2026-09-05T17:14:29Z
2026-09-05T17:00:00Z,SLP-20DEC30-CDE,-4e-06,103.897462,101.71,103.93,103.88,35533,16899,2026-09-05T17:14:29Z
2026-09-05T17:00:00Z,SUP-20DEC30-CDE,4e-06,0.80405,0.7591,0.80515,0.8049,4888,8907,2026-09-05T17:14:29Z
2026-09-05T17:00:00Z,XLP-20DEC30-CDE,2.4e-05,0.184888,0.17962,0.185005,0.18509,3777,2606,2026-09-05T17:14:29Z
2026-09-05T17:00:00Z,XPP-20DEC30-CDE,-4e-06,1.421433,1.4005,1.4218,1.4205,45857,31036,2026-09-05T17:14:29Z
2026-09-05T17:00:00Z,ZEC-20DEC30-CDE,8e-06,1035.029967,1041.5,1036.7,1034.6,8729,26016,2026-09-05T17:14:29Z
2026-09-05T18:00:00Z,ADP-20DEC30-CDE,-3e-06,0.220648,0.2136,0.2214,0.2209,9681,9667,2026-09-05T18:13:02Z
2026-09-05T18:00:00Z,AVE-20DEC30-CDE,-1.5e-05,133.21869,130.56,133.225,132.86,982,370,2026-09-05T18:13:02Z
2026-09-05T18:00:00Z,AVP-20DEC30-CDE,-5e-06,7.612152,7.38,7.615,7.62,7699,4242,2026-09-05T18:13:02Z
2026-09-05T18:00:00Z,BCP-20DEC30-CDE,8e-06,258.316083,253.2,258.65,258.5,1657,6281,2026-09-05T18:13:02Z
2026-09-05T18:00:00Z,BIP-20DEC30-CDE,6e-06,80000.104577,79790,80022.5,80020,173830,115710,2026-09-05T18:13:02Z
2026-09-05T18:00:00Z,BNB-20DEC30-CDE,1.3e-05,775.695331,720.2,776.2,776.25,365,793,2026-09-05T18:13:02Z
2026-09-05T18:00:00Z,DOP-20DEC30-CDE,2e-06,0.093141,0.08475,0.093225,0.09325,2454,5702,2026-09-05T18:13:02Z
2026-09-05T18:00:00Z,ENA-20DEC30-CDE,-2e-06,0.164644,0.1633,0.164575,0.16556,1163,2353,2026-09-05T18:13:02Z
2026-09-05T18:00:00Z,ETP-20DEC30-CDE,1.1e-05,2478.866237,2455.5,2478.75,2480,319396,73341,2026-09-05T18:13:02Z
2026-09-05T18:00:00Z,HEP-20DEC30-CDE,1.5e-05,0.081038,0.07733,0.08109,0.08107,2239,2135,2026-09-05T18:13:02Z
2026-09-05T18:00:00Z,HYP-20DEC30-CDE,2e-05,85.692684,84.89,85.705,85.77,9250,3310,2026-09-05T18:13:02Z
2026-09-05T18:00:00Z,LCP-20DEC30-CDE,2.5e-05,54.789022,50.68,54.81,54.87,3178,3608,2026-09-05T18:13:02Z
2026-09-05T18:00:00Z,LNP-20DEC30-CDE,6e-06,12.052902,11.711,12.057,12.059,4294,2845,2026-09-05T18:13:02Z
2026-09-05T18:00:00Z,NER-20DEC30-CDE,0,2.24311,2.1617,2.24425,2.2465,1157,8320,2026-09-05T18:13:02Z
2026-09-05T18:00:00Z,OND-20DEC30-CDE,-1e-05,0.367513,0.3582,0.36805,0.3686,4919,3026,2026-09-05T18:13:02Z
2026-09-05T18:00:00Z,PAU-20DEC30-CDE,1.4e-05,4435.327942,4435.8,4437.55,4437.5,1192,192,2026-09-05T18:13:02Z
2026-09-05T18:00:00Z,PEP-20DEC30-CDE,6e-06,0.003638,0.003579,0.0036485,0.003657,665,906,2026-09-05T18:13:02Z
2026-09-05T18:00:00Z,POP-20DEC30-CDE,-6e-06,0.909435,0.874,0.91,0.91,4401,5452,2026-09-05T18:13:02Z
2026-09-05T18:00:00Z,SHP-20DEC30-CDE,2e-06,0.005535,0.00522,0.00554,0.00553,3411,5272,2026-09-05T18:13:02Z
2026-09-05T18:00:00Z,SLP-20DEC30-CDE,-3e-06,103.941925,101.71,103.955,103.96,35533,16142,2026-09-05T18:13:02Z
2026-09-05T18:00:00Z,SUP-20DEC30-CDE,6e-06,0.804021,0.7591,0.80535,0.8047,4888,8985,2026-09-05T18:13:02Z
2026-09-05T18:00:00Z,XLP-20DEC30-CDE,2.6e-05,0.184883,0.17962,0.184955,0.18523,3777,2520,2026-09-05T18:13:02Z
2026-09-05T18:00:00Z,XPP-20DEC30-CDE,-4e-06,1.422134,1.4005,1.4223,1.422,45857,26341,2026-09-05T18:13:02Z
2026-09-05T18:00:00Z,ZEC-20DEC30-CDE,1.2e-05,1031.171591,1041.5,1031.825,1032.25,8729,21459,2026-09-05T18:13:02Z
2026-09-05T19:00:00Z,ADP-20DEC30-CDE,-4e-06,0.221218,0.2136,0.221,0.2215,9681,8585,2026-09-05T19:14:28Z
2026-09-05T19:00:00Z,AVE-20DEC30-CDE,-1.8e-05,134.137706,130.56,134.325,134.03,982,378,2026-09-05T19:14:28Z
2026-09-05T19:00:00Z,AVP-20DEC30-CDE,-2e-06,7.60001,7.38,7.6,7.61,7699,4264,2026-09-05T19:14:28Z
2026-09-05T19:00:00Z,BCP-20DEC30-CDE,1.2e-05,256.875613,253.2,257.025,256.65,1657,6556,2026-09-05T19:14:28Z
2026-09-05T19:00:00Z,BIP-20DEC30-CDE,6e-06,79958.366965,79790,79950,79960,173830,110608,2026-09-05T19:14:28Z
2026-09-05T19:00:00Z,BNB-20DEC30-CDE,1.2e-05,776.718219,720.2,776.9,776.25,365,792,2026-09-05T19:14:28Z
2026-09-05T19:00:00Z,DOP-20DEC30-CDE,-1e-06,0.091564,0.08475,0.091445,0.09144,2454,6315,2026-09-05T19:14:28Z
2026-09-05T19:00:00Z,ENA-20DEC30-CDE,3e-06,0.16535,0.1633,0.16561,0.16519,1163,2117,2026-09-05T19:14:28Z
2026-09-05T19:00:00Z,ETP-20DEC30-CDE,6e-06,2479.463563,2455.5,2478.25,2478.5,319396,71181,2026-09-05T19:14:28Z
2026-09-05T19:00:00Z,HEP-20DEC30-CDE,1.8e-05,0.08085,0.07733,0.080875,0.08067,2239,2173,2026-09-05T19:14:28Z
2026-09-05T19:00:00Z,HYP-20DEC30-CDE,1.8e-05,86.063903,84.89,86.085,86.08,9250,2884,2026-09-05T19:14:28Z
2026-09-05T19:00:00Z,LCP-20DEC30-CDE,2.8e-05,54.630023,50.68,54.685,54.51,3178,3572,2026-09-05T19:14:28Z
2026-09-05T19:00:00Z,LNP-20DEC30-CDE,1.2e-05,12.023848,11.711,12.0245,12.023,4294,2880,2026-09-05T19:14:28Z
2026-09-05T19:00:00Z,NER-20DEC30-CDE,2e-06,2.228529,2.1617,2.2259,2.2279,1157,8480,2026-09-05T19:14:28Z
2026-09-05T19:00:00Z,OND-20DEC30-CDE,7e-06,0.36986,0.3582,0.37005,0.3699,4919,3009,2026-09-05T19:14:28Z
2026-09-05T19:00:00Z,PAU-20DEC30-CDE,1.6e-05,4435.104101,4435.8,4436.9,4437.5,1192,163,2026-09-05T19:14:28Z
2026-09-05T19:00:00Z,PEP-20DEC30-CDE,1.3e-05,0.00362,0.003579,0.003618,0.003617,665,802,2026-09-05T19:14:28Z
2026-09-05T19:00:00Z,POP-20DEC30-CDE,-3e-06,0.910184,0.874,0.91,0.908,4401,5082,2026-09-05T19:14:28Z
2026-09-05T19:00:00Z,SHP-20DEC30-CDE,3e-06,0.005506,0.00522,0.005505,0.00549,3411,6279,2026-09-05T19:14:28Z
2026-09-05T19:00:00Z,SLP-20DEC30-CDE,-2e-06,103.845066,101.71,103.835,103.87,35533,15166,2026-09-05T19:14:28Z
2026-09-05T19:00:00Z,SUP-20DEC30-CDE,6e-06,0.804536,0.7591,0.80495,0.8046,4888,9318,2026-09-05T19:14:28Z
2026-09-05T19:00:00Z,XLP-20DEC30-CDE,2.6e-05,0.184907,0.17962,0.184995,0.18498,3777,2436,2026-09-05T19:14:28Z
2026-09-05T19:00:00Z,XPP-20DEC30-CDE,-6e-06,1.419677,1.4005,1.4193,1.4199,45857,24721,2026-09-05T19:14:28Z
2026-09-05T19:00:00Z,ZEC-20DEC30-CDE,1.1e-05,1021.986538,1041.5,1021.9,1020,8729,19745,2026-09-05T19:14:28Z
2026-09-05T20:00:00Z,ADP-20DEC30-CDE,-4e-06,0.220276,0.2136,0.2199,0.2204,9681,7632,2026-09-05T20:14:13Z
2026-09-05T20:00:00Z,AVE-20DEC30-CDE,-6e-06,135.214357,130.56,134.74,134.93,982,248,2026-09-05T20:14:13Z
2026-09-05T20:00:00Z,AVP-20DEC30-CDE,0,7.606453,7.38,7.595,7.6,7699,4123,2026-09-05T20:14:13Z
2026-09-05T20:00:00Z,BCP-20DEC30-CDE,8e-06,256.522013,253.2,256.275,256.3,1657,6013,2026-09-05T20:14:13Z
2026-09-05T20:00:00Z,BIP-20DEC30-CDE,5e-06,79794.964326,79790,79752.5,79745,173830,65140,2026-09-05T20:14:13Z
2026-09-05T20:00:00Z,BNB-20DEC30-CDE,1.4e-05,773.227174,720.2,772.45,776.25,365,790,2026-09-05T20:14:13Z
2026-09-05T20:00:00Z,DOP-20DEC30-CDE,5e-06,0.091163,0.08475,0.090925,0.09089,2454,6354,2026-09-05T20:14:13Z
2026-09-05T20:00:00Z,ENA-20DEC30-CDE,5e-06,0.165561,0.1633,0.16516,0.16462,1163,1874,2026-09-05T20:14:13Z
2026-09-05T20:00:00Z,ETP-20DEC30-CDE,2e-06,2481.570194,2455.5,2478.75,2479,319396,35895,2026-09-05T20:14:13Z
2026-09-05T20:00:00Z,HEP-20DEC30-CDE,1.7e-05,0.08095,0.07733,0.08093,0.08087,2239,1903,2026-09-05T20:14:13Z
2026-09-05T20:00:00Z,HYP-20DEC30-CDE,1.7e-05,85.453799,84.89,85.48,85.49,9250,2175,2026-09-05T20:14:13Z
2026-09-05T20:00:00Z,LCP-20DEC30-CDE,3.1e-05,54.274158,50.68,54.235,54.22,3178,3584,2026-09-05T20:14:13Z
2026-09-05T20:00:00Z,LNP-20DEC30-CDE,1.4e-05,12.030544,11.711,12.0145,12.049,4294,2604,2026-09-05T20:14:13Z
2026-09-05T20:00:00Z,NER-20DEC30-CDE,4e-06,2.191601,2.1617,2.18975,2.1921,1157,7676,2026-09-05T20:14:13Z
2026-09-05T20:00:00Z,OND-20DEC30-CDE,8e-06,0.370937,0.3582,0.3705,0.3706,4919,2855,2026-09-05T20:14:13Z
2026-09-05T20:00:00Z,PAU-20DEC30-CDE,1.8e-05,4434.750691,4435.8,4436.45,4435.7,1192,97,2026-09-05T20:14:13Z
2026-09-05T20:00:00Z,PEP-20DEC30-CDE,1.8e-05,0.00362,0.003579,0.003617,0.003609,665,697,2026-09-05T20:14:13Z
2026-09-05T20:00:00Z,POP-20DEC30-CDE,0,0.916173,0.874,0.915,0.91,4401,4511,2026-09-05T20:14:13Z
2026-09-05T20:00:00Z,SHP-20DEC30-CDE,3e-06,0.00548,0.00522,0.00548,0.00549,3411,6212,2026-09-05T20:14:13Z
2026-09-05T20:00:00Z,SLP-20DEC30-CDE,-2e-06,103.50774,101.71,103.4,103.55,35533,11213,2026-09-05T20:14:13Z
2026-09-05T20:00:00Z,SUP-20DEC30-CDE,2e-06,0.805199,0.7591,0.80245,0.8027,4888,9293,2026-09-05T20:14:13Z
2026-09-05T20:00:00Z,XLP-20DEC30-CDE,2e-05,0.184592,0.17962,0.184395,0.18461,3777,2341,2026-09-05T20:14:13Z
2026-09-05T20:00:00Z,XPP-20DEC30-CDE,-8e-06,1.417003,1.4005,1.41455,1.4147,45857,16437,2026-09-05T20:14:13Z
2026-09-05T20:00:00Z,ZEC-20DEC30-CDE,1.5e-05,1013.296013,1041.5,1010.65,1011.6,8729,16374,2026-09-05T20:14:13Z
2026-09-05T21:00:00Z,ADP-20DEC30-CDE,-5e-06,0.219271,0.2136,0.2191,0.2194,9681,7845,2026-09-05T21:14:29Z
2026-09-05T21:00:00Z,AVE-20DEC30-CDE,-6e-06,133.604059,130.56,133.605,133.58,982,243,2026-09-05T21:14:29Z
2026-09-05T21:00:00Z,AVP-20DEC30-CDE,-1e-06,7.583378,7.38,7.585,7.58,7699,4133,2026-09-05T21:14:29Z
2026-09-05T21:00:00Z,BCP-20DEC30-CDE,1.3e-05,256.428906,253.2,256.3,256.15,1657,5959,2026-09-05T21:14:29Z
2026-09-05T21:00:00Z,BIP-20DEC30-CDE,6e-06,79785.00531,79790,79802.5,79785,173830,60929,2026-09-05T21:14:29Z
2026-09-05T21:00:00Z,BNB-20DEC30-CDE,1.6e-05,771.523351,720.2,771.525,776.25,365,790,2026-09-05T21:14:29Z
2026-09-05T21:00:00Z,DOP-20DEC30-CDE,-1e-06,0.090987,0.08475,0.09098,0.09105,2454,6465,2026-09-05T21:14:29Z
2026-09-05T21:00:00Z,ENA-20DEC30-CDE,1e-06,0.167332,0.1633,0.167325,0.16748,1163,1822,2026-09-05T21:14:29Z
2026-09-05T21:00:00Z,ETP-20DEC30-CDE,1e-06,2477.460304,2455.5,2478,2478,319396,32241,2026-09-05T21:14:29Z
2026-09-05T21:00:00Z,HEP-20DEC30-CDE,1.4e-05,0.08076,0.07733,0.080785,0.08078,2239,1872,2026-09-05T21:14:29Z
2026-09-05T21:00:00Z,HYP-20DEC30-CDE,2.1e-05,85.338071,84.89,85.33,85.55,9250,2032,2026-09-05T21:14:29Z
2026-09-05T21:00:00Z,LCP-20DEC30-CDE,2.9e-05,54.006125,50.68,54.075,54.05,3178,3645,2026-09-05T21:14:29Z
2026-09-05T21:00:00Z,LNP-20DEC30-CDE,1.5e-05,12.047674,11.711,12.055,12.022,4294,2598,2026-09-05T21:14:29Z
2026-09-05T21:00:00Z,NER-20DEC30-CDE,1.5e-05,2.168842,2.1617,2.1674,2.1685,1157,7726,2026-09-05T21:14:29Z
2026-09-05T21:00:00Z,OND-20DEC30-CDE,7e-06,0.369151,0.3582,0.3694,0.3682,4919,2910,2026-09-05T21:14:29Z
2026-09-05T21:00:00Z,PAU-20DEC30-CDE,1.8e-05,4433.175344,4435.8,4435.7,4435.4,1192,90,2026-09-05T21:14:29Z
2026-09-05T21:00:00Z,PEP-20DEC30-CDE,2e-05,0.003631,0.003579,0.003635,0.003635,665,724,2026-09-05T21:14:29Z
2026-09-05T21:00:00Z,POP-20DEC30-CDE,0,0.912587,0.874,0.913,0.91,4401,4389,2026-09-05T21:14:29Z
2026-09-05T21:00:00Z,SHP-20DEC30-CDE,-5e-06,0.005469,0.00522,0.005475,0.00547,3411,6508,2026-09-05T21:14:29Z
2026-09-05T21:00:00Z,SLP-20DEC30-CDE,0,103.507901,101.71,103.48,103.45,35533,11183,2026-09-05T21:14:29Z
2026-09-05T21:00:00Z,SUP-20DEC30-CDE,9e-06,0.802742,0.7591,0.80235,0.8027,4888,9551,2026-09-05T21:14:29Z
2026-09-05T21:00:00Z,XLP-20DEC30-CDE,1.4e-05,0.184576,0.17962,0.184595,0.18434,3777,2313,2026-09-05T21:14:29Z
2026-09-05T21:00:00Z,XPP-20DEC30-CDE,-1.1e-05,1.416712,1.4005,1.4168,1.4171,45857,15949,2026-09-05T21:14:29Z
2026-09-05T21:00:00Z,ZEC-20DEC30-CDE,1.1e-05,1014.923787,1041.5,1014.775,1014.15,8729,14956,2026-09-05T21:14:29Z
2026-09-05T22:00:00Z,ADP-20DEC30-CDE,-4e-06,0.221106,0.2136,0.22075,0.2215,9681,7883,2026-09-05T22:04:37Z
2026-09-05T22:00:00Z,AVE-20DEC30-CDE,-4e-06,134.945724,130.56,134.615,133.58,982,243,2026-09-05T22:04:37Z
2026-09-05T22:00:00Z,AVP-20DEC30-CDE,-2e-06,7.626079,7.38,7.625,7.63,7699,4155,2026-09-05T22:04:37Z
2026-09-05T22:00:00Z,BCP-20DEC30-CDE,9e-06,258.047375,253.2,258.075,257.2,1657,6004,2026-09-05T22:04:37Z
2026-09-05T22:00:00Z,BIP-20DEC30-CDE,8e-06,79921.02668,79790,79900,79905,173830,62767,2026-09-05T22:04:37Z
2026-09-05T22:00:00Z,BNB-20DEC30-CDE,1.3e-05,771.239991,720.2,771.225,776.25,365,790,2026-09-05T22:04:37Z
2026-09-05T22:00:00Z,DOP-20DEC30-CDE,-2e-06,0.090937,0.08475,0.090855,0.09102,2454,6901,2026-09-05T22:04:37Z
2026-09-05T22:00:00Z,ENA-20DEC30-CDE,-3e-06,0.174263,0.1633,0.172845,0.17324,1163,2238,2026-09-05T22:04:37Z
2026-09-05T22:00:00Z,ETP-20DEC30-CDE,9e-06,2488.872688,2455.5,2488.25,2489.5,319396,35181,2026-09-05T22:04:37Z
2026-09-05T22:00:00Z,HEP-20DEC30-CDE,1.1e-05,0.080809,0.07733,0.080805,0.08081,2239,1894,2026-09-05T22:04:37Z
2026-09-05T22:00:00Z,HYP-20DEC30-CDE,2.1e-05,85.625409,84.89,85.63,85.64,9250,2126,2026-09-05T22:04:37Z
2026-09-05T22:00:00Z,LCP-20DEC30-CDE,2e-05,54.771035,50.68,55.06,55,3178,3812,2026-09-05T22:04:37Z
2026-09-05T22:00:00Z,LNP-20DEC30-CDE,1.5e-05,12.095119,11.711,12.0865,12.086,4294,2599,2026-09-05T22:04:37Z
2026-09-05T22:00:00Z,NER-20DEC30-CDE,2.2e-05,2.189784,2.1617,2.1901,2.1894,1157,7968,2026-09-05T22:04:37Z
2026-09-05T22:00:00Z,OND-20DEC30-CDE,5e-06,0.373763,0.3582,0.37345,0.3746,4919,3096,2026-09-05T22:04:37Z
2026-09-05T22:00:00Z,PAU-20DEC30-CDE,2.1e-05,4433.20806,4435.8,4436.2,4435.4,1192,90,2026-09-05T22:04:37Z
2026-09-05T22:00:00Z,PEP-20DEC30-CDE,1.8e-05,0.00364,0.003579,0.0036425,0.003648,665,733,2026-09-05T22:04:37Z
2026-09-05T22:00:00Z,POP-20DEC30-CDE,-8e-06,0.923601,0.874,0.922,0.922,4401,4361,2026-09-05T22:04:37Z
2026-09-05T22:00:00Z,SHP-20DEC30-CDE,3e-06,0.0055,0.00522,0.0055,0.00552,3411,6726,2026-09-05T22:04:37Z
2026-09-05T22:00:00Z,SLP-20DEC30-CDE,1e-06,103.81826,101.71,103.74,103.81,35533,11889,2026-09-05T22:04:37Z
2026-09-05T22:00:00Z,SUP-20DEC30-CDE,1e-05,0.804069,0.7591,0.80305,0.8044,4888,9767,2026-09-05T22:04:37Z
2026-09-05T22:00:00Z,XLP-20DEC30-CDE,1.2e-05,0.185424,0.17962,0.18526,0.18561,3777,2408,2026-09-05T22:04:37Z
2026-09-05T22:00:00Z,XPP-20DEC30-CDE,-8e-06,1.421212,1.4005,1.41935,1.4228,45857,16444,2026-09-05T22:04:37Z
2026-09-05T22:00:00Z,ZEC-20DEC30-CDE,1.5e-05,1014.85492,1041.5,1015.6,1015.45,8729,15283,2026-09-05T22:04:37Z
2026-09-05T23:00:00Z,ADP-20DEC30-CDE,1e-06,0.219412,0.2136,0.2194,0.2195,9681,7564,2026-09-05T23:14:27Z
2026-09-05T23:00:00Z,AVE-20DEC30-CDE,-1e-05,134.66236,130.56,134.58,135.48,982,208,2026-09-05T23:14:27Z
2026-09-05T23:00:00Z,AVP-20DEC30-CDE,-4e-06,7.592779,7.38,7.59,7.59,7699,3979,2026-09-05T23:14:27Z
2026-09-05T23:00:00Z,BCP-20DEC30-CDE,2.1e-05,256.874641,253.2,256.925,259.2,1657,5935,2026-09-05T23:14:27Z
2026-09-05T23:00:00Z,BIP-20DEC30-CDE,8e-06,79748.479716,79790,79747.5,79755,173830,63656,2026-09-05T23:14:27Z
2026-09-05T23:00:00Z,BNB-20DEC30-CDE,1.3e-05,765.261308,720.2,765,769.95,365,820,2026-09-05T23:14:27Z
2026-09-05T23:00:00Z,DOP-20DEC30-CDE,2e-06,0.089989,0.08475,0.08995,0.09,2454,6960,2026-09-05T23:14:27Z
2026-09-05T23:00:00Z,ENA-20DEC30-CDE,-2e-06,0.171465,0.1633,0.17129,0.17198,1163,2608,2026-09-05T23:14:27Z
2026-09-05T23:00:00Z,ETP-20DEC30-CDE,7e-06,2479.174183,2455.5,2479.5,2480,319396,38247,2026-09-05T23:14:27Z
2026-09-05T23:00:00Z,HEP-20DEC30-CDE,9e-06,0.080424,0.07733,0.08033,0.08016,2239,1942,2026-09-05T23:14:27Z
2026-09-05T23:00:00Z,HYP-20DEC30-CDE,2.1e-05,85.265858,84.89,85.3,85.26,9250,2062,2026-09-05T23:14:27Z
2026-09-05T23:00:00Z,LCP-20DEC30-CDE,2e-05,54.855804,50.68,54.975,54.88,3178,4087,2026-09-05T23:14:27Z
2026-09-05T23:00:00Z,LNP-20DEC30-CDE,1.6e-05,11.98173,11.711,11.9835,12.019,4294,2430,2026-09-05T23:14:27Z
2026-09-05T23:00:00Z,NER-20DEC30-CDE,2.3e-05,2.185516,2.1617,2.18825,2.1825,1157,7649,2026-09-05T23:14:27Z
2026-09-05T23:00:00Z,OND-20DEC30-CDE,1.3e-05,0.37097,0.3582,0.37065,0.3707,4919,3133,2026-09-05T23:14:27Z
2026-09-05T23:00:00Z,PAU-20DEC30-CDE,2.1e-05,4433.393171,4435.8,4434.85,4436.5,1192,89,2026-09-05T23:14:27Z
2026-09-05T23:00:00Z,PEP-20DEC30-CDE,3.5e-05,0.00361,0.003579,0.003616,0.003628,665,712,2026-09-05T23:14:27Z
2026-09-05T23:00:00Z,POP-20DEC30-CDE,-7e-06,0.917753,0.874,0.917,0.919,4401,4301,2026-09-05T23:14:27Z
2026-09-05T23:00:00Z,SHP-20DEC30-CDE,9e-06,0.00547,0.00522,0.00547,0.00548,3411,6960,2026-09-05T23:14:27Z
2026-09-05T23:00:00Z,SLP-20DEC30-CDE,-1e-06,103.231503,101.71,103.23,103.27,35533,11534,2026-09-05T23:14:27Z
2026-09-05T23:00:00Z,SUP-20DEC30-CDE,5e-06,0.797973,0.7591,0.79775,0.7982,4888,10012,2026-09-05T23:14:27Z
2026-09-05T23:00:00Z,XLP-20DEC30-CDE,1.3e-05,0.184268,0.17962,0.184235,0.18449,3777,2409,2026-09-05T23:14:27Z
2026-09-05T23:00:00Z,XPP-20DEC30-CDE,-8e-06,1.414733,1.4005,1.4145,1.4147,45857,16322,2026-09-05T23:14:27Z
2026-09-05T23:00:00Z,ZEC-20DEC30-CDE,1.6e-05,1018.99274,1041.5,1018.325,1019.1,8729,13970,2026-09-05T23:14:27Z
2026-09-06T00:00:00Z,ADP-20DEC30-CDE,7e-06,0.218687,0.2136,0.2188,0.2185,9681,7492,2026-09-06T00:14:11Z
2026-09-06T00:00:00Z,AVE-20DEC30-CDE,-5e-06,134.645348,130.56,134.62,134.38,982,215,2026-09-06T00:14:11Z
2026-09-06T00:00:00Z,AVP-20DEC30-CDE,-5e-06,7.587998,7.38,7.585,7.59,7699,4237,2026-09-06T00:14:11Z
2026-09-06T00:00:00Z,BCP-20DEC30-CDE,2.3e-05,257.658047,253.2,257.775,257.7,1657,6333,2026-09-06T00:14:11Z
2026-09-06T00:00:00Z,BIP-20DEC30-CDE,6e-06,79906.985688,79790,79900,79895,173830,60814,2026-09-06T00:14:11Z
2026-09-06T00:00:00Z,BNB-20DEC30-CDE,1.4e-05,768.852038,720.2,769,767.15,365,849,2026-09-06T00:14:11Z
2026-09-06T00:00:00Z,DOP-20DEC30-CDE,-7e-06,0.089948,0.08475,0.089915,0.08995,2454,7380,2026-09-06T00:14:11Z
2026-09-06T00:00:00Z,ENA-20DEC30-CDE,-5e-06,0.173407,0.1633,0.173305,0.17315,1163,2762,2026-09-06T00:14:11Z
2026-09-06T00:00:00Z,ETP-20DEC30-CDE,7e-06,2481.516966,2455.5,2482.5,2480.5,319396,38907,2026-09-06T00:14:11Z
2026-09-06T00:00:00Z,HEP-20DEC30-CDE,6e-06,0.08029,0.07733,0.080255,0.08021,2239,1950,2026-09-06T00:14:11Z
2026-09-06T00:00:00Z,HYP-20DEC30-CDE,2e-05,85.494217,84.89,85.53,85.5,9250,2051,2026-09-06T00:14:11Z
2026-09-06T00:00:00Z,LCP-20DEC30-CDE,2.1e-05,54.757123,50.68,54.775,54.82,3178,3981,2026-09-06T00:14:11Z
2026-09-06T00:00:00Z,LNP-20DEC30-CDE,1.2e-05,12.051698,11.711,12.0585,12.052,4294,2484,2026-09-06T00:14:11Z
2026-09-06T00:00:00Z,NER-20DEC30-CDE,2.3e-05,2.182502,2.1617,2.1832,2.1811,1157,7047,2026-09-06T00:14:11Z
2026-09-06T00:00:00Z,OND-20DEC30-CDE,2e-06,0.371948,0.3582,0.37185,0.3711,4919,3269,2026-09-06T00:14:11Z
2026-09-06T00:00:00Z,PAU-20DEC30-CDE,1.6e-05,4431.529322,4435.8,4433.25,4430.4,1192,92,2026-09-06T00:14:11Z
2026-09-06T00:00:00Z,PEP-20DEC30-CDE,2.4e-05,0.00361,0.003579,0.003609,0.003611,665,723,2026-09-06T00:14:11Z
2026-09-06T00:00:00Z,POP-20DEC30-CDE,-7e-06,0.917845,0.874,0.917,0.915,4401,3522,2026-09-06T00:14:11Z
2026-09-06T00:00:00Z,SHP-20DEC30-CDE,1.5e-05,0.00547,0.00522,0.005475,0.00547,3411,7012,2026-09-06T00:14:11Z
2026-09-06T00:00:00Z,SLP-20DEC30-CDE,-2e-06,103.337998,101.71,103.365,103.3,35533,11795,2026-09-06T00:14:11Z
2026-09-06T00:00:00Z,SUP-20DEC30-CDE,-1e-06,0.796121,0.7591,0.79605,0.7956,4888,10115,2026-09-06T00:14:11Z
2026-09-06T00:00:00Z,XLP-20DEC30-CDE,1.1e-05,0.184071,0.17962,0.18406,0.18399,3777,2427,2026-09-06T00:14:11Z
2026-09-06T00:00:00Z,XPP-20DEC30-CDE,-1.6e-05,1.412405,1.4005,1.41215,1.4119,45857,18354,2026-09-06T00:14:11Z
2026-09-06T00:00:00Z,ZEC-20DEC30-CDE,1.4e-05,1027.649041,1041.5,1027.4,1028.4,8729,13608,2026-09-06T00:14:11Z
2026-09-06T01:00:00Z,ADP-20DEC30-CDE,5e-06,0.220935,0.2136,0.2214,0.221,9681,7389,2026-09-06T01:14:26Z
2026-09-06T01:00:00Z,AVE-20DEC30-CDE,-1.3e-05,138.491043,130.56,138.605,138.46,982,279,2026-09-06T01:14:26Z
2026-09-06T01:00:00Z,AVP-20DEC30-CDE,-1.2e-05,7.643299,7.38,7.645,7.64,7699,4414,2026-09-06T01:14:26Z
2026-09-06T01:00:00Z,BCP-20DEC30-CDE,2e-05,258.920394,253.2,259.125,259.1,1657,6581,2026-09-06T01:14:26Z
2026-09-06T01:00:00Z,BIP-20DEC30-CDE,5e-06,79995.283581,79790,80005,80010,173830,59895,2026-09-06T01:14:26Z
2026-09-06T01:00:00Z,BNB-20DEC30-CDE,1.3e-05,767.456525,720.2,768.175,767.15,365,849,2026-09-06T01:14:26Z
2026-09-06T01:00:00Z,DOP-20DEC30-CDE,-1.4e-05,0.090553,0.08475,0.090615,0.09045,2454,7703,2026-09-06T01:14:26Z
2026-09-06T01:00:00Z,ENA-20DEC30-CDE,-3e-06,0.187097,0.1633,0.187825,0.18685,1163,3444,2026-09-06T01:14:26Z
2026-09-06T01:00:00Z,ETP-20DEC30-CDE,8e-06,2497.925708,2455.5,2499.75,2499.5,319396,41963,2026-09-06T01:14:26Z
2026-09-06T01:00:00Z,HEP-20DEC30-CDE,0,0.08077,0.07733,0.08079,0.08071,2239,2115,2026-09-06T01:14:26Z
2026-09-06T01:00:00Z,HYP-20DEC30-CDE,1.8e-05,86.175272,84.89,86.355,86.39,9250,2007,2026-09-06T01:14:26Z
2026-09-06T01:00:00Z,LCP-20DEC30-CDE,2.3e-05,54.54252,50.68,54.575,54.49,3178,3892,2026-09-06T01:14:26Z
2026-09-06T01:00:00Z,LNP-20DEC30-CDE,7e-06,12.215255,11.711,12.237,12.231,4294,2611,2026-09-06T01:14:26Z
2026-09-06T01:00:00Z,NER-20DEC30-CDE,2.2e-05,2.20918,2.1617,2.20855,2.2119,1157,6669,2026-09-06T01:14:26Z
2026-09-06T01:00:00Z,OND-20DEC30-CDE,-5e-06,0.374968,0.3582,0.37585,0.3756,4919,3063,2026-09-06T01:14:26Z
2026-09-06T01:00:00Z,PAU-20DEC30-CDE,1.6e-05,4432.22911,4435.8,4433.7,4436.4,1192,90,2026-09-06T01:14:26Z
2026-09-06T01:00:00Z,PEP-20DEC30-CDE,1.9e-05,0.003628,0.003579,0.0036325,0.003626,665,759,2026-09-06T01:14:26Z
2026-09-06T01:00:00Z,POP-20DEC30-CDE,-1.5e-05,0.923762,0.874,0.923,0.915,4401,3245,2026-09-06T01:14:26Z
2026-09-06T01:00:00Z,SHP-20DEC30-CDE,6e-06,0.00549,0.00522,0.005495,0.0055,3411,6944,2026-09-06T01:14:26Z
2026-09-06T01:00:00Z,SLP-20DEC30-CDE,-1e-06,103.673399,101.71,103.77,103.77,35533,11140,2026-09-06T01:14:26Z
2026-09-06T01:00:00Z,SUP-20DEC30-CDE,1e-06,0.802781,0.7591,0.80445,0.802,4888,10152,2026-09-06T01:14:26Z
2026-09-06T01:00:00Z,XLP-20DEC30-CDE,7e-06,0.185133,0.17962,0.18531,0.18467,3777,2443,2026-09-06T01:14:26Z
2026-09-06T01:00:00Z,XPP-20DEC30-CDE,-1.6e-05,1.418047,1.4005,1.4186,1.4186,45857,18331,2026-09-06T01:14:26Z
2026-09-06T01:00:00Z,ZEC-20DEC30-CDE,1.7e-05,1077.862557,1041.5,1079.35,1079.3,8729,15220,2026-09-06T01:14:26Z
2026-09-06T02:00:00Z,ADP-20DEC30-CDE,3e-06,0.22157,0.2136,0.2216,0.2215,9681,7476,2026-09-06T02:14:10Z
2026-09-06T02:00:00Z,AVE-20DEC30-CDE,-1.5e-05,138.163314,130.56,138.125,140,982,300,2026-09-06T02:14:10Z
2026-09-06T02:00:00Z,AVP-20DEC30-CDE,-1.7e-05,7.681593,7.38,7.68,7.7,7699,4412,2026-09-06T02:14:10Z
2026-09-06T02:00:00Z,BCP-20DEC30-CDE,2.3e-05,260.322856,253.2,260.475,260.35,1657,6915,2026-09-06T02:14:10Z
2026-09-06T02:00:00Z,BIP-20DEC30-CDE,7e-06,79987.426113,79790,80017.5,80025,173830,60245,2026-09-06T02:14:10Z
2026-09-06T02:00:00Z,BNB-20DEC30-CDE,1.6e-05,763.339348,720.2,763.825,766.05,365,909,2026-09-06T02:14:10Z
2026-09-06T02:00:00Z,DOP-20DEC30-CDE,-1.5e-05,0.090913,0.08475,0.090825,0.09084,2454,7827,2026-09-06T02:14:10Z
2026-09-06T02:00:00Z,ENA-20DEC30-CDE,1e-06,0.183162,0.1633,0.18343,0.183,1163,4137,2026-09-06T02:14:10Z
2026-09-06T02:00:00Z,ETP-20DEC30-CDE,9e-06,2507.07267,2455.5,2507,2507,319396,54107,2026-09-06T02:14:10Z
2026-09-06T02:00:00Z,HEP-20DEC30-CDE,1e-06,0.081539,0.07733,0.08158,0.08155,2239,2338,2026-09-06T02:14:10Z
2026-09-06T02:00:00Z,HYP-20DEC30-CDE,2.5e-05,85.49554,84.89,85.56,85.47,9250,2288,2026-09-06T02:14:10Z
2026-09-06T02:00:00Z,LCP-20DEC30-CDE,1.9e-05,54.820649,50.68,54.835,54.95,3178,3914,2026-09-06T02:14:10Z
2026-09-06T02:00:00Z,LNP-20DEC30-CDE,1.2e-05,12.391405,11.711,12.386,12.405,4294,3239,2026-09-06T02:14:10Z
2026-09-06T02:00:00Z,NER-20DEC30-CDE,3e-05,2.221383,2.1617,2.22535,2.22,1157,6320,2026-09-06T02:14:10Z
2026-09-06T02:00:00Z,OND-20DEC30-CDE,6e-06,0.377366,0.3582,0.37745,0.3778,4919,3332,2026-09-06T02:14:10Z
2026-09-06T02:00:00Z,PAU-20DEC30-CDE,1.5e-05,4430.341932,4435.8,4432.7,4435.7,1192,86,2026-09-06T02:14:10Z
2026-09-06T02:00:00Z,PEP-20DEC30-CDE,1.4e-05,0.00365,0.003579,0.0036555,0.003664,665,782,2026-09-06T02:14:10Z
2026-09-06T02:00:00Z,POP-20DEC30-CDE,-1.6e-05,0.929349,0.874,0.929,0.93,4401,2951,2026-09-06T02:14:10Z
2026-09-06T02:00:00Z,SHP-20DEC30-CDE,3e-06,0.00549,0.00522,0.005495,0.00549,3411,7320,2026-09-06T02:14:10Z
2026-09-06T02:00:00Z,SLP-20DEC30-CDE,1e-06,104.153101,101.71,104.105,104.16,35533,12195,2026-09-06T02:14:10Z
2026-09-06T02:00:00Z,SUP-20DEC30-CDE,3e-06,0.809823,0.7591,0.80995,0.8107,4888,10312,2026-09-06T02:14:10Z
2026-09-06T02:00:00Z,XLP-20DEC30-CDE,6e-06,0.185858,0.17962,0.185935,0.186,3777,2356,2026-09-06T02:14:10Z
2026-09-06T02:00:00Z,XPP-20DEC30-CDE,-1.5e-05,1.419821,1.4005,1.4189,1.4204,45857,19019,2026-09-06T02:14:10Z
2026-09-06T02:00:00Z,ZEC-20DEC30-CDE,3e-06,1067.778803,1041.5,1066.875,1067.7,8729,15744,2026-09-06T02:14:10Z
2026-09-06T03:00:00Z,ADP-20DEC30-CDE,5e-06,0.221044,0.2136,0.2212,0.2213,9681,7022,2026-09-06T03:14:23Z
2026-09-06T03:00:00Z,AVE-20DEC30-CDE,1e-06,135.507267,130.56,135.565,135.63,982,450,2026-09-06T03:14:23Z
2026-09-06T03:00:00Z,AVP-20DEC30-CDE,-1.2e-05,7.682239,7.38,7.68,7.69,7699,4313,2026-09-06T03:14:23Z
2026-09-06T03:00:00Z,BCP-20DEC30-CDE,2.4e-05,261.851913,253.2,261.775,261.55,1657,8006,2026-09-06T03:14:23Z
2026-09-06T03:00:00Z,BIP-20DEC30-CDE,6e-06,79918.238319,79790,79935,79925,173830,61660,2026-09-06T03:14:23Z
2026-09-06T03:00:00Z,BNB-20DEC30-CDE,2.1e-05,764.656093,720.2,764.9,763.95,365,918,2026-09-06T03:14:23Z
2026-09-06T03:00:00Z,DOP-20DEC30-CDE,-1.3e-05,0.09087,0.08475,0.090925,0.09089,2454,7906,2026-09-06T03:14:23Z
2026-09-06T03:00:00Z,ENA-20DEC30-CDE,5e-06,0.179902,0.1633,0.18098,0.18075,1163,4325,2026-09-06T03:14:23Z
2026-09-06T03:00:00Z,ETP-20DEC30-CDE,6e-06,2505.130545,2455.5,2506.5,2505.5,319396,55462,2026-09-06T03:14:23Z
2026-09-06T03:00:00Z,HEP-20DEC30-CDE,9e-06,0.081147,0.07733,0.081235,0.0811,2239,2641,2026-09-06T03:14:23Z
2026-09-06T03:00:00Z,HYP-20DEC30-CDE,2.5e-05,85.731683,84.89,85.775,85.81,9250,2361,2026-09-06T03:14:23Z
2026-09-06T03:00:00Z,LCP-20DEC30-CDE,2.3e-05,54.724596,50.68,54.775,54.87,3178,3860,2026-09-06T03:14:23Z
2026-09-06T03:00:00Z,LNP-20DEC30-CDE,1e-05,12.237101,11.711,12.25,12.231,4294,3349,2026-09-06T03:14:23Z
2026-09-06T03:00:00Z,NER-20DEC30-CDE,2.2e-05,2.207156,2.1617,2.2099,2.2135,1157,6362,2026-09-06T03:14:23Z
2026-09-06T03:00:00Z,OND-20DEC30-CDE,1.9e-05,0.374624,0.3582,0.37505,0.3746,4919,3446,2026-09-06T03:14:23Z
2026-09-06T03:00:00Z,PAU-20DEC30-CDE,1.5e-05,4431.2,4435.8,4432.95,4435.7,1192,86,2026-09-06T03:14:23Z
2026-09-06T03:00:00Z,PEP-20DEC30-CDE,1.2e-05,0.00366,0.003579,0.003662,0.003655,665,728,2026-09-06T03:14:23Z
2026-09-06T03:00:00Z,POP-20DEC30-CDE,-9e-06,0.923433,0.874,0.9245,0.924,4401,2832,2026-09-06T03:14:23Z
2026-09-06T03:00:00Z,SHP-20DEC30-CDE,6e-06,0.00549,0.00522,0.005495,0.0055,3411,7380,2026-09-06T03:14:23Z
2026-09-06T03:00:00Z,SLP-20DEC30-CDE,5e-06,104.418639,101.71,104.52,104.53,35533,12387,2026-09-06T03:14:23Z
2026-09-06T03:00:00Z,SUP-20DEC30-CDE,2e-06,0.796884,0.7591,0.79715,0.7977,4888,10394,2026-09-06T03:14:23Z
2026-09-06T03:00:00Z,XLP-20DEC30-CDE,9e-06,0.186164,0.17962,0.1865,0.18605,3777,2180,2026-09-06T03:14:23Z
2026-09-06T03:00:00Z,XPP-20DEC30-CDE,-1e-05,1.419275,1.4005,1.41915,1.4188,45857,18912,2026-09-06T03:14:23Z
2026-09-06T03:00:00Z,ZEC-20DEC30-CDE,-9e-06,1065.361106,1041.5,1066.1,1062.8,8729,15903,2026-09-06T03:14:23Z
2026-09-06T04:00:00Z,ADP-20DEC30-CDE,-1e-06,0.221866,0.2136,0.22155,0.222,9681,7398,2026-09-06T04:14:06Z
2026-09-06T04:00:00Z,AVE-20DEC30-CDE,-6e-06,135.245556,130.56,134.805,135.23,982,462,2026-09-06T04:14:06Z
2026-09-06T04:00:00Z,AVP-20DEC30-CDE,-1.2e-05,7.679809,7.38,7.675,7.68,7699,5743,2026-09-06T04:14:06Z
2026-09-06T04:00:00Z,BCP-20DEC30-CDE,1.3e-05,260.926258,253.2,260.875,261.35,1657,8934,2026-09-06T04:14:06Z
2026-09-06T04:00:00Z,BIP-20DEC30-CDE,5e-06,79988.546213,79790,79990,80005,173830,62399,2026-09-06T04:14:06Z
2026-09-06T04:00:00Z,BNB-20DEC30-CDE,1.9e-05,764.826116,720.2,764.95,765.55,365,1048,2026-09-06T04:14:06Z
2026-09-06T04:00:00Z,DOP-20DEC30-CDE,-8e-06,0.091112,0.08475,0.091075,0.09101,2454,8280,2026-09-06T04:14:06Z
2026-09-06T04:00:00Z,ENA-20DEC30-CDE,2e-06,0.17672,0.1633,0.176315,0.17663,1163,4844,2026-09-06T04:14:06Z
2026-09-06T04:00:00Z,ETP-20DEC30-CDE,9e-06,2508.583745,2455.5,2508.5,2508.5,319396,59376,2026-09-06T04:14:06Z
2026-09-06T04:00:00Z,HEP-20DEC30-CDE,9e-06,0.08177,0.07733,0.08179,0.08191,2239,2808,2026-09-06T04:14:06Z
2026-09-06T04:00:00Z,HYP-20DEC30-CDE,2.4e-05,86.168105,84.89,86.285,86.34,9250,2427,2026-09-06T04:14:06Z
2026-09-06T04:00:00Z,LCP-20DEC30-CDE,2.4e-05,54.528721,50.68,54.535,54.56,3178,3677,2026-09-06T04:14:06Z
2026-09-06T04:00:00Z,LNP-20DEC30-CDE,7e-06,12.200536,11.711,12.19,12.205,4294,3413,2026-09-06T04:14:06Z
2026-09-06T04:00:00Z,NER-20DEC30-CDE,9e-06,2.21108,2.1617,2.2074,2.2102,1157,6378,2026-09-06T04:14:06Z
2026-09-06T04:00:00Z,OND-20DEC30-CDE,2.1e-05,0.374794,0.3582,0.37475,0.375,4919,3298,2026-09-06T04:14:06Z
2026-09-06T04:00:00Z,PAU-20DEC30-CDE,1.6e-05,4432.000718,4435.8,4435.15,4433.9,1192,108,2026-09-06T04:14:06Z
2026-09-06T04:00:00Z,PEP-20DEC30-CDE,1.6e-05,0.00365,0.003579,0.0036535,0.003656,665,878,2026-09-06T04:14:06Z
2026-09-06T04:00:00Z,POP-20DEC30-CDE,-4e-06,0.930765,0.874,0.929,0.93,4401,2861,2026-09-06T04:14:06Z
2026-09-06T04:00:00Z,SHP-20DEC30-CDE,5e-06,0.005505,0.00522,0.005505,0.00552,3411,7516,2026-09-06T04:14:06Z
2026-09-06T04:00:00Z,SLP-20DEC30-CDE,8e-06,106.21696,101.71,106.21,106.24,35533,16870,2026-09-06T04:14:06Z
2026-09-06T04:00:00Z,SUP-20DEC30-CDE,2e-06,0.799672,0.7591,0.79915,0.7998,4888,10735,2026-09-06T04:14:06Z
2026-09-06T04:00:00Z,XLP-20DEC30-CDE,1.1e-05,0.186105,0.17962,0.185985,0.18597,3777,2186,2026-09-06T04:14:06Z
2026-09-06T04:00:00Z,XPP-20DEC30-CDE,-5e-06,1.423894,1.4005,1.422,1.4236,45857,21359,2026-09-06T04:14:06Z
2026-09-06T04:00:00Z,ZEC-20DEC30-CDE,-1.3e-05,1074.674852,1041.5,1073.8,1073.45,8729,16828,2026-09-06T04:14:06Z
2026-09-06T05:00:00Z,ADP-20DEC30-CDE,-1e-06,0.220698,0.2136,0.2207,0.2209,9681,7903,2026-09-06T05:14:19Z
2026-09-06T05:00:00Z,AVE-20DEC30-CDE,-2e-06,134.872709,130.56,135.015,135.04,982,451,2026-09-06T05:14:19Z
2026-09-06T05:00:00Z,AVP-20DEC30-CDE,-7e-06,7.641594,7.38,7.645,7.65,7699,6068,2026-09-06T05:14:19Z
2026-09-06T05:00:00Z,BCP-20DEC30-CDE,2.1e-05,260.480735,253.2,260.775,260.95,1657,9158,2026-09-06T05:14:19Z
2026-09-06T05:00:00Z,BIP-20DEC30-CDE,7e-06,79814.401363,79790,79817.5,79825,173830,61823,2026-09-06T05:14:19Z
2026-09-06T05:00:00Z,BNB-20DEC30-CDE,3e-05,762.372926,720.2,762.7,763.45,365,1078,2026-09-06T05:14:19Z
2026-09-06T05:00:00Z,DOP-20DEC30-CDE,-5e-06,0.090406,0.08475,0.09047,0.09046,2454,8462,2026-09-06T05:14:19Z
2026-09-06T05:00:00Z,ENA-20DEC30-CDE,0,0.174963,0.1633,0.17488,0.17535,1163,5007,2026-09-06T05:14:19Z
2026-09-06T05:00:00Z,ETP-20DEC30-CDE,5e-06,2503.072589,2455.5,2503.25,2503,319396,59845,2026-09-06T05:14:19Z
2026-09-06T05:00:00Z,HEP-20DEC30-CDE,1.8e-05,0.081247,0.07733,0.08125,0.08137,2239,2948,2026-09-06T05:14:19Z
2026-09-06T05:00:00Z,HYP-20DEC30-CDE,2.5e-05,86.675098,84.89,86.83,86.74,9250,2637,2026-09-06T05:14:19Z
2026-09-06T05:00:00Z,LCP-20DEC30-CDE,2.7e-05,54.370597,50.68,54.46,54.3,3178,3511,2026-09-06T05:14:19Z
2026-09-06T05:00:00Z,LNP-20DEC30-CDE,1e-05,12.141938,11.711,12.144,12.137,4294,3604,2026-09-06T05:14:19Z
2026-09-06T05:00:00Z,NER-20DEC30-CDE,1.8e-05,2.192883,2.1617,2.20265,2.1979,1157,6633,2026-09-06T05:14:19Z
2026-09-06T05:00:00Z,OND-20DEC30-CDE,6e-06,0.371729,0.3582,0.37215,0.3727,4919,2924,2026-09-06T05:14:19Z
2026-09-06T05:00:00Z,PAU-20DEC30-CDE,1.9e-05,4432.431303,4435.8,4434.3,4433.9,1192,103,2026-09-06T05:14:19Z
2026-09-06T05:00:00Z,PEP-20DEC30-CDE,3.2e-05,0.00363,0.003579,0.003626,0.00363,665,1090,2026-09-06T05:14:19Z
2026-09-06T05:00:00Z,POP-20DEC30-CDE,-2e-06,0.925791,0.874,0.9265,0.925,4401,2572,2026-09-06T05:14:19Z
2026-09-06T05:00:00Z,SHP-20DEC30-CDE,2e-06,0.005474,0.00522,0.005475,0.00548,3411,7668,2026-09-06T05:14:19Z
2026-09-06T05:00:00Z,SLP-20DEC30-CDE,4e-06,105.541218,101.71,105.585,105.49,35533,17288,2026-09-06T05:14:19Z
2026-09-06T05:00:00Z,SUP-20DEC30-CDE,1e-06,0.795496,0.7591,0.79575,0.7982,4888,10736,2026-09-06T05:14:19Z
2026-09-06T05:00:00Z,XLP-20DEC30-CDE,2e-05,0.185787,0.17962,0.185785,0.18575,3777,2317,2026-09-06T05:14:19Z
2026-09-06T05:00:00Z,XPP-20DEC30-CDE,-3e-06,1.418398,1.4005,1.4183,1.4202,45857,21911,2026-09-06T05:14:19Z
2026-09-06T05:00:00Z,ZEC-20DEC30-CDE,-3e-06,1149.842749,1041.5,1150.45,1149.55,8729,21783,2026-09-06T05:14:19Z
2026-09-06T06:00:00Z,ADP-20DEC30-CDE,-4e-06,0.221477,0.2136,0.2215,0.222,9681,7400,2026-09-06T06:02:57Z
2026-09-06T06:00:00Z,AVE-20DEC30-CDE,-1.6e-05,136.954924,130.56,136.96,136.75,982,472,2026-09-06T06:02:57Z
2026-09-06T06:00:00Z,AVP-20DEC30-CDE,-1e-05,7.688116,7.38,7.685,7.69,7699,6073,2026-09-06T06:02:57Z
2026-09-06T06:00:00Z,BCP-20DEC30-CDE,1.3e-05,262.023031,253.2,261.925,261.75,1657,9440,2026-09-06T06:02:57Z
2026-09-06T06:00:00Z,BIP-20DEC30-CDE,4e-06,79966.792507,79790,79955,79965,173830,62749,2026-09-06T06:02:57Z
2026-09-06T06:00:00Z,BNB-20DEC30-CDE,3.2e-05,761.809222,720.2,762.25,763.45,365,1078,2026-09-06T06:02:57Z
2026-09-06T06:00:00Z,DOP-20DEC30-CDE,-7e-06,0.091484,0.08475,0.09148,0.09145,2454,8658,2026-09-06T06:02:57Z
2026-09-06T06:00:00Z,ENA-20DEC30-CDE,-8e-06,0.175301,0.1633,0.17491,0.17555,1163,5123,2026-09-06T06:02:57Z
2026-09-06T06:00:00Z,ETP-20DEC30-CDE,7e-06,2512.008649,2455.5,2512.25,2512.5,319396,64244,2026-09-06T06:02:57Z
2026-09-06T06:00:00Z,HEP-20DEC30-CDE,1.4e-05,0.081562,0.07733,0.0816,0.08174,2239,3104,2026-09-06T06:02:57Z
2026-09-06T06:00:00Z,HYP-20DEC30-CDE,2.1e-05,86.605143,84.89,86.555,86.95,9250,2908,2026-09-06T06:02:57Z
2026-09-06T06:00:00Z,LCP-20DEC30-CDE,2.2e-05,54.294857,50.68,54.325,54.14,3178,3523,2026-09-06T06:02:57Z
2026-09-06T06:00:00Z,LNP-20DEC30-CDE,1.3e-05,12.282139,11.711,12.2845,12.299,4294,3693,2026-09-06T06:02:57Z
2026-09-06T06:00:00Z,NER-20DEC30-CDE,1.8e-05,2.207846,2.1617,2.20965,2.2084,1157,6504,2026-09-06T06:02:57Z
2026-09-06T06:00:00Z,OND-20DEC30-CDE,-1e-06,0.37681,0.3582,0.37695,0.3765,4919,2838,2026-09-06T06:02:57Z
2026-09-06T06:00:00Z,PAU-20DEC30-CDE,2.1e-05,4432.93102,4435.8,4435.05,4433,1192,118,2026-09-06T06:02:57Z
2026-09-06T06:00:00Z,PEP-20DEC30-CDE,3.6e-05,0.00365,0.003579,0.0036515,0.003656,665,1252,2026-09-06T06:02:57Z
2026-09-06T06:00:00Z,POP-20DEC30-CDE,1e-06,0.930595,0.874,0.9305,0.932,4401,2312,2026-09-06T06:02:57Z
2026-09-06T06:00:00Z,SHP-20DEC30-CDE,2e-06,0.00549,0.00522,0.005485,0.00551,3411,7533,2026-09-06T06:02:57Z
2026-09-06T06:00:00Z,SLP-20DEC30-CDE,1e-06,106.330965,101.71,106.315,106.32,35533,17560,2026-09-06T06:02:57Z
2026-09-06T06:00:00Z,SUP-20DEC30-CDE,7e-06,0.79894,0.7591,0.79895,0.8013,4888,10848,2026-09-06T06:02:57Z
2026-09-06T06:00:00Z,XLP-20DEC30-CDE,1.6e-05,0.187493,0.17962,0.187585,0.18767,3777,2355,2026-09-06T06:02:57Z
2026-09-06T06:00:00Z,XPP-20DEC30-CDE,-2e-06,1.424202,1.4005,1.42475,1.4245,45857,21945,2026-09-06T06:02:57Z
2026-09-06T06:00:00Z,ZEC-20DEC30-CDE,5e-06,1161.085531,1041.5,1159.4,1157.55,8729,24840,2026-09-06T06:02:57Z
2026-09-06T07:00:00Z,ADP-20DEC30-CDE,-2e-06,0.218246,0.2136,0.2182,0.2182,9681,7305,2026-09-06T07:14:16Z
2026-09-06T07:00:00Z,AVE-20DEC30-CDE,-9e-06,134.580205,130.56,134.465,137,982,487,2026-09-06T07:14:16Z
2026-09-06T07:00:00Z,AVP-20DEC30-CDE,-7e-06,7.623316,7.38,7.615,7.62,7699,6080,2026-09-06T07:14:16Z
2026-09-06T07:00:00Z,BCP-20DEC30-CDE,1.2e-05,258.913557,253.2,258.275,258,1657,9844,2026-09-06T07:14:16Z
2026-09-06T07:00:00Z,BIP-20DEC30-CDE,3e-06,79658.742622,79790,79632.5,79620,173830,65020,2026-09-06T07:14:16Z
2026-09-06T07:00:00Z,BNB-20DEC30-CDE,3.2e-05,758.371771,720.2,757.8,759.9,365,1101,2026-09-06T07:14:16Z
2026-09-06T07:00:00Z,DOP-20DEC30-CDE,-6e-06,0.090532,0.08475,0.09044,0.09046,2454,8653,2026-09-06T07:14:16Z
2026-09-06T07:00:00Z,ENA-20DEC30-CDE,-5e-06,0.173312,0.1633,0.17288,0.1725,1163,5155,2026-09-06T07:14:16Z
2026-09-06T07:00:00Z,ETP-20DEC30-CDE,6e-06,2490.776203,2455.5,2488,2486.5,319396,67482,2026-09-06T07:14:16Z
2026-09-06T07:00:00Z,HEP-20DEC30-CDE,1.8e-05,0.08068,0.07733,0.080635,0.0806,2239,3351,2026-09-06T07:14:16Z
2026-09-06T07:00:00Z,HYP-20DEC30-CDE,2.6e-05,86.143129,84.89,86.075,86.15,9250,2885,2026-09-06T07:14:16Z
2026-09-06T07:00:00Z,LCP-20DEC30-CDE,2e-05,53.995226,50.68,53.955,54.35,3178,3279,2026-09-06T07:14:16Z
2026-09-06T07:00:00Z,LNP-20DEC30-CDE,1.2e-05,12.160665,11.711,12.1465,12.147,4294,3807,2026-09-06T07:14:16Z
2026-09-06T07:00:00Z,NER-20DEC30-CDE,1.5e-05,2.247248,2.1617,2.2367,2.255,1157,6375,2026-09-06T07:14:16Z
2026-09-06T07:00:00Z,OND-20DEC30-CDE,7e-06,0.372164,0.3582,0.37185,0.3755,4919,2913,2026-09-06T07:14:16Z
2026-09-06T07:00:00Z,PAU-20DEC30-CDE,2.3e-05,4429.37006,4435.8,4432.95,4433.6,1192,128,2026-09-06T07:14:16Z
2026-09-06T07:00:00Z,PEP-20DEC30-CDE,3.3e-05,0.003622,0.003579,0.003607,0.003607,665,1411,2026-09-06T07:14:16Z
2026-09-06T07:00:00Z,POP-20DEC30-CDE,-4e-06,0.934664,0.874,0.9325,0.935,4401,2073,2026-09-06T07:14:16Z
2026-09-06T07:00:00Z,SHP-20DEC30-CDE,5e-06,0.005445,0.00522,0.00543,0.00546,3411,7241,2026-09-06T07:14:16Z
2026-09-06T07:00:00Z,SLP-20DEC30-CDE,5e-06,104.984662,101.71,104.825,104.8,35533,18245,2026-09-06T07:14:16Z
2026-09-06T07:00:00Z,SUP-20DEC30-CDE,1.2e-05,0.78805,0.7591,0.78595,0.7862,4888,10798,2026-09-06T07:14:16Z
2026-09-06T07:00:00Z,XLP-20DEC30-CDE,2.5e-05,0.184963,0.17962,0.18477,0.18577,3777,2394,2026-09-06T07:14:16Z
2026-09-06T07:00:00Z,XPP-20DEC30-CDE,-5e-06,1.413136,1.4005,1.4103,1.411,45857,23187,2026-09-06T07:14:16Z
2026-09-06T07:00:00Z,ZEC-20DEC30-CDE,1.1e-05,1162.591449,1041.5,1162,1158.65,8729,27123,2026-09-06T07:14:16Z
2026-09-06T08:00:00Z,ADP-20DEC30-CDE,-4e-06,0.218475,0.2136,0.2186,0.2189,9681,7285,2026-09-06T08:14:00Z
2026-09-06T08:00:00Z,AVE-20DEC30-CDE,-6e-06,134.835267,130.56,134.785,134.64,982,488,2026-09-06T08:14:00Z
2026-09-06T08:00:00Z,AVP-20DEC30-CDE,-1.2e-05,7.669547,7.38,7.67,7.67,7699,5884,2026-09-06T08:14:00Z
2026-09-06T08:00:00Z,BCP-20DEC30-CDE,8e-06,260.793506,253.2,261.475,260.7,1657,9934,2026-09-06T08:14:00Z
2026-09-06T08:00:00Z,BIP-20DEC30-CDE,4e-06,79867.013779,79790,79885,79875,173830,65508,2026-09-06T08:14:00Z
2026-09-06T08:00:00Z,BNB-20DEC30-CDE,2.9e-05,754.879259,720.2,755.575,756.6,365,1138,2026-09-06T08:14:00Z
2026-09-06T08:00:00Z,DOP-20DEC30-CDE,-9e-06,0.090941,0.08475,0.09093,0.0908,2454,8631,2026-09-06T08:14:00Z
2026-09-06T08:00:00Z,ENA-20DEC30-CDE,-1.4e-05,0.173918,0.1633,0.173855,0.17346,1163,5032,2026-09-06T08:14:00Z
2026-09-06T08:00:00Z,ETP-20DEC30-CDE,2e-06,2498.56055,2455.5,2499.5,2501,319396,69845,2026-09-06T08:14:00Z
2026-09-06T08:00:00Z,HEP-20DEC30-CDE,1.7e-05,0.081149,0.07733,0.08117,0.08074,2239,3344,2026-09-06T08:14:00Z
2026-09-06T08:00:00Z,HYP-20DEC30-CDE,1.9e-05,86.960865,84.89,87.01,86.59,9250,2836,2026-09-06T08:14:00Z
2026-09-06T08:00:00Z,LCP-20DEC30-CDE,2.2e-05,54.150318,50.68,54.225,54.19,3178,3258,2026-09-06T08:14:00Z
2026-09-06T08:00:00Z,LNP-20DEC30-CDE,5e-06,12.235584,11.711,12.248,12.238,4294,3878,2026-09-06T08:14:00Z
2026-09-06T08:00:00Z,NER-20DEC30-CDE,2.2e-05,2.351635,2.1617,2.36035,2.3619,1157,6465,2026-09-06T08:14:00Z
2026-09-06T08:00:00Z,OND-20DEC30-CDE,9e-06,0.37348,0.3582,0.3738,0.3749,4919,2851,2026-09-06T08:14:00Z
2026-09-06T08:00:00Z,PAU-20DEC30-CDE,2.5e-05,4425.631279,4435.8,4426.3,4428.7,1192,130,2026-09-06T08:14:00Z
2026-09-06T08:00:00Z,PEP-20DEC30-CDE,2.1e-05,0.003623,0.003579,0.0036315,0.003634,665,1469,2026-09-06T08:14:00Z
2026-09-06T08:00:00Z,POP-20DEC30-CDE,-6e-06,0.958071,0.874,0.96,0.96,4401,2244,2026-09-06T08:14:00Z
2026-09-06T08:00:00Z,SHP-20DEC30-CDE,7e-06,0.005458,0.00522,0.005465,0.00546,3411,7488,2026-09-06T08:14:00Z
2026-09-06T08:00:00Z,SLP-20DEC30-CDE,1e-06,105.336093,101.71,105.305,105.23,35533,18429,2026-09-06T08:14:00Z
2026-09-06T08:00:00Z,SUP-20DEC30-CDE,4e-06,0.795292,0.7591,0.7958,0.7959,4888,9747,2026-09-06T08:14:00Z
2026-09-06T08:00:00Z,XLP-20DEC30-CDE,2.1e-05,0.186212,0.17962,0.1865,0.18614,3777,2442,2026-09-06T08:14:00Z
2026-09-06T08:00:00Z,XPP-20DEC30-CDE,-8e-06,1.418021,1.4005,1.41795,1.4173,45857,23037,2026-09-06T08:14:00Z
2026-09-06T08:00:00Z,ZEC-20DEC30-CDE,7e-06,1170.84541,1041.5,1170.625,1172.45,8729,27475,2026-09-06T08:14:00Z
2026-09-06T09:00:00Z,ADP-20DEC30-CDE,-1e-06,0.218483,0.2136,0.2184,0.2186,9681,7102,2026-09-06T09:14:13Z
2026-09-06T09:00:00Z,AVE-20DEC30-CDE,-3e-06,134.204422,130.56,134.325,134.64,982,488,2026-09-06T09:14:13Z
2026-09-06T09:00:00Z,AVP-20DEC30-CDE,-1e-05,7.65178,7.38,7.66,7.67,7699,5883,2026-09-06T09:14:13Z
2026-09-06T09:00:00Z,BCP-20DEC30-CDE,1e-05,259.776628,253.2,260.175,259.25,1657,9925,2026-09-06T09:14:13Z
2026-09-06T09:00:00Z,BIP-20DEC30-CDE,5e-06,79909.731628,79790,79932.5,79950,173830,65825,2026-09-06T09:14:13Z
2026-09-06T09:00:00Z,BNB-20DEC30-CDE,2.7e-05,757.593785,720.2,758.475,755.9,365,1085,2026-09-06T09:14:13Z
2026-09-06T09:00:00Z,DOP-20DEC30-CDE,-8e-06,0.090661,0.08475,0.090685,0.09059,2454,8597,2026-09-06T09:14:13Z
2026-09-06T09:00:00Z,ENA-20DEC30-CDE,-1.4e-05,0.177069,0.1633,0.17772,0.1774,1163,5078,2026-09-06T09:14:13Z
2026-09-06T09:00:00Z,ETP-20DEC30-CDE,2e-06,2497.546865,2455.5,2498.5,2497,319396,69422,2026-09-06T09:14:13Z
2026-09-06T09:00:00Z,HEP-20DEC30-CDE,1.6e-05,0.081222,0.07733,0.08131,0.08112,2239,3609,2026-09-06T09:14:13Z
2026-09-06T09:00:00Z,HYP-20DEC30-CDE,2.2e-05,86.875685,84.89,86.985,86.63,9250,2882,2026-09-06T09:14:13Z
2026-09-06T09:00:00Z,LCP-20DEC30-CDE,1.8e-05,54.35142,50.68,54.37,54.2,3178,3118,2026-09-06T09:14:13Z
2026-09-06T09:00:00Z,LNP-20DEC30-CDE,3e-06,12.245976,11.711,12.26,12.232,4294,3834,2026-09-06T09:14:13Z
2026-09-06T09:00:00Z,NER-20DEC30-CDE,1e-05,2.370182,2.1617,2.37385,2.3691,1157,6855,2026-09-06T09:14:13Z
2026-09-06T09:00:00Z,OND-20DEC30-CDE,1.3e-05,0.375372,0.3582,0.37615,0.3739,4919,2888,2026-09-06T09:14:13Z
2026-09-06T09:00:00Z,PAU-20DEC30-CDE,2.5e-05,4430.128146,4435.8,4433.4,4429.9,1192,134,2026-09-06T09:14:13Z
2026-09-06T09:00:00Z,PEP-20DEC30-CDE,2.5e-05,0.00362,0.003579,0.0036235,0.003614,665,1588,2026-09-06T09:14:13Z
2026-09-06T09:00:00Z,POP-20DEC30-CDE,3e-06,0.942428,0.874,0.944,0.937,4401,2502,2026-09-06T09:14:13Z
2026-09-06T09:00:00Z,SHP-20DEC30-CDE,1.1e-05,0.005446,0.00522,0.00544,0.00544,3411,7722,2026-09-06T09:14:13Z
2026-09-06T09:00:00Z,SLP-20DEC30-CDE,3e-06,105.602901,101.71,105.655,105.66,35533,18564,2026-09-06T09:14:13Z
2026-09-06T09:00:00Z,SUP-20DEC30-CDE,0,0.798839,0.7591,0.79765,0.7988,4888,9278,2026-09-06T09:14:13Z
2026-09-06T09:00:00Z,XLP-20DEC30-CDE,2.3e-05,0.185705,0.17962,0.18602,0.1857,3777,2432,2026-09-06T09:14:13Z
2026-09-06T09:00:00Z,XPP-20DEC30-CDE,-1e-05,1.417519,1.4005,1.4171,1.4165,45857,23017,2026-09-06T09:14:13Z
2026-09-06T09:00:00Z,ZEC-20DEC30-CDE,8e-06,1197.117058,1041.5,1184.15,1198.65,8729,28011,2026-09-06T09:14:13Z
2026-09-06T10:00:00Z,ADP-20DEC30-CDE,-3e-06,0.219348,0.2136,0.2192,0.2192,9681,7033,2026-09-06T10:14:27Z
2026-09-06T10:00:00Z,AVE-20DEC30-CDE,-3e-06,134.367149,130.56,134.345,134.58,982,493,2026-09-06T10:14:27Z
2026-09-06T10:00:00Z,AVP-20DEC30-CDE,-1e-05,7.652957,7.38,7.65,7.66,7699,6086,2026-09-06T10:14:27Z
2026-09-06T10:00:00Z,BCP-20DEC30-CDE,1e-05,260.492293,253.2,260.425,260.35,1657,10221,2026-09-06T10:14:27Z
2026-09-06T10:00:00Z,BIP-20DEC30-CDE,7e-06,79926.0216,79790,79947.5,79945,173830,66887,2026-09-06T10:14:27Z
2026-09-06T10:00:00Z,BNB-20DEC30-CDE,2.5e-05,758.02888,720.2,758.4,755.9,365,970,2026-09-06T10:14:27Z
2026-09-06T10:00:00Z,DOP-20DEC30-CDE,-1e-05,0.090102,0.08475,0.09011,0.09004,2454,10713,2026-09-06T10:14:27Z
2026-09-06T10:00:00Z,ENA-20DEC30-CDE,-1.6e-05,0.174496,0.1633,0.174215,0.17511,1163,5222,2026-09-06T10:14:27Z
2026-09-06T10:00:00Z,ETP-20DEC30-CDE,4e-06,2499.915659,2455.5,2499.75,2502.5,319396,69266,2026-09-06T10:14:27Z
2026-09-06T10:00:00Z,HEP-20DEC30-CDE,1.5e-05,0.081331,0.07733,0.081325,0.08143,2239,3243,2026-09-06T10:14:27Z
2026-09-06T10:00:00Z,HYP-20DEC30-CDE,2.8e-05,87.767004,84.89,87.825,87.86,9250,3469,2026-09-06T10:14:27Z
2026-09-06T10:00:00Z,LCP-20DEC30-CDE,1.8e-05,54.170803,50.68,54.27,54.28,3178,3165,2026-09-06T10:14:27Z
2026-09-06T10:00:00Z,LNP-20DEC30-CDE,4e-06,12.27731,11.711,12.276,12.307,4294,3830,2026-09-06T10:14:27Z
2026-09-06T10:00:00Z,NER-20DEC30-CDE,-6e-06,2.367349,2.1617,2.3686,2.3689,1157,6982,2026-09-06T10:14:27Z
2026-09-06T10:00:00Z,OND-20DEC30-CDE,1.1e-05,0.374979,0.3582,0.3746,0.3756,4919,2932,2026-09-06T10:14:27Z
2026-09-06T10:00:00Z,PAU-20DEC30-CDE,2.5e-05,4430.268193,4435.8,4432.25,4429.9,1192,134,2026-09-06T10:14:27Z
2026-09-06T10:00:00Z,PEP-20DEC30-CDE,2.5e-05,0.00363,0.003579,0.003627,0.003632,665,1739,2026-09-06T10:14:27Z
2026-09-06T10:00:00Z,POP-20DEC30-CDE,6e-06,0.946673,0.874,0.948,0.947,4401,2567,2026-09-06T10:14:27Z
2026-09-06T10:00:00Z,SHP-20DEC30-CDE,6e-06,0.005441,0.00522,0.00544,0.00545,3411,7522,2026-09-06T10:14:27Z
2026-09-06T10:00:00Z,SLP-20DEC30-CDE,7e-06,106.642805,101.71,106.61,106.64,35533,18931,2026-09-06T10:14:27Z
2026-09-06T10:00:00Z,SUP-20DEC30-CDE,-3e-06,0.798278,0.7591,0.79855,0.7984,4888,9291,2026-09-06T10:14:27Z
2026-09-06T10:00:00Z,XLP-20DEC30-CDE,2.5e-05,0.186102,0.17962,0.18636,0.18649,3777,2477,2026-09-06T10:14:27Z
2026-09-06T10:00:00Z,XPP-20DEC30-CDE,-8e-06,1.418263,1.4005,1.4177,1.4177,45857,23157,2026-09-06T10:14:27Z
2026-09-06T10:00:00Z,ZEC-20DEC30-CDE,-2e-06,1183.868428,1041.5,1183.25,1179.7,8729,28511,2026-09-06T10:14:27Z
2026-09-06T11:00:00Z,ADP-20DEC30-CDE,-4e-06,0.219421,0.2136,0.2196,0.2194,9681,7051,2026-09-06T11:14:12Z
2026-09-06T11:00:00Z,AVE-20DEC30-CDE,-8e-06,135.085589,130.56,135.16,134.58,982,491,2026-09-06T11:14:12Z
2026-09-06T11:00:00Z,AVP-20DEC30-CDE,-1.1e-05,7.683632,7.38,7.685,7.68,7699,5791,2026-09-06T11:14:12Z
2026-09-06T11:00:00Z,BCP-20DEC30-CDE,6e-06,260.977025,253.2,261.175,261.1,1657,10281,2026-09-06T11:14:12Z
2026-09-06T11:00:00Z,BIP-20DEC30-CDE,8e-06,79944.469326,79790,79985,79925,173830,66987,2026-09-06T11:14:12Z
2026-09-06T11:00:00Z,BNB-20DEC30-CDE,2.3e-05,757.081906,720.2,758,757.9,365,954,2026-09-06T11:14:12Z
2026-09-06T11:00:00Z,DOP-20DEC30-CDE,-4e-06,0.09013,0.08475,0.090205,0.09012,2454,11354,2026-09-06T11:14:12Z
2026-09-06T11:00:00Z,ENA-20DEC30-CDE,-2.1e-05,0.174331,0.1633,0.174495,0.17517,1163,5226,2026-09-06T11:14:12Z
2026-09-06T11:00:00Z,ETP-20DEC30-CDE,3e-06,2501.453648,2455.5,2502.5,2500,319396,71706,2026-09-06T11:14:12Z
2026-09-06T11:00:00Z,HEP-20DEC30-CDE,1.1e-05,0.081419,0.07733,0.08151,0.08155,2239,3382,2026-09-06T11:14:12Z
2026-09-06T11:00:00Z,HYP-20DEC30-CDE,3.2e-05,87.659257,84.89,87.81,87.76,9250,3565,2026-09-06T11:14:12Z
2026-09-06T11:00:00Z,LCP-20DEC30-CDE,1.9e-05,54.314674,50.68,54.335,54.31,3178,2894,2026-09-06T11:14:12Z
2026-09-06T11:00:00Z,LNP-20DEC30-CDE,4e-06,12.275902,11.711,12.288,12.306,4294,3936,2026-09-06T11:14:12Z
2026-09-06T11:00:00Z,NER-20DEC30-CDE,-2e-06,2.385743,2.1617,2.38715,2.3807,1157,7070,2026-09-06T11:14:12Z
2026-09-06T11:00:00Z,OND-20DEC30-CDE,4e-06,0.378021,0.3582,0.3782,0.3782,4919,3363,2026-09-06T11:14:12Z
2026-09-06T11:00:00Z,PAU-20DEC30-CDE,2.3e-05,4429.29,4435.8,4432.35,4433.8,1192,100,2026-09-06T11:14:12Z
2026-09-06T11:00:00Z,PEP-20DEC30-CDE,3e-05,0.00363,0.003579,0.0036295,0.003631,665,1793,2026-09-06T11:14:12Z
2026-09-06T11:00:00Z,POP-20DEC30-CDE,-3e-06,0.973962,0.874,0.9745,0.975,4401,3046,2026-09-06T11:14:12Z
2026-09-06T11:00:00Z,SHP-20DEC30-CDE,9e-06,0.00544,0.00522,0.00544,0.00543,3411,7357,2026-09-06T11:14:12Z
2026-09-06T11:00:00Z,SLP-20DEC30-CDE,6e-06,106.448367,101.71,106.545,106.62,35533,19273,2026-09-06T11:14:12Z
2026-09-06T11:00:00Z,SUP-20DEC30-CDE,-2e-06,0.799362,0.7591,0.80015,0.8007,4888,9053,2026-09-06T11:14:12Z
2026-09-06T11:00:00Z,XLP-20DEC30-CDE,2.5e-05,0.186878,0.17962,0.187145,0.18709,3777,2357,2026-09-06T11:14:12Z
2026-09-06T11:00:00Z,XPP-20DEC30-CDE,-9e-06,1.419847,1.4005,1.42115,1.4205,45857,23081,2026-09-06T11:14:12Z
2026-09-06T11:00:00Z,ZEC-20DEC30-CDE,4e-06,1185.767944,1041.5,1187.6,1185.15,8729,28942,2026-09-06T11:14:12Z
2026-09-06T12:00:00Z,ADP-20DEC30-CDE,-6e-06,0.220886,0.2136,0.221,0.2208,9681,6979,2026-09-06T12:14:26Z
2026-09-06T12:00:00Z,AVE-20DEC30-CDE,-1e-05,135.258605,130.56,135.34,135.47,982,491,2026-09-06T12:14:26Z
2026-09-06T12:00:00Z,AVP-20DEC30-CDE,-1.1e-05,7.69254,7.38,7.695,7.68,7699,5567,2026-09-06T12:14:26Z
2026-09-06T12:00:00Z,BCP-20DEC30-CDE,8e-06,260.373398,253.2,260.525,260.4,1657,9839,2026-09-06T12:14:26Z
2026-09-06T12:00:00Z,BIP-20DEC30-CDE,8e-06,79887.944069,79790,79932.5,79910,173830,67965,2026-09-06T12:14:26Z
2026-09-06T12:00:00Z,BNB-20DEC30-CDE,2e-05,757.697261,720.2,758.525,757.9,365,947,2026-09-06T12:14:26Z
2026-09-06T12:00:00Z,DOP-20DEC30-CDE,-4e-06,0.089969,0.08475,0.09,0.08984,2454,11408,2026-09-06T12:14:26Z
2026-09-06T12:00:00Z,ENA-20DEC30-CDE,-2.3e-05,0.173514,0.1633,0.173175,0.17313,1163,5292,2026-09-06T12:14:26Z
2026-09-06T12:00:00Z,ETP-20DEC30-CDE,2e-06,2500.38387,2455.5,2502,2500,319396,71851,2026-09-06T12:14:26Z
2026-09-06T12:00:00Z,HEP-20DEC30-CDE,1e-05,0.08144,0.07733,0.08145,0.08146,2239,3651,2026-09-06T12:14:26Z
2026-09-06T12:00:00Z,HYP-20DEC30-CDE,3.9e-05,88.540009,84.89,88.84,88.83,9250,4199,2026-09-06T12:14:26Z
2026-09-06T12:00:00Z,LCP-20DEC30-CDE,1.7e-05,54.549272,50.68,54.615,54.61,3178,2862,2026-09-06T12:14:26Z
2026-09-06T12:00:00Z,LNP-20DEC30-CDE,1.1e-05,12.286239,11.711,12.3005,12.292,4294,3900,2026-09-06T12:14:26Z
2026-09-06T12:00:00Z,NER-20DEC30-CDE,2e-06,2.368208,2.1617,2.3748,2.3758,1157,6816,2026-09-06T12:14:26Z
2026-09-06T12:00:00Z,OND-20DEC30-CDE,2e-06,0.380344,0.3582,0.3807,0.3794,4919,3593,2026-09-06T12:14:26Z
2026-09-06T12:00:00Z,PAU-20DEC30-CDE,2.2e-05,4430.457654,4435.8,4431.6,4433.8,1192,98,2026-09-06T12:14:26Z
2026-09-06T12:00:00Z,PEP-20DEC30-CDE,3e-05,0.003629,0.003579,0.003638,0.003639,665,1893,2026-09-06T12:14:26Z
2026-09-06T12:00:00Z,POP-20DEC30-CDE,-7e-06,0.986712,0.874,0.9865,0.986,4401,3222,2026-09-06T12:14:26Z
2026-09-06T12:00:00Z,SHP-20DEC30-CDE,7e-06,0.005468,0.00522,0.005465,0.00545,3411,7074,2026-09-06T12:14:26Z
2026-09-06T12:00:00Z,SLP-20DEC30-CDE,5e-06,106.539786,101.71,106.575,106.47,35533,19059,2026-09-06T12:14:26Z
2026-09-06T12:00:00Z,SUP-20DEC30-CDE,1e-06,0.8058,0.7591,0.80615,0.8043,4888,9101,2026-09-06T12:14:26Z
2026-09-06T12:00:00Z,XLP-20DEC30-CDE,3.2e-05,0.186852,0.17962,0.18717,0.18702,3777,2242,2026-09-06T12:14:26Z
2026-09-06T12:00:00Z,XPP-20DEC30-CDE,-8e-06,1.421262,1.4005,1.4219,1.4192,45857,23329,2026-09-06T12:14:26Z
2026-09-06T12:00:00Z,ZEC-20DEC30-CDE,-1.2e-05,1172.409487,1041.5,1173.3,1173.7,8729,29648,2026-09-06T12:14:26Z
2026-09-06T13:00:00Z,ADP-20DEC30-CDE,-7e-06,0.219962,0.2136,0.2197,0.2197,9681,6755,2026-09-06T13:14:11Z
2026-09-06T13:00:00Z,AVE-20DEC30-CDE,-3e-06,134.802967,130.56,134.725,134.66,982,524,2026-09-06T13:14:11Z
2026-09-06T13:00:00Z,AVP-20DEC30-CDE,-1.2e-05,7.689199,7.38,7.685,7.7,7699,5625,2026-09-06T13:14:11Z
2026-09-06T13:00:00Z,BCP-20DEC30-CDE,1.4e-05,258.687278,253.2,258.525,259.35,1657,9120,2026-09-06T13:14:11Z
2026-09-06T13:00:00Z,BIP-20DEC30-CDE,5e-06,79907.427663,79790,79897.5,79915,173830,66325,2026-09-06T13:14:11Z
2026-09-06T13:00:00Z,BNB-20DEC30-CDE,2.1e-05,753.993605,720.2,754.175,754.35,365,793,2026-09-06T13:14:11Z
2026-09-06T13:00:00Z,DOP-20DEC30-CDE,-4e-06,0.089841,0.08475,0.089845,0.08989,2454,11416,2026-09-06T13:14:11Z
2026-09-06T13:00:00Z,ENA-20DEC30-CDE,-2e-05,0.172222,0.1633,0.17197,0.17201,1163,5364,2026-09-06T13:14:11Z
2026-09-06T13:00:00Z,ETP-20DEC30-CDE,3e-06,2497.928809,2455.5,2498.25,2499.5,319396,70912,2026-09-06T13:14:11Z
2026-09-06T13:00:00Z,HEP-20DEC30-CDE,1.3e-05,0.081118,0.07733,0.08109,0.08101,2239,3602,2026-09-06T13:14:11Z
2026-09-06T13:00:00Z,HYP-20DEC30-CDE,4.4e-05,89.378656,84.89,89.435,89.5,9250,4424,2026-09-06T13:14:11Z
2026-09-06T13:00:00Z,LCP-20DEC30-CDE,2.2e-05,54.349796,50.68,54.335,54.37,3178,2819,2026-09-06T13:14:11Z
2026-09-06T13:00:00Z,LNP-20DEC30-CDE,1.1e-05,12.336988,11.711,12.3405,12.362,4294,3949,2026-09-06T13:14:11Z
2026-09-06T13:00:00Z,NER-20DEC30-CDE,8e-06,2.369372,2.1617,2.36455,2.3748,1157,6682,2026-09-06T13:14:11Z
2026-09-06T13:00:00Z,OND-20DEC30-CDE,-1e-06,0.378804,0.3582,0.37825,0.3798,4919,3630,2026-09-06T13:14:11Z
2026-09-06T13:00:00Z,PAU-20DEC30-CDE,2.4e-05,4427.517107,4435.8,4429.8,4433.8,1192,97,2026-09-06T13:14:11Z
2026-09-06T13:00:00Z,PEP-20DEC30-CDE,2.8e-05,0.00362,0.003579,0.0036155,0.003613,665,2040,2026-09-06T13:14:11Z
2026-09-06T13:00:00Z,POP-20DEC30-CDE,-4e-06,0.970658,0.874,0.972,0.97,4401,3085,2026-09-06T13:14:11Z
2026-09-06T13:00:00Z,SHP-20DEC30-CDE,8e-06,0.00544,0.00522,0.005435,0.00544,3411,6915,2026-09-06T13:14:11Z
2026-09-06T13:00:00Z,SLP-20DEC30-CDE,4e-06,106.697377,101.71,106.68,106.69,35533,19929,2026-09-06T13:14:11Z
2026-09-06T13:00:00Z,SUP-20DEC30-CDE,3e-06,0.798425,0.7591,0.79845,0.7998,4888,8855,2026-09-06T13:14:11Z
2026-09-06T13:00:00Z,XLP-20DEC30-CDE,3.5e-05,0.186585,0.17962,0.186555,0.18652,3777,2188,2026-09-06T13:14:11Z
2026-09-06T13:00:00Z,XPP-20DEC30-CDE,-7e-06,1.418317,1.4005,1.4181,1.4182,45857,22447,2026-09-06T13:14:11Z
2026-09-06T13:00:00Z,ZEC-20DEC30-CDE,-4e-06,1182.032974,1041.5,1183.625,1183.2,8729,30007,2026-09-06T13:14:11Z
2026-09-06T14:00:00Z,ADP-20DEC30-CDE,-7e-06,0.218338,0.2136,0.2179,0.2183,9681,6954,2026-09-06T14:14:24Z
2026-09-06T14:00:00Z,AVE-20DEC30-CDE,-1e-05,134.807634,130.56,134.56,134.66,982,524,2026-09-06T14:14:24Z
2026-09-06T14:00:00Z,AVP-20DEC30-CDE,-5e-06,7.660335,7.38,7.65,7.66,7699,5644,2026-09-06T14:14:24Z
2026-09-06T14:00:00Z,BCP-20DEC30-CDE,1.5e-05,257.962921,253.2,258.075,258.45,1657,8974,2026-09-06T14:14:24Z
2026-09-06T14:00:00Z,BIP-20DEC30-CDE,6e-06,79763.227147,79790,79762.5,79755,173830,66207,2026-09-06T14:14:24Z
2026-09-06T14:00:00Z,BNB-20DEC30-CDE,2.6e-05,747.749394,720.2,748.2,749.55,365,771,2026-09-06T14:14:24Z
2026-09-06T14:00:00Z,DOP-20DEC30-CDE,2e-06,0.089365,0.08475,0.08936,0.08948,2454,11296,2026-09-06T14:14:24Z
2026-09-06T14:00:00Z,ENA-20DEC30-CDE,-1.2e-05,0.17326,0.1633,0.173095,0.1735,1163,5377,2026-09-06T14:14:24Z
2026-09-06T14:00:00Z,ETP-20DEC30-CDE,3e-06,2488.503609,2455.5,2487.75,2487.5,319396,69594,2026-09-06T14:14:24Z
2026-09-06T14:00:00Z,HEP-20DEC30-CDE,1.3e-05,0.081048,0.07733,0.081095,0.08101,2239,3692,2026-09-06T14:14:24Z
2026-09-06T14:00:00Z,HYP-20DEC30-CDE,4.5e-05,89.125485,84.89,89.145,89.38,9250,4439,2026-09-06T14:14:24Z
2026-09-06T14:00:00Z,LCP-20DEC30-CDE,1.7e-05,54.4646,50.68,54.48,54.18,3178,2570,2026-09-06T14:14:24Z
2026-09-06T14:00:00Z,LNP-20DEC30-CDE,1.3e-05,12.319617,11.711,12.31,12.333,4294,3970,2026-09-06T14:14:24Z
2026-09-06T14:00:00Z,NER-20DEC30-CDE,-2e-06,2.43929,2.1617,2.4299,2.4542,1157,6767,2026-09-06T14:14:24Z
2026-09-06T14:00:00Z,OND-20DEC30-CDE,-7e-06,0.378353,0.3582,0.3774,0.3786,4919,3879,2026-09-06T14:14:24Z
2026-09-06T14:00:00Z,PAU-20DEC30-CDE,2.2e-05,4426.739763,4435.8,4428.6,4426.8,1192,96,2026-09-06T14:14:24Z
2026-09-06T14:00:00Z,PEP-20DEC30-CDE,2.4e-05,0.0036,0.003579,0.0036,0.003602,665,2227,2026-09-06T14:14:24Z
2026-09-06T14:00:00Z,POP-20DEC30-CDE,-5e-06,0.969133,0.874,0.969,0.969,4401,3333,2026-09-06T14:14:24Z
2026-09-06T14:00:00Z,SHP-20DEC30-CDE,3e-06,0.00543,0.00522,0.00542,0.00543,3411,6371,2026-09-06T14:14:24Z
2026-09-06T14:00:00Z,SLP-20DEC30-CDE,5e-06,106.522638,101.71,106.39,106.5,35533,20465,2026-09-06T14:14:24Z
2026-09-06T14:00:00Z,SUP-20DEC30-CDE,0,0.799934,0.7591,0.80005,0.8013,4888,8466,2026-09-06T14:14:24Z
2026-09-06T14:00:00Z,XLP-20DEC30-CDE,3.1e-05,0.185368,0.17962,0.185245,0.18635,3777,2075,2026-09-06T14:14:24Z
2026-09-06T14:00:00Z,XPP-20DEC30-CDE,-8e-06,1.413365,1.4005,1.41285,1.415,45857,22440,2026-09-06T14:14:24Z
2026-09-06T14:00:00Z,ZEC-20DEC30-CDE,4e-06,1177.044815,1041.5,1176.55,1175.75,8729,30567,2026-09-06T14:14:24Z
2026-09-06T15:00:00Z,ADP-20DEC30-CDE,-8e-06,0.217215,0.2136,0.2172,0.217,9681,6968,2026-09-06T15:14:08Z
2026-09-06T15:00:00Z,AVE-20DEC30-CDE,-1.2e-05,133.751004,130.56,133.77,133.98,982,592,2026-09-06T15:14:08Z
2026-09-06T15:00:00Z,AVP-20DEC30-CDE,2e-06,7.587923,7.38,7.59,7.59,7699,5697,2026-09-06T15:14:08Z
2026-09-06T15:00:00Z,BCP-20DEC30-CDE,1.2e-05,254.521326,253.2,254.625,254.8,1657,9441,2026-09-06T15:14:08Z
2026-09-06T15:00:00Z,BIP-20DEC30-CDE,2e-06,79525.052468,79790,79527.5,79520,173830,73231,2026-09-06T15:14:08Z
2026-09-06T15:00:00Z,BNB-20DEC30-CDE,2.9e-05,743.00334,720.2,742.975,743.55,365,737,2026-09-06T15:14:08Z
2026-09-06T15:00:00Z,DOP-20DEC30-CDE,3e-06,0.088335,0.08475,0.08835,0.08835,2454,11989,2026-09-06T15:14:08Z
2026-09-06T15:00:00Z,ENA-20DEC30-CDE,2e-06,0.17172,0.1633,0.171975,0.17142,1163,5771,2026-09-06T15:14:08Z
2026-09-06T15:00:00Z,ETP-20DEC30-CDE,5e-06,2476.0075,2455.5,2476.25,2477,319396,75999,2026-09-06T15:14:08Z
2026-09-06T15:00:00Z,HEP-20DEC30-CDE,1.3e-05,0.0804,0.07733,0.0804,0.08035,2239,3790,2026-09-06T15:14:08Z
2026-09-06T15:00:00Z,HYP-20DEC30-CDE,3.5e-05,89.016604,84.89,89.12,89.07,9250,5093,2026-09-06T15:14:08Z
2026-09-06T15:00:00Z,LCP-20DEC30-CDE,2.4e-05,54.275383,50.68,54.305,54.24,3178,2482,2026-09-06T15:14:08Z
2026-09-06T15:00:00Z,LNP-20DEC30-CDE,1.4e-05,12.145255,11.711,12.145,12.154,4294,4451,2026-09-06T15:14:08Z
2026-09-06T15:00:00Z,NER-20DEC30-CDE,-8e-06,2.370166,2.1617,2.36945,2.3666,1157,7285,2026-09-06T15:14:08Z
2026-09-06T15:00:00Z,OND-20DEC30-CDE,-1.2e-05,0.372613,0.3582,0.3726,0.3736,4919,4255,2026-09-06T15:14:08Z
2026-09-06T15:00:00Z,PAU-20DEC30-CDE,1.9e-05,4427.090328,4435.8,4427.95,4426.8,1192,94,2026-09-06T15:14:08Z
2026-09-06T15:00:00Z,PEP-20DEC30-CDE,2.5e-05,0.003561,0.003579,0.003561,0.003564,665,2404,2026-09-06T15:14:08Z
2026-09-06T15:00:00Z,POP-20DEC30-CDE,0,0.947841,0.874,0.948,0.948,4401,3613,2026-09-06T15:14:08Z
2026-09-06T15:00:00Z,SHP-20DEC30-CDE,4e-06,0.00539,0.00522,0.00539,0.00538,3411,6105,2026-09-06T15:14:08Z
2026-09-06T15:00:00Z,SLP-20DEC30-CDE,9e-06,105.286657,101.71,105.265,105.27,35533,22448,2026-09-06T15:14:08Z
2026-09-06T15:00:00Z,SUP-20DEC30-CDE,2e-06,0.786537,0.7591,0.78675,0.7869,4888,9056,2026-09-06T15:14:08Z
2026-09-06T15:00:00Z,XLP-20DEC30-CDE,3.1e-05,0.183162,0.17962,0.18305,0.18321,3777,2492,2026-09-06T15:14:08Z
2026-09-06T15:00:00Z,XPP-20DEC30-CDE,-3e-06,1.406368,1.4005,1.4063,1.4071,45857,23089,2026-09-06T15:14:08Z
2026-09-06T15:00:00Z,ZEC-20DEC30-CDE,1e-06,1157.547312,1041.5,1157.875,1158.15,8729,32063,2026-09-06T15:14:08Z
2026-09-06T16:00:00Z,ADP-20DEC30-CDE,-9e-06,0.218316,0.2136,0.2183,0.2182,9681,6961,2026-09-06T16:14:23Z
2026-09-06T16:00:00Z,AVE-20DEC30-CDE,-5e-06,134.062824,130.56,134.025,133.73,982,603,2026-09-06T16:14:23Z
2026-09-06T16:00:00Z,AVP-20DEC30-CDE,-5e-06,7.636557,7.38,7.635,7.63,7699,5456,2026-09-06T16:14:23Z
2026-09-06T16:00:00Z,BCP-20DEC30-CDE,5e-06,256.114446,253.2,256.175,255.75,1657,9074,2026-09-06T16:14:23Z
2026-09-06T16:00:00Z,BIP-20DEC30-CDE,4e-06,79709.45887,79790,79715,79730,173830,62538,2026-09-06T16:14:23Z
2026-09-06T16:00:00Z,BNB-20DEC30-CDE,2e-05,746.665401,720.2,747.325,743.55,365,566,2026-09-06T16:14:23Z
2026-09-06T16:00:00Z,DOP-20DEC30-CDE,-2e-06,0.089024,0.08475,0.089015,0.08909,2454,12149,2026-09-06T16:14:23Z
2026-09-06T16:00:00Z,ENA-20DEC30-CDE,9e-06,0.172226,0.1633,0.1728,0.17204,1163,5620,2026-09-06T16:14:23Z
2026-09-06T16:00:00Z,ETP-20DEC30-CDE,1.4e-05,2482.348154,2455.5,2483.25,2483,319396,81686,2026-09-06T16:14:23Z
2026-09-06T16:00:00Z,HEP-20DEC30-CDE,1.3e-05,0.080622,0.07733,0.08065,0.08054,2239,3765,2026-09-06T16:14:23Z
2026-09-06T16:00:00Z,HYP-20DEC30-CDE,3.8e-05,88.306768,84.89,88.4,88.42,9250,5256,2026-09-06T16:14:23Z
2026-09-06T16:00:00Z,LCP-20DEC30-CDE,1.9e-05,54.656474,50.68,54.715,54.53,3178,2283,2026-09-06T16:14:23Z
2026-09-06T16:00:00Z,LNP-20DEC30-CDE,1.4e-05,12.252518,11.711,12.257,12.258,4294,4605,2026-09-06T16:14:23Z
2026-09-06T16:00:00Z,NER-20DEC30-CDE,-6e-06,2.407177,2.1617,2.40865,2.408,1157,7218,2026-09-06T16:14:23Z
2026-09-06T16:00:00Z,OND-20DEC30-CDE,-1e-05,0.374988,0.3582,0.37485,0.3747,4919,4281,2026-09-06T16:14:23Z
2026-09-06T16:00:00Z,PAU-20DEC30-CDE,1.8e-05,4426.635142,4435.8,4428.35,4431.1,1192,88,2026-09-06T16:14:23Z
2026-09-06T16:00:00Z,PEP-20DEC30-CDE,1.6e-05,0.00359,0.003579,0.003582,0.003576,665,2380,2026-09-06T16:14:23Z
2026-09-06T16:00:00Z,POP-20DEC30-CDE,4e-06,0.959996,0.874,0.961,0.956,4401,3374,2026-09-06T16:14:23Z
2026-09-06T16:00:00Z,SHP-20DEC30-CDE,5e-06,0.005402,0.00522,0.00541,0.0054,3411,6039,2026-09-06T16:14:23Z
2026-09-06T16:00:00Z,SLP-20DEC30-CDE,9e-06,105.846789,101.71,105.805,105.83,35533,22151,2026-09-06T16:14:23Z
2026-09-06T16:00:00Z,SUP-20DEC30-CDE,3e-06,0.793293,0.7591,0.79405,0.7911,4888,8870,2026-09-06T16:14:23Z
2026-09-06T16:00:00Z,XLP-20DEC30-CDE,1.6e-05,0.184141,0.17962,0.18414,0.18361,3777,2101,2026-09-06T16:14:23Z
2026-09-06T16:00:00Z,XPP-20DEC30-CDE,-1e-06,1.411789,1.4005,1.4115,1.4118,45857,22763,2026-09-06T16:14:23Z
2026-09-06T16:00:00Z,ZEC-20DEC30-CDE,3e-06,1176.866349,1041.5,1176.525,1175.85,8729,32122,2026-09-06T16:14:23Z
2026-09-06T17:00:00Z,ADP-20DEC30-CDE,-8e-06,0.217977,0.2136,0.218,0.2177,9681,6294,2026-09-06T17:14:07Z
2026-09-06T17:00:00Z,AVE-20DEC30-CDE,0,133.041972,130.56,133.025,133,982,596,2026-09-06T17:14:07Z
2026-09-06T17:00:00Z,AVP-20DEC30-CDE,-8e-06,7.626812,7.38,7.63,7.62,7699,5486,2026-09-06T17:14:07Z
2026-09-06T17:00:00Z,BCP-20DEC30-CDE,4e-06,255.880039,253.2,256.075,255.75,1657,8631,2026-09-06T17:14:07Z
2026-09-06T17:00:00Z,BIP-20DEC30-CDE,4e-06,79614.97258,79790,79622.5,79620,173830,57442,2026-09-06T17:14:07Z
2026-09-06T17:00:00Z,BNB-20DEC30-CDE,2.2e-05,747.499531,720.2,748.25,748,365,539,2026-09-06T17:14:07Z
2026-09-06T17:00:00Z,DOP-20DEC30-CDE,-3e-06,0.089134,0.08475,0.08915,0.08913,2454,12090,2026-09-06T17:14:07Z
2026-09-06T17:00:00Z,ENA-20DEC30-CDE,1e-05,0.172736,0.1633,0.172315,0.17265,1163,5809,2026-09-06T17:14:07Z
2026-09-06T17:00:00Z,ETP-20DEC30-CDE,1.6e-05,2485.02166,2455.5,2486.25,2486.5,319396,76493,2026-09-06T17:14:07Z
2026-09-06T17:00:00Z,HEP-20DEC30-CDE,1.3e-05,0.080385,0.07733,0.080445,0.08042,2239,3753,2026-09-06T17:14:07Z
2026-09-06T17:00:00Z,HYP-20DEC30-CDE,3e-05,87.720801,84.89,87.77,87.73,9250,5415,2026-09-06T17:14:07Z
2026-09-06T17:00:00Z,LCP-20DEC30-CDE,1.6e-05,54.495403,50.68,54.56,54.6,3178,2114,2026-09-06T17:14:07Z
2026-09-06T17:00:00Z,LNP-20DEC30-CDE,1.4e-05,12.283818,11.711,12.288,12.271,4294,4731,2026-09-06T17:14:07Z
2026-09-06T17:00:00Z,NER-20DEC30-CDE,3e-06,2.403894,2.1617,2.4018,2.4018,1157,6941,2026-09-06T17:14:07Z
2026-09-06T17:00:00Z,OND-20DEC30-CDE,-2e-05,0.377516,0.3582,0.37755,0.3768,4919,4353,2026-09-06T17:14:07Z
2026-09-06T17:00:00Z,PAU-20DEC30-CDE,1.8e-05,4423.57693,4435.8,4425.35,4428,1192,89,2026-09-06T17:14:07Z
2026-09-06T17:00:00Z,PEP-20DEC30-CDE,-3e-06,0.003589,0.003579,0.003588,0.003595,665,2316,2026-09-06T17:14:07Z
2026-09-06T17:00:00Z,POP-20DEC30-CDE,-1e-06,0.964893,0.874,0.9675,0.965,4401,3312,2026-09-06T17:14:07Z
2026-09-06T17:00:00Z,SHP-20DEC30-CDE,2e-06,0.005413,0.00522,0.00542,0.00542,3411,5723,2026-09-06T17:14:07Z
2026-09-06T17:00:00Z,SLP-20DEC30-CDE,7e-06,105.877881,101.71,106.045,106.06,35533,21189,2026-09-06T17:14:07Z
2026-09-06T17:00:00Z,SUP-20DEC30-CDE,4e-06,0.795752,0.7591,0.79805,0.7958,4888,9263,2026-09-06T17:14:07Z
2026-09-06T17:00:00Z,XLP-20DEC30-CDE,8e-06,0.183905,0.17962,0.184125,0.18503,3777,2202,2026-09-06T17:14:07Z
2026-09-06T17:00:00Z,XPP-20DEC30-CDE,0,1.409564,1.4005,1.41045,1.4087,45857,21137,2026-09-06T17:14:07Z
2026-09-06T17:00:00Z,ZEC-20DEC30-CDE,1.1e-05,1187.802639,1041.5,1185.9,1187.15,8729,32709,2026-09-06T17:14:07Z
2026-09-06T18:00:00Z,ADP-20DEC30-CDE,-8e-06,0.219111,0.2136,0.2189,0.2186,9681,5854,2026-09-06T18:14:23Z
2026-09-06T18:00:00Z,AVE-20DEC30-CDE,-2e-06,133.357388,130.56,133.365,133.41,982,578,2026-09-06T18:14:23Z
2026-09-06T18:00:00Z,AVP-20DEC30-CDE,-5e-06,7.627899,7.38,7.625,7.62,7699,5297,2026-09-06T18:14:23Z
2026-09-06T18:00:00Z,BCP-20DEC30-CDE,1e-06,256.700036,253.2,256.875,256.5,1657,7458,2026-09-06T18:14:23Z
2026-09-06T18:00:00Z,BIP-20DEC30-CDE,5e-06,79844.649331,79790,79860,79850,173830,55841,2026-09-06T18:14:23Z
2026-09-06T18:00:00Z,BNB-20DEC30-CDE,2.7e-05,748.072212,720.2,748.35,748.2,365,482,2026-09-06T18:14:23Z
2026-09-06T18:00:00Z,DOP-20DEC30-CDE,-2e-06,0.089236,0.08475,0.089235,0.08933,2454,10739,2026-09-06T18:14:23Z
2026-09-06T18:00:00Z,ENA-20DEC30-CDE,2e-06,0.174507,0.1633,0.174315,0.1742,1163,5742,2026-09-06T18:14:23Z
2026-09-06T18:00:00Z,ETP-20DEC30-CDE,1.7e-05,2494.201356,2455.5,2494.5,2493.5,319396,76205,2026-09-06T18:14:23Z
2026-09-06T18:00:00Z,HEP-20DEC30-CDE,1.5e-05,0.080653,0.07733,0.080665,0.08058,2239,3276,2026-09-06T18:14:23Z
2026-09-06T18:00:00Z,HYP-20DEC30-CDE,2.8e-05,87.824274,84.89,87.82,87.92,9250,5592,2026-09-06T18:14:23Z
2026-09-06T18:00:00Z,LCP-20DEC30-CDE,2.3e-05,54.12703,50.68,54.22,54.14,3178,2078,2026-09-06T18:14:23Z
2026-09-06T18:00:00Z,LNP-20DEC30-CDE,9e-06,12.31879,11.711,12.3265,12.327,4294,3735,2026-09-06T18:14:23Z
2026-09-06T18:00:00Z,NER-20DEC30-CDE,-4e-06,2.376784,2.1617,2.3747,2.3798,1157,6796,2026-09-06T18:14:23Z
2026-09-06T18:00:00Z,OND-20DEC30-CDE,-2e-05,0.378551,0.3582,0.3782,0.3779,4919,4367,2026-09-06T18:14:23Z
2026-09-06T18:00:00Z,PAU-20DEC30-CDE,2e-05,4425.10602,4435.8,4429.4,4421.2,1192,116,2026-09-06T18:14:23Z
2026-09-06T18:00:00Z,PEP-20DEC30-CDE,1e-05,0.00359,0.003579,0.003593,0.003597,665,2211,2026-09-06T18:14:23Z
2026-09-06T18:00:00Z,POP-20DEC30-CDE,6e-06,0.959835,0.874,0.96,0.961,4401,3245,2026-09-06T18:14:23Z
2026-09-06T18:00:00Z,SHP-20DEC30-CDE,1e-05,0.00543,0.00522,0.005435,0.00542,3411,4881,2026-09-06T18:14:23Z
2026-09-06T18:00:00Z,SLP-20DEC30-CDE,1e-06,106.44675,101.71,106.365,106.41,35533,20337,2026-09-06T18:14:23Z
2026-09-06T18:00:00Z,SUP-20DEC30-CDE,7e-06,0.797323,0.7591,0.79725,0.7964,4888,9276,2026-09-06T18:14:23Z
2026-09-06T18:00:00Z,XLP-20DEC30-CDE,2e-05,0.184306,0.17962,0.184245,0.18412,3777,2166,2026-09-06T18:14:23Z
2026-09-06T18:00:00Z,XPP-20DEC30-CDE,0,1.4123,1.4005,1.41215,1.4127,45857,20265,2026-09-06T18:14:23Z
2026-09-06T18:00:00Z,ZEC-20DEC30-CDE,1.5e-05,1216.35288,1041.5,1217,1217.45,8729,34343,2026-09-06T18:14:23Z
2026-09-06T19:00:00Z,ADP-20DEC30-CDE,-9e-06,0.219216,0.2136,0.2193,0.2191,9681,5955,2026-09-06T19:14:07Z
2026-09-06T19:00:00Z,AVE-20DEC30-CDE,-3e-06,132.927713,130.56,132.955,133.41,982,535,2026-09-06T19:14:07Z
2026-09-06T19:00:00Z,AVP-20DEC30-CDE,-8e-06,7.628478,7.38,7.635,7.64,7699,5266,2026-09-06T19:14:07Z
2026-09-06T19:00:00Z,BCP-20DEC30-CDE,5e-06,256.168567,253.2,256.3,255.95,1657,7376,2026-09-06T19:14:07Z
2026-09-06T19:00:00Z,BIP-20DEC30-CDE,4e-06,79861.900026,79790,79862.5,79860,173830,55532,2026-09-06T19:14:07Z
2026-09-06T19:00:00Z,BNB-20DEC30-CDE,2.4e-05,750.321263,720.2,750.7,750.1,365,484,2026-09-06T19:14:07Z
2026-09-06T19:00:00Z,DOP-20DEC30-CDE,2e-06,0.089455,0.08475,0.089495,0.08936,2454,10012,2026-09-06T19:14:07Z
2026-09-06T19:00:00Z,ENA-20DEC30-CDE,5e-06,0.175455,0.1633,0.175465,0.17562,1163,5765,2026-09-06T19:14:07Z
2026-09-06T19:00:00Z,ETP-20DEC30-CDE,1.7e-05,2492.336921,2455.5,2493,2492.5,319396,82029,2026-09-06T19:14:07Z
2026-09-06T19:00:00Z,HEP-20DEC30-CDE,1.7e-05,0.080356,0.07733,0.080465,0.08052,2239,3203,2026-09-06T19:14:07Z
2026-09-06T19:00:00Z,HYP-20DEC30-CDE,2.8e-05,87.426615,84.89,87.57,87.51,9250,5553,2026-09-06T19:14:07Z
2026-09-06T19:00:00Z,LCP-20DEC30-CDE,2.5e-05,54.179761,50.68,54.25,54.37,3178,2031,2026-09-06T19:14:07Z
2026-09-06T19:00:00Z,LNP-20DEC30-CDE,5e-06,12.363606,11.711,12.3665,12.369,4294,3821,2026-09-06T19:14:07Z
2026-09-06T19:00:00Z,NER-20DEC30-CDE,0,2.41,2.1617,2.40865,2.4096,1157,6751,2026-09-06T19:14:07Z
2026-09-06T19:00:00Z,OND-20DEC30-CDE,-1.4e-05,0.377331,0.3582,0.37785,0.378,4919,4366,2026-09-06T19:14:07Z
2026-09-06T19:00:00Z,PAU-20DEC30-CDE,2e-05,4421.593316,4435.8,4424.15,4421.2,1192,116,2026-09-06T19:14:07Z
2026-09-06T19:00:00Z,PEP-20DEC30-CDE,1.7e-05,0.0036,0.003579,0.003599,0.003604,665,2196,2026-09-06T19:14:07Z
2026-09-06T19:00:00Z,POP-20DEC30-CDE,5e-06,0.956556,0.874,0.9585,0.956,4401,3327,2026-09-06T19:14:07Z
2026-09-06T19:00:00Z,SHP-20DEC30-CDE,6e-06,0.00542,0.00522,0.005425,0.00544,3411,3867,2026-09-06T19:14:07Z
2026-09-06T19:00:00Z,SLP-20DEC30-CDE,0,105.828373,101.71,105.845,105.86,35533,20608,2026-09-06T19:14:07Z
2026-09-06T19:00:00Z,SUP-20DEC30-CDE,1.2e-05,0.79512,0.7591,0.79525,0.7952,4888,8871,2026-09-06T19:14:07Z
2026-09-06T19:00:00Z,XLP-20DEC30-CDE,1.9e-05,0.183596,0.17962,0.183755,0.18382,3777,2174,2026-09-06T19:14:07Z
2026-09-06T19:00:00Z,XPP-20DEC30-CDE,-1e-06,1.411632,1.4005,1.412,1.4124,45857,20361,2026-09-06T19:14:07Z
2026-09-06T19:00:00Z,ZEC-20DEC30-CDE,5e-06,1218.933536,1041.5,1217.125,1217.85,8729,35577,2026-09-06T19:14:07Z
2026-09-06T20:00:00Z,ADP-20DEC30-CDE,-5e-06,0.219123,0.2136,0.2193,0.2191,9681,5956,2026-09-06T20:14:20Z
2026-09-06T20:00:00Z,AVE-20DEC30-CDE,-2e-06,132.84,130.56,132.885,132.5,982,527,2026-09-06T20:14:20Z
2026-09-06T20:00:00Z,AVP-20DEC30-CDE,-1e-05,7.66408,7.38,7.665,7.65,7699,5212,2026-09-06T20:14:20Z
2026-09-06T20:00:00Z,BCP-20DEC30-CDE,5e-06,256.346604,253.2,256.525,256.5,1657,7371,2026-09-06T20:14:20Z
2026-09-06T20:00:00Z,BIP-20DEC30-CDE,2e-06,79788.32163,79790,79812.5,79795,173830,52108,2026-09-06T20:14:20Z
2026-09-06T20:00:00Z,BNB-20DEC30-CDE,2.3e-05,749.505096,720.2,749.975,749.7,365,490,2026-09-06T20:14:20Z
2026-09-06T20:00:00Z,DOP-20DEC30-CDE,4e-06,0.089612,0.08475,0.08966,0.08954,2454,9467,2026-09-06T20:14:20Z
2026-09-06T20:00:00Z,ENA-20DEC30-CDE,8e-06,0.175867,0.1633,0.17591,0.1763,1163,5705,2026-09-06T20:14:20Z
2026-09-06T20:00:00Z,ETP-20DEC30-CDE,1.5e-05,2490.359229,2455.5,2493,2491.5,319396,79044,2026-09-06T20:14:20Z
2026-09-06T20:00:00Z,HEP-20DEC30-CDE,1.3e-05,0.080591,0.07733,0.080605,0.08052,2239,3188,2026-09-06T20:14:20Z
2026-09-06T20:00:00Z,HYP-20DEC30-CDE,2.9e-05,87.232929,84.89,87.285,87.3,9250,5506,2026-09-06T20:14:20Z
2026-09-06T20:00:00Z,LCP-20DEC30-CDE,3.1e-05,54.087693,50.68,54.13,54.11,3178,1940,2026-09-06T20:14:20Z
2026-09-06T20:00:00Z,LNP-20DEC30-CDE,6e-06,12.344076,11.711,12.356,12.392,4294,3758,2026-09-06T20:14:20Z
2026-09-06T20:00:00Z,NER-20DEC30-CDE,1e-06,2.423179,2.1617,2.4305,2.4277,1157,6526,2026-09-06T20:14:20Z
2026-09-06T20:00:00Z,OND-20DEC30-CDE,-1e-05,0.377568,0.3582,0.3777,0.3777,4919,4338,2026-09-06T20:14:20Z
2026-09-06T20:00:00Z,PAU-20DEC30-CDE,2e-05,4420.379113,4435.8,4424.2,4423.4,1192,116,2026-09-06T20:14:20Z
2026-09-06T20:00:00Z,PEP-20DEC30-CDE,2.2e-05,0.003589,0.003579,0.003595,0.003599,665,2180,2026-09-06T20:14:20Z
2026-09-06T20:00:00Z,POP-20DEC30-CDE,3e-06,0.964858,0.874,0.9635,0.965,4401,3368,2026-09-06T20:14:20Z
2026-09-06T20:00:00Z,SHP-20DEC30-CDE,1.1e-05,0.005424,0.00522,0.00543,0.00542,3411,3734,2026-09-06T20:14:20Z
2026-09-06T20:00:00Z,SLP-20DEC30-CDE,1e-06,105.455338,101.71,105.5,105.49,35533,20584,2026-09-06T20:14:20Z
2026-09-06T20:00:00Z,SUP-20DEC30-CDE,1e-05,0.796911,0.7591,0.79805,0.7967,4888,8389,2026-09-06T20:14:20Z
2026-09-06T20:00:00Z,XLP-20DEC30-CDE,2.4e-05,0.183548,0.17962,0.18371,0.18345,3777,2182,2026-09-06T20:14:20Z
2026-09-06T20:00:00Z,XPP-20DEC30-CDE,0,1.411126,1.4005,1.4116,1.4092,45857,19493,2026-09-06T20:14:20Z
2026-09-06T20:00:00Z,ZEC-20DEC30-CDE,-1e-06,1216.367139,1041.5,1220.65,1220,8729,35540,2026-09-06T20:14:20Z
2026-09-06T21:00:00Z,ADP-20DEC30-CDE,-5e-06,0.221624,0.2136,0.2217,0.2217,9681,6203,2026-09-06T21:14:07Z
2026-09-06T21:00:00Z,AVE-20DEC30-CDE,0,134.442611,130.56,134.495,134.59,982,564,2026-09-06T21:14:07Z
2026-09-06T21:00:00Z,AVP-20DEC30-CDE,-1.1e-05,7.79235,7.38,7.79,7.79,7699,5738,2026-09-06T21:14:07Z
2026-09-06T21:00:00Z,BCP-20DEC30-CDE,2e-06,258.805406,253.2,258.85,257.9,1657,7582,2026-09-06T21:14:07Z
2026-09-06T21:00:00Z,BIP-20DEC30-CDE,4e-06,79995.971965,79790,79977.5,79990,173830,51628,2026-09-06T21:14:07Z
2026-09-06T21:00:00Z,BNB-20DEC30-CDE,1.9e-05,752.047925,720.2,752.325,751.45,365,494,2026-09-06T21:14:07Z
2026-09-06T21:00:00Z,DOP-20DEC30-CDE,6e-06,0.090234,0.08475,0.090255,0.09025,2454,9864,2026-09-06T21:14:07Z
2026-09-06T21:00:00Z,ENA-20DEC30-CDE,6e-06,0.176112,0.1633,0.176345,0.17626,1163,5723,2026-09-06T21:14:07Z
2026-09-06T21:00:00Z,ETP-20DEC30-CDE,1.6e-05,2509.757864,2455.5,2511,2513,319396,84199,2026-09-06T21:14:07Z
2026-09-06T21:00:00Z,HEP-20DEC30-CDE,1.2e-05,0.081395,0.07733,0.081435,0.08139,2239,3179,2026-09-06T21:14:07Z
2026-09-06T21:00:00Z,HYP-20DEC30-CDE,2.4e-05,88.046508,84.89,88.065,88.12,9250,5700,2026-09-06T21:14:07Z
2026-09-06T21:00:00Z,LCP-20DEC30-CDE,2e-05,54.563222,50.68,54.52,54.4,3178,2052,2026-09-06T21:14:07Z
2026-09-06T21:00:00Z,LNP-20DEC30-CDE,1.2e-05,13.159668,11.711,13.084,13.122,4294,5518,2026-09-06T21:14:07Z
2026-09-06T21:00:00Z,NER-20DEC30-CDE,-9e-06,2.428414,2.1617,2.42865,2.4231,1157,6589,2026-09-06T21:14:07Z
2026-09-06T21:00:00Z,OND-20DEC30-CDE,-6e-06,0.383806,0.3582,0.38395,0.3834,4919,4412,2026-09-06T21:14:07Z
2026-09-06T21:00:00Z,PAU-20DEC30-CDE,2e-05,4420.251804,4435.8,4421.6,4423.1,1192,115,2026-09-06T21:14:07Z
2026-09-06T21:00:00Z,PEP-20DEC30-CDE,2.1e-05,0.00364,0.003579,0.003634,0.003627,665,2218,2026-09-06T21:14:07Z
2026-09-06T21:00:00Z,POP-20DEC30-CDE,3e-06,0.972952,0.874,0.974,0.971,4401,3676,2026-09-06T21:14:07Z
2026-09-06T21:00:00Z,SHP-20DEC30-CDE,1.1e-05,0.005464,0.00522,0.00547,0.00546,3411,3487,2026-09-06T21:14:07Z
2026-09-06T21:00:00Z,SLP-20DEC30-CDE,2e-06,106.024663,101.71,106.025,106.02,35533,20190,2026-09-06T21:14:07Z
2026-09-06T21:00:00Z,SUP-20DEC30-CDE,3e-06,0.811886,0.7591,0.81305,0.8122,4888,8474,2026-09-06T21:14:07Z
2026-09-06T21:00:00Z,XLP-20DEC30-CDE,2.1e-05,0.18565,0.17962,0.185795,0.18556,3777,2378,2026-09-06T21:14:07Z
2026-09-06T21:00:00Z,XPP-20DEC30-CDE,0,1.42361,1.4005,1.42345,1.4243,45857,19847,2026-09-06T21:14:07Z
2026-09-06T21:00:00Z,ZEC-20DEC30-CDE,3e-06,1222.080105,1041.5,1221.425,1222,8729,35485,2026-09-06T21:14:07Z
2026-09-06T22:00:00Z,ADP-20DEC30-CDE,1e-06,0.219979,0.2136,0.2199,0.2197,9681,6240,2026-09-06T22:14:20Z
2026-09-06T22:00:00Z,AVE-20DEC30-CDE,-3e-06,134.023711,130.56,134.065,134.8,982,602,2026-09-06T22:14:20Z
2026-09-06T22:00:00Z,AVP-20DEC30-CDE,-1.1e-05,7.753362,7.38,7.755,7.75,7699,6218,2026-09-06T22:14:20Z
2026-09-06T22:00:00Z,BCP-20DEC30-CDE,-2e-06,257.471265,253.2,257.575,257.8,1657,7546,2026-09-06T22:14:20Z
2026-09-06T22:00:00Z,BIP-20DEC30-CDE,5e-06,79724.78135,79790,79757.5,79725,173830,50890,2026-09-06T22:14:20Z
2026-09-06T22:00:00Z,BNB-20DEC30-CDE,1.9e-05,749.646274,720.2,749.875,750.25,365,518,2026-09-06T22:14:20Z
2026-09-06T22:00:00Z,DOP-20DEC30-CDE,2e-06,0.089925,0.08475,0.089955,0.0905,2454,9464,2026-09-06T22:14:20Z
2026-09-06T22:00:00Z,ENA-20DEC30-CDE,8e-06,0.174543,0.1633,0.17472,0.17478,1163,5336,2026-09-06T22:14:20Z
2026-09-06T22:00:00Z,ETP-20DEC30-CDE,1.6e-05,2497.574924,2455.5,2499,2498,319396,85217,2026-09-06T22:14:20Z
2026-09-06T22:00:00Z,HEP-20DEC30-CDE,1.1e-05,0.080868,0.07733,0.080835,0.08085,2239,3297,2026-09-06T22:14:20Z
2026-09-06T22:00:00Z,HYP-20DEC30-CDE,2.9e-05,86.763993,84.89,86.95,86.67,9250,5986,2026-09-06T22:14:20Z
2026-09-06T22:00:00Z,LCP-20DEC30-CDE,1.3e-05,54.702363,50.68,54.725,54.76,3178,1967,2026-09-06T22:14:20Z
2026-09-06T22:00:00Z,LNP-20DEC30-CDE,1.6e-05,12.843999,11.711,12.855,12.847,4294,6205,2026-09-06T22:14:20Z
2026-09-06T22:00:00Z,NER-20DEC30-CDE,-7e-06,2.438754,2.1617,2.43425,2.4419,1157,6508,2026-09-06T22:14:20Z
2026-09-06T22:00:00Z,OND-20DEC30-CDE,-7e-06,0.379016,0.3582,0.37905,0.3777,4919,4497,2026-09-06T22:14:20Z
2026-09-06T22:00:00Z,PAU-20DEC30-CDE,1.8e-05,4421.8948,4435.8,4426.05,4426.6,1192,141,2026-09-06T22:14:20Z
2026-09-06T22:00:00Z,PEP-20DEC30-CDE,1.1e-05,0.00361,0.003579,0.0036075,0.003618,665,2308,2026-09-06T22:14:20Z
2026-09-06T22:00:00Z,POP-20DEC30-CDE,-2e-06,0.968068,0.874,0.9685,0.969,4401,4476,2026-09-06T22:14:20Z
2026-09-06T22:00:00Z,SHP-20DEC30-CDE,3e-06,0.005469,0.00522,0.00547,0.00549,3411,3202,2026-09-06T22:14:20Z
2026-09-06T22:00:00Z,SLP-20DEC30-CDE,5e-06,105.266092,101.71,105.25,105.21,35533,19711,2026-09-06T22:14:20Z
2026-09-06T22:00:00Z,SUP-20DEC30-CDE,7e-06,0.803085,0.7591,0.80375,0.8032,4888,8465,2026-09-06T22:14:20Z
2026-09-06T22:00:00Z,XLP-20DEC30-CDE,2.1e-05,0.185,0.17962,0.185135,0.18505,3777,2501,2026-09-06T22:14:20Z
2026-09-06T22:00:00Z,XPP-20DEC30-CDE,2e-06,1.413806,1.4005,1.4134,1.4141,45857,20682,2026-09-06T22:14:20Z
2026-09-06T22:00:00Z,ZEC-20DEC30-CDE,8e-06,1218.084749,1041.5,1219.675,1221.2,8729,36611,2026-09-06T22:14:20Z
2026-09-06T23:00:00Z,ADP-20DEC30-CDE,4e-06,0.221759,0.2136,0.2218,0.2217,9681,6533,2026-09-06T23:14:04Z
2026-09-06T23:00:00Z,AVE-20DEC30-CDE,-2e-06,134.92085,130.56,134.96,134.8,982,592,2026-09-06T23:14:04Z
2026-09-06T23:00:00Z,AVP-20DEC30-CDE,-1.2e-05,7.830885,7.38,7.825,7.84,7699,6766,2026-09-06T23:14:04Z
2026-09-06T23:00:00Z,BCP-20DEC30-CDE,3e-06,259.509488,253.2,259.475,259.4,1657,7771,2026-09-06T23:14:04Z
2026-09-06T23:00:00Z,BIP-20DEC30-CDE,4e-06,80204.333653,79790,80205,80200,173830,59711,2026-09-06T23:14:04Z
2026-09-06T23:00:00Z,BNB-20DEC30-CDE,1.8e-05,752.468441,720.2,752.475,751,365,492,2026-09-06T23:14:04Z
2026-09-06T23:00:00Z,DOP-20DEC30-CDE,8e-06,0.090544,0.08475,0.09052,0.09059,2454,9635,2026-09-06T23:14:04Z
2026-09-06T23:00:00Z,ENA-20DEC30-CDE,1.1e-05,0.175158,0.1633,0.17526,0.17527,1163,4954,2026-09-06T23:14:04Z
2026-09-06T23:00:00Z,ETP-20DEC30-CDE,1.4e-05,2510.880327,2455.5,2511.5,2511.5,319396,89214,2026-09-06T23:14:04Z
2026-09-06T23:00:00Z,HEP-20DEC30-CDE,1.1e-05,0.081197,0.07733,0.081205,0.0813,2239,3366,2026-09-06T23:14:04Z
2026-09-06T23:00:00Z,HYP-20DEC30-CDE,2.6e-05,87.932236,84.89,88.01,87.94,9250,6188,2026-09-06T23:14:04Z
2026-09-06T23:00:00Z,LCP-20DEC30-CDE,9e-06,54.722091,50.68,54.72,54.78,3178,1593,2026-09-06T23:14:04Z
2026-09-06T23:00:00Z,LNP-20DEC30-CDE,1.5e-05,13.145872,11.711,13.1365,13.13,4294,6951,2026-09-06T23:14:04Z
2026-09-06T23:00:00Z,NER-20DEC30-CDE,9e-06,2.462661,2.1617,2.45955,2.4645,1157,6545,2026-09-06T23:14:04Z
2026-09-06T23:00:00Z,OND-20DEC30-CDE,-4e-06,0.385809,0.3582,0.38575,0.3866,4919,4586,2026-09-06T23:14:04Z
2026-09-06T23:00:00Z,PAU-20DEC30-CDE,1.8e-05,4426.808158,4435.8,4429.2,4429.6,1192,194,2026-09-06T23:14:04Z
2026-09-06T23:00:00Z,PEP-20DEC30-CDE,1.2e-05,0.00364,0.003579,0.003636,0.003605,665,2310,2026-09-06T23:14:04Z
2026-09-06T23:00:00Z,POP-20DEC30-CDE,1e-06,0.976228,0.874,0.9765,0.977,4401,4807,2026-09-06T23:14:04Z
2026-09-06T23:00:00Z,SHP-20DEC30-CDE,1.3e-05,0.00551,0.00522,0.005515,0.00551,3411,3611,2026-09-06T23:14:04Z
2026-09-06T23:00:00Z,SLP-20DEC30-CDE,8e-06,106.109662,101.71,106.145,106.1,35533,22426,2026-09-06T23:14:04Z
2026-09-06T23:00:00Z,SUP-20DEC30-CDE,5e-06,0.808763,0.7591,0.8087,0.8087,4888,8509,2026-09-06T23:14:04Z
2026-09-06T23:00:00Z,XLP-20DEC30-CDE,2.8e-05,0.186165,0.17962,0.18635,0.18622,3777,2582,2026-09-06T23:14:04Z
2026-09-06T23:00:00Z,XPP-20DEC30-CDE,2e-06,1.423251,1.4005,1.4228,1.4232,45857,22621,2026-09-06T23:14:04Z
2026-09-06T23:00:00Z,ZEC-20DEC30-CDE,1e-05,1241.587107,1041.5,1241.025,1240.45,8729,37330,2026-09-06T23:14:04Z
2026-09-07T00:00:00Z,ADP-20DEC30-CDE,3e-06,0.225007,0.2136,0.2247,0.2252,9681,7314,2026-09-07T00:14:18Z
2026-09-07T00:00:00Z,AVE-20DEC30-CDE,-1.1e-05,136.405452,130.56,136.335,136.33,982,609,2026-09-07T00:14:18Z
2026-09-07T00:00:00Z,AVP-20DEC30-CDE,-9e-06,7.937153,7.38,7.925,7.94,7699,7804,2026-09-07T00:14:18Z
2026-09-07T00:00:00Z,BCP-20DEC30-CDE,6e-06,261.19135,253.2,261.375,261.35,1657,7105,2026-09-07T00:14:18Z
2026-09-07T00:00:00Z,BIP-20DEC30-CDE,6e-06,80347.225383,79790,80350,80350,173830,73720,2026-09-07T00:14:18Z
2026-09-07T00:00:00Z,BNB-20DEC30-CDE,1.7e-05,755.615754,720.2,755.3,753.15,365,487,2026-09-07T00:14:18Z
2026-09-07T00:00:00Z,DOP-20DEC30-CDE,4e-06,0.091109,0.08475,0.091025,0.09095,2454,9327,2026-09-07T00:14:18Z
2026-09-07T00:00:00Z,ENA-20DEC30-CDE,1.3e-05,0.176688,0.1633,0.17613,0.17636,1163,4761,2026-09-07T00:14:18Z
2026-09-07T00:00:00Z,ETP-20DEC30-CDE,1.2e-05,2516.752891,2455.5,2516.75,2517.5,319396,105269,2026-09-07T00:14:18Z
2026-09-07T00:00:00Z,HEP-20DEC30-CDE,8e-06,0.081673,0.07733,0.081605,0.08181,2239,3345,2026-09-07T00:14:18Z
2026-09-07T00:00:00Z,HYP-20DEC30-CDE,2.9e-05,88.009017,84.89,88.02,88.1,9250,6639,2026-09-07T00:14:18Z
2026-09-07T00:00:00Z,LCP-20DEC30-CDE,1e-05,54.994947,50.68,54.995,54.99,3178,1786,2026-09-07T00:14:18Z
2026-09-07T00:00:00Z,LNP-20DEC30-CDE,1.5e-05,13.288252,11.711,13.2795,13.297,4294,7555,2026-09-07T00:14:18Z
2026-09-07T00:00:00Z,NER-20DEC30-CDE,1.7e-05,2.423867,2.1617,2.42275,2.4241,1157,6589,2026-09-07T00:14:18Z
2026-09-07T00:00:00Z,OND-20DEC30-CDE,0,0.38827,0.3582,0.38815,0.3889,4919,4654,2026-09-07T00:14:18Z
2026-09-07T00:00:00Z,PAU-20DEC30-CDE,1.9e-05,4421.449763,4435.8,4422.1,4425.8,1192,212,2026-09-07T00:14:18Z
2026-09-07T00:00:00Z,PEP-20DEC30-CDE,1.4e-05,0.00366,0.003579,0.003663,0.003655,665,2278,2026-09-07T00:14:18Z
2026-09-07T00:00:00Z,POP-20DEC30-CDE,-2e-06,0.990621,0.874,0.989,0.994,4401,5482,2026-09-07T00:14:18Z
2026-09-07T00:00:00Z,SHP-20DEC30-CDE,9e-06,0.005541,0.00522,0.005535,0.00553,3411,3856,2026-09-07T00:14:18Z
2026-09-07T00:00:00Z,SLP-20DEC30-CDE,5e-06,106.555011,101.71,106.53,106.55,35533,26164,2026-09-07T00:14:18Z
2026-09-07T00:00:00Z,SUP-20DEC30-CDE,2e-06,0.816423,0.7591,0.81545,0.8162,4888,8801,2026-09-07T00:14:18Z
2026-09-07T00:00:00Z,XLP-20DEC30-CDE,3.2e-05,0.188653,0.17962,0.1888,0.189,3777,2651,2026-09-07T00:14:18Z
2026-09-07T00:00:00Z,XPP-20DEC30-CDE,-1e-06,1.424881,1.4005,1.4233,1.4244,45857,21370,2026-09-07T00:14:18Z
2026-09-07T00:00:00Z,ZEC-20DEC30-CDE,6e-06,1222.960444,1041.5,1221.125,1220.05,8729,38008,2026-09-07T00:14:18Z
2026-09-07T01:00:00Z,ADP-20DEC30-CDE,2e-06,0.222922,0.2136,0.2226,0.2226,9681,9029,2026-09-07T01:14:02Z
2026-09-07T01:00:00Z,AVE-20DEC30-CDE,-1e-06,134.825093,130.56,134.67,134.67,982,554,2026-09-07T01:14:02Z
2026-09-07T01:00:00Z,AVP-20DEC30-CDE,-1e-05,7.88936,7.38,7.885,7.9,7699,8352,2026-09-07T01:14:02Z
2026-09-07T01:00:00Z,BCP-20DEC30-CDE,2e-06,259.099511,253.2,258.975,258.65,1657,6949,2026-09-07T01:14:02Z
2026-09-07T01:00:00Z,BIP-20DEC30-CDE,5e-06,79983.738414,79790,79967.5,79965,173830,89841,2026-09-07T01:14:02Z
2026-09-07T01:00:00Z,BNB-20DEC30-CDE,1.9e-05,748.629413,720.2,748.375,753.15,365,487,2026-09-07T01:14:02Z
2026-09-07T01:00:00Z,DOP-20DEC30-CDE,2e-06,0.090563,0.08475,0.090505,0.09058,2454,9107,2026-09-07T01:14:02Z
2026-09-07T01:00:00Z,ENA-20DEC30-CDE,1.3e-05,0.175632,0.1633,0.17554,0.1754,1163,4057,2026-09-07T01:14:02Z
2026-09-07T01:00:00Z,ETP-20DEC30-CDE,1e-05,2507.010898,2455.5,2506.75,2507,319396,110182,2026-09-07T01:14:02Z
2026-09-07T01:00:00Z,HEP-20DEC30-CDE,5e-06,0.081497,0.07733,0.0815,0.08145,2239,3460,2026-09-07T01:14:02Z
2026-09-07T01:00:00Z,HYP-20DEC30-CDE,3.3e-05,87.283074,84.89,87.205,87.21,9250,6849,2026-09-07T01:14:02Z
2026-09-07T01:00:00Z,LCP-20DEC30-CDE,1e-05,54.876353,50.68,54.795,54.87,3178,2636,2026-09-07T01:14:02Z
2026-09-07T01:00:00Z,LNP-20DEC30-CDE,9e-06,13.128248,11.711,13.108,13.117,4294,7965,2026-09-07T01:14:02Z
2026-09-07T01:00:00Z,NER-20DEC30-CDE,1.9e-05,2.390805,2.1617,2.3862,2.3923,1157,6629,2026-09-07T01:14:02Z
2026-09-07T01:00:00Z,OND-20DEC30-CDE,3e-06,0.382765,0.3582,0.3823,0.382,4919,5173,2026-09-07T01:14:02Z
2026-09-07T01:00:00Z,PAU-20DEC30-CDE,1.7e-05,4399.582766,4435.8,4394.95,4400,1192,319,2026-09-07T01:14:02Z
2026-09-07T01:00:00Z,PEP-20DEC30-CDE,1.3e-05,0.003636,0.003579,0.0036255,0.003643,665,2358,2026-09-07T01:14:02Z
2026-09-07T01:00:00Z,POP-20DEC30-CDE,1.3e-05,1.010056,0.874,1.011,1.012,4401,7826,2026-09-07T01:14:02Z
2026-09-07T01:00:00Z,SHP-20DEC30-CDE,5e-06,0.005505,0.00522,0.005505,0.00549,3411,4058,2026-09-07T01:14:02Z
2026-09-07T01:00:00Z,SLP-20DEC30-CDE,0,105.679922,101.71,105.55,105.54,35533,29030,2026-09-07T01:14:02Z
2026-09-07T01:00:00Z,SUP-20DEC30-CDE,5e-06,0.806249,0.7591,0.80445,0.807,4888,9061,2026-09-07T01:14:02Z
2026-09-07T01:00:00Z,XLP-20DEC30-CDE,3.6e-05,0.187425,0.17962,0.18743,0.18738,3777,3068,2026-09-07T01:14:02Z
2026-09-07T01:00:00Z,XPP-20DEC30-CDE,-2e-06,1.412081,1.4005,1.41085,1.4108,45857,23072,2026-09-07T01:14:02Z
2026-09-07T01:00:00Z,ZEC-20DEC30-CDE,8e-06,1187.193703,1041.5,1184.85,1185.35,8729,38734,2026-09-07T01:14:02Z
2026-09-07T02:00:00Z,ADP-20DEC30-CDE,0,0.220629,0.2136,0.2203,0.2207,9681,9503,2026-09-07T02:14:18Z
2026-09-07T02:00:00Z,AVE-20DEC30-CDE,4e-06,133.268454,130.56,133.26,133.92,982,544,2026-09-07T02:14:18Z
2026-09-07T02:00:00Z,AVP-20DEC30-CDE,-1e-06,7.808785,7.38,7.805,7.82,7699,8870,2026-09-07T02:14:18Z
2026-09-07T02:00:00Z,BCP-20DEC30-CDE,-5e-06,256.161385,253.2,255.925,256,1657,7106,2026-09-07T02:14:18Z
2026-09-07T02:00:00Z,BIP-20DEC30-CDE,6e-06,79817.921961,79790,79795,79795,173830,90681,2026-09-07T02:14:18Z
2026-09-07T02:00:00Z,BNB-20DEC30-CDE,1.9e-05,747.902714,720.2,747.925,753.15,365,427,2026-09-07T02:14:18Z
2026-09-07T02:00:00Z,DOP-20DEC30-CDE,-3e-06,0.089905,0.08475,0.089835,0.09002,2454,9197,2026-09-07T02:14:18Z
2026-09-07T02:00:00Z,ENA-20DEC30-CDE,1.7e-05,0.172265,0.1633,0.17219,0.17247,1163,3456,2026-09-07T02:14:18Z
2026-09-07T02:00:00Z,ETP-20DEC30-CDE,6e-06,2500.203215,2455.5,2498.25,2501,319396,101599,2026-09-07T02:14:18Z
2026-09-07T02:00:00Z,HEP-20DEC30-CDE,7e-06,0.080805,0.07733,0.08076,0.08075,2239,3262,2026-09-07T02:14:18Z
2026-09-07T02:00:00Z,HYP-20DEC30-CDE,3.2e-05,86.745253,84.89,86.71,86.74,9250,6912,2026-09-07T02:14:18Z
2026-09-07T02:00:00Z,LCP-20DEC30-CDE,1.1e-05,54.324727,50.68,54.335,54.25,3178,2714,2026-09-07T02:14:18Z
2026-09-07T02:00:00Z,LNP-20DEC30-CDE,0,12.969847,11.711,12.9435,12.984,4294,7541,2026-09-07T02:14:18Z
2026-09-07T02:00:00Z,NER-20DEC30-CDE,2e-05,2.380287,2.1617,2.37715,2.3847,1157,6710,2026-09-07T02:14:18Z
2026-09-07T02:00:00Z,OND-20DEC30-CDE,-7e-06,0.380084,0.3582,0.3794,0.3796,4919,5044,2026-09-07T02:14:18Z
2026-09-07T02:00:00Z,PAU-20DEC30-CDE,2e-05,4401.787697,4435.8,4402.85,4407.7,1192,409,2026-09-07T02:14:18Z
2026-09-07T02:00:00Z,PEP-20DEC30-CDE,1.7e-05,0.003578,0.003579,0.003582,0.003575,665,2406,2026-09-07T02:14:18Z
2026-09-07T02:00:00Z,POP-20DEC30-CDE,4e-06,0.983153,0.874,0.983,0.983,4401,8387,2026-09-07T02:14:18Z
2026-09-07T02:00:00Z,SHP-20DEC30-CDE,3e-06,0.00546,0.00522,0.005455,0.00548,3411,4090,2026-09-07T02:14:18Z
2026-09-07T02:00:00Z,SLP-20DEC30-CDE,0,105.125155,101.71,105.045,105.06,35533,30101,2026-09-07T02:14:18Z
2026-09-07T02:00:00Z,SUP-20DEC30-CDE,6e-06,0.794853,0.7591,0.79335,0.7938,4888,9239,2026-09-07T02:14:18Z
2026-09-07T02:00:00Z,XLP-20DEC30-CDE,3.8e-05,0.185618,0.17962,0.18564,0.18629,3777,3327,2026-09-07T02:14:18Z
2026-09-07T02:00:00Z,XPP-20DEC30-CDE,0,1.402467,1.4005,1.40185,1.4034,45857,24245,2026-09-07T02:14:18Z
2026-09-07T02:00:00Z,ZEC-20DEC30-CDE,1.1e-05,1186.205416,1041.5,1185.525,1186.3,8729,38876,2026-09-07T02:14:18Z
2026-09-07T03:00:00Z,ADP-20DEC30-CDE,-3e-06,0.220827,0.2136,0.2208,0.2211,9681,10384,2026-09-07T03:14:05Z
2026-09-07T03:00:00Z,AVE-20DEC30-CDE,1e-06,133.996046,130.56,133.94,134.31,982,411,2026-09-07T03:14:05Z
2026-09-07T03:00:00Z,AVP-20DEC30-CDE,2e-06,7.831444,7.38,7.83,7.85,7699,9568,2026-09-07T03:14:05Z
2026-09-07T03:00:00Z,BCP-20DEC30-CDE,0,256.926661,253.2,256.775,256.85,1657,6109,2026-09-07T03:14:05Z
2026-09-07T03:00:00Z,BIP-20DEC30-CDE,7e-06,79780.380327,79790,79790,79765,173830,99687,2026-09-07T03:14:05Z
2026-09-07T03:00:00Z,BNB-20DEC30-CDE,1.8e-05,748.717487,720.2,749.05,750.95,365,429,2026-09-07T03:14:05Z
2026-09-07T03:00:00Z,DOP-20DEC30-CDE,-1e-06,0.089953,0.08475,0.089925,0.08994,2454,9487,2026-09-07T03:14:05Z
2026-09-07T03:00:00Z,ENA-20DEC30-CDE,1.4e-05,0.174148,0.1633,0.173855,0.1736,1163,3371,2026-09-07T03:14:05Z
2026-09-07T03:00:00Z,ETP-20DEC30-CDE,7e-06,2507.933218,2455.5,2508,2507,319396,115345,2026-09-07T03:14:05Z
2026-09-07T03:00:00Z,HEP-20DEC30-CDE,3e-06,0.081099,0.07733,0.081115,0.0814,2239,3225,2026-09-07T03:14:05Z
2026-09-07T03:00:00Z,HYP-20DEC30-CDE,2.5e-05,86.373441,84.89,86.405,86.53,9250,7040,2026-09-07T03:14:05Z
2026-09-07T03:00:00Z,LCP-20DEC30-CDE,1.5e-05,54.286858,50.68,54.26,54.4,3178,2768,2026-09-07T03:14:05Z
2026-09-07T03:00:00Z,LNP-20DEC30-CDE,0,13.07933,11.711,13.0695,13.069,4294,7855,2026-09-07T03:14:05Z
2026-09-07T03:00:00Z,NER-20DEC30-CDE,2.5e-05,2.408341,2.1617,2.4099,2.4123,1157,6688,2026-09-07T03:14:05Z
2026-09-07T03:00:00Z,OND-20DEC30-CDE,-1.4e-05,0.385689,0.3582,0.3852,0.3848,4919,5089,2026-09-07T03:14:05Z
2026-09-07T03:00:00Z,PAU-20DEC30-CDE,2.2e-05,4404.410184,4435.8,4408.35,4411.3,1192,434,2026-09-07T03:14:05Z
2026-09-07T03:00:00Z,PEP-20DEC30-CDE,2e-05,0.0036,0.003579,0.003605,0.003612,665,2451,2026-09-07T03:14:05Z
2026-09-07T03:00:00Z,POP-20DEC30-CDE,2e-06,0.97965,0.874,0.9795,0.981,4401,8942,2026-09-07T03:14:05Z
2026-09-07T03:00:00Z,SHP-20DEC30-CDE,-6e-06,0.00548,0.00522,0.005485,0.00548,3411,4797,2026-09-07T03:14:05Z
2026-09-07T03:00:00Z,SLP-20DEC30-CDE,-2e-06,105.449734,101.71,105.405,105.36,35533,33141,2026-09-07T03:14:05Z
2026-09-07T03:00:00Z,SUP-20DEC30-CDE,1e-05,0.801995,0.7591,0.8019,0.8018,4888,9509,2026-09-07T03:14:05Z
2026-09-07T03:00:00Z,XLP-20DEC30-CDE,3.7e-05,0.187484,0.17962,0.187505,0.1872,3777,3796,2026-09-07T03:14:05Z
2026-09-07T03:00:00Z,XPP-20DEC30-CDE,3e-06,1.410069,1.4005,1.4102,1.4092,45857,27177,2026-09-07T03:14:05Z
2026-09-07T03:00:00Z,ZEC-20DEC30-CDE,1.7e-05,1191.876176,1041.5,1191.75,1190.25,8729,38985,2026-09-07T03:14:05Z
2026-09-07T04:00:00Z,ADP-20DEC30-CDE,-1e-06,0.219292,0.2136,0.2193,0.2192,9681,10389,2026-09-07T04:14:19Z
2026-09-07T04:00:00Z,AVE-20DEC30-CDE,0,133.539645,130.56,133.505,134.31,982,399,2026-09-07T04:14:19Z
2026-09-07T04:00:00Z,AVP-20DEC30-CDE,4e-06,7.784769,7.38,7.785,7.78,7699,8352,2026-09-07T04:14:19Z
2026-09-07T04:00:00Z,BCP-20DEC30-CDE,5e-06,255.633629,253.2,255.575,255.1,1657,5162,2026-09-07T04:14:19Z
2026-09-07T04:00:00Z,BIP-20DEC30-CDE,6e-06,79583.690899,79790,79610,79590,173830,104491,2026-09-07T04:14:19Z
2026-09-07T04:00:00Z,BNB-20DEC30-CDE,1.8e-05,745.897652,720.2,746.425,746.4,365,312,2026-09-07T04:14:19Z
2026-09-07T04:00:00Z,DOP-20DEC30-CDE,-6e-06,0.089412,0.08475,0.08936,0.08939,2454,9210,2026-09-07T04:14:19Z
2026-09-07T04:00:00Z,ENA-20DEC30-CDE,3e-06,0.172567,0.1633,0.172805,0.1724,1163,2844,2026-09-07T04:14:19Z
2026-09-07T04:00:00Z,ETP-20DEC30-CDE,6e-06,2494.926696,2455.5,2495.5,2495.5,319396,119684,2026-09-07T04:14:19Z
2026-09-07T04:00:00Z,HEP-20DEC30-CDE,5e-06,0.080727,0.07733,0.08073,0.08068,2239,3114,2026-09-07T04:14:19Z
2026-09-07T04:00:00Z,HYP-20DEC30-CDE,2.5e-05,86.085468,84.89,86.115,86.11,9250,7231,2026-09-07T04:14:19Z
2026-09-07T04:00:00Z,LCP-20DEC30-CDE,1.5e-05,54.167811,50.68,54.195,54.18,3178,2668,2026-09-07T04:14:19Z
2026-09-07T04:00:00Z,LNP-20DEC30-CDE,-1e-06,13.084045,11.711,13.0835,13.077,4294,8320,2026-09-07T04:14:19Z
2026-09-07T04:00:00Z,NER-20DEC30-CDE,1.7e-05,2.403103,2.1617,2.40485,2.4037,1157,6779,2026-09-07T04:14:19Z
2026-09-07T04:00:00Z,OND-20DEC30-CDE,-2e-05,0.382825,0.3582,0.3824,0.3823,4919,5168,2026-09-07T04:14:19Z
2026-09-07T04:00:00Z,PAU-20DEC30-CDE,2.4e-05,4403.179222,4435.8,4407.2,4405.9,1192,430,2026-09-07T04:14:19Z
2026-09-07T04:00:00Z,PEP-20DEC30-CDE,2.9e-05,0.00358,0.003579,0.00358,0.003581,665,2341,2026-09-07T04:14:19Z
2026-09-07T04:00:00Z,POP-20DEC30-CDE,4e-06,0.979415,0.874,0.978,0.979,4401,8898,2026-09-07T04:14:19Z
2026-09-07T04:00:00Z,SHP-20DEC30-CDE,2e-06,0.005452,0.00522,0.00546,0.00547,3411,4935,2026-09-07T04:14:19Z
2026-09-07T04:00:00Z,SLP-20DEC30-CDE,-1e-06,104.860726,101.71,104.865,104.88,35533,31267,2026-09-07T04:14:19Z
2026-09-07T04:00:00Z,SUP-20DEC30-CDE,9e-06,0.795854,0.7591,0.7955,0.7954,4888,9150,2026-09-07T04:14:19Z
2026-09-07T04:00:00Z,XLP-20DEC30-CDE,3.9e-05,0.189667,0.17962,0.18972,0.1898,3777,3992,2026-09-07T04:14:19Z
2026-09-07T04:00:00Z,XPP-20DEC30-CDE,8e-06,1.406193,1.4005,1.4065,1.4073,45857,25698,2026-09-07T04:14:19Z
2026-09-07T04:00:00Z,ZEC-20DEC30-CDE,6e-06,1186.746433,1041.5,1187.55,1185,8729,38342,2026-09-07T04:14:19Z
2026-09-07T05:00:00Z,ADP-20DEC30-CDE,1e-06,0.219204,0.2136,0.2194,0.2192,9681,10276,2026-09-07T05:14:03Z
2026-09-07T05:00:00Z,AVE-20DEC30-CDE,-3e-06,135.018847,130.56,135.305,133.69,982,405,2026-09-07T05:14:03Z
2026-09-07T05:00:00Z,AVP-20DEC30-CDE,0,7.847711,7.38,7.855,7.86,7699,8203,2026-09-07T05:14:03Z
2026-09-07T05:00:00Z,BCP-20DEC30-CDE,8e-06,257.819937,253.2,257.975,257.9,1657,5046,2026-09-07T05:14:03Z
2026-09-07T05:00:00Z,BIP-20DEC30-CDE,7e-06,79683.628428,79790,79755,79755,173830,108447,2026-09-07T05:14:03Z
2026-09-07T05:00:00Z,BNB-20DEC30-CDE,1.7e-05,746.980366,720.2,747.175,746.15,365,307,2026-09-07T05:14:03Z
2026-09-07T05:00:00Z,DOP-20DEC30-CDE,-8e-06,0.0898,0.08475,0.089835,0.09005,2454,9182,2026-09-07T05:14:03Z
2026-09-07T05:00:00Z,ENA-20DEC30-CDE,3e-06,0.176395,0.1633,0.176765,0.17669,1163,2769,2026-09-07T05:14:03Z
2026-09-07T05:00:00Z,ETP-20DEC30-CDE,4e-06,2501.172017,2455.5,2503.25,2503.5,319396,120737,2026-09-07T05:14:03Z
2026-09-07T05:00:00Z,HEP-20DEC30-CDE,6e-06,0.080934,0.07733,0.080965,0.08097,2239,3038,2026-09-07T05:14:03Z
2026-09-07T05:00:00Z,HYP-20DEC30-CDE,2e-05,86.439868,84.89,86.52,86.48,9250,7331,2026-09-07T05:14:03Z
2026-09-07T05:00:00Z,LCP-20DEC30-CDE,1.1e-05,54.477364,50.68,54.49,54.51,3178,2699,2026-09-07T05:14:03Z
2026-09-07T05:00:00Z,LNP-20DEC30-CDE,1e-06,13.160392,11.711,13.159,13.157,4294,8823,2026-09-07T05:14:03Z
2026-09-07T05:00:00Z,NER-20DEC30-CDE,9e-06,2.43357,2.1617,2.4375,2.4417,1157,6544,2026-09-07T05:14:03Z
2026-09-07T05:00:00Z,OND-20DEC30-CDE,-2.4e-05,0.385849,0.3582,0.3849,0.385,4919,5086,2026-09-07T05:14:03Z
2026-09-07T05:00:00Z,PAU-20DEC30-CDE,2.7e-05,4398.733397,4435.8,4402.8,4399.3,1192,443,2026-09-07T05:14:03Z
2026-09-07T05:00:00Z,PEP-20DEC30-CDE,3.2e-05,0.0036,0.003579,0.0036045,0.003594,665,2177,2026-09-07T05:14:03Z
2026-09-07T05:00:00Z,POP-20DEC30-CDE,4e-06,0.981771,0.874,0.982,0.979,4401,9174,2026-09-07T05:14:03Z
2026-09-07T05:00:00Z,SHP-20DEC30-CDE,-5e-06,0.00549,0.00522,0.005495,0.00549,3411,5253,2026-09-07T05:14:03Z
2026-09-07T05:00:00Z,SLP-20DEC30-CDE,1e-06,105.176992,101.71,105.25,105.21,35533,32581,2026-09-07T05:14:03Z
2026-09-07T05:00:00Z,SUP-20DEC30-CDE,3e-06,0.800784,0.7591,0.8018,0.8014,4888,9323,2026-09-07T05:14:03Z
2026-09-07T05:00:00Z,XLP-20DEC30-CDE,3.5e-05,0.191795,0.17962,0.192015,0.19242,3777,4745,2026-09-07T05:14:03Z
2026-09-07T05:00:00Z,XPP-20DEC30-CDE,1.1e-05,1.407308,1.4005,1.4085,1.4081,45857,25899,2026-09-07T05:14:03Z
2026-09-07T05:00:00Z,ZEC-20DEC30-CDE,1e-06,1215.23644,1041.5,1214.35,1220.15,8729,33526,2026-09-07T05:14:03Z
2026-09-07T06:00:00Z,ADP-20DEC30-CDE,2e-06,0.221279,0.2136,0.22165,0.2214,9681,10536,2026-09-07T06:14:17Z
2026-09-07T06:00:00Z,AVE-20DEC30-CDE,-7e-06,135.616327,130.56,135.705,133.69,982,368,2026-09-07T06:14:17Z
2026-09-07T06:00:00Z,AVP-20DEC30-CDE,-8e-06,7.915868,7.38,7.915,7.87,7699,8509,2026-09-07T06:14:17Z
2026-09-07T06:00:00Z,BCP-20DEC30-CDE,1e-05,257.979249,253.2,258.325,256.8,1657,4948,2026-09-07T06:14:17Z
2026-09-07T06:00:00Z,BIP-20DEC30-CDE,6e-06,79783.24461,79790,79810,79810,173830,108974,2026-09-07T06:14:17Z
2026-09-07T06:00:00Z,BNB-20DEC30-CDE,1.7e-05,748.817762,720.2,749.225,749,365,322,2026-09-07T06:14:17Z
2026-09-07T06:00:00Z,DOP-20DEC30-CDE,-7e-06,0.090451,0.08475,0.09043,0.09016,2454,8998,2026-09-07T06:14:17Z
2026-09-07T06:00:00Z,ENA-20DEC30-CDE,7e-06,0.175044,0.1633,0.175505,0.17455,1163,2657,2026-09-07T06:14:17Z
2026-09-07T06:00:00Z,ETP-20DEC30-CDE,6e-06,2508.621656,2455.5,2510.5,2510.5,319396,118760,2026-09-07T06:14:17Z
2026-09-07T06:00:00Z,HEP-20DEC30-CDE,8e-06,0.081254,0.07733,0.081225,0.08123,2239,2884,2026-09-07T06:14:17Z
2026-09-07T06:00:00Z,HYP-20DEC30-CDE,2.4e-05,86.840455,84.89,86.865,86.92,9250,7236,2026-09-07T06:14:17Z
2026-09-07T06:00:00Z,LCP-20DEC30-CDE,9e-06,54.896981,50.68,54.865,54.68,3178,2636,2026-09-07T06:14:17Z
2026-09-07T06:00:00Z,LNP-20DEC30-CDE,1e-06,13.656541,11.711,13.649,13.641,4294,10275,2026-09-07T06:14:17Z
2026-09-07T06:00:00Z,NER-20DEC30-CDE,1.2e-05,2.406733,2.1617,2.40615,2.411,1157,6595,2026-09-07T06:14:17Z
2026-09-07T06:00:00Z,OND-20DEC30-CDE,-1.7e-05,0.387589,0.3582,0.38645,0.3872,4919,5219,2026-09-07T06:14:17Z
2026-09-07T06:00:00Z,PAU-20DEC30-CDE,2.8e-05,4386.96389,4435.8,4394.85,4395,1192,443,2026-09-07T06:14:17Z
2026-09-07T06:00:00Z,PEP-20DEC30-CDE,3.2e-05,0.003625,0.003579,0.003624,0.003621,665,2000,2026-09-07T06:14:17Z
2026-09-07T06:00:00Z,POP-20DEC30-CDE,5e-06,0.97984,0.874,0.98,0.975,4401,9539,2026-09-07T06:14:17Z
2026-09-07T06:00:00Z,SHP-20DEC30-CDE,1e-06,0.00552,0.00522,0.00552,0.00552,3411,6127,2026-09-07T06:14:17Z
2026-09-07T06:00:00Z,SLP-20DEC30-CDE,4e-06,105.300991,101.71,105.4,105.21,35533,32789,2026-09-07T06:14:17Z
2026-09-07T06:00:00Z,SUP-20DEC30-CDE,8e-06,0.801368,0.7591,0.8026,0.8024,4888,9079,2026-09-07T06:14:17Z
2026-09-07T06:00:00Z,XLP-20DEC30-CDE,5.2e-05,0.191168,0.17962,0.191325,0.19169,3777,5004,2026-09-07T06:14:17Z
2026-09-07T06:00:00Z,XPP-20DEC30-CDE,1.5e-05,1.412017,1.4005,1.41235,1.4123,45857,26233,2026-09-07T06:14:17Z
2026-09-07T06:00:00Z,ZEC-20DEC30-CDE,6e-06,1209.978548,1041.5,1210.475,1211.55,8729,29747,2026-09-07T06:14:17Z
2026-09-07T07:00:00Z,ADP-20DEC30-CDE,5e-06,0.217798,0.2136,0.2179,0.218,9681,10455,2026-09-07T07:30:45Z
2026-09-07T07:00:00Z,AVE-20DEC30-CDE,-1e-06,133.912788,130.56,133.94,134.15,982,379,2026-09-07T07:30:45Z
2026-09-07T07:00:00Z,AVP-20DEC30-CDE,-6e-06,7.807147,7.38,7.8,7.87,7699,8551,2026-09-07T07:30:45Z
2026-09-07T07:00:00Z,BCP-20DEC30-CDE,1.5e-05,255.39018,253.2,255.775,256.55,1657,4518,2026-09-07T07:30:45Z
2026-09-07T07:00:00Z,BIP-20DEC30-CDE,6e-06,79412.186917,79790,79475,79440,173830,111380,2026-09-07T07:30:45Z
2026-09-07T07:00:00Z,BNB-20DEC30-CDE,2e-05,743.06818,720.2,743.675,746.8,365,307,2026-09-07T07:30:45Z
2026-09-07T07:00:00Z,DOP-20DEC30-CDE,-6e-06,0.089539,0.08475,0.08963,0.08962,2454,8763,2026-09-07T07:30:45Z
2026-09-07T07:00:00Z,ENA-20DEC30-CDE,7e-06,0.172928,0.1633,0.173115,0.17256,1163,2712,2026-09-07T07:30:45Z
2026-09-07T07:00:00Z,ETP-20DEC30-CDE,7e-06,2488.339891,2455.5,2491.5,2489.5,319396,117891,2026-09-07T07:30:45Z
2026-09-07T07:00:00Z,HEP-20DEC30-CDE,7e-06,0.080596,0.07733,0.080735,0.08069,2239,2779,2026-09-07T07:30:45Z
2026-09-07T07:00:00Z,HYP-20DEC30-CDE,2.5e-05,86.6245,84.89,86.74,86.78,9250,7223,2026-09-07T07:30:45Z
2026-09-07T07:00:00Z,LCP-20DEC30-CDE,7e-06,54.48571,50.68,54.52,54.49,3178,2718,2026-09-07T07:30:45Z
2026-09-07T07:00:00Z,LNP-20DEC30-CDE,-2e-06,13.259973,11.711,13.2775,13.271,4294,10649,2026-09-07T07:30:45Z
2026-09-07T07:00:00Z,NER-20DEC30-CDE,1.2e-05,2.371576,2.1617,2.3799,2.3785,1157,6445,2026-09-07T07:30:45Z
2026-09-07T07:00:00Z,OND-20DEC30-CDE,-1.8e-05,0.384635,0.3582,0.3847,0.3846,4919,5693,2026-09-07T07:30:45Z
2026-09-07T07:00:00Z,PAU-20DEC30-CDE,2.9e-05,4395.524275,4435.8,4397.4,4401,1192,465,2026-09-07T07:30:45Z
2026-09-07T07:00:00Z,PEP-20DEC30-CDE,3.8e-05,0.00358,0.003579,0.0035855,0.003579,665,1916,2026-09-07T07:30:45Z
2026-09-07T07:00:00Z,POP-20DEC30-CDE,4e-06,0.964543,0.874,0.965,0.967,4401,9849,2026-09-07T07:30:45Z
2026-09-07T07:00:00Z,SHP-20DEC30-CDE,0,0.00547,0.00522,0.005475,0.00546,3411,6750,2026-09-07T07:30:45Z
2026-09-07T07:00:00Z,SLP-20DEC30-CDE,2e-06,104.842162,101.71,105.01,104.99,35533,33105,2026-09-07T07:30:45Z
2026-09-07T07:00:00Z,SUP-20DEC30-CDE,1e-05,0.80088,0.7591,0.80365,0.8031,4888,9026,2026-09-07T07:30:45Z
2026-09-07T07:00:00Z,XLP-20DEC30-CDE,5.3e-05,0.189524,0.17962,0.18978,0.19024,3777,5226,2026-09-07T07:30:45Z
2026-09-07T07:00:00Z,XPP-20DEC30-CDE,1.3e-05,1.40426,1.4005,1.4054,1.404,45857,25762,2026-09-07T07:30:45Z
2026-09-07T07:00:00Z,ZEC-20DEC30-CDE,7e-06,1193.774586,1041.5,1193.25,1193.15,8729,28137,2026-09-07T07:30:45Z
2026-09-07T13:00:00Z,ADP-20DEC30-CDE,3e-06,0.222477,0.2136,0.222,0.2215,9681,13555,2026-09-07T13:37:38Z
2026-09-07T13:00:00Z,AVE-20DEC30-CDE,-3e-06,133.15106,130.56,133.005,132.97,982,434,2026-09-07T13:37:38Z
2026-09-07T13:00:00Z,AVP-20DEC30-CDE,-1.4e-05,8.044561,7.38,8.05,8.04,7699,10688,2026-09-07T13:37:38Z
2026-09-07T13:00:00Z,BCP-20DEC30-CDE,0,260.227855,253.2,260.075,259.8,1657,4624,2026-09-07T13:37:38Z
2026-09-07T13:00:00Z,BIP-20DEC30-CDE,1e-05,79385.594128,79790,79360,79355,173830,128884,2026-09-07T13:37:38Z
2026-09-07T13:00:00Z,BNB-20DEC30-CDE,1.4e-05,745.746948,720.2,746.25,747.65,365,305,2026-09-07T13:37:38Z
2026-09-07T13:00:00Z,DOP-20DEC30-CDE,-4e-06,0.09062,0.08475,0.09066,0.09069,2454,5658,2026-09-07T13:37:38Z
2026-09-07T13:00:00Z,ENA-20DEC30-CDE,1.2e-05,0.170041,0.1633,0.169595,0.171,1163,2807,2026-09-07T13:37:38Z
2026-09-07T13:00:00Z,ETP-20DEC30-CDE,1.1e-05,2498.608954,2455.5,2498,2498,319396,133498,2026-09-07T13:37:38Z
2026-09-07T13:00:00Z,HEP-20DEC30-CDE,5e-06,0.082058,0.07733,0.082475,0.08236,2239,5083,2026-09-07T13:37:38Z
2026-09-07T13:00:00Z,HYP-20DEC30-CDE,2.1e-05,87.426307,84.89,87.47,87.85,9250,6075,2026-09-07T13:37:38Z
2026-09-07T13:00:00Z,LCP-20DEC30-CDE,7e-06,57.634724,50.68,57.51,57.5,3178,5428,2026-09-07T13:37:38Z
2026-09-07T13:00:00Z,LNP-20DEC30-CDE,5e-06,13.17025,11.711,13.1585,13.177,4294,12145,2026-09-07T13:37:38Z
2026-09-07T13:00:00Z,NER-20DEC30-CDE,1.1e-05,2.369305,2.1617,2.3695,2.3687,1157,5550,2026-09-07T13:37:38Z
2026-09-07T13:00:00Z,OND-20DEC30-CDE,4e-06,0.387332,0.3582,0.3876,0.3872,4919,6677,2026-09-07T13:37:38Z
2026-09-07T13:00:00Z,PAU-20DEC30-CDE,2.3e-05,4404.884876,4435.8,4404.95,4407.7,1192,492,2026-09-07T13:37:38Z
2026-09-07T13:00:00Z,PEP-20DEC30-CDE,8e-06,0.003654,0.003579,0.0036535,0.003661,665,1581,2026-09-07T13:37:38Z
2026-09-07T13:00:00Z,POP-20DEC30-CDE,-1.1e-05,1.033911,0.874,1.032,1.032,4401,9867,2026-09-07T13:37:38Z
2026-09-07T13:00:00Z,SHP-20DEC30-CDE,-2e-06,0.0055,0.00522,0.005485,0.0055,3411,8812,2026-09-07T13:37:38Z
2026-09-07T13:00:00Z,SLP-20DEC30-CDE,1e-06,105.029159,101.71,104.915,104.81,35533,42196,2026-09-07T13:37:38Z
2026-09-07T13:00:00Z,SUP-20DEC30-CDE,4e-06,0.826219,0.7591,0.82425,0.8224,4888,11524,2026-09-07T13:37:38Z
2026-09-07T13:00:00Z,XLP-20DEC30-CDE,2.5e-05,0.191931,0.17962,0.18945,0.18631,3777,6164,2026-09-07T13:37:38Z
2026-09-07T13:00:00Z,XPP-20DEC30-CDE,7e-06,1.405041,1.4005,1.4045,1.4041,45857,30488,2026-09-07T13:37:38Z
2026-09-07T13:00:00Z,ZEC-20DEC30-CDE,6e-06,1181.987171,1041.5,1180.425,1182.15,8729,26761,2026-09-07T13:37:38Z
2026-09-07T18:00:00Z,ADP-20DEC30-CDE,-1.3e-05,0.220561,0.2136,0.2207,0.2203,9681,16638,2026-09-07T18:22:29Z
2026-09-07T18:00:00Z,AVE-20DEC30-CDE,3e-06,132.185583,130.56,132.2,132.58,982,513,2026-09-07T18:22:29Z
2026-09-07T18:00:00Z,AVP-20DEC30-CDE,5e-06,8.084243,7.38,8.095,8.09,7699,12675,2026-09-07T18:22:29Z
2026-09-07T18:00:00Z,BCP-20DEC30-CDE,2.5e-05,260.477742,253.2,260.225,260.6,1657,6701,2026-09-07T18:22:29Z
2026-09-07T18:00:00Z,BIP-20DEC30-CDE,8e-06,79185.844327,79790,79187.5,79195,173830,150905,2026-09-07T18:22:29Z
2026-09-07T18:00:00Z,BNB-20DEC30-CDE,2.1e-05,740.089816,720.2,740.775,740.3,365,275,2026-09-07T18:22:29Z
2026-09-07T18:00:00Z,DOP-20DEC30-CDE,6e-06,0.089968,0.08475,0.09001,0.08983,2454,3903,2026-09-07T18:22:29Z
2026-09-07T18:00:00Z,ENA-20DEC30-CDE,1.6e-05,0.16658,0.1633,0.166675,0.1671,1163,2390,2026-09-07T18:22:29Z
2026-09-07T18:00:00Z,ETP-20DEC30-CDE,5e-06,2494.704453,2455.5,2495,2495,319396,145404,2026-09-07T18:22:29Z
2026-09-07T18:00:00Z,HEP-20DEC30-CDE,1.3e-05,0.082294,0.07733,0.082365,0.08232,2239,8160,2026-09-07T18:22:29Z
2026-09-07T18:00:00Z,HYP-20DEC30-CDE,3.1e-05,85.106306,84.89,85.105,85.16,9250,6005,2026-09-07T18:22:29Z
2026-09-07T18:00:00Z,LCP-20DEC30-CDE,7e-06,55.116162,50.68,55.145,55.33,3178,7175,2026-09-07T18:22:29Z
2026-09-07T18:00:00Z,LNP-20DEC30-CDE,4e-06,12.803954,11.711,12.8035,12.804,4294,12550,2026-09-07T18:22:29Z
2026-09-07T18:00:00Z,NER-20DEC30-CDE,1.9e-05,2.305839,2.1617,2.30685,2.3072,1157,4368,2026-09-07T18:22:29Z
2026-09-07T18:00:00Z,OND-20DEC30-CDE,1e-06,0.386012,0.3582,0.38645,0.386,4919,7331,2026-09-07T18:22:29Z
2026-09-07T18:00:00Z,PAU-20DEC30-CDE,1.9e-05,4405.400712,4435.8,4409.15,4409.5,1192,596,2026-09-07T18:22:29Z
2026-09-07T18:00:00Z,PEP-20DEC30-CDE,1.8e-05,0.00361,0.003579,0.003614,0.003615,665,1735,2026-09-07T18:22:29Z
2026-09-07T18:00:00Z,POP-20DEC30-CDE,0,1.101387,0.874,1.096,1.096,4401,19570,2026-09-07T18:22:29Z
2026-09-07T18:00:00Z,SHP-20DEC30-CDE,-1e-05,0.00546,0.00522,0.00546,0.00546,3411,11487,2026-09-07T18:22:29Z
2026-09-07T18:00:00Z,SLP-20DEC30-CDE,0,103.929586,101.71,103.97,103.88,35533,46679,2026-09-07T18:22:29Z
2026-09-07T18:00:00Z,SUP-20DEC30-CDE,2e-06,0.8238,0.7591,0.82455,0.8219,4888,10618,2026-09-07T18:22:29Z
2026-09-07T18:00:00Z,XLP-20DEC30-CDE,-1.2e-05,0.190225,0.17962,0.190345,0.19055,3777,6346,2026-09-07T18:22:29Z
2026-09-07T18:00:00Z,XPP-20DEC30-CDE,1.3e-05,1.397019,1.4005,1.3984,1.3971,45857,33816,2026-09-07T18:22:29Z
2026-09-07T18:00:00Z,ZEC-20DEC30-CDE,2.2e-05,1159.223862,1041.5,1161.425,1159,8729,24043,2026-09-07T18:22:29Z
2026-09-07T21:00:00Z,ADP-20DEC30-CDE,-2e-05,0.221078,0.2136,0.2206,0.2215,9681,16341,2026-09-07T21:36:08Z
2026-09-07T21:00:00Z,AVE-20DEC30-CDE,7e-06,132.312765,130.56,131.87,132.58,982,510,2026-09-07T21:36:08Z
2026-09-07T21:00:00Z,AVP-20DEC30-CDE,-7e-06,8.141073,7.38,8.155,8.14,7699,12828,2026-09-07T21:36:08Z
2026-09-07T21:00:00Z,BCP-20DEC30-CDE,1.7e-05,260.872345,253.2,260.625,261.3,1657,6786,2026-09-07T21:36:08Z
2026-09-07T21:00:00Z,BIP-20DEC30-CDE,7e-06,79182.38653,79790,79195,79180,173830,150939,2026-09-07T21:36:08Z
2026-09-07T21:00:00Z,BNB-20DEC30-CDE,1.9e-05,738.927085,720.2,761.975,739.85,365,286,2026-09-07T21:36:08Z
2026-09-07T21:00:00Z,DOP-20DEC30-CDE,0,0.09041,0.08475,0.090315,0.09055,2454,3458,2026-09-07T21:36:08Z
2026-09-07T21:00:00Z,ENA-20DEC30-CDE,1e-05,0.164855,0.1633,0.16541,0.16488,1163,2275,2026-09-07T21:36:08Z
2026-09-07T21:00:00Z,ETP-20DEC30-CDE,2e-06,2491.871267,2455.5,2492,2490,319396,136322,2026-09-07T21:36:08Z
2026-09-07T21:00:00Z,HEP-20DEC30-CDE,8e-06,0.082533,0.07733,0.082395,0.08273,2239,8696,2026-09-07T21:36:08Z
2026-09-07T21:00:00Z,HYP-20DEC30-CDE,2.5e-05,85.285279,84.89,85.405,85.43,9250,5730,2026-09-07T21:36:08Z
2026-09-07T21:00:00Z,LCP-20DEC30-CDE,5e-06,55.637761,50.68,55.705,55.71,3178,7047,2026-09-07T21:36:08Z
2026-09-07T21:00:00Z,LNP-20DEC30-CDE,-1e-06,12.758519,11.711,12.7485,12.704,4294,11336,2026-09-07T21:36:08Z
2026-09-07T21:00:00Z,NER-20DEC30-CDE,1.6e-05,2.319442,2.1617,2.3209,2.3145,1157,3871,2026-09-07T21:36:08Z
2026-09-07T21:00:00Z,OND-20DEC30-CDE,-6e-06,0.384845,0.3582,0.384,0.3855,4919,7122,2026-09-07T21:36:08Z
2026-09-07T21:00:00Z,PAU-20DEC30-CDE,2e-05,4414.003779,4435.8,4413.1,4414.3,1192,595,2026-09-07T21:36:08Z
2026-09-07T21:00:00Z,PEP-20DEC30-CDE,1.8e-05,0.00363,0.003579,0.0036305,0.003628,665,1810,2026-09-07T21:36:08Z
2026-09-07T21:00:00Z,POP-20DEC30-CDE,-2e-06,1.069414,0.874,1.07,1.071,4401,22596,2026-09-07T21:36:08Z
2026-09-07T21:00:00Z,SHP-20DEC30-CDE,-5e-06,0.00546,0.00522,0.00547,0.00548,3411,12489,2026-09-07T21:36:08Z
2026-09-07T21:00:00Z,SLP-20DEC30-CDE,1e-06,103.911974,101.71,103.845,104,35533,47008,2026-09-07T21:36:08Z
2026-09-07T21:00:00Z,SUP-20DEC30-CDE,3e-06,0.828268,0.7591,0.82585,0.8291,4888,11154,2026-09-07T21:36:08Z
2026-09-07T21:00:00Z,XLP-20DEC30-CDE,-6e-06,0.193006,0.17962,0.19266,0.19332,3777,6452,2026-09-07T21:36:08Z
2026-09-07T21:00:00Z,XPP-20DEC30-CDE,9e-06,1.398201,1.4005,1.3993,1.3977,45857,32434,2026-09-07T21:36:08Z
2026-09-07T21:00:00Z,ZEC-20DEC30-CDE,4e-05,1152.382982,1041.5,1154.575,1151.55,8729,20996,2026-09-07T21:36:08Z
2026-09-07T23:00:00Z,ADP-20DEC30-CDE,-2.5e-05,0.220534,0.2136,0.22045,0.2202,8625,18235,2026-09-07T23:44:02Z
2026-09-07T23:00:00Z,AVE-20DEC30-CDE,4e-06,132.014344,130.56,132.015,132.47,1128,606,2026-09-07T23:44:02Z
2026-09-07T23:00:00Z,AVP-20DEC30-CDE,2e-06,8.067363,7.38,8.075,8.08,9165,13023,2026-09-07T23:44:02Z
2026-09-07T23:00:00Z,BCP-20DEC30-CDE,1.2e-05,258.13887,253.2,258.25,258.25,1869,7934,2026-09-07T23:44:02Z
2026-09-07T23:00:00Z,BIP-20DEC30-CDE,1e-06,79047.787383,79790,79077.5,79070,187164,193559,2026-09-07T23:44:02Z
2026-09-07T23:00:00Z,BNB-20DEC30-CDE,7.8e-05,739.413863,720.2,739.9,739.65,458,326,2026-09-07T23:44:02Z
2026-09-07T23:00:00Z,DOP-20DEC30-CDE,7e-06,0.090501,0.08475,0.09054,0.0905,2615,4410,2026-09-07T23:44:02Z
2026-09-07T23:00:00Z,ENA-20DEC30-CDE,3.1e-05,0.163685,0.1633,0.16395,0.16345,1416,2550,2026-09-07T23:44:02Z
2026-09-07T23:00:00Z,ETP-20DEC30-CDE,3e-06,2488.010178,2455.5,2489.5,2489,299483,153328,2026-09-07T23:44:02Z
2026-09-07T23:00:00Z,HEP-20DEC30-CDE,3e-06,0.08183,0.07733,0.08187,0.08186,2328,9419,2026-09-07T23:44:02Z
2026-09-07T23:00:00Z,HYP-20DEC30-CDE,2.6e-05,85.07374,84.89,85.18,85.14,9163,6102,2026-09-07T23:44:02Z
2026-09-07T23:00:00Z,LCP-20DEC30-CDE,1.1e-05,55.12164,50.68,55.145,55.11,3304,7926,2026-09-07T23:44:02Z
2026-09-07T23:00:00Z,LNP-20DEC30-CDE,4e-06,12.73637,11.711,12.7475,12.743,4736,11148,2026-09-07T23:44:02Z
2026-09-07T23:00:00Z,NER-20DEC30-CDE,3.1e-05,2.304788,2.1617,2.3069,2.3037,1465,3757,2026-09-07T23:44:02Z
2026-09-07T23:00:00Z,OND-20DEC30-CDE,1e-06,0.382505,0.3582,0.38255,0.3825,5109,7558,2026-09-07T23:44:02Z
2026-09-07T23:00:00Z,PAU-20DEC30-CDE,1e-05,4424.466751,4435.8,4425.25,4421.5,1142,622,2026-09-07T23:44:02Z
2026-09-07T23:00:00Z,PEP-20DEC30-CDE,2.2e-05,0.00362,0.003579,0.003623,0.003622,705,1866,2026-09-07T23:44:02Z
2026-09-07T23:00:00Z,POP-20DEC30-CDE,-7e-06,1.058262,0.874,1.058,1.058,4767,26268,2026-09-07T23:44:02Z
2026-09-07T23:00:00Z,SHP-20DEC30-CDE,-2e-06,0.00543,0.00522,0.00544,0.00544,3468,13095,2026-09-07T23:44:02Z
2026-09-07T23:00:00Z,SLP-20DEC30-CDE,-2e-06,103.79064,101.71,103.82,103.78,35886,48754,2026-09-07T23:44:02Z
2026-09-07T23:00:00Z,SUP-20DEC30-CDE,-4e-06,0.817352,0.7591,0.8182,0.818,5145,12506,2026-09-07T23:44:02Z
2026-09-07T23:00:00Z,XLP-20DEC30-CDE,5e-06,0.193718,0.17962,0.193865,0.19381,4029,7026,2026-09-07T23:44:02Z
2026-09-07T23:00:00Z,XPP-20DEC30-CDE,2.3e-05,1.395899,1.4005,1.39655,1.3961,45856,34904,2026-09-07T23:44:02Z
2026-09-07T23:00:00Z,ZEC-20DEC30-CDE,3.6e-05,1138.791402,1041.5,1139.5,1140.2,10000,23328,2026-09-07T23:44:02Z
2026-09-08T01:00:00Z,ADP-20DEC30-CDE,-1.7e-05,0.222276,0.2136,0.2221,0.2222,8625,17505,2026-09-08T01:27:12Z
2026-09-08T01:00:00Z,AIP-19DEC30-CDE,-3e-06,2969.846305,2959.4,2969,2966.2,632,24,2026-09-08T01:27:12Z
2026-09-08T01:00:00Z,AVE-20DEC30-CDE,1e-06,132.760166,130.56,132.88,132.68,1128,715,2026-09-08T01:27:12Z
2026-09-08T01:00:00Z,AVP-20DEC30-CDE,4e-06,8.170495,7.38,8.18,8.18,9165,11397,2026-09-08T01:27:12Z
2026-09-08T01:00:00Z,BCP-20DEC30-CDE,0,261.521787,253.2,261.55,261.7,1869,8250,2026-09-08T01:27:12Z
2026-09-08T01:00:00Z,BIP-20DEC30-CDE,3e-06,79400.845051,79790,79410,79405,187164,182131,2026-09-08T01:27:12Z
2026-09-08T01:00:00Z,BNB-20DEC30-CDE,3.3e-05,742.253799,720.2,742.825,741.85,458,304,2026-09-08T01:27:12Z
2026-09-08T01:00:00Z,CHN-19DEC30-CDE,-3.8e-05,2922.304257,2946.3,2913.95,2912.8,235,167,2026-09-08T01:27:12Z
2026-09-08T01:00:00Z,DEF-19DEC30-CDE,-3.9e-05,2752.100287,2752.2,2749.4,2753.6,223,19,2026-09-08T01:27:12Z
2026-09-08T01:00:00Z,DOP-20DEC30-CDE,8e-06,0.091473,0.08475,0.09152,0.09159,2615,5719,2026-09-08T01:27:12Z
2026-09-08T01:00:00Z,ENA-20DEC30-CDE,1.6e-05,0.166851,0.1633,0.1669,0.16687,1416,2694,2026-09-08T01:27:12Z
2026-09-08T01:00:00Z,ETP-20DEC30-CDE,5e-06,2502.636468,2455.5,2503.5,2504,299483,147558,2026-09-08T01:27:12Z
2026-09-08T01:00:00Z,HEP-20DEC30-CDE,2e-06,0.082705,0.07733,0.082695,0.08272,2328,9986,2026-09-08T01:27:12Z
2026-09-08T01:00:00Z,HYP-20DEC30-CDE,3.6e-05,85.239736,84.89,85.365,84.99,9163,6171,2026-09-08T01:27:12Z
2026-09-08T01:00:00Z,LCP-20DEC30-CDE,9e-06,55.706069,50.68,55.72,55.67,3304,7572,2026-09-08T01:27:12Z
2026-09-08T01:00:00Z,LNP-20DEC30-CDE,1.6e-05,12.802242,11.711,12.81,12.814,4736,10945,2026-09-08T01:27:12Z
2026-09-08T01:00:00Z,NER-20DEC30-CDE,2.6e-05,2.358128,2.1617,2.35665,2.3623,1465,3918,2026-09-08T01:27:12Z
2026-09-08T01:00:00Z,OND-20DEC30-CDE,1e-06,0.388498,0.3582,0.38835,0.3885,5109,9314,2026-09-08T01:27:12Z
2026-09-08T01:00:00Z,PAU-20DEC30-CDE,5e-06,4434.289751,4435.8,4434.95,4434.7,1142,488,2026-09-08T01:27:12Z
2026-09-08T01:00:00Z,PEP-20DEC30-CDE,7e-06,0.00364,0.003579,0.003645,0.003639,705,1921,2026-09-08T01:27:12Z
2026-09-08T01:00:00Z,POP-20DEC30-CDE,7e-06,1.065328,0.874,1.0655,1.066,4767,24486,2026-09-08T01:27:12Z
2026-09-08T01:00:00Z,SHP-20DEC30-CDE,-6e-06,0.005508,0.00522,0.0055,0.00549,3468,12784,2026-09-08T01:27:12Z
2026-09-08T01:00:00Z,SLP-20DEC30-CDE,1e-06,104.260077,101.71,104.3,104.34,35886,47689,2026-09-08T01:27:12Z
2026-09-08T01:00:00Z,SUP-20DEC30-CDE,1e-06,0.832574,0.7591,0.8325,0.8328,5145,13742,2026-09-08T01:27:12Z
2026-09-08T01:00:00Z,TEK-19DEC30-CDE,-1.5e-05,3977.412793,3966.3,3974.5,3973.6,519,38,2026-09-08T01:27:12Z
2026-09-08T01:00:00Z,US5-19DEC30-CDE,-3.3e-05,3115.092543,3109.8,3109.9,3108.7,780,13,2026-09-08T01:27:12Z
2026-09-08T01:00:00Z,XLP-20DEC30-CDE,1.4e-05,0.193671,0.17962,0.1938,0.19393,4029,7849,2026-09-08T01:27:12Z
2026-09-08T01:00:00Z,XPP-20DEC30-CDE,1.4e-05,1.405173,1.4005,1.4059,1.406,45856,35398,2026-09-08T01:27:12Z
2026-09-08T01:00:00Z,ZEC-20DEC30-CDE,4e-05,1145.999977,1041.5,1146.6,1149.05,10000,20526,2026-09-08T01:27:12Z
2026-09-08T06:00:00Z,ADP-20DEC30-CDE,-8e-06,0.217391,0.2136,0.2172,0.2175,8625,19874,2026-09-08T06:12:00Z
2026-09-08T06:00:00Z,AIP-19DEC30-CDE,-2e-06,2964.307598,2959.4,2963.15,2980,632,63,2026-09-08T06:12:00Z
2026-09-08T06:00:00Z,AVE-20DEC30-CDE,1.6e-05,131.474001,130.56,131.425,131.5,1128,1066,2026-09-08T06:12:00Z
2026-09-08T06:00:00Z,AVP-20DEC30-CDE,-3e-05,8.055619,7.38,8.05,8.05,9165,10916,2026-09-08T06:12:00Z
2026-09-08T06:00:00Z,BCP-20DEC30-CDE,1e-05,258.30919,253.2,258.225,258.2,1869,12628,2026-09-08T06:12:00Z
2026-09-08T06:00:00Z,BIP-20DEC30-CDE,1e-06,78515.150827,79790,78485,78475,187164,214855,2026-09-08T06:12:00Z
2026-09-08T06:00:00Z,BNB-20DEC30-CDE,1.4e-05,748.309543,720.2,748.225,750,458,412,2026-09-08T06:12:00Z
2026-09-08T06:00:00Z,CHN-19DEC30-CDE,-5.6e-05,2908.6941,2946.3,2902.6,2903.1,235,337,2026-09-08T06:12:00Z
2026-09-08T06:00:00Z,DEF-19DEC30-CDE,-4.1e-05,2746.307184,2752.2,2744.05,2752.4,223,25,2026-09-08T06:12:00Z
2026-09-08T06:00:00Z,DOP-20DEC30-CDE,1e-06,0.089561,0.08475,0.08954,0.08961,2615,7960,2026-09-08T06:12:00Z
2026-09-08T06:00:00Z,ENA-20DEC30-CDE,1.7e-05,0.16465,0.1633,0.164515,0.1647,1416,3584,2026-09-08T06:12:00Z
2026-09-08T06:00:00Z,ETP-20DEC30-CDE,4e-06,2471.893981,2455.5,2472,2472.5,299483,149066,2026-09-08T06:12:00Z
2026-09-08T06:00:00Z,HEP-20DEC30-CDE,8e-06,0.081002,0.07733,0.081085,0.08107,2328,11689,2026-09-08T06:12:00Z
2026-09-08T06:00:00Z,HYP-20DEC30-CDE,2e-05,84.24252,84.89,84.255,84.25,9163,6796,2026-09-08T06:12:00Z
2026-09-08T06:00:00Z,LCP-20DEC30-CDE,2.1e-05,55.000936,50.68,54.97,55.04,3304,9046,2026-09-08T06:12:00Z
2026-09-08T06:00:00Z,LNP-20DEC30-CDE,1.2e-05,12.671018,11.711,12.6735,12.676,4736,9731,2026-09-08T06:12:00Z
2026-09-08T06:00:00Z,NER-20DEC30-CDE,2.4e-05,2.27948,2.1617,2.27785,2.2834,1465,4675,2026-09-08T06:12:00Z
2026-09-08T06:00:00Z,OND-20DEC30-CDE,-1e-05,0.37561,0.3582,0.3751,0.3757,5109,13229,2026-09-08T06:12:00Z
2026-09-08T06:00:00Z,PAU-20DEC30-CDE,8e-06,4412.018095,4435.8,4411.95,4415.2,1142,540,2026-09-08T06:12:00Z
2026-09-08T06:00:00Z,PEP-20DEC30-CDE,6e-06,0.00359,0.003579,0.0035875,0.003586,705,2855,2026-09-08T06:12:00Z
2026-09-08T06:00:00Z,POP-20DEC30-CDE,-1.4e-05,1.066362,0.874,1.066,1.066,4767,25865,2026-09-08T06:12:00Z
2026-09-08T06:00:00Z,SHP-20DEC30-CDE,1.3e-05,0.005409,0.00522,0.005405,0.0054,3468,11103,2026-09-08T06:12:00Z
2026-09-08T06:00:00Z,SLP-20DEC30-CDE,-6e-06,102.938479,101.71,102.895,102.92,35886,53204,2026-09-08T06:12:00Z
2026-09-08T06:00:00Z,SUP-20DEC30-CDE,1.8e-05,0.818097,0.7591,0.8181,0.8186,5145,18666,2026-09-08T06:12:00Z
2026-09-08T06:00:00Z,TEK-19DEC30-CDE,-2.5e-05,3969.251665,3966.3,3968.15,3971.3,519,463,2026-09-08T06:12:00Z
2026-09-08T06:00:00Z,US5-19DEC30-CDE,-6.8e-05,3111.686644,3109.8,3105.95,3111.5,780,91,2026-09-08T06:12:00Z
2026-09-08T06:00:00Z,XLP-20DEC30-CDE,1.5e-05,0.190215,0.17962,0.19003,0.18996,4029,9097,2026-09-08T06:12:00Z
2026-09-08T06:00:00Z,XPP-20DEC30-CDE,7e-06,1.3869,1.4005,1.38645,1.3868,45856,39673,2026-09-08T06:12:00Z
2026-09-08T06:00:00Z,ZEC-20DEC30-CDE,2.3e-05,1136.138719,1041.5,1135.625,1134.4,10000,24729,2026-09-08T06:12:00Z
2026-09-08T11:00:00Z,ADP-20DEC30-CDE,-1.7e-05,0.21773,0.2136,0.2173,0.2172,8625,22394,2026-09-08T11:12:56Z
2026-09-08T11:00:00Z,AIP-19DEC30-CDE,4e-06,2956.836292,2959.4,2956.4,2956.5,632,154,2026-09-08T11:12:56Z
2026-09-08T11:00:00Z,AVE-20DEC30-CDE,1.7e-05,130.043402,130.56,129.895,129.99,1128,1229,2026-09-08T11:12:56Z
2026-09-08T11:00:00Z,AVP-20DEC30-CDE,-1.8e-05,8.039257,7.38,8.04,8.05,9165,11983,2026-09-08T11:12:56Z
2026-09-08T11:00:00Z,BCP-20DEC30-CDE,5e-06,255.601214,253.2,255.45,255.4,1869,20209,2026-09-08T11:12:56Z
2026-09-08T11:00:00Z,BIP-20DEC30-CDE,2e-06,78316.535857,79790,78305,78310,187164,248566,2026-09-08T11:12:56Z
2026-09-08T11:00:00Z,BNB-20DEC30-CDE,1e-05,753.166805,720.2,753.025,752.65,458,510,2026-09-08T11:12:56Z
2026-09-08T11:00:00Z,CHN-19DEC30-CDE,-9.1e-05,2913.875221,2946.3,2907.45,2908,235,391,2026-09-08T11:12:56Z
2026-09-08T11:00:00Z,DEF-19DEC30-CDE,7e-06,2741.899478,2752.2,2741.9,2740.3,223,59,2026-09-08T11:12:56Z
2026-09-08T11:00:00Z,DOP-20DEC30-CDE,5e-06,0.089535,0.08475,0.089455,0.08948,2615,10721,2026-09-08T11:12:56Z
2026-09-08T11:00:00Z,ENA-20DEC30-CDE,1e-05,0.160638,0.1633,0.160455,0.1604,1416,3994,2026-09-08T11:12:56Z
2026-09-08T11:00:00Z,ETP-20DEC30-CDE,2e-06,2473.825006,2455.5,2472.25,2472,299483,180864,2026-09-08T11:12:56Z
2026-09-08T11:00:00Z,HEP-20DEC30-CDE,6e-06,0.080062,0.07733,0.08001,0.08,2328,15093,2026-09-08T11:12:56Z
2026-09-08T11:00:00Z,HYP-20DEC30-CDE,2.1e-05,83.491949,84.89,83.51,83.49,9163,7533,2026-09-08T11:12:56Z
2026-09-08T11:00:00Z,LCP-20DEC30-CDE,1.3e-05,55.219117,50.68,55.155,55.18,3304,9185,2026-09-08T11:12:56Z
2026-09-08T11:00:00Z,LNP-20DEC30-CDE,1.7e-05,12.548249,11.711,12.541,12.556,4736,9606,2026-09-08T11:12:56Z
2026-09-08T11:00:00Z,NER-20DEC30-CDE,2.1e-05,2.288692,2.1617,2.2863,2.2854,1465,5105,2026-09-08T11:12:56Z
2026-09-08T11:00:00Z,OND-20DEC30-CDE,-9e-06,0.37658,0.3582,0.37615,0.3761,5109,13070,2026-09-08T11:12:56Z
2026-09-08T11:00:00Z,PAU-20DEC30-CDE,2.9e-05,4394.093815,4435.8,4395.6,4399.8,1142,816,2026-09-08T11:12:56Z
2026-09-08T11:00:00Z,PEP-20DEC30-CDE,9e-06,0.0036,0.003579,0.0035935,0.003593,705,3406,2026-09-08T11:12:56Z
2026-09-08T11:00:00Z,POP-20DEC30-CDE,-7e-06,1.072748,0.874,1.073,1.073,4767,28057,2026-09-08T11:12:56Z
2026-09-08T11:00:00Z,SHP-20DEC30-CDE,1.2e-05,0.005415,0.00522,0.005405,0.00541,3468,10465,2026-09-08T11:12:56Z
2026-09-08T11:00:00Z,SLP-20DEC30-CDE,-2e-06,102.84502,101.71,102.825,102.81,35886,55606,2026-09-08T11:12:56Z
2026-09-08T11:00:00Z,SUP-20DEC30-CDE,1.7e-05,0.815882,0.7591,0.8159,0.8163,5145,22743,2026-09-08T11:12:56Z
2026-09-08T11:00:00Z,TEK-19DEC30-CDE,-8e-06,3960.76112,3966.3,3960.6,3961,519,1055,2026-09-08T11:12:56Z
2026-09-08T11:00:00Z,US5-19DEC30-CDE,-6.4e-05,3107.576547,3109.8,3101.4,3101.2,780,404,2026-09-08T11:12:56Z
2026-09-08T11:00:00Z,XLP-20DEC30-CDE,7e-06,0.189353,0.17962,0.18926,0.18969,4029,9939,2026-09-08T11:12:56Z
2026-09-08T11:00:00Z,XPP-20DEC30-CDE,1.1e-05,1.391834,1.4005,1.3911,1.3906,45856,44418,2026-09-08T11:12:56Z
2026-09-08T11:00:00Z,ZEC-20DEC30-CDE,1.8e-05,1149.40897,1041.5,1151.2,1146.95,10000,27497,2026-09-08T11:12:56Z
2026-09-08T15:00:00Z,ADP-20DEC30-CDE,-1.5e-05,0.22185,0.2136,0.2214,0.2215,8625,23835,2026-09-08T15:05:27Z
2026-09-08T15:00:00Z,AIP-19DEC30-CDE,0,2950.857902,2959.4,2952.6,2951.7,632,326,2026-09-08T15:05:27Z
2026-09-08T15:00:00Z,AVE-20DEC30-CDE,5e-06,129.511696,130.56,129.31,129.31,1128,1820,2026-09-08T15:05:27Z
2026-09-08T15:00:00Z,AVP-20DEC30-CDE,-5e-06,7.990187,7.38,7.985,7.99,9165,11953,2026-09-08T15:05:27Z
2026-09-08T15:00:00Z,BCP-20DEC30-CDE,1e-06,257.705278,253.2,257.375,257.35,1869,25588,2026-09-08T15:05:27Z
2026-09-08T15:00:00Z,BIP-20DEC30-CDE,4e-06,78549.836554,79790,78485,78475,187164,314988,2026-09-08T15:05:27Z
2026-09-08T15:00:00Z,BNB-20DEC30-CDE,1.1e-05,751.041022,720.2,750.95,749.55,458,556,2026-09-08T15:05:27Z
2026-09-08T15:00:00Z,CHN-19DEC30-CDE,-3.6e-05,2884.845166,2946.3,2883.45,2891,235,483,2026-09-08T15:05:27Z
2026-09-08T15:00:00Z,DEF-19DEC30-CDE,-1.1e-05,2741.23235,2752.2,2740.1,2738.2,223,160,2026-09-08T15:05:27Z
2026-09-08T15:00:00Z,DOP-20DEC30-CDE,0,0.089747,0.08475,0.08964,0.08975,2615,12106,2026-09-08T15:05:27Z
2026-09-08T15:00:00Z,ENA-20DEC30-CDE,-6e-06,0.161492,0.1633,0.16089,0.16116,1416,4831,2026-09-08T15:05:27Z
2026-09-08T15:00:00Z,ETP-20DEC30-CDE,3e-06,2488.336584,2455.5,2484.25,2484.5,299483,249184,2026-09-08T15:05:27Z
2026-09-08T15:00:00Z,HEP-20DEC30-CDE,2e-06,0.080119,0.07733,0.08009,0.08018,2328,20748,2026-09-08T15:05:27Z
2026-09-08T15:00:00Z,HYP-20DEC30-CDE,-1.2e-05,83.850059,84.89,83.725,83.75,9163,10477,2026-09-08T15:05:27Z
2026-09-08T15:00:00Z,LCP-20DEC30-CDE,2.5e-05,54.852034,50.68,54.88,54.93,3304,8913,2026-09-08T15:05:27Z
2026-09-08T15:00:00Z,LNP-20DEC30-CDE,1.7e-05,12.593731,11.711,12.587,12.608,4736,11399,2026-09-08T15:05:27Z
2026-09-08T15:00:00Z,NER-20DEC30-CDE,1.6e-05,2.378017,2.1617,2.3844,2.3848,1465,6189,2026-09-08T15:05:27Z
2026-09-08T15:00:00Z,OND-20DEC30-CDE,-1.3e-05,0.378243,0.3582,0.37795,0.3786,5109,14736,2026-09-08T15:05:27Z
2026-09-08T15:00:00Z,PAU-20DEC30-CDE,2e-05,4402.209134,4435.8,4403.45,4405.2,1142,1071,2026-09-08T15:05:27Z
2026-09-08T15:00:00Z,PEP-20DEC30-CDE,6e-06,0.00365,0.003579,0.0036425,0.003644,705,3975,2026-09-08T15:05:27Z
2026-09-08T15:00:00Z,POP-20DEC30-CDE,1e-06,1.123597,0.874,1.1305,1.132,4767,30127,2026-09-08T15:05:27Z
2026-09-08T15:00:00Z,SHP-20DEC30-CDE,-3e-06,0.005459,0.00522,0.00545,0.00545,3468,8650,2026-09-08T15:05:27Z
2026-09-08T15:00:00Z,SLP-20DEC30-CDE,-2e-06,103.417985,101.71,103.245,103.27,35886,64637,2026-09-08T15:05:27Z
2026-09-08T15:00:00Z,SUP-20DEC30-CDE,1.3e-05,0.817565,0.7591,0.81675,0.8179,5145,24634,2026-09-08T15:05:27Z
2026-09-08T15:00:00Z,TEK-19DEC30-CDE,-1e-06,3955.620232,3966.3,3956.85,3956.9,519,2872,2026-09-08T15:05:27Z
2026-09-08T15:00:00Z,US5-19DEC30-CDE,-2.7e-05,3099.592511,3109.8,3099.4,3099.3,780,1248,2026-09-08T15:05:27Z
2026-09-08T15:00:00Z,XLP-20DEC30-CDE,2.8e-05,0.190353,0.17962,0.19032,0.19024,4029,10177,2026-09-08T15:05:27Z
2026-09-08T15:00:00Z,XPP-20DEC30-CDE,3e-06,1.414483,1.4005,1.41365,1.4138,45856,50948,2026-09-08T15:05:27Z
2026-09-08T15:00:00Z,ZEC-20DEC30-CDE,2.1e-05,1178.574396,1041.5,1173.15,1174.25,10000,32954,2026-09-08T15:05:27Z
2026-09-08T18:00:00Z,ADP-20DEC30-CDE,-1.2e-05,0.225168,0.2136,0.2246,0.2246,8625,31278,2026-09-08T18:35:13Z
2026-09-08T18:00:00Z,AIP-19DEC30-CDE,0,2947.641464,2959.4,2947.55,2949.1,632,473,2026-09-08T18:35:13Z
2026-09-08T18:00:00Z,AVE-20DEC30-CDE,1.3e-05,130.044467,130.56,129.915,129.98,1128,2017,2026-09-08T18:35:13Z
2026-09-08T18:00:00Z,AVP-20DEC30-CDE,1.9e-05,8.029473,7.38,8.03,8.05,9165,12829,2026-09-08T18:35:13Z
2026-09-08T18:00:00Z,BCP-20DEC30-CDE,1.7e-05,259.327518,253.2,258.85,259.45,1869,25241,2026-09-08T18:35:13Z
2026-09-08T18:00:00Z,BIP-20DEC30-CDE,7e-06,78711.436315,79790,78665,78695,187164,348069,2026-09-08T18:35:13Z
2026-09-08T18:00:00Z,BNB-20DEC30-CDE,1.4e-05,752.753992,720.2,752.075,753.95,458,512,2026-09-08T18:35:13Z
2026-09-08T18:00:00Z,CHN-19DEC30-CDE,-1.5e-05,2887.606329,2946.3,2886.1,2888.4,235,499,2026-09-08T18:35:13Z
2026-09-08T18:00:00Z,DEF-19DEC30-CDE,-1e-05,2728.540716,2752.2,2728,2729.4,223,171,2026-09-08T18:35:13Z
2026-09-08T18:00:00Z,DOP-20DEC30-CDE,8e-06,0.090427,0.08475,0.09032,0.09052,2615,13877,2026-09-08T18:35:13Z
2026-09-08T18:00:00Z,ENA-20DEC30-CDE,1.5e-05,0.160434,0.1633,0.160315,0.16045,1416,5737,2026-09-08T18:35:13Z
2026-09-08T18:00:00Z,ETP-20DEC30-CDE,8e-06,2501.33592,2455.5,2498,2500.5,299483,288197,2026-09-08T18:35:13Z
2026-09-08T18:00:00Z,HEP-20DEC30-CDE,1.7e-05,0.079904,0.07733,0.07993,0.07986,2328,21109,2026-09-08T18:35:13Z
2026-09-08T18:00:00Z,HYP-20DEC30-CDE,-2.9e-05,84.380284,84.89,84.165,84.3,9163,11937,2026-09-08T18:35:13Z
2026-09-08T18:00:00Z,LCP-20DEC30-CDE,2.5e-05,54.440081,50.68,54.345,54.4,3304,9661,2026-09-08T18:35:13Z
2026-09-08T18:00:00Z,LNP-20DEC30-CDE,2.3e-05,12.760506,11.711,12.736,12.744,4736,12152,2026-09-08T18:35:13Z
2026-09-08T18:00:00Z,NER-20DEC30-CDE,1.4e-05,2.366122,2.1617,2.3655,2.3663,1465,7616,2026-09-08T18:35:13Z
2026-09-08T18:00:00Z,OND-20DEC30-CDE,1e-06,0.379105,0.3582,0.3784,0.379,5109,15877,2026-09-08T18:35:13Z
2026-09-08T18:00:00Z,PAU-20DEC30-CDE,5e-06,4384.385679,4435.8,4384.95,4385.4,1142,1215,2026-09-08T18:35:13Z
2026-09-08T18:00:00Z,PEP-20DEC30-CDE,-2e-06,0.00367,0.003579,0.0036595,0.00366,705,5118,2026-09-08T18:35:13Z
2026-09-08T18:00:00Z,POP-20DEC30-CDE,-8e-06,1.22563,0.874,1.227,1.227,4767,37793,2026-09-08T18:35:13Z
2026-09-08T18:00:00Z,SHP-20DEC30-CDE,4e-06,0.00545,0.00522,0.00544,0.00546,3468,6940,2026-09-08T18:35:13Z
2026-09-08T18:00:00Z,SLP-20DEC30-CDE,-2e-06,104.209816,101.71,104.075,104.11,35886,71588,2026-09-08T18:35:13Z
2026-09-08T18:00:00Z,SUP-20DEC30-CDE,1.8e-05,0.823699,0.7591,0.8219,0.8237,5145,26807,2026-09-08T18:35:13Z
2026-09-08T18:00:00Z,TEK-19DEC30-CDE,1e-06,3956.295676,3966.3,3955.7,3956.6,519,3753,2026-09-08T18:35:13Z
2026-09-08T18:00:00Z,US5-19DEC30-CDE,-5e-06,3099.172961,3109.8,3098,3098.6,780,1821,2026-09-08T18:35:13Z
2026-09-08T18:00:00Z,XLP-20DEC30-CDE,2.6e-05,0.189936,0.17962,0.189735,0.18975,4029,12024,2026-09-08T18:35:13Z
2026-09-08T18:00:00Z,XPP-20DEC30-CDE,1.2e-05,1.438899,1.4005,1.4371,1.4373,45856,69493,2026-09-08T18:35:13Z
2026-09-08T18:00:00Z,ZEC-20DEC30-CDE,1.2e-05,1170.540984,1041.5,1172.2,1172.4,10000,40088,2026-09-08T18:35:13Z
2026-09-08T21:00:00Z,ADP-20DEC30-CDE,-1.2e-05,0.221208,0.2136,0.221,0.2208,8625,34727,2026-09-08T21:23:15Z
2026-09-08T21:00:00Z,AIP-19DEC30-CDE,-2e-06,2944.356132,2959.4,2943.75,2942.7,632,848,2026-09-08T21:23:15Z
2026-09-08T21:00:00Z,AVE-20DEC30-CDE,1.1e-05,128.817293,130.56,128.635,129,1128,2366,2026-09-08T21:23:15Z
2026-09-08T21:00:00Z,AVP-20DEC30-CDE,-1e-06,7.994776,7.38,7.985,8.01,9165,13391,2026-09-08T21:23:15Z
2026-09-08T21:00:00Z,BCP-20DEC30-CDE,1.5e-05,256.882123,253.2,256.7,257.15,1869,26319,2026-09-08T21:23:15Z
2026-09-08T21:00:00Z,BIP-20DEC30-CDE,7e-06,78517.464401,79790,78540,78530,187164,422403,2026-09-08T21:23:15Z
2026-09-08T21:00:00Z,BNB-20DEC30-CDE,1.3e-05,751.598476,720.2,751.7,751.75,458,503,2026-09-08T21:23:15Z
2026-09-08T21:00:00Z,CHN-19DEC30-CDE,-3e-06,2888.161922,2946.3,2887.5,2886.8,235,714,2026-09-08T21:23:15Z
2026-09-08T21:00:00Z,DEF-19DEC30-CDE,-2e-06,2714.570052,2752.2,2713.8,2714.3,223,447,2026-09-08T21:23:15Z
2026-09-08T21:00:00Z,DOP-20DEC30-CDE,9e-06,0.089712,0.08475,0.089625,0.08967,2615,15251,2026-09-08T21:23:15Z
2026-09-08T21:00:00Z,ENA-20DEC30-CDE,1e-05,0.159771,0.1633,0.15955,0.15962,1416,6176,2026-09-08T21:23:15Z
2026-09-08T21:00:00Z,ETP-20DEC30-CDE,7e-06,2483.415803,2455.5,2483.5,2483,299483,339167,2026-09-08T21:23:15Z
2026-09-08T21:00:00Z,HEP-20DEC30-CDE,1.1e-05,0.079147,0.07733,0.079155,0.07926,2328,22210,2026-09-08T21:23:15Z
2026-09-08T21:00:00Z,HYP-20DEC30-CDE,-3.2e-05,84.460485,84.89,84.325,84.35,9163,14394,2026-09-08T21:23:15Z
2026-09-08T21:00:00Z,LCP-20DEC30-CDE,1.7e-05,54.195332,50.68,54.195,54.22,3304,10381,2026-09-08T21:23:15Z
2026-09-08T21:00:00Z,LNP-20DEC30-CDE,1.3e-05,12.526838,11.711,12.5115,12.543,4736,12885,2026-09-08T21:23:15Z
2026-09-08T21:00:00Z,NER-20DEC30-CDE,1.4e-05,2.319072,2.1617,2.31005,2.3218,1465,8500,2026-09-08T21:23:15Z
2026-09-08T21:00:00Z,OND-20DEC30-CDE,-2.4e-05,0.375538,0.3582,0.3756,0.3758,5109,16607,2026-09-08T21:23:15Z
2026-09-08T21:00:00Z,PAU-20DEC30-CDE,3e-06,4361.801397,4435.8,4361.35,4362.6,1142,1688,2026-09-08T21:23:15Z
2026-09-08T21:00:00Z,PEP-20DEC30-CDE,0,0.00365,0.003579,0.0036455,0.003658,705,5728,2026-09-08T21:23:15Z
2026-09-08T21:00:00Z,POP-20DEC30-CDE,-5e-06,1.247568,0.874,1.245,1.244,4767,42478,2026-09-08T21:23:15Z
2026-09-08T21:00:00Z,SHP-20DEC30-CDE,7e-06,0.0054,0.00522,0.005395,0.00542,3468,6505,2026-09-08T21:23:15Z
2026-09-08T21:00:00Z,SLP-20DEC30-CDE,-4e-06,103.113153,101.71,103.04,103.23,35886,81917,2026-09-08T21:23:15Z
2026-09-08T21:00:00Z,SUP-20DEC30-CDE,2.1e-05,0.811499,0.7591,0.81055,0.8116,5145,28468,2026-09-08T21:23:15Z
2026-09-08T21:00:00Z,TEK-19DEC30-CDE,-2e-06,3953.777989,3966.3,3951.55,3953.8,519,5202,2026-09-08T21:23:15Z
2026-09-08T21:00:00Z,US5-19DEC30-CDE,2e-06,3093.491298,3109.8,3091.6,3095.9,780,3151,2026-09-08T21:23:15Z
2026-09-08T21:00:00Z,XLP-20DEC30-CDE,2.3e-05,0.188497,0.17962,0.18818,0.18828,4029,12619,2026-09-08T21:23:15Z
2026-09-08T21:00:00Z,XPP-20DEC30-CDE,1e-06,1.419122,1.4005,1.41775,1.4175,45856,86445,2026-09-08T21:23:15Z
2026-09-08T21:00:00Z,ZEC-20DEC30-CDE,-2.1e-05,1167.825093,1041.5,1166.625,1167.2,10000,46403,2026-09-08T21:23:15Z
2026-09-08T23:00:00Z,ADP-20DEC30-CDE,-2e-05,0.219949,0.2136,0.21995,0.2198,8231,33879,2026-09-08T23:27:39Z
2026-09-08T23:00:00Z,AIP-19DEC30-CDE,-3e-06,2944.61717,2959.4,2944,2943.6,623,860,2026-09-08T23:27:39Z
2026-09-08T23:00:00Z,AVE-20DEC30-CDE,5e-06,128.882857,130.56,128.915,128.9,1119,2773,2026-09-08T23:27:39Z
2026-09-08T23:00:00Z,AVP-20DEC30-CDE,-1e-05,7.992948,7.38,7.995,8,9492,13351,2026-09-08T23:27:39Z
2026-09-08T23:00:00Z,BCP-20DEC30-CDE,8e-06,258.300284,253.2,258.375,258.35,1883,25911,2026-09-08T23:27:39Z
2026-09-08T23:00:00Z,BIP-20DEC30-CDE,7e-06,78432.605265,79790,78450,78450,181021,392106,2026-09-08T23:27:39Z
2026-09-08T23:00:00Z,BNB-20DEC30-CDE,1e-05,752.234369,720.2,752.375,753,474,463,2026-09-08T23:27:39Z
2026-09-08T23:00:00Z,CHN-19DEC30-CDE,1.1e-05,2889.105404,2946.3,2889.1,2889,291,876,2026-09-08T23:27:39Z
2026-09-08T23:00:00Z,DEF-19DEC30-CDE,-1.9e-05,2716.977237,2752.2,2714.25,2715.4,266,602,2026-09-08T23:27:39Z
2026-09-08T23:00:00Z,DOP-20DEC30-CDE,0,0.090004,0.08475,0.089965,0.09001,2536,15616,2026-09-08T23:27:39Z
2026-09-08T23:00:00Z,ENA-20DEC30-CDE,1.9e-05,0.159431,0.1633,0.159505,0.15958,1655,6143,2026-09-08T23:27:39Z
2026-09-08T23:00:00Z,ETP-20DEC30-CDE,1e-05,2483.139015,2455.5,2483.5,2483.5,282688,347084,2026-09-08T23:27:39Z
2026-09-08T23:00:00Z,HEP-20DEC30-CDE,1.3e-05,0.079257,0.07733,0.079275,0.07926,2469,21783,2026-09-08T23:27:39Z
2026-09-08T23:00:00Z,HYP-20DEC30-CDE,-2.7e-05,84.864163,84.89,84.91,84.9,8698,14853,2026-09-08T23:27:39Z
2026-09-08T23:00:00Z,LCP-20DEC30-CDE,1.4e-05,54.336043,50.68,54.37,54.35,3443,10100,2026-09-08T23:27:39Z
2026-09-08T23:00:00Z,LNP-20DEC30-CDE,1.4e-05,12.512882,11.711,12.5175,12.511,4719,12227,2026-09-08T23:27:39Z
2026-09-08T23:00:00Z,NER-20DEC30-CDE,2.3e-05,2.305128,2.1617,2.313,2.3103,1459,8748,2026-09-08T23:27:39Z
2026-09-08T23:00:00Z,OND-20DEC30-CDE,-1.7e-05,0.374588,0.3582,0.37465,0.3744,4878,16574,2026-09-08T23:27:39Z
2026-09-08T23:00:00Z,PAU-20DEC30-CDE,6e-06,4357.058644,4435.8,4360.3,4359.5,1243,1695,2026-09-08T23:27:39Z
2026-09-08T23:00:00Z,PEP-20DEC30-CDE,0,0.00366,0.003579,0.0036565,0.003658,718,6061,2026-09-08T23:27:39Z
2026-09-08T23:00:00Z,POP-20DEC30-CDE,4e-06,1.245708,0.874,1.2455,1.245,5093,40224,2026-09-08T23:27:39Z
2026-09-08T23:00:00Z,SHP-20DEC30-CDE,9e-06,0.00541,0.00522,0.00541,0.00541,3247,5169,2026-09-08T23:27:39Z
2026-09-08T23:00:00Z,SLP-20DEC30-CDE,-2e-06,103.351879,101.71,103.37,103.3,34009,77461,2026-09-08T23:27:39Z
2026-09-08T23:00:00Z,SUP-20DEC30-CDE,2.6e-05,0.810823,0.7591,0.8116,0.8112,5056,27935,2026-09-08T23:27:39Z
2026-09-08T23:00:00Z,TEK-19DEC30-CDE,-1.2e-05,3953.269957,3966.3,3952.65,3953.1,623,5375,2026-09-08T23:27:39Z
2026-09-08T23:00:00Z,US5-19DEC30-CDE,1e-06,3093.555727,3109.8,3094.05,3095.5,661,3188,2026-09-08T23:27:39Z
2026-09-08T23:00:00Z,XLP-20DEC30-CDE,2.8e-05,0.187756,0.17962,0.188125,0.18804,3528,12954,2026-09-08T23:27:39Z
2026-09-08T23:00:00Z,XPP-20DEC30-CDE,9e-06,1.41687,1.4005,1.4176,1.4174,45558,85215,2026-09-08T23:27:39Z
2026-09-08T23:00:00Z,ZEC-20DEC30-CDE,-2.7e-05,1180.105774,1041.5,1178.8,1178.55,11476,45088,2026-09-08T23:27:39Z
2026-09-09T01:00:00Z,ADP-20DEC30-CDE,-1.6e-05,0.218552,0.2203,0.2186,0.2185,8231,32519,2026-09-09T01:21:21Z
2026-09-09T01:00:00Z,AIP-19DEC30-CDE,-4e-06,2948.998476,2941.1,2948.95,2950.1,623,840,2026-09-09T01:21:21Z
2026-09-09T01:00:00Z,AVE-20DEC30-CDE,3e-06,128.92308,128.87,128.93,129.06,1119,2679,2026-09-09T01:21:21Z
2026-09-09T01:00:00Z,AVP-20DEC30-CDE,2e-06,7.962198,7.97,7.965,7.97,9492,12966,2026-09-09T01:21:21Z
2026-09-09T01:00:00Z,BCP-20DEC30-CDE,1e-05,257.096835,255.8,257.2,257.2,1883,25602,2026-09-09T01:21:21Z
2026-09-09T01:00:00Z,BIP-20DEC30-CDE,6e-06,78656.059844,78410,78680,78710,181021,399274,2026-09-09T01:21:21Z
2026-09-09T01:00:00Z,BNB-20DEC30-CDE,1.1e-05,750.322727,748.45,750.7,750.75,474,465,2026-09-09T01:21:21Z
2026-09-09T01:00:00Z,CHN-19DEC30-CDE,-8e-06,2889.127296,2885.1,2885.8,2885.9,291,816,2026-09-09T01:21:21Z
2026-09-09T01:00:00Z,DEF-19DEC30-CDE,-5e-06,2719.08879,2710,2720.75,2720.8,266,617,2026-09-09T01:21:21Z
2026-09-09T01:00:00Z,DOP-20DEC30-CDE,2e-06,0.090009,0.08951,0.090045,0.09004,2536,15020,2026-09-09T01:21:21Z
2026-09-09T01:00:00Z,ENA-20DEC30-CDE,2.1e-05,0.159998,0.15952,0.160085,0.15989,1655,6430,2026-09-09T01:21:21Z
2026-09-09T01:00:00Z,ETP-20DEC30-CDE,8e-06,2490.458923,2479.5,2491,2492,282688,349243,2026-09-09T01:21:21Z
2026-09-09T01:00:00Z,HEP-20DEC30-CDE,1.4e-05,0.078704,0.07928,0.07875,0.07891,2469,21571,2026-09-09T01:21:21Z
2026-09-09T01:00:00Z,HYP-20DEC30-CDE,-2.2e-05,85.606173,84.04,85.58,85.61,8698,15178,2026-09-09T01:21:21Z
2026-09-09T01:00:00Z,LCP-20DEC30-CDE,1e-05,54.118131,54.17,54.14,54.23,3443,9413,2026-09-09T01:21:21Z
2026-09-09T01:00:00Z,LNP-20DEC30-CDE,1.3e-05,12.474678,12.549,12.4835,12.51,4719,11922,2026-09-09T01:21:21Z
2026-09-09T01:00:00Z,NER-20DEC30-CDE,2.6e-05,2.31837,2.3195,2.3231,2.3233,1459,9004,2026-09-09T01:21:21Z
2026-09-09T01:00:00Z,OND-20DEC30-CDE,-1.8e-05,0.372955,0.3754,0.37305,0.373,4878,15017,2026-09-09T01:21:21Z
2026-09-09T01:00:00Z,PAU-20DEC30-CDE,1.4e-05,4368.723784,4360,4370.5,4370.7,1243,1785,2026-09-09T01:21:21Z
2026-09-09T01:00:00Z,PEP-20DEC30-CDE,-1.2e-05,0.00365,0.003633,0.0036395,0.003639,718,6684,2026-09-09T01:21:21Z
2026-09-09T01:00:00Z,POP-20DEC30-CDE,1e-06,1.203122,1.237,1.203,1.203,5093,42602,2026-09-09T01:21:21Z
2026-09-09T01:00:00Z,SHP-20DEC30-CDE,5e-06,0.0054,0.00538,0.0054,0.0054,3247,4622,2026-09-09T01:21:21Z
2026-09-09T01:00:00Z,SLP-20DEC30-CDE,-3e-06,103.440395,102.96,103.45,103.42,34009,74853,2026-09-09T01:21:21Z
2026-09-09T01:00:00Z,SUP-20DEC30-CDE,3e-05,0.81183,0.8105,0.81225,0.8126,5056,27007,2026-09-09T01:21:21Z
2026-09-09T01:00:00Z,TEK-19DEC30-CDE,-1e-06,3958.692839,3953.1,3959.35,3959.5,623,5475,2026-09-09T01:21:21Z
2026-09-09T01:00:00Z,US5-19DEC30-CDE,1e-05,3096.173909,3093,3097.5,3096.7,661,3277,2026-09-09T01:21:21Z
2026-09-09T01:00:00Z,XLP-20DEC30-CDE,4.3e-05,0.187882,0.18827,0.188045,0.188,3528,11685,2026-09-09T01:21:21Z
2026-09-09T01:00:00Z,XPP-20DEC30-CDE,1.5e-05,1.412484,1.4206,1.41325,1.4133,45558,85694,2026-09-09T01:21:21Z
2026-09-09T01:00:00Z,ZEC-20DEC30-CDE,-4.3e-05,1181.607705,1146.5,1180.675,1181.25,11476,46717,2026-09-09T01:21:21Z
2026-09-09T06:00:00Z,ADP-20DEC30-CDE,-1.2e-05,0.218801,0.2203,0.2184,0.2185,8231,33703,2026-09-09T06:04:48Z
2026-09-09T06:00:00Z,AIP-19DEC30-CDE,-3e-06,2953.476818,2941.1,2953.6,2952.6,623,821,2026-09-09T06:04:48Z
2026-09-09T06:00:00Z,AVE-20DEC30-CDE,1.1e-05,128.891642,128.87,128.895,128.99,1119,2595,2026-09-09T06:04:48Z
2026-09-09T06:00:00Z,AVP-20DEC30-CDE,4e-06,7.974329,7.97,7.975,7.98,9492,12298,2026-09-09T06:04:48Z
2026-09-09T06:00:00Z,BCP-20DEC30-CDE,1e-05,258.498478,255.8,258.425,258.5,1883,27433,2026-09-09T06:04:48Z
2026-09-09T06:00:00Z,BIP-20DEC30-CDE,9e-06,78876.540022,78410,78860,78855,181021,407978,2026-09-09T06:04:48Z
2026-09-09T06:00:00Z,BNB-20DEC30-CDE,1.3e-05,751.196094,748.45,751.25,753.35,474,321,2026-09-09T06:04:48Z
2026-09-09T06:00:00Z,CHN-19DEC30-CDE,-0.00019,2881.681848,2885.1,2866.4,2866.3,291,970,2026-09-09T06:04:48Z
2026-09-09T06:00:00Z,DEF-19DEC30-CDE,1.7e-05,2719.158302,2710,2720.75,2721.9,266,626,2026-09-09T06:04:48Z
2026-09-09T06:00:00Z,DOP-20DEC30-CDE,8e-06,0.090029,0.08951,0.090005,0.09001,2536,14189,2026-09-09T06:04:48Z
2026-09-09T06:00:00Z,ENA-20DEC30-CDE,1.8e-05,0.163331,0.15952,0.163615,0.16341,1655,5957,2026-09-09T06:04:48Z
2026-09-09T06:00:00Z,ETP-20DEC30-CDE,6e-06,2493.964595,2479.5,2493,2493.5,282688,338935,2026-09-09T06:04:48Z
2026-09-09T06:00:00Z,HEP-20DEC30-CDE,5e-06,0.079032,0.07928,0.07903,0.07905,2469,27823,2026-09-09T06:04:48Z
2026-09-09T06:00:00Z,HYP-20DEC30-CDE,-2.9e-05,85.928979,84.04,85.78,85.92,8698,15619,2026-09-09T06:04:48Z
2026-09-09T06:00:00Z,LCP-20DEC30-CDE,1.1e-05,54.008735,54.17,54.005,54.02,3443,8396,2026-09-09T06:04:48Z
2026-09-09T06:00:00Z,LNP-20DEC30-CDE,1.5e-05,12.490491,12.549,12.488,12.488,4719,11897,2026-09-09T06:04:48Z
2026-09-09T06:00:00Z,NER-20DEC30-CDE,3.2e-05,2.325479,2.3195,2.3262,2.3241,1459,8732,2026-09-09T06:04:48Z
2026-09-09T06:00:00Z,OND-20DEC30-CDE,0,0.374336,0.3754,0.3737,0.374,4878,13166,2026-09-09T06:04:48Z
2026-09-09T06:00:00Z,PAU-20DEC30-CDE,2.6e-05,4400.564987,4360,4408.7,4404.3,1243,1868,2026-09-09T06:04:48Z
2026-09-09T06:00:00Z,PEP-20DEC30-CDE,4e-06,0.00367,0.003633,0.0036665,0.003672,718,6399,2026-09-09T06:04:48Z
2026-09-09T06:00:00Z,POP-20DEC30-CDE,1e-05,1.185587,1.237,1.185,1.185,5093,43394,2026-09-09T06:04:48Z
2026-09-09T06:00:00Z,SHP-20DEC30-CDE,1e-06,0.005429,0.00538,0.005415,0.00544,3247,4217,2026-09-09T06:04:48Z
2026-09-09T06:00:00Z,SLP-20DEC30-CDE,-4e-06,104.058331,102.96,104.01,104.03,34009,68630,2026-09-09T06:04:48Z
2026-09-09T06:00:00Z,SUP-20DEC30-CDE,1.6e-05,0.812356,0.8105,0.81185,0.8128,5056,25619,2026-09-09T06:04:48Z
2026-09-09T06:00:00Z,TEK-19DEC30-CDE,-1e-06,3963.682565,3953.1,3964.35,3963.7,623,5320,2026-09-09T06:04:48Z
2026-09-09T06:00:00Z,US5-19DEC30-CDE,5e-06,3098.222192,3093,3098.95,3097.9,661,3425,2026-09-09T06:04:48Z
2026-09-09T06:00:00Z,XLP-20DEC30-CDE,2.9e-05,0.18888,0.18827,0.18896,0.18889,3528,11217,2026-09-09T06:04:48Z
2026-09-09T06:00:00Z,XPP-20DEC30-CDE,1.7e-05,1.428076,1.4206,1.42805,1.4278,45558,93259,2026-09-09T06:04:48Z
2026-09-09T06:00:00Z,ZEC-20DEC30-CDE,-5.2e-05,1217.201433,1146.5,1215.125,1215.5,11476,59684,2026-09-09T06:04:48Z
2026-09-09T11:00:00Z,ADP-20DEC30-CDE,-2e-06,0.217746,0.2203,0.2176,0.2177,8231,34059,2026-09-09T11:14:44Z
2026-09-09T11:00:00Z,AIP-19DEC30-CDE,1e-06,2938.507699,2941.1,2938.75,2940.8,623,809,2026-09-09T11:14:44Z
2026-09-09T11:00:00Z,AVE-20DEC30-CDE,1.5e-05,128.638948,128.87,128.64,129.17,1119,2576,2026-09-09T11:14:44Z
2026-09-09T11:00:00Z,AVP-20DEC30-CDE,5e-06,7.914592,7.97,7.915,7.91,9492,11812,2026-09-09T11:14:44Z
2026-09-09T11:00:00Z,BCP-20DEC30-CDE,0,257.603785,255.8,257.2,257.45,1883,30761,2026-09-09T11:14:44Z
2026-09-09T11:00:00Z,BIP-20DEC30-CDE,6e-06,78859.205791,78410,78845,78845,181021,393578,2026-09-09T11:14:44Z
2026-09-09T11:00:00Z,BNB-20DEC30-CDE,1.5e-05,749.83928,748.45,749,754.65,474,194,2026-09-09T11:14:44Z
2026-09-09T11:00:00Z,CHN-19DEC30-CDE,-6.8e-05,2867.674456,2885.1,2864.15,2864.3,291,1588,2026-09-09T11:14:44Z
2026-09-09T11:00:00Z,DEF-19DEC30-CDE,-4.6e-05,2715.183306,2710,2713.45,2716.9,266,847,2026-09-09T11:14:44Z
2026-09-09T11:00:00Z,DOP-20DEC30-CDE,5e-06,0.090289,0.08951,0.09026,0.09023,2536,11976,2026-09-09T11:14:44Z
2026-09-09T11:00:00Z,ENA-20DEC30-CDE,2.5e-05,0.162765,0.15952,0.162695,0.16248,1655,5881,2026-09-09T11:14:44Z
2026-09-09T11:00:00Z,ETP-20DEC30-CDE,5e-06,2486.680922,2479.5,2486.5,2487,282688,351154,2026-09-09T11:14:44Z
2026-09-09T11:00:00Z,HEP-20DEC30-CDE,1.7e-05,0.078283,0.07928,0.07822,0.07823,2469,29838,2026-09-09T11:14:44Z
2026-09-09T11:00:00Z,HYP-20DEC30-CDE,-2.7e-05,85.725095,84.04,85.59,85.71,8698,15452,2026-09-09T11:14:44Z
2026-09-09T11:00:00Z,LCP-20DEC30-CDE,1.4e-05,53.860629,54.17,53.76,53.85,3443,7677,2026-09-09T11:14:44Z
2026-09-09T11:00:00Z,LNP-20DEC30-CDE,1.9e-05,12.051712,12.549,12.0485,12.055,4719,13518,2026-09-09T11:14:44Z
2026-09-09T11:00:00Z,NER-20DEC30-CDE,-7e-06,2.518435,2.3195,2.5178,2.5232,1459,11033,2026-09-09T11:14:44Z
2026-09-09T11:00:00Z,OND-20DEC30-CDE,9e-06,0.37385,0.3754,0.3735,0.3741,4878,13193,2026-09-09T11:14:44Z
2026-09-09T11:00:00Z,PAU-20DEC30-CDE,1.1e-05,4406.48,4360,4405.95,4406.8,1243,1809,2026-09-09T11:14:44Z
2026-09-09T11:00:00Z,PEP-20DEC30-CDE,-6e-06,0.003662,0.003633,0.003664,0.003676,718,6091,2026-09-09T11:14:44Z
2026-09-09T11:00:00Z,POP-20DEC30-CDE,2e-06,1.164903,1.237,1.164,1.165,5093,43238,2026-09-09T11:14:44Z
2026-09-09T11:00:00Z,SHP-20DEC30-CDE,1e-05,0.005401,0.00538,0.0054,0.00541,3247,2328,2026-09-09T11:14:44Z
2026-09-09T11:00:00Z,SLP-20DEC30-CDE,0,103.626873,102.96,103.515,103.6,34009,62339,2026-09-09T11:14:44Z
2026-09-09T11:00:00Z,SUP-20DEC30-CDE,1.3e-05,0.805062,0.8105,0.8045,0.8045,5056,21541,2026-09-09T11:14:44Z
2026-09-09T11:00:00Z,TEK-19DEC30-CDE,-4e-06,3937.603747,3953.1,3936.65,3937.9,623,5094,2026-09-09T11:14:44Z
2026-09-09T11:00:00Z,US5-19DEC30-CDE,-1.1e-05,3086.221616,3093,3084.9,3085.9,661,3331,2026-09-09T11:14:44Z
2026-09-09T11:00:00Z,XLP-20DEC30-CDE,3.8e-05,0.187292,0.18827,0.187225,0.18727,3528,10117,2026-09-09T11:14:44Z
2026-09-09T11:00:00Z,XPP-20DEC30-CDE,-1e-06,1.419506,1.4206,1.41865,1.4185,45558,93320,2026-09-09T11:14:44Z
2026-09-09T11:00:00Z,ZEC-20DEC30-CDE,-0.000172,1261.344468,1146.5,1246.65,1250.15,11476,68323,2026-09-09T11:14:44Z
2026-09-09T15:00:00Z,ADP-20DEC30-CDE,-6e-06,0.216311,0.2203,0.2164,0.2162,8231,36130,2026-09-09T15:08:54Z
2026-09-09T15:00:00Z,AIP-19DEC30-CDE,-8e-06,2939.516371,2941.1,2938.35,2938.9,623,1271,2026-09-09T15:08:54Z
2026-09-09T15:00:00Z,AVE-20DEC30-CDE,1.3e-05,128.745255,128.87,129.025,128.63,1119,2084,2026-09-09T15:08:54Z
2026-09-09T15:00:00Z,AVP-20DEC30-CDE,-9e-06,7.912248,7.97,7.91,7.91,9492,10171,2026-09-09T15:08:54Z
2026-09-09T15:00:00Z,BCP-20DEC30-CDE,9e-06,257.136415,255.8,257.15,257.15,1883,31359,2026-09-09T15:08:54Z
2026-09-09T15:00:00Z,BIP-20DEC30-CDE,7e-06,78575.941045,78410,78630,78645,181021,410975,2026-09-09T15:08:54Z
2026-09-09T15:00:00Z,BNB-20DEC30-CDE,1.6e-05,740.898458,748.45,741.5,742.15,474,219,2026-09-09T15:08:54Z
2026-09-09T15:00:00Z,CHN-19DEC30-CDE,-1.2e-05,2832.447718,2885.1,2830.3,2834.2,291,1825,2026-09-09T15:08:54Z
2026-09-09T15:00:00Z,DEF-19DEC30-CDE,-1e-05,2689.720514,2710,2688.2,2691.4,266,904,2026-09-09T15:08:54Z
2026-09-09T15:00:00Z,DOP-20DEC30-CDE,4e-06,0.089098,0.08951,0.08928,0.0891,2536,11853,2026-09-09T15:08:54Z
2026-09-09T15:00:00Z,ENA-20DEC30-CDE,2.5e-05,0.160978,0.15952,0.161095,0.16047,1655,6003,2026-09-09T15:08:54Z
2026-09-09T15:00:00Z,ETP-20DEC30-CDE,7e-06,2489.243446,2479.5,2491,2491.5,282688,321816,2026-09-09T15:08:54Z
2026-09-09T15:00:00Z,HEP-20DEC30-CDE,2e-05,0.078088,0.07928,0.078275,0.07819,2469,25999,2026-09-09T15:08:54Z
2026-09-09T15:00:00Z,HYP-20DEC30-CDE,-5e-06,85.656109,84.04,85.53,85.53,8698,14049,2026-09-09T15:08:54Z
2026-09-09T15:00:00Z,LCP-20DEC30-CDE,1.2e-05,54.025581,54.17,54.125,54.08,3443,5973,2026-09-09T15:08:54Z
2026-09-09T15:00:00Z,LNP-20DEC30-CDE,3.3e-05,12.009601,12.549,12.0315,12.013,4719,13363,2026-09-09T15:08:54Z
2026-09-09T15:00:00Z,NER-20DEC30-CDE,-4e-06,2.605397,2.3195,2.60965,2.6008,1459,12200,2026-09-09T15:08:54Z
2026-09-09T15:00:00Z,OND-20DEC30-CDE,9e-06,0.371743,0.3754,0.3715,0.3707,4878,13781,2026-09-09T15:08:54Z
2026-09-09T15:00:00Z,PAU-20DEC30-CDE,3e-06,4381.842068,4360,4394.95,4395.4,1243,2358,2026-09-09T15:08:54Z
2026-09-09T15:00:00Z,PEP-20DEC30-CDE,6e-06,0.003633,0.003633,0.0036345,0.003631,718,5889,2026-09-09T15:08:54Z
2026-09-09T15:00:00Z,POP-20DEC30-CDE,1e-06,1.125762,1.237,1.1275,1.126,5093,39751,2026-09-09T15:08:54Z
2026-09-09T15:00:00Z,SHP-20DEC30-CDE,7e-06,0.005378,0.00538,0.00539,0.00538,3247,1704,2026-09-09T15:08:54Z
2026-09-09T15:00:00Z,SLP-20DEC30-CDE,-3e-06,102.891184,102.96,103,102.99,34009,57563,2026-09-09T15:08:54Z
2026-09-09T15:00:00Z,SUP-20DEC30-CDE,1.7e-05,0.803753,0.8105,0.80505,0.8055,5056,21383,2026-09-09T15:08:54Z
2026-09-09T15:00:00Z,TEK-19DEC30-CDE,1e-06,3935.832253,3953.1,3934.6,3935.8,623,5332,2026-09-09T15:08:54Z
2026-09-09T15:00:00Z,US5-19DEC30-CDE,1e-06,3079.959201,3093,3079.8,3079.9,661,3666,2026-09-09T15:08:54Z
2026-09-09T15:00:00Z,XLP-20DEC30-CDE,3.2e-05,0.185978,0.18827,0.1858,0.186,3528,10054,2026-09-09T15:08:54Z
2026-09-09T15:00:00Z,XPP-20DEC30-CDE,6e-06,1.416726,1.4206,1.4189,1.4187,45558,99090,2026-09-09T15:08:54Z
2026-09-09T15:00:00Z,ZEC-20DEC30-CDE,-2.1e-05,1274.026892,1146.5,1275.65,1276.35,11476,77560,2026-09-09T15:08:54Z
2026-09-09T18:00:00Z,ADP-20DEC30-CDE,-2.3e-05,0.21765,0.2203,0.21755,0.2175,8231,30886,2026-09-09T18:31:46Z
2026-09-09T18:00:00Z,AIP-19DEC30-CDE,-5e-06,2940.469505,2941.1,2939.7,2939.7,623,1419,2026-09-09T18:31:46Z
2026-09-09T18:00:00Z,AVE-20DEC30-CDE,1.4e-05,128.53193,128.87,128.675,128.57,1119,1979,2026-09-09T18:31:46Z
2026-09-09T18:00:00Z,AVP-20DEC30-CDE,-1.7e-05,7.931699,7.97,7.925,7.94,9492,8999,2026-09-09T18:31:46Z
2026-09-09T18:00:00Z,BCP-20DEC30-CDE,-8e-06,258.147191,255.8,258.15,258.75,1883,30115,2026-09-09T18:31:46Z
2026-09-09T18:00:00Z,BIP-20DEC30-CDE,2e-06,78593.795504,78410,78595,78620,181021,463711,2026-09-09T18:31:46Z
2026-09-09T18:00:00Z,BNB-20DEC30-CDE,1e-05,740.752802,748.45,741,741.2,474,282,2026-09-09T18:31:46Z
2026-09-09T18:00:00Z,CHN-19DEC30-CDE,5e-06,2830.387575,2885.1,2831.3,2830.5,291,1866,2026-09-09T18:31:46Z
2026-09-09T18:00:00Z,DEF-19DEC30-CDE,-3e-06,2685.558108,2710,2684.75,2686.6,266,959,2026-09-09T18:31:46Z
2026-09-09T18:00:00Z,DOP-20DEC30-CDE,4e-06,0.08894,0.08951,0.088925,0.08892,2536,11304,2026-09-09T18:31:46Z
2026-09-09T18:00:00Z,ENA-20DEC30-CDE,1.8e-05,0.157159,0.15952,0.15736,0.15741,1655,6640,2026-09-09T18:31:46Z
2026-09-09T18:00:00Z,ETP-20DEC30-CDE,3e-06,2490.219711,2479.5,2490.75,2490.5,282688,300226,2026-09-09T18:31:46Z
2026-09-09T18:00:00Z,HEP-20DEC30-CDE,1e-05,0.078127,0.07928,0.078155,0.07808,2469,24985,2026-09-09T18:31:46Z
2026-09-09T18:00:00Z,HYP-20DEC30-CDE,-1.2e-05,86.594031,84.04,86.56,86.6,8698,14568,2026-09-09T18:31:46Z
2026-09-09T18:00:00Z,LCP-20DEC30-CDE,1.6e-05,54.242025,54.17,54.195,54.19,3443,5423,2026-09-09T18:31:46Z
2026-09-09T18:00:00Z,LNP-20DEC30-CDE,2e-05,11.974057,12.549,11.9775,11.976,4719,13563,2026-09-09T18:31:46Z
2026-09-09T18:00:00Z,NER-20DEC30-CDE,-8e-06,2.599157,2.3195,2.59755,2.5966,1459,12655,2026-09-09T18:31:46Z
2026-09-09T18:00:00Z,OND-20DEC30-CDE,-2e-05,0.37072,0.3754,0.37065,0.3701,4878,14343,2026-09-09T18:31:46Z
2026-09-09T18:00:00Z,PAU-20DEC30-CDE,1.8e-05,4416.31087,4360,4415.9,4415.6,1243,2474,2026-09-09T18:31:46Z
2026-09-09T18:00:00Z,PEP-20DEC30-CDE,2.2e-05,0.003609,0.003633,0.00361,0.003609,718,5299,2026-09-09T18:31:46Z
2026-09-09T18:00:00Z,POP-20DEC30-CDE,0,1.125492,1.237,1.1265,1.124,5093,26759,2026-09-09T18:31:46Z
2026-09-09T18:00:00Z,SHP-20DEC30-CDE,-8e-06,0.00537,0.00538,0.00537,0.00537,3247,2238,2026-09-09T18:31:46Z
2026-09-09T18:00:00Z,SLP-20DEC30-CDE,4e-06,103.600229,102.96,103.635,103.66,34009,54678,2026-09-09T18:31:46Z
2026-09-09T18:00:00Z,SUP-20DEC30-CDE,2e-05,0.799821,0.8105,0.8006,0.8006,5056,21499,2026-09-09T18:31:46Z
2026-09-09T18:00:00Z,TEK-19DEC30-CDE,1e-06,3933.635554,3953.1,3933.35,3933.5,623,5636,2026-09-09T18:31:46Z
2026-09-09T18:00:00Z,US5-19DEC30-CDE,1e-05,3080.015055,3093,3080.15,3080.4,661,3794,2026-09-09T18:31:46Z
2026-09-09T18:00:00Z,XLP-20DEC30-CDE,9e-06,0.185282,0.18827,0.18527,0.18515,3528,9104,2026-09-09T18:31:46Z
2026-09-09T18:00:00Z,XPP-20DEC30-CDE,2e-06,1.420536,1.4206,1.42085,1.4212,45558,88272,2026-09-09T18:31:46Z
2026-09-09T18:00:00Z,ZEC-20DEC30-CDE,4.3e-05,1272.146504,1146.5,1276.75,1274,11476,76305,2026-09-09T18:31:46Z
2026-09-09T21:00:00Z,ADP-20DEC30-CDE,-2.1e-05,0.213869,0.2203,0.2141,0.2139,8231,29981,2026-09-09T21:06:09Z
2026-09-09T21:00:00Z,AIP-19DEC30-CDE,-5e-06,2938.634585,2941.1,2938.3,2938.5,623,1133,2026-09-09T21:06:09Z
2026-09-09T21:00:00Z,AVE-20DEC30-CDE,2.2e-05,125.838463,128.87,125.98,125.85,1119,1752,2026-09-09T21:06:09Z
2026-09-09T21:00:00Z,AVP-20DEC30-CDE,1e-06,7.875244,7.97,7.875,7.86,9492,8283,2026-09-09T21:06:09Z
2026-09-09T21:00:00Z,BCP-20DEC30-CDE,-1e-06,255.038229,255.8,255.2,255,1883,29814,2026-09-09T21:06:09Z
2026-09-09T21:00:00Z,BIP-20DEC30-CDE,2e-06,78302.107305,78410,78332.5,78345,181021,441335,2026-09-09T21:06:09Z
2026-09-09T21:00:00Z,BNB-20DEC30-CDE,1.7e-05,733.07023,748.45,733.55,733.55,474,369,2026-09-09T21:06:09Z
2026-09-09T21:00:00Z,CHN-19DEC30-CDE,-2.6e-05,2829.142994,2885.1,2825.8,2826.2,291,1722,2026-09-09T21:06:09Z
2026-09-09T21:00:00Z,DEF-19DEC30-CDE,-1e-06,2679.619089,2710,2679.8,2680.4,266,735,2026-09-09T21:06:09Z
2026-09-09T21:00:00Z,DOP-20DEC30-CDE,7e-06,0.086875,0.08951,0.08694,0.08699,2536,12347,2026-09-09T21:06:09Z
2026-09-09T21:00:00Z,ENA-20DEC30-CDE,2.1e-05,0.153649,0.15952,0.153985,0.15379,1655,7517,2026-09-09T21:06:09Z
2026-09-09T21:00:00Z,ETP-20DEC30-CDE,7e-06,2470.419557,2479.5,2472,2472.5,282688,357299,2026-09-09T21:06:09Z
2026-09-09T21:00:00Z,HEP-20DEC30-CDE,4e-06,0.077095,0.07928,0.077235,0.07703,2469,24405,2026-09-09T21:06:09Z
2026-09-09T21:00:00Z,HYP-20DEC30-CDE,-1.3e-05,85.355805,84.04,85.47,85.39,8698,14201,2026-09-09T21:06:09Z
2026-09-09T21:00:00Z,LCP-20DEC30-CDE,1e-05,53.617301,54.17,53.675,53.61,3443,5311,2026-09-09T21:06:09Z
2026-09-09T21:00:00Z,LNP-20DEC30-CDE,1.1e-05,11.789986,12.549,11.802,11.776,4719,13270,2026-09-09T21:06:09Z
2026-09-09T21:00:00Z,NER-20DEC30-CDE,1.4e-05,2.49921,2.3195,2.51045,2.51,1459,13543,2026-09-09T21:06:09Z
2026-09-09T21:00:00Z,OND-20DEC30-CDE,-1.3e-05,0.365336,0.3754,0.36575,0.3655,4878,14740,2026-09-09T21:06:09Z
2026-09-09T21:00:00Z,PAU-20DEC30-CDE,9e-06,4402.926316,4360,4403.85,4402.8,1243,2350,2026-09-09T21:06:09Z
2026-09-09T21:00:00Z,PEP-20DEC30-CDE,7e-06,0.00352,0.003633,0.0035245,0.00352,718,4961,2026-09-09T21:06:09Z
2026-09-09T21:00:00Z,POP-20DEC30-CDE,7e-06,1.112476,1.237,1.115,1.111,5093,19356,2026-09-09T21:06:09Z
2026-09-09T21:00:00Z,SHP-20DEC30-CDE,-3e-06,0.005281,0.00538,0.00529,0.00527,3247,2713,2026-09-09T21:06:09Z
2026-09-09T21:00:00Z,SLP-20DEC30-CDE,0,102.516677,102.96,102.59,102.5,34009,51890,2026-09-09T21:06:09Z
2026-09-09T21:00:00Z,SUP-20DEC30-CDE,2.3e-05,0.784153,0.8105,0.7858,0.7849,5056,20948,2026-09-09T21:06:09Z
2026-09-09T21:00:00Z,TEK-19DEC30-CDE,0,3937.873485,3953.1,3937.6,3939.6,623,4932,2026-09-09T21:06:09Z
2026-09-09T21:00:00Z,US5-19DEC30-CDE,6e-06,3079.49177,3093,3078.2,3080.4,661,3129,2026-09-09T21:06:09Z
2026-09-09T21:00:00Z,XLP-20DEC30-CDE,5e-06,0.182766,0.18827,0.18307,0.18269,3528,8940,2026-09-09T21:06:09Z
2026-09-09T21:00:00Z,XPP-20DEC30-CDE,3e-06,1.401336,1.4206,1.40245,1.4023,45558,83046,2026-09-09T21:06:09Z
2026-09-09T21:00:00Z,ZEC-20DEC30-CDE,4.7e-05,1246.132237,1146.5,1247.575,1245.65,11476,79176,2026-09-09T21:06:09Z
2026-09-09T23:00:00Z,ADP-20DEC30-CDE,-2.6e-05,0.211397,0.2203,0.21125,0.2112,8522,31259,2026-09-09T23:10:23Z
2026-09-09T23:00:00Z,AIP-19DEC30-CDE,-2e-06,2934.857728,2941.1,2934.4,2935.8,582,1171,2026-09-09T23:10:23Z
2026-09-09T23:00:00Z,AVE-20DEC30-CDE,1.4e-05,124.807134,128.87,124.925,124.9,1165,1711,2026-09-09T23:10:23Z
2026-09-09T23:00:00Z,AVP-20DEC30-CDE,-2e-06,7.727478,7.97,7.73,7.72,9089,8695,2026-09-09T23:10:23Z
2026-09-09T23:00:00Z,BCP-20DEC30-CDE,-1.9e-05,250.055277,255.8,250.1,249.95,1836,33883,2026-09-09T23:10:23Z
2026-09-09T23:00:00Z,BIP-20DEC30-CDE,4e-06,78114.213771,78410,78170,78170,169989,447405,2026-09-09T23:10:23Z
2026-09-09T23:00:00Z,BNB-20DEC30-CDE,1.4e-05,720.907953,748.45,721.3,721.25,451,557,2026-09-09T23:10:23Z
2026-09-09T23:00:00Z,CHN-19DEC30-CDE,-3.4e-05,2829.373375,2885.1,2827.4,2828.8,294,2098,2026-09-09T23:10:23Z
2026-09-09T23:00:00Z,DEF-19DEC30-CDE,-5e-06,2679.123711,2710,2678.35,2678.2,294,602,2026-09-09T23:10:23Z
2026-09-09T23:00:00Z,DOP-20DEC30-CDE,-3e-06,0.085788,0.08951,0.085845,0.08575,2635,12125,2026-09-09T23:10:23Z
2026-09-09T23:00:00Z,ENA-20DEC30-CDE,1.6e-05,0.151377,0.15952,0.15154,0.15122,1603,7932,2026-09-09T23:10:23Z
2026-09-09T23:00:00Z,ETP-20DEC30-CDE,1e-05,2457.476268,2479.5,2460.5,2460.5,274211,384460,2026-09-09T23:10:23Z
2026-09-09T23:00:00Z,HEP-20DEC30-CDE,6e-06,0.076314,0.07928,0.07639,0.07609,2586,24964,2026-09-09T23:10:23Z
2026-09-09T23:00:00Z,HYP-20DEC30-CDE,-2.3e-05,83.434835,84.04,83.47,83.43,8803,15152,2026-09-09T23:10:23Z
2026-09-09T23:00:00Z,LCP-20DEC30-CDE,7e-06,52.99435,54.17,53.01,52.99,3224,6090,2026-09-09T23:10:23Z
2026-09-09T23:00:00Z,LNP-20DEC30-CDE,1.2e-05,11.742894,12.549,11.7595,11.744,4747,13821,2026-09-09T23:10:23Z
2026-09-09T23:00:00Z,NER-20DEC30-CDE,2.6e-05,2.474853,2.3195,2.4743,2.4733,1193,13766,2026-09-09T23:10:23Z
2026-09-09T23:00:00Z,OND-20DEC30-CDE,-1.2e-05,0.357981,0.3754,0.3582,0.3579,5145,16235,2026-09-09T23:10:23Z
2026-09-09T23:00:00Z,PAU-20DEC30-CDE,1.3e-05,4399.247815,4360,4401.45,4400.7,1199,2364,2026-09-09T23:10:23Z
2026-09-09T23:00:00Z,PEP-20DEC30-CDE,4e-06,0.003455,0.003633,0.0034635,0.00346,834,5330,2026-09-09T23:10:23Z
2026-09-09T23:00:00Z,POP-20DEC30-CDE,-2e-06,1.113257,1.237,1.113,1.115,4986,18489,2026-09-09T23:10:23Z
2026-09-09T23:00:00Z,SHP-20DEC30-CDE,-1.1e-05,0.005221,0.00538,0.00522,0.00521,3054,3171,2026-09-09T23:10:23Z
2026-09-09T23:00:00Z,SLP-20DEC30-CDE,-1e-06,101.330637,102.96,101.425,101.33,34429,57646,2026-09-09T23:10:23Z
2026-09-09T23:00:00Z,SUP-20DEC30-CDE,1.8e-05,0.771218,0.8105,0.7717,0.7718,5020,21289,2026-09-09T23:10:23Z
2026-09-09T23:00:00Z,TEK-19DEC30-CDE,8e-06,3935.757381,3953.1,3936.7,3937.5,598,4661,2026-09-09T23:10:23Z
2026-09-09T23:00:00Z,US5-19DEC30-CDE,1.1e-05,3078.542812,3093,3079.35,3080,785,3106,2026-09-09T23:10:23Z
2026-09-09T23:00:00Z,XLP-20DEC30-CDE,7e-06,0.180556,0.18827,0.180815,0.18064,3686,9320,2026-09-09T23:10:23Z
2026-09-09T23:00:00Z,XPP-20DEC30-CDE,1e-05,1.389117,1.4206,1.39035,1.3901,44380,90685,2026-09-09T23:10:23Z
2026-09-09T23:00:00Z,ZEC-20DEC30-CDE,3e-05,1242.214532,1146.5,1244.475,1244.95,10206,81098,2026-09-09T23:10:23Z
2026-09-10T01:00:00Z,ADP-20DEC30-CDE,-2.7e-05,0.211391,0.2146,0.2114,0.2116,8522,32191,2026-09-10T01:01:46Z
2026-09-10T01:00:00Z,AIP-19DEC30-CDE,-5e-06,2931.624675,2936.7,2931.1,2937.4,582,1180,2026-09-10T01:01:46Z
2026-09-10T01:00:00Z,AVE-20DEC30-CDE,1.7e-05,124.341294,126.12,124.36,124.39,1165,1812,2026-09-10T01:01:46Z
2026-09-10T01:00:00Z,AVP-20DEC30-CDE,-1.1e-05,7.777878,7.86,7.775,7.78,9089,9252,2026-09-10T01:01:46Z
2026-09-10T01:00:00Z,BCP-20DEC30-CDE,-2.4e-05,250.973303,254.4,250.9,250.95,1836,34794,2026-09-10T01:01:46Z
2026-09-10T01:00:00Z,BIP-20DEC30-CDE,-1e-06,78202.20323,78205,78205,78210,169989,451177,2026-09-10T01:01:46Z
2026-09-10T01:00:00Z,BNB-20DEC30-CDE,7e-06,721.195152,736.95,722.25,723.85,451,550,2026-09-10T01:01:46Z
2026-09-10T01:00:00Z,CHN-19DEC30-CDE,-3.2e-05,2829.706893,2821.5,2830.3,2825.1,294,2029,2026-09-10T01:01:46Z
2026-09-10T01:00:00Z,DEF-19DEC30-CDE,9e-06,2678.829197,2676.1,2681.55,2682,294,575,2026-09-10T01:01:46Z
2026-09-10T01:00:00Z,DOP-20DEC30-CDE,0,0.085798,0.08703,0.085845,0.08584,2635,11580,2026-09-10T01:01:46Z
2026-09-10T01:00:00Z,ENA-20DEC30-CDE,1.5e-05,0.149968,0.15269,0.149935,0.15016,1603,7884,2026-09-10T01:01:46Z
2026-09-10T01:00:00Z,ETP-20DEC30-CDE,7e-06,2466.710637,2463.5,2467.5,2469.5,274211,385271,2026-09-10T01:01:46Z
2026-09-10T01:00:00Z,HEP-20DEC30-CDE,-2e-06,0.076584,0.07705,0.07663,0.07665,2586,25216,2026-09-10T01:01:46Z
2026-09-10T01:00:00Z,HYP-20DEC30-CDE,-2.1e-05,82.886546,84.8,83,82.99,8803,14575,2026-09-10T01:01:46Z
2026-09-10T01:00:00Z,LCP-20DEC30-CDE,3e-06,53.071302,53.54,53.12,53.16,3224,6355,2026-09-10T01:01:46Z
2026-09-10T01:00:00Z,LNP-20DEC30-CDE,1.6e-05,11.73815,11.862,11.75,11.75,4747,14058,2026-09-10T01:01:46Z
2026-09-10T01:00:00Z,NER-20DEC30-CDE,3.5e-05,2.460278,2.5132,2.4666,2.4691,1193,13633,2026-09-10T01:01:46Z
2026-09-10T01:00:00Z,OND-20DEC30-CDE,-2e-05,0.356559,0.3648,0.3565,0.3558,5145,17076,2026-09-10T01:01:46Z
2026-09-10T01:00:00Z,PAU-20DEC30-CDE,1.2e-05,4404.836986,4398.7,4406.95,4406.8,1199,2393,2026-09-10T01:01:46Z
2026-09-10T01:00:00Z,PEP-20DEC30-CDE,-1.1e-05,0.00346,0.00353,0.0034605,0.003466,834,5023,2026-09-10T01:01:46Z
2026-09-10T01:00:00Z,POP-20DEC30-CDE,-4e-06,1.118934,1.12,1.119,1.12,4986,16341,2026-09-10T01:01:46Z
2026-09-10T01:00:00Z,SHP-20DEC30-CDE,-8e-06,0.005218,0.00528,0.00522,0.0052,3054,3175,2026-09-10T01:01:46Z
2026-09-10T01:00:00Z,SLP-20DEC30-CDE,1e-06,101.213888,102.28,101.18,101.18,34429,60515,2026-09-10T01:01:46Z
2026-09-10T01:00:00Z,SUP-20DEC30-CDE,2.5e-05,0.766622,0.7854,0.7678,0.7687,5020,20948,2026-09-10T01:01:46Z
2026-09-10T01:00:00Z,TEK-19DEC30-CDE,7e-06,3931.432637,3936,3932.15,3931.4,598,4637,2026-09-10T01:01:46Z
2026-09-10T01:00:00Z,US5-19DEC30-CDE,1.7e-05,3076.99309,3078.1,3078.8,3078,785,3159,2026-09-10T01:01:46Z
2026-09-10T01:00:00Z,XLP-20DEC30-CDE,1.4e-05,0.179926,0.18246,0.18004,0.1801,3686,9416,2026-09-10T01:01:46Z
2026-09-10T01:00:00Z,XPP-20DEC30-CDE,1.7e-05,1.388916,1.4007,1.39095,1.3908,44380,92387,2026-09-10T01:01:46Z
2026-09-10T01:00:00Z,ZEC-20DEC30-CDE,1.9e-05,1233.043459,1251.15,1232.275,1235.1,10206,82574,2026-09-10T01:01:46Z
2026-09-10T05:00:00Z,ADP-20DEC30-CDE,-1e-05,0.213723,0.2146,0.2138,0.2138,8522,31746,2026-09-10T05:43:42Z
2026-09-10T05:00:00Z,AIP-19DEC30-CDE,0,2937.208254,2936.7,2937.35,2933.6,582,1170,2026-09-10T05:43:42Z
2026-09-10T05:00:00Z,AVE-20DEC30-CDE,1.2e-05,125.142577,126.12,125.18,125.26,1165,1650,2026-09-10T05:43:42Z
2026-09-10T05:00:00Z,AVP-20DEC30-CDE,-9e-06,7.849271,7.86,7.855,7.85,9089,10664,2026-09-10T05:43:42Z
2026-09-10T05:00:00Z,BCP-20DEC30-CDE,-1.8e-05,250.813315,254.4,250.85,250.75,1836,33252,2026-09-10T05:43:42Z
2026-09-10T05:00:00Z,BIP-20DEC30-CDE,0,78391.291552,78205,78385,78380,169989,423427,2026-09-10T05:43:42Z
2026-09-10T05:00:00Z,BNB-20DEC30-CDE,9e-06,722.055279,736.95,722.3,721.95,451,567,2026-09-10T05:43:42Z
2026-09-10T05:00:00Z,CHN-19DEC30-CDE,-3.2e-05,2813.560155,2821.5,2810.3,2811.3,294,1869,2026-09-10T05:43:42Z
2026-09-10T05:00:00Z,DEF-19DEC30-CDE,5.2e-05,2679.425505,2676.1,2683.75,2680.8,294,578,2026-09-10T05:43:42Z
2026-09-10T05:00:00Z,DOP-20DEC30-CDE,7e-06,0.085924,0.08703,0.08598,0.08603,2635,11153,2026-09-10T05:43:42Z
2026-09-10T05:00:00Z,ENA-20DEC30-CDE,2.4e-05,0.151198,0.15269,0.15134,0.15122,1603,7942,2026-09-10T05:43:42Z
2026-09-10T05:00:00Z,ETP-20DEC30-CDE,1e-05,2479.313003,2463.5,2480.5,2480.5,274211,394344,2026-09-10T05:43:42Z
2026-09-10T05:00:00Z,HEP-20DEC30-CDE,1e-05,0.077167,0.07705,0.07719,0.07711,2586,19612,2026-09-10T05:43:42Z
2026-09-10T05:00:00Z,HYP-20DEC30-CDE,-1e-05,83.818428,84.8,83.88,83.75,8803,13694,2026-09-10T05:43:42Z
2026-09-10T05:00:00Z,LCP-20DEC30-CDE,8e-06,52.760329,53.54,52.8,52.84,3224,6542,2026-09-10T05:43:42Z
2026-09-10T05:00:00Z,LNP-20DEC30-CDE,2.1e-05,11.839222,11.862,11.85,11.85,4747,12946,2026-09-10T05:43:42Z
2026-09-10T05:00:00Z,NER-20DEC30-CDE,1.9e-05,2.504821,2.5132,2.505,2.5035,1193,14927,2026-09-10T05:43:42Z
2026-09-10T05:00:00Z,OND-20DEC30-CDE,-2.3e-05,0.359393,0.3648,0.35925,0.3592,5145,15978,2026-09-10T05:43:42Z
2026-09-10T05:00:00Z,PAU-20DEC30-CDE,1.4e-05,4425.59875,4398.7,4428.7,4427.2,1199,2468,2026-09-10T05:43:42Z
2026-09-10T05:00:00Z,PEP-20DEC30-CDE,-1.1e-05,0.00347,0.00353,0.003471,0.003468,834,4566,2026-09-10T05:43:42Z
2026-09-10T05:00:00Z,POP-20DEC30-CDE,3e-06,1.11196,1.12,1.112,1.113,4986,13853,2026-09-10T05:43:42Z
2026-09-10T05:00:00Z,SHP-20DEC30-CDE,0,0.005241,0.00528,0.00524,0.00524,3054,2693,2026-09-10T05:43:42Z
2026-09-10T05:00:00Z,SLP-20DEC30-CDE,9e-06,101.960355,102.28,101.985,101.96,34429,60275,2026-09-10T05:43:42Z
2026-09-10T05:00:00Z,SUP-20DEC30-CDE,3.3e-05,0.769945,0.7854,0.77095,0.7713,5020,18785,2026-09-10T05:43:42Z
2026-09-10T05:00:00Z,TEK-19DEC30-CDE,9e-06,3938.072015,3936,3939.3,3937.1,598,4601,2026-09-10T05:43:42Z
2026-09-10T05:00:00Z,US5-19DEC30-CDE,3.7e-05,3080.26676,3078.1,3083.5,3084.3,785,3188,2026-09-10T05:43:42Z
2026-09-10T05:00:00Z,XLP-20DEC30-CDE,1.7e-05,0.180617,0.18246,0.180605,0.18062,3686,8239,2026-09-10T05:43:42Z
2026-09-10T05:00:00Z,XPP-20DEC30-CDE,2.2e-05,1.390041,1.4007,1.39085,1.391,44380,82348,2026-09-10T05:43:42Z
2026-09-10T05:00:00Z,ZEC-20DEC30-CDE,1.3e-05,1240.494433,1251.15,1240.775,1242,10206,74549,2026-09-10T05:43:42Z
2026-09-10T10:00:00Z,ADP-20DEC30-CDE,5e-06,0.213497,0.2146,0.21385,0.2138,8522,32836,2026-09-10T10:03:42Z
2026-09-10T10:00:00Z,AIP-19DEC30-CDE,2e-06,2933.704785,2936.7,2934.15,2933.6,582,1129,2026-09-10T10:03:42Z
2026-09-10T10:00:00Z,AVE-20DEC30-CDE,8e-06,123.74319,126.12,123.95,123.7,1165,1525,2026-09-10T10:03:42Z
2026-09-10T10:00:00Z,AVP-20DEC30-CDE,2e-06,7.739202,7.86,7.745,7.75,9089,10859,2026-09-10T10:03:42Z
2026-09-10T10:00:00Z,BCP-20DEC30-CDE,-1.4e-05,247.704732,254.4,247.775,247.7,1836,25540,2026-09-10T10:03:42Z
2026-09-10T10:00:00Z,BIP-20DEC30-CDE,-2e-06,77955.761097,78205,78005,78015,169989,425231,2026-09-10T10:03:42Z
2026-09-10T10:00:00Z,BNB-20DEC30-CDE,6e-06,717.427084,736.95,718.15,716.6,451,637,2026-09-10T10:03:42Z
2026-09-10T10:00:00Z,CHN-19DEC30-CDE,8e-06,2818.249798,2821.5,2819.4,2821.5,294,1341,2026-09-10T10:03:42Z
2026-09-10T10:00:00Z,DEF-19DEC30-CDE,3e-06,2685.340085,2676.1,2683.7,2683.2,294,359,2026-09-10T10:03:42Z
2026-09-10T10:00:00Z,DOP-20DEC30-CDE,9e-06,0.084981,0.08703,0.085125,0.08502,2635,11021,2026-09-10T10:03:42Z
2026-09-10T10:00:00Z,ENA-20DEC30-CDE,3.3e-05,0.149541,0.15269,0.149765,0.14974,1603,7331,2026-09-10T10:03:42Z
2026-09-10T10:00:00Z,ETP-20DEC30-CDE,2e-06,2468.35914,2463.5,2470.5,2470,274211,373523,2026-09-10T10:03:42Z
2026-09-10T10:00:00Z,HEP-20DEC30-CDE,2.6e-05,0.076073,0.07705,0.076215,0.07619,2586,14414,2026-09-10T10:03:42Z
2026-09-10T10:00:00Z,HYP-20DEC30-CDE,-1.3e-05,82.859675,84.8,83.01,82.97,8803,14182,2026-09-10T10:03:42Z
2026-09-10T10:00:00Z,LCP-20DEC30-CDE,1e-05,52.387769,53.54,52.475,52.42,3224,6571,2026-09-10T10:03:42Z
2026-09-10T10:00:00Z,LNP-20DEC30-CDE,2.1e-05,11.808632,11.862,11.8325,11.817,4747,11774,2026-09-10T10:03:42Z
2026-09-10T10:00:00Z,NER-20DEC30-CDE,2.1e-05,2.405927,2.5132,2.4115,2.4101,1193,14079,2026-09-10T10:03:42Z
2026-09-10T10:00:00Z,OND-20DEC30-CDE,-1.7e-05,0.352775,0.3648,0.3536,0.3528,5145,15178,2026-09-10T10:03:42Z
2026-09-10T10:00:00Z,PAU-20DEC30-CDE,1.8e-05,4394.653405,4398.7,4400.8,4397.4,1199,2530,2026-09-10T10:03:42Z
2026-09-10T10:00:00Z,PEP-20DEC30-CDE,-8e-06,0.00342,0.00353,0.003424,0.003419,834,4339,2026-09-10T10:03:42Z
2026-09-10T10:00:00Z,POP-20DEC30-CDE,9e-06,1.098918,1.12,1.099,1.099,4986,13002,2026-09-10T10:03:42Z
2026-09-10T10:00:00Z,SHP-20DEC30-CDE,3e-06,0.005158,0.00528,0.00516,0.00514,3054,2465,2026-09-10T10:03:42Z
2026-09-10T10:00:00Z,SLP-20DEC30-CDE,8e-06,101.117111,102.28,101.305,101.24,34429,58981,2026-09-10T10:03:42Z
2026-09-10T10:00:00Z,SUP-20DEC30-CDE,2.4e-05,0.762658,0.7854,0.76345,0.7635,5020,17513,2026-09-10T10:03:42Z
2026-09-10T10:00:00Z,TEK-19DEC30-CDE,1e-06,3934.639844,3936,3935.95,3934.9,598,4655,2026-09-10T10:03:42Z
2026-09-10T10:00:00Z,US5-19DEC30-CDE,3.4e-05,3079.321309,3078.1,3082.15,3084.1,785,3145,2026-09-10T10:03:42Z
2026-09-10T10:00:00Z,XLP-20DEC30-CDE,3.4e-05,0.179356,0.18246,0.179755,0.17965,3686,8476,2026-09-10T10:03:42Z
2026-09-10T10:00:00Z,XPP-20DEC30-CDE,2.2e-05,1.378576,1.4007,1.37995,1.3792,44380,84010,2026-09-10T10:03:42Z
2026-09-10T10:00:00Z,ZEC-20DEC30-CDE,3.3e-05,1224.888346,1251.15,1227.95,1226.8,10206,67079,2026-09-10T10:03:42Z
2026-09-10T14:00:00Z,ADP-20DEC30-CDE,1.1e-05,0.209568,0.2146,0.2095,0.2097,8522,37104,2026-09-10T14:21:39Z
2026-09-10T14:00:00Z,AIP-19DEC30-CDE,-1.7e-05,2899.10217,2936.7,2901.55,2901.3,582,2165,2026-09-10T14:21:39Z
2026-09-10T14:00:00Z,AVE-20DEC30-CDE,4e-06,121.885241,126.12,121.88,121.68,1165,1780,2026-09-10T14:21:39Z
2026-09-10T14:00:00Z,AVP-20DEC30-CDE,-6e-06,7.581772,7.86,7.575,7.58,9089,12378,2026-09-10T14:21:39Z
2026-09-10T14:00:00Z,BCP-20DEC30-CDE,-1.4e-05,227.59117,254.4,227.725,227.95,1836,31464,2026-09-10T14:21:39Z
2026-09-10T14:00:00Z,BIP-20DEC30-CDE,0,76992.295388,78205,76980,76965,169989,517337,2026-09-10T14:21:39Z
2026-09-10T14:00:00Z,BNB-20DEC30-CDE,1.2e-05,708.007925,736.95,708.225,711.5,451,1241,2026-09-10T14:21:39Z
2026-09-10T14:00:00Z,CHN-19DEC30-CDE,-3e-06,2789.498928,2821.5,2791.45,2791.4,294,1387,2026-09-10T14:21:39Z
2026-09-10T14:00:00Z,DEF-19DEC30-CDE,-1.3e-05,2668.0002,2676.1,2667.55,2673,294,388,2026-09-10T14:21:39Z
2026-09-10T14:00:00Z,DOP-20DEC30-CDE,-1e-06,0.08365,0.08703,0.083695,0.08368,2635,13821,2026-09-10T14:21:39Z
2026-09-10T14:00:00Z,ENA-20DEC30-CDE,2.2e-05,0.146936,0.15269,0.14723,0.14694,1603,8449,2026-09-10T14:21:39Z
2026-09-10T14:00:00Z,ETP-20DEC30-CDE,2e-06,2431.644163,2463.5,2432.5,2432,274211,412769,2026-09-10T14:21:39Z
2026-09-10T14:00:00Z,HEP-20DEC30-CDE,7e-06,0.07555,0.07705,0.075395,0.07535,2586,15534,2026-09-10T14:21:39Z
2026-09-10T14:00:00Z,HYP-20DEC30-CDE,3e-06,80.594582,84.8,80.65,80.67,8803,15308,2026-09-10T14:21:39Z
2026-09-10T14:00:00Z,LCP-20DEC30-CDE,1.2e-05,52.213626,53.54,52.24,52.25,3224,7158,2026-09-10T14:21:39Z
2026-09-10T14:00:00Z,LNP-20DEC30-CDE,2e-05,11.623469,11.862,11.6325,11.635,4747,10469,2026-09-10T14:21:39Z
2026-09-10T14:00:00Z,NER-20DEC30-CDE,4.6e-05,2.420324,2.5132,2.42135,2.4257,1193,13120,2026-09-10T14:21:39Z
2026-09-10T14:00:00Z,OND-20DEC30-CDE,-2.1e-05,0.349149,0.3648,0.3489,0.3487,5145,15056,2026-09-10T14:21:39Z
2026-09-10T14:00:00Z,PAU-20DEC30-CDE,2.3e-05,4364.153524,4398.7,4361.5,4362.2,1199,3259,2026-09-10T14:21:39Z
2026-09-10T14:00:00Z,PEP-20DEC30-CDE,-1e-05,0.003309,0.00353,0.0033055,0.003306,834,5152,2026-09-10T14:21:39Z
2026-09-10T14:00:00Z,POP-20DEC30-CDE,-1e-06,1.084631,1.12,1.0835,1.084,4986,10851,2026-09-10T14:21:39Z
2026-09-10T14:00:00Z,SHP-20DEC30-CDE,4e-06,0.005059,0.00528,0.005065,0.00504,3054,2543,2026-09-10T14:21:39Z
2026-09-10T14:00:00Z,SLP-20DEC30-CDE,5e-06,99.470947,102.28,99.535,99.49,34429,71937,2026-09-10T14:21:39Z
2026-09-10T14:00:00Z,SUP-20DEC30-CDE,3e-05,0.744098,0.7854,0.74475,0.7447,5020,19034,2026-09-10T14:21:39Z
2026-09-10T14:00:00Z,TEK-19DEC30-CDE,-2e-06,3902.688188,3936,3906.05,3905.5,598,7123,2026-09-10T14:21:39Z
2026-09-10T14:00:00Z,US5-19DEC30-CDE,1.6e-05,3059.857832,3078.1,3062.1,3062.6,785,4694,2026-09-10T14:21:39Z
2026-09-10T14:00:00Z,XLP-20DEC30-CDE,1.4e-05,0.177328,0.18246,0.177455,0.17741,3686,9408,2026-09-10T14:21:39Z
2026-09-10T14:00:00Z,XPP-20DEC30-CDE,9e-06,1.361023,1.4007,1.3606,1.3606,44380,89118,2026-09-10T14:21:39Z
2026-09-10T14:00:00Z,ZEC-20DEC30-CDE,3.9e-05,1161.417837,1251.15,1160.4,1159.4,10206,67054,2026-09-10T14:21:39Z
2026-09-10T17:00:00Z,ADP-20DEC30-CDE,7e-06,0.209675,0.2146,0.21,0.2098,8522,35285,2026-09-10T17:44:12Z
2026-09-10T17:00:00Z,AIP-19DEC30-CDE,-2e-06,2902.001961,2936.7,2902.85,2908.6,582,1967,2026-09-10T17:44:12Z
2026-09-10T17:00:00Z,AVE-20DEC30-CDE,9e-06,122.935371,126.12,123.09,123.09,1165,1857,2026-09-10T17:44:12Z
2026-09-10T17:00:00Z,AVP-20DEC30-CDE,-2.9e-05,7.62708,7.86,7.625,7.63,9089,11926,2026-09-10T17:44:12Z
2026-09-10T17:00:00Z,BCP-20DEC30-CDE,-4.7e-05,227.54242,254.4,227.725,227.15,1836,32018,2026-09-10T17:44:12Z
2026-09-10T17:00:00Z,BIP-20DEC30-CDE,-1e-06,77311.155167,78205,77335,77315,169989,448508,2026-09-10T17:44:12Z
2026-09-10T17:00:00Z,BNB-20DEC30-CDE,3e-06,711.851548,736.95,712.275,712.8,451,1247,2026-09-10T17:44:12Z
2026-09-10T17:00:00Z,CHN-19DEC30-CDE,-7e-06,2795.576274,2821.5,2796.8,2796.9,294,1384,2026-09-10T17:44:12Z
2026-09-10T17:00:00Z,DEF-19DEC30-CDE,-3e-06,2655.803053,2676.1,2657,2654.8,294,425,2026-09-10T17:44:12Z
2026-09-10T17:00:00Z,DOP-20DEC30-CDE,-2e-06,0.083888,0.08703,0.083955,0.08389,2635,13523,2026-09-10T17:44:12Z
2026-09-10T17:00:00Z,ENA-20DEC30-CDE,2.5e-05,0.147894,0.15269,0.148105,0.14791,1603,7010,2026-09-10T17:44:12Z
2026-09-10T17:00:00Z,ETP-20DEC30-CDE,5e-06,2464.963273,2463.5,2465.75,2465.5,274211,405547,2026-09-10T17:44:12Z
2026-09-10T17:00:00Z,HEP-20DEC30-CDE,3e-06,0.07533,0.07705,0.07544,0.07535,2586,19479,2026-09-10T17:44:12Z
2026-09-10T17:00:00Z,HYP-20DEC30-CDE,-3e-06,80.54704,84.8,80.64,80.55,8803,15595,2026-09-10T17:44:12Z
2026-09-10T17:00:00Z,LCP-20DEC30-CDE,1.2e-05,52.297166,53.54,52.34,52.3,3224,7096,2026-09-10T17:44:12Z
2026-09-10T17:00:00Z,LNP-20DEC30-CDE,6e-06,11.685565,11.862,11.7025,11.689,4747,10081,2026-09-10T17:44:12Z
2026-09-10T17:00:00Z,NER-20DEC30-CDE,3.7e-05,2.509701,2.5132,2.5174,2.5166,1193,12509,2026-09-10T17:44:12Z
2026-09-10T17:00:00Z,OND-20DEC30-CDE,-2.9e-05,0.349513,0.3648,0.34945,0.3494,5145,12044,2026-09-10T17:44:12Z
2026-09-10T17:00:00Z,PAU-20DEC30-CDE,-1e-05,4358.792884,4398.7,4358.5,4355.4,1199,3353,2026-09-10T17:44:12Z
2026-09-10T17:00:00Z,PEP-20DEC30-CDE,-2.6e-05,0.0033,0.00353,0.003302,0.003299,834,5100,2026-09-10T17:44:12Z
2026-09-10T17:00:00Z,POP-20DEC30-CDE,-1.7e-05,1.09946,1.12,1.1,1.1,4986,11087,2026-09-10T17:44:12Z
2026-09-10T17:00:00Z,SHP-20DEC30-CDE,7e-06,0.00509,0.00528,0.00509,0.00507,3054,1677,2026-09-10T17:44:12Z
2026-09-10T17:00:00Z,SLP-20DEC30-CDE,1.1e-05,100.019838,102.28,100.09,100.02,34429,71590,2026-09-10T17:44:12Z
2026-09-10T17:00:00Z,SUP-20DEC30-CDE,2.4e-05,0.74404,0.7854,0.7454,0.7447,5020,17465,2026-09-10T17:44:12Z
2026-09-10T17:00:00Z,TEK-19DEC30-CDE,2e-06,3915.330462,3936,3916.85,3914.3,598,8137,2026-09-10T17:44:12Z
2026-09-10T17:00:00Z,US5-19DEC30-CDE,1.4e-05,3062.267708,3078.1,3063.75,3062.9,785,4577,2026-09-10T17:44:12Z
2026-09-10T17:00:00Z,XLP-20DEC30-CDE,2.7e-05,0.17841,0.18246,0.17877,0.17852,3686,9584,2026-09-10T17:44:12Z
2026-09-10T17:00:00Z,XPP-20DEC30-CDE,2e-06,1.360495,1.4007,1.3615,1.3607,44380,86851,2026-09-10T17:44:12Z
2026-09-10T17:00:00Z,ZEC-20DEC30-CDE,2.7e-05,1152.710795,1251.15,1157.775,1157.55,10206,73662,2026-09-10T17:44:12Z
2026-09-10T18:00:00Z,ADP-20DEC30-CDE,4e-06,0.207984,0.2146,0.208,0.208,8522,35368,2026-09-10T18:20:02Z
2026-09-10T18:00:00Z,AIP-19DEC30-CDE,-1e-06,2899.266482,2936.7,2899.25,2902.2,582,1990,2026-09-10T18:20:02Z
2026-09-10T18:00:00Z,AVE-20DEC30-CDE,3e-06,122.137075,126.12,122.265,122.66,1165,1794,2026-09-10T18:20:02Z
2026-09-10T18:00:00Z,AVP-20DEC30-CDE,-3.1e-05,7.551181,7.86,7.55,7.55,9089,11975,2026-09-10T18:20:02Z
2026-09-10T18:00:00Z,BCP-20DEC30-CDE,-5e-05,225.25277,254.4,224.875,225.15,1836,32095,2026-09-10T18:20:02Z
2026-09-10T18:00:00Z,BIP-20DEC30-CDE,0,76986.928601,78205,77010,77015,169989,448915,2026-09-10T18:20:02Z
2026-09-10T18:00:00Z,BNB-20DEC30-CDE,0,710.287453,736.95,710.525,712.65,451,1257,2026-09-10T18:20:02Z
2026-09-10T18:00:00Z,CHN-19DEC30-CDE,-4e-06,2791.683835,2821.5,2792,2790.3,294,1395,2026-09-10T18:20:02Z
2026-09-10T18:00:00Z,DEF-19DEC30-CDE,-1e-06,2654.561923,2676.1,2653.55,2653.2,294,428,2026-09-10T18:20:02Z
2026-09-10T18:00:00Z,DOP-20DEC30-CDE,-1e-06,0.083292,0.08703,0.08334,0.08333,2635,13470,2026-09-10T18:20:02Z
2026-09-10T18:00:00Z,ENA-20DEC30-CDE,3.1e-05,0.146468,0.15269,0.14666,0.14671,1603,7107,2026-09-10T18:20:02Z
2026-09-10T18:00:00Z,ETP-20DEC30-CDE,5e-06,2455.058026,2463.5,2455.5,2455,274211,408796,2026-09-10T18:20:02Z
2026-09-10T18:00:00Z,HEP-20DEC30-CDE,7e-06,0.075004,0.07705,0.075035,0.07501,2586,19525,2026-09-10T18:20:02Z
2026-09-10T18:00:00Z,HYP-20DEC30-CDE,-3e-06,79.704639,84.8,79.715,79.72,8803,15933,2026-09-10T18:20:02Z
2026-09-10T18:00:00Z,LCP-20DEC30-CDE,7e-06,52.029679,53.54,52.045,52.01,3224,7112,2026-09-10T18:20:02Z
2026-09-10T18:00:00Z,LNP-20DEC30-CDE,1.2e-05,11.60264,11.862,11.6065,11.601,4747,10154,2026-09-10T18:20:02Z
2026-09-10T18:00:00Z,NER-20DEC30-CDE,3.7e-05,2.483612,2.5132,2.48755,2.4855,1193,12527,2026-09-10T18:20:02Z
2026-09-10T18:00:00Z,OND-20DEC30-CDE,-3.8e-05,0.347005,0.3648,0.3469,0.347,5145,11848,2026-09-10T18:20:02Z
2026-09-10T18:00:00Z,PAU-20DEC30-CDE,-1.1e-05,4343.395659,4398.7,4344.05,4344.1,1199,3539,2026-09-10T18:20:02Z
2026-09-10T18:00:00Z,PEP-20DEC30-CDE,-2.8e-05,0.00327,0.00353,0.0032735,0.003273,834,5114,2026-09-10T18:20:02Z
2026-09-10T18:00:00Z,POP-20DEC30-CDE,-1.9e-05,1.09717,1.12,1.0975,1.099,4986,11054,2026-09-10T18:20:02Z
2026-09-10T18:00:00Z,SHP-20DEC30-CDE,-5e-06,0.005058,0.00528,0.005055,0.00507,3054,1577,2026-09-10T18:20:02Z
2026-09-10T18:00:00Z,SLP-20DEC30-CDE,8e-06,99.246155,102.28,99.295,99.3,34429,72229,2026-09-10T18:20:02Z
2026-09-10T18:00:00Z,SUP-20DEC30-CDE,2.6e-05,0.735919,0.7854,0.73635,0.7367,5020,17596,2026-09-10T18:20:02Z
2026-09-10T18:00:00Z,TEK-19DEC30-CDE,1e-06,3909.819752,3936,3910.9,3910,598,8272,2026-09-10T18:20:02Z
2026-09-10T18:00:00Z,US5-19DEC30-CDE,1.3e-05,3059.39016,3078.1,3060.85,3060.2,785,4670,2026-09-10T18:20:02Z
2026-09-10T18:00:00Z,XLP-20DEC30-CDE,3e-05,0.177972,0.18246,0.17808,0.17807,3686,9983,2026-09-10T18:20:02Z
2026-09-10T18:00:00Z,XPP-20DEC30-CDE,3e-06,1.348089,1.4007,1.3479,1.3476,44380,87441,2026-09-10T18:20:02Z
2026-09-10T18:00:00Z,ZEC-20DEC30-CDE,3.1e-05,1128.328871,1251.15,1130.6,1129.7,10206,74498,2026-09-10T18:20:02Z
2026-09-10T19:00:00Z,ADP-20DEC30-CDE,3e-06,0.210337,0.2146,0.21015,0.2102,8522,35403,2026-09-10T19:01:43Z
2026-09-10T19:00:00Z,AIP-19DEC30-CDE,-1e-06,2898.93774,2936.7,2897.4,2900.4,582,2015,2026-09-10T19:01:43Z
2026-09-10T19:00:00Z,AVE-20DEC30-CDE,8e-06,122.913004,126.12,122.89,122.48,1165,1796,2026-09-10T19:01:43Z
2026-09-10T19:00:00Z,AVP-20DEC30-CDE,-2.8e-05,7.621778,7.86,7.615,7.61,9089,11935,2026-09-10T19:01:43Z
2026-09-10T19:00:00Z,BCP-20DEC30-CDE,-6.2e-05,227.744503,254.4,227.55,227.45,1836,32032,2026-09-10T19:01:43Z
2026-09-10T19:00:00Z,BIP-20DEC30-CDE,-2e-06,77193.757012,78205,77160,77160,169989,447870,2026-09-10T19:01:43Z
2026-09-10T19:00:00Z,BNB-20DEC30-CDE,0,713.78735,736.95,713.875,712.65,451,1256,2026-09-10T19:01:43Z
2026-09-10T19:00:00Z,CHN-19DEC30-CDE,-4e-06,2792.796494,2821.5,2791,2794.3,294,1386,2026-09-10T19:01:43Z
2026-09-10T19:00:00Z,DEF-19DEC30-CDE,-4e-06,2656.518989,2676.1,2656.05,2655.7,294,421,2026-09-10T19:01:43Z
2026-09-10T19:00:00Z,DOP-20DEC30-CDE,1e-06,0.083916,0.08703,0.083905,0.08391,2635,13260,2026-09-10T19:01:43Z
2026-09-10T19:00:00Z,ENA-20DEC30-CDE,3.6e-05,0.146686,0.15269,0.14659,0.1467,1603,7083,2026-09-10T19:01:43Z
2026-09-10T19:00:00Z,ETP-20DEC30-CDE,4e-06,2466.805495,2463.5,2466.5,2467,274211,410771,2026-09-10T19:01:43Z
2026-09-10T19:00:00Z,HEP-20DEC30-CDE,1.3e-05,0.075197,0.07705,0.075195,0.07532,2586,19442,2026-09-10T19:01:43Z
2026-09-10T19:00:00Z,HYP-20DEC30-CDE,-6e-06,80.809511,84.8,80.64,80.63,8803,16249,2026-09-10T19:01:43Z
2026-09-10T19:00:00Z,LCP-20DEC30-CDE,2e-06,52.414576,53.54,52.39,52.43,3224,7075,2026-09-10T19:01:43Z
2026-09-10T19:00:00Z,LNP-20DEC30-CDE,1.1e-05,11.662846,11.862,11.66,11.665,4747,10149,2026-09-10T19:01:43Z
2026-09-10T19:00:00Z,NER-20DEC30-CDE,3.3e-05,2.51282,2.5132,2.5112,2.5137,1193,12579,2026-09-10T19:01:43Z
2026-09-10T19:00:00Z,OND-20DEC30-CDE,-3.5e-05,0.349493,0.3648,0.349,0.3494,5145,11729,2026-09-10T19:01:43Z
2026-09-10T19:00:00Z,PAU-20DEC30-CDE,-1e-06,4327.174379,4398.7,4322.85,4300,1199,3612,2026-09-10T19:01:43Z
2026-09-10T19:00:00Z,PEP-20DEC30-CDE,-2.2e-05,0.003318,0.00353,0.0033095,0.003309,834,5034,2026-09-10T19:01:43Z
2026-09-10T19:00:00Z,POP-20DEC30-CDE,-2.1e-05,1.104279,1.12,1.102,1.105,4986,11043,2026-09-10T19:01:43Z
2026-09-10T19:00:00Z,SHP-20DEC30-CDE,-1.1e-05,0.00509,0.00528,0.00509,0.00507,3054,1529,2026-09-10T19:01:43Z
2026-09-10T19:00:00Z,SLP-20DEC30-CDE,9e-06,99.797383,102.28,99.805,99.81,34429,71660,2026-09-10T19:01:43Z
2026-09-10T19:00:00Z,SUP-20DEC30-CDE,2.4e-05,0.74063,0.7854,0.74095,0.7407,5020,17551,2026-09-10T19:01:43Z
2026-09-10T19:00:00Z,TEK-19DEC30-CDE,2e-06,3912.921764,3936,3911.9,3912.9,598,8309,2026-09-10T19:01:43Z
2026-09-10T19:00:00Z,US5-19DEC30-CDE,1.5e-05,3060.192593,3078.1,3061.05,3062.8,785,4671,2026-09-10T19:01:43Z
2026-09-10T19:00:00Z,XLP-20DEC30-CDE,2.5e-05,0.178892,0.18246,0.178795,0.17905,3686,10264,2026-09-10T19:01:43Z
2026-09-10T19:00:00Z,XPP-20DEC30-CDE,4e-06,1.354822,1.4007,1.35495,1.3548,44380,86826,2026-09-10T19:01:43Z
2026-09-10T19:00:00Z,ZEC-20DEC30-CDE,4.2e-05,1138.787073,1251.15,1136.975,1138.95,10206,77110,2026-09-10T19:01:43Z
2026-09-10T20:00:00Z,ADP-20DEC30-CDE,4e-06,0.209092,0.2146,0.2094,0.2091,8522,35652,2026-09-10T20:01:44Z
2026-09-10T20:00:00Z,AIP-19DEC30-CDE,-1e-06,2898.41348,2936.7,2898.15,2899.3,582,2007,2026-09-10T20:01:44Z
2026-09-10T20:00:00Z,AVE-20DEC30-CDE,1.3e-05,123.040189,126.12,123.09,123,1165,1757,2026-09-10T20:01:44Z
2026-09-10T20:00:00Z,AVP-20DEC30-CDE,-2.2e-05,7.591325,7.86,7.59,7.58,9089,11776,2026-09-10T20:01:44Z
2026-09-10T20:00:00Z,BCP-20DEC30-CDE,-4.8e-05,227.060902,254.4,227.075,226.55,1836,31931,2026-09-10T20:01:44Z
2026-09-10T20:00:00Z,BIP-20DEC30-CDE,-2e-06,77132.970213,78205,77140,77135,169989,447079,2026-09-10T20:01:44Z
2026-09-10T20:00:00Z,BNB-20DEC30-CDE,3e-06,714.309029,736.95,714.675,713.85,451,1252,2026-09-10T20:01:44Z
2026-09-10T20:00:00Z,CHN-19DEC30-CDE,-5e-06,2789.221706,2821.5,2789.2,2788,294,1412,2026-09-10T20:01:44Z
2026-09-10T20:00:00Z,DEF-19DEC30-CDE,-3e-06,2655.425157,2676.1,2655.2,2655.8,294,401,2026-09-10T20:01:44Z
2026-09-10T20:00:00Z,DOP-20DEC30-CDE,2e-06,0.083925,0.08703,0.083995,0.08399,2635,12405,2026-09-10T20:01:44Z
2026-09-10T20:00:00Z,ENA-20DEC30-CDE,2.9e-05,0.143685,0.15269,0.144135,0.14401,1603,6637,2026-09-10T20:01:44Z
2026-09-10T20:00:00Z,ETP-20DEC30-CDE,2e-06,2461.954017,2463.5,2463.25,2463.5,274211,358659,2026-09-10T20:01:44Z
2026-09-10T20:00:00Z,HEP-20DEC30-CDE,1.5e-05,0.075322,0.07705,0.07544,0.07537,2586,19360,2026-09-10T20:01:44Z
2026-09-10T20:00:00Z,HYP-20DEC30-CDE,-1.3e-05,80.192935,84.8,80.275,80.26,8803,16051,2026-09-10T20:01:44Z
2026-09-10T20:00:00Z,LCP-20DEC30-CDE,9e-06,52.174711,53.54,52.21,52.24,3224,7188,2026-09-10T20:01:44Z
2026-09-10T20:00:00Z,LNP-20DEC30-CDE,9e-06,11.612181,11.862,11.6135,11.614,4747,9814,2026-09-10T20:01:44Z
2026-09-10T20:00:00Z,NER-20DEC30-CDE,3e-05,2.474352,2.5132,2.48525,2.4834,1193,12043,2026-09-10T20:01:44Z
2026-09-10T20:00:00Z,OND-20DEC30-CDE,-2.6e-05,0.347107,0.3648,0.3473,0.3467,5145,11726,2026-09-10T20:01:44Z
2026-09-10T20:00:00Z,PAU-20DEC30-CDE,-1e-06,4328.289979,4398.7,4327.1,4329.5,1199,3821,2026-09-10T20:01:44Z
2026-09-10T20:00:00Z,PEP-20DEC30-CDE,-2.3e-05,0.003316,0.00353,0.003311,0.003305,834,5119,2026-09-10T20:01:44Z
2026-09-10T20:00:00Z,POP-20DEC30-CDE,-2.4e-05,1.099219,1.12,1.099,1.1,4986,11301,2026-09-10T20:01:44Z
2026-09-10T20:00:00Z,SHP-20DEC30-CDE,-5e-06,0.0051,0.00528,0.0051,0.00508,3054,1202,2026-09-10T20:01:44Z
2026-09-10T20:00:00Z,SLP-20DEC30-CDE,7e-06,99.672761,102.28,99.755,99.76,34429,71575,2026-09-10T20:01:44Z
2026-09-10T20:00:00Z,SUP-20DEC30-CDE,2.7e-05,0.738083,0.7854,0.7389,0.7388,5020,17506,2026-09-10T20:01:44Z
2026-09-10T20:00:00Z,TEK-19DEC30-CDE,2e-06,3910.926645,3936,3911.15,3911.2,598,8413,2026-09-10T20:01:44Z
2026-09-10T20:00:00Z,US5-19DEC30-CDE,1.6e-05,3060.362361,3078.1,3061.65,3060.9,785,4503,2026-09-10T20:01:44Z
2026-09-10T20:00:00Z,XLP-20DEC30-CDE,2e-05,0.177849,0.18246,0.17788,0.17792,3686,10356,2026-09-10T20:01:44Z
2026-09-10T20:00:00Z,XPP-20DEC30-CDE,2e-06,1.350937,1.4007,1.3518,1.3515,44380,87759,2026-09-10T20:01:44Z
2026-09-10T20:00:00Z,ZEC-20DEC30-CDE,3.9e-05,1125.743696,1251.15,1128.875,1128.5,10206,76351,2026-09-10T20:01:44Z
2026-09-10T21:00:00Z,ADP-20DEC30-CDE,8e-06,0.209118,0.2146,0.20895,0.2092,8522,34449,2026-09-10T21:01:42Z
2026-09-10T21:00:00Z,AIP-19DEC30-CDE,-1e-06,2902.534543,2936.7,2906.35,2900.6,582,2015,2026-09-10T21:01:42Z
2026-09-10T21:00:00Z,AVE-20DEC30-CDE,1.5e-05,122.919442,126.12,122.9,123.13,1165,1709,2026-09-10T21:01:42Z
2026-09-10T21:00:00Z,AVP-20DEC30-CDE,-2.8e-05,7.601242,7.86,7.59,7.61,9089,11357,2026-09-10T21:01:42Z
2026-09-10T21:00:00Z,BCP-20DEC30-CDE,-4.1e-05,227.131424,254.4,226.925,227.1,1836,31641,2026-09-10T21:01:42Z
2026-09-10T21:00:00Z,BIP-20DEC30-CDE,-2e-06,77247.939581,78205,77237.5,77250,169989,452693,2026-09-10T21:01:42Z
2026-09-10T21:00:00Z,BNB-20DEC30-CDE,5e-06,714.83263,736.95,714.7,715.15,451,1177,2026-09-10T21:01:42Z
2026-09-10T21:00:00Z,CHN-19DEC30-CDE,-7e-06,2792.067498,2821.5,2789.8,2790.9,294,1450,2026-09-10T21:01:42Z
2026-09-10T21:00:00Z,DEF-19DEC30-CDE,-6e-06,2659.666683,2676.1,2659.1,2656.1,294,394,2026-09-10T21:01:42Z
2026-09-10T21:00:00Z,DOP-20DEC30-CDE,-1e-06,0.084161,0.08703,0.084115,0.08418,2635,11632,2026-09-10T21:01:42Z
2026-09-10T21:00:00Z,ENA-20DEC30-CDE,2.2e-05,0.145174,0.15269,0.14517,0.14535,1603,6253,2026-09-10T21:01:42Z
2026-09-10T21:00:00Z,ETP-20DEC30-CDE,3e-06,2461.314373,2463.5,2461.5,2463,274211,371993,2026-09-10T21:01:42Z
2026-09-10T21:00:00Z,HEP-20DEC30-CDE,1.2e-05,0.075702,0.07705,0.075675,0.07572,2586,19570,2026-09-10T21:01:42Z
2026-09-10T21:00:00Z,HYP-20DEC30-CDE,-1.7e-05,80.459565,84.8,80.395,80.47,8803,15243,2026-09-10T21:01:42Z
2026-09-10T21:00:00Z,LCP-20DEC30-CDE,1.4e-05,52.34775,53.54,52.35,52.35,3224,6991,2026-09-10T21:01:42Z
2026-09-10T21:00:00Z,LNP-20DEC30-CDE,8e-06,11.583059,11.862,11.576,11.585,4747,9169,2026-09-10T21:01:42Z
2026-09-10T21:00:00Z,NER-20DEC30-CDE,2.1e-05,2.511373,2.5132,2.5129,2.5133,1193,11750,2026-09-10T21:01:42Z
2026-09-10T21:00:00Z,OND-20DEC30-CDE,-2e-05,0.34807,0.3648,0.34775,0.3479,5145,11208,2026-09-10T21:01:42Z
2026-09-10T21:00:00Z,PAU-20DEC30-CDE,0,4326.076152,4398.7,4327.75,4324.4,1199,3854,2026-09-10T21:01:42Z
2026-09-10T21:00:00Z,PEP-20DEC30-CDE,-1.7e-05,0.00332,0.00353,0.0033115,0.003318,834,4882,2026-09-10T21:01:42Z
2026-09-10T21:00:00Z,POP-20DEC30-CDE,-2.8e-05,1.1114,1.12,1.11,1.11,4986,11288,2026-09-10T21:01:42Z
2026-09-10T21:00:00Z,SHP-20DEC30-CDE,-6e-06,0.00511,0.00528,0.0051,0.00512,3054,923,2026-09-10T21:01:42Z
2026-09-10T21:00:00Z,SLP-20DEC30-CDE,1e-06,100.034718,102.28,100.025,100.03,34429,69510,2026-09-10T21:01:42Z
2026-09-10T21:00:00Z,SUP-20DEC30-CDE,2.4e-05,0.740891,0.7854,0.7405,0.7412,5020,17106,2026-09-10T21:01:42Z
2026-09-10T21:00:00Z,TEK-19DEC30-CDE,1e-06,3912.178075,3936,3915.4,3913,598,8384,2026-09-10T21:01:42Z
2026-09-10T21:00:00Z,US5-19DEC30-CDE,1.7e-05,3061.830305,3078.1,3062.15,3061.6,785,4560,2026-09-10T21:01:42Z
2026-09-10T21:00:00Z,XLP-20DEC30-CDE,1.4e-05,0.177406,0.18246,0.17743,0.17736,3686,10280,2026-09-10T21:01:42Z
2026-09-10T21:00:00Z,XPP-20DEC30-CDE,-2e-06,1.353522,1.4007,1.35225,1.3541,44380,85583,2026-09-10T21:01:42Z
2026-09-10T21:00:00Z,ZEC-20DEC30-CDE,3.1e-05,1132.724996,1251.15,1131.025,1133.8,10206,75552,2026-09-10T21:01:42Z
2026-09-10T22:00:00Z,ADP-20DEC30-CDE,9e-06,0.208257,0.2146,0.20855,0.2085,8522,34191,2026-09-10T22:01:51Z
2026-09-10T22:00:00Z,AIP-19DEC30-CDE,8e-06,2897.942414,2936.7,2898.95,2899,582,1999,2026-09-10T22:01:51Z
2026-09-10T22:00:00Z,AVE-20DEC30-CDE,1.8e-05,122.68436,126.12,122.77,122.86,1165,1684,2026-09-10T22:01:51Z
2026-09-10T22:00:00Z,AVP-20DEC30-CDE,-3.2e-05,7.566808,7.86,7.565,7.55,9089,11374,2026-09-10T22:01:51Z
2026-09-10T22:00:00Z,BCP-20DEC30-CDE,-3.1e-05,226.120675,254.4,226.05,225.65,1836,30614,2026-09-10T22:01:51Z
2026-09-10T22:00:00Z,BIP-20DEC30-CDE,0,77099.395918,78205,77097.5,77105,169989,449210,2026-09-10T22:01:51Z
2026-09-10T22:00:00Z,BNB-20DEC30-CDE,5e-06,714.194165,736.95,714.55,713.95,451,1074,2026-09-10T22:01:51Z
2026-09-10T22:00:00Z,CHN-19DEC30-CDE,-2.5e-05,2792.388854,2821.5,2790.75,2788.3,294,921,2026-09-10T22:01:51Z
2026-09-10T22:00:00Z,DEF-19DEC30-CDE,-2.9e-05,2660.08608,2676.1,2660.6,2659.6,294,645,2026-09-10T22:01:51Z
2026-09-10T22:00:00Z,DOP-20DEC30-CDE,-2e-06,0.083994,0.08703,0.084015,0.08405,2635,11522,2026-09-10T22:01:51Z
2026-09-10T22:00:00Z,ENA-20DEC30-CDE,1.8e-05,0.145129,0.15269,0.145435,0.14503,1603,6093,2026-09-10T22:01:51Z
2026-09-10T22:00:00Z,ETP-20DEC30-CDE,6e-06,2456.798294,2463.5,2459,2458.5,274211,367673,2026-09-10T22:01:51Z
2026-09-10T22:00:00Z,HEP-20DEC30-CDE,1.1e-05,0.075587,0.07705,0.0756,0.07561,2586,19537,2026-09-10T22:01:51Z
2026-09-10T22:00:00Z,HYP-20DEC30-CDE,-1.6e-05,80.162052,84.8,80.185,80.14,8803,14630,2026-09-10T22:01:51Z
2026-09-10T22:00:00Z,LCP-20DEC30-CDE,1.6e-05,52.368883,53.54,52.415,52.38,3224,6891,2026-09-10T22:01:51Z
2026-09-10T22:00:00Z,LNP-20DEC30-CDE,3e-06,11.577608,11.862,11.586,11.581,4747,9176,2026-09-10T22:01:51Z
2026-09-10T22:00:00Z,NER-20DEC30-CDE,2.9e-05,2.510532,2.5132,2.5159,2.5133,1193,11697,2026-09-10T22:01:51Z
2026-09-10T22:00:00Z,OND-20DEC30-CDE,-1.4e-05,0.346843,0.3648,0.347,0.3471,5145,11056,2026-09-10T22:01:51Z
2026-09-10T22:00:00Z,PAU-20DEC30-CDE,3e-06,4324.578748,4398.7,4328.7,4326.7,1199,3814,2026-09-10T22:01:51Z
2026-09-10T22:00:00Z,PEP-20DEC30-CDE,-1.5e-05,0.0033,0.00353,0.0033025,0.003305,834,4757,2026-09-10T22:01:51Z
2026-09-10T22:00:00Z,POP-20DEC30-CDE,-2e-05,1.120266,1.12,1.12,1.121,4986,11560,2026-09-10T22:01:51Z
2026-09-10T22:00:00Z,SHP-20DEC30-CDE,-4e-06,0.00509,0.00528,0.00509,0.0051,3054,752,2026-09-10T22:01:51Z
2026-09-10T22:00:00Z,SLP-20DEC30-CDE,-1e-06,99.752891,102.28,99.795,99.79,34429,69132,2026-09-10T22:01:51Z
2026-09-10T22:00:00Z,SUP-20DEC30-CDE,2.9e-05,0.738868,0.7854,0.7398,0.7389,5020,17106,2026-09-10T22:01:51Z
2026-09-10T22:00:00Z,TEK-19DEC30-CDE,9e-06,3909.412153,3936,3910.5,3910,598,8409,2026-09-10T22:01:51Z
2026-09-10T22:00:00Z,US5-19DEC30-CDE,1.3e-05,3060.357531,3078.1,3062,3061.3,785,4517,2026-09-10T22:01:51Z
2026-09-10T22:00:00Z,XLP-20DEC30-CDE,1.2e-05,0.176775,0.18246,0.176915,0.17691,3686,10380,2026-09-10T22:01:51Z
2026-09-10T22:00:00Z,XPP-20DEC30-CDE,-3e-06,1.350238,1.4007,1.35125,1.3513,44380,83121,2026-09-10T22:01:51Z
2026-09-10T22:00:00Z,ZEC-20DEC30-CDE,3.8e-05,1135.506657,1251.15,1138.25,1138.25,10206,75195,2026-09-10T22:01:51Z
2026-09-10T23:00:00Z,ADP-20DEC30-CDE,9e-06,0.20627,0.2146,0.20665,0.2067,8636,32297,2026-09-10T23:01:41Z
2026-09-10T23:00:00Z,AIP-19DEC30-CDE,8e-06,2895.013301,2936.7,2895.55,2899,568,1971,2026-09-10T23:01:41Z
2026-09-10T23:00:00Z,AVE-20DEC30-CDE,2.2e-05,121.873662,126.12,121.995,123,1184,1308,2026-09-10T23:01:41Z
2026-09-10T23:00:00Z,AVP-20DEC30-CDE,-3.2e-05,7.513111,7.86,7.51,7.52,7919,10372,2026-09-10T23:01:41Z
2026-09-10T23:00:00Z,BCP-20DEC30-CDE,-3.1e-05,224.751658,254.4,224.775,224.8,2309,27807,2026-09-10T23:01:41Z
2026-09-10T23:00:00Z,BIP-20DEC30-CDE,-3e-06,76825.058791,78205,76825,76820,156225,459474,2026-09-10T23:01:41Z
2026-09-10T23:00:00Z,BNB-20DEC30-CDE,7e-06,711.998155,736.95,712.275,712.4,551,971,2026-09-10T23:01:41Z
2026-09-10T23:00:00Z,CHN-19DEC30-CDE,-3.5e-05,2791.615264,2821.5,2788.6,2790.3,313,913,2026-09-10T23:01:41Z
2026-09-10T23:00:00Z,DEF-19DEC30-CDE,-2.2e-05,2658.47176,2676.1,2658.55,2659.6,279,691,2026-09-10T23:01:41Z
2026-09-10T23:00:00Z,DOP-20DEC30-CDE,3e-06,0.083525,0.08703,0.083535,0.08357,2727,10698,2026-09-10T23:01:41Z
2026-09-10T23:00:00Z,ENA-20DEC30-CDE,2.7e-05,0.144128,0.15269,0.14419,0.14426,1678,5711,2026-09-10T23:01:41Z
2026-09-10T23:00:00Z,ETP-20DEC30-CDE,3e-06,2444.657584,2463.5,2446.25,2447,261662,357964,2026-09-10T23:01:41Z
2026-09-10T23:00:00Z,HEP-20DEC30-CDE,3e-06,0.075263,0.07705,0.075275,0.07528,2499,21299,2026-09-10T23:01:41Z
2026-09-10T23:00:00Z,HYP-20DEC30-CDE,-1.1e-05,79.502111,84.8,79.56,79.46,10016,13282,2026-09-10T23:01:41Z
2026-09-10T23:00:00Z,LCP-20DEC30-CDE,1.1e-05,52.378383,53.54,52.42,52.41,2804,6055,2026-09-10T23:01:41Z
2026-09-10T23:00:00Z,LNP-20DEC30-CDE,7e-06,11.531771,11.862,11.532,11.577,4511,8473,2026-09-10T23:01:41Z
2026-09-10T23:00:00Z,NER-20DEC30-CDE,2.2e-05,2.485354,2.5132,2.48435,2.4865,1501,11675,2026-09-10T23:01:41Z
2026-09-10T23:00:00Z,OND-20DEC30-CDE,-1e-05,0.344622,0.3648,0.34485,0.3462,4801,9760,2026-09-10T23:01:41Z
2026-09-10T23:00:00Z,PAU-20DEC30-CDE,4e-06,4323.17,4398.7,4324.15,4324.6,1164,3810,2026-09-10T23:01:41Z
2026-09-10T23:00:00Z,PEP-20DEC30-CDE,-6e-06,0.00326,0.00353,0.003261,0.003262,820,4403,2026-09-10T23:01:41Z
2026-09-10T23:00:00Z,POP-20DEC30-CDE,-1.3e-05,1.110299,1.12,1.11,1.112,5890,11353,2026-09-10T23:01:41Z
2026-09-10T23:00:00Z,SHP-20DEC30-CDE,4e-06,0.00506,0.00528,0.00506,0.00506,3190,576,2026-09-10T23:01:41Z
2026-09-10T23:00:00Z,SLP-20DEC30-CDE,1e-06,99.268057,102.28,99.335,99.36,36561,64083,2026-09-10T23:01:41Z
2026-09-10T23:00:00Z,SUP-20DEC30-CDE,2.5e-05,0.731762,0.7854,0.7326,0.7321,4960,16182,2026-09-10T23:01:41Z
2026-09-10T23:00:00Z,TEK-19DEC30-CDE,6e-06,3906.163993,3936,3906.55,3906.2,702,8482,2026-09-10T23:01:41Z
2026-09-10T23:00:00Z,US5-19DEC30-CDE,1.5e-05,3058.848115,3078.1,3060.8,3060.4,1249,4623,2026-09-10T23:01:41Z
2026-09-10T23:00:00Z,XLP-20DEC30-CDE,1.5e-05,0.175825,0.18246,0.175785,0.17578,3669,9669,2026-09-10T23:01:41Z
2026-09-10T23:00:00Z,XPP-20DEC30-CDE,-1e-06,1.342636,1.4007,1.34315,1.3429,45444,76323,2026-09-10T23:01:41Z
2026-09-10T23:00:00Z,ZEC-20DEC30-CDE,3.7e-05,1095.573199,1251.15,1103.375,1103.45,10496,77059,2026-09-10T23:01:41Z
2026-09-11T00:00:00Z,ADP-20DEC30-CDE,7e-06,0.204319,0.2146,0.2045,0.2045,8636,33042,2026-09-11T00:01:41Z
2026-09-11T00:00:00Z,AIP-19DEC30-CDE,6e-06,2891.306785,2936.7,2892.2,2899,568,1959,2026-09-11T00:01:41Z
2026-09-11T00:00:00Z,AVE-20DEC30-CDE,2.3e-05,120.605013,126.12,120.69,120.79,1184,1300,2026-09-11T00:01:41Z
2026-09-11T00:00:00Z,AVP-20DEC30-CDE,-3.3e-05,7.419441,7.86,7.41,7.41,7919,10990,2026-09-11T00:01:41Z
2026-09-11T00:00:00Z,BCP-20DEC30-CDE,-3.8e-05,224.309453,254.4,224.35,224.35,2309,29474,2026-09-11T00:01:41Z
2026-09-11T00:00:00Z,BIP-20DEC30-CDE,-5e-06,76521.298199,78205,76540,76545,156225,468114,2026-09-11T00:01:41Z
2026-09-11T00:00:00Z,BNB-20DEC30-CDE,9e-06,708.684433,736.95,708.95,708.3,551,976,2026-09-11T00:01:41Z
2026-09-11T00:00:00Z,CHN-19DEC30-CDE,-3.9e-05,2787.955267,2821.5,2786.55,2787.7,313,882,2026-09-11T00:01:41Z
2026-09-11T00:00:00Z,DEF-19DEC30-CDE,-1.1e-05,2659.711185,2676.1,2658.3,2657.8,279,684,2026-09-11T00:01:41Z
2026-09-11T00:00:00Z,DOP-20DEC30-CDE,-2e-06,0.082886,0.08703,0.082925,0.08282,2727,11227,2026-09-11T00:01:41Z
2026-09-11T00:00:00Z,ENA-20DEC30-CDE,2.8e-05,0.142992,0.15269,0.143285,0.14307,1678,5767,2026-09-11T00:01:41Z
2026-09-11T00:00:00Z,ETP-20DEC30-CDE,2e-06,2437.272975,2463.5,2438.5,2439,261662,360786,2026-09-11T00:01:41Z
2026-09-11T00:00:00Z,HEP-20DEC30-CDE,1e-06,0.074956,0.07705,0.074835,0.07485,2499,23870,2026-09-11T00:01:41Z
2026-09-11T00:00:00Z,HYP-20DEC30-CDE,-9e-06,78.592847,84.8,78.58,78.56,10016,13620,2026-09-11T00:01:41Z
2026-09-11T00:00:00Z,LCP-20DEC30-CDE,6e-06,52.15438,53.54,52.15,52.18,2804,6108,2026-09-11T00:01:41Z
2026-09-11T00:00:00Z,LNP-20DEC30-CDE,1.1e-05,11.450653,11.862,11.4565,11.45,4511,8925,2026-09-11T00:01:41Z
2026-09-11T00:00:00Z,NER-20DEC30-CDE,9e-06,2.444055,2.5132,2.4514,2.4521,1501,12203,2026-09-11T00:01:41Z
2026-09-11T00:00:00Z,OND-20DEC30-CDE,-1.5e-05,0.343808,0.3648,0.34325,0.3437,4801,9569,2026-09-11T00:01:41Z
2026-09-11T00:00:00Z,PAU-20DEC30-CDE,4e-06,4317.674107,4398.7,4322.1,4320.8,1164,3808,2026-09-11T00:01:41Z
2026-09-11T00:00:00Z,PEP-20DEC30-CDE,-6e-06,0.00324,0.00353,0.003234,0.003234,820,4511,2026-09-11T00:01:41Z
2026-09-11T00:00:00Z,POP-20DEC30-CDE,-2.1e-05,1.096696,1.12,1.0975,1.097,5890,11031,2026-09-11T00:01:41Z
2026-09-11T00:00:00Z,SHP-20DEC30-CDE,8e-06,0.00503,0.00528,0.005025,0.00504,3190,593,2026-09-11T00:01:41Z
2026-09-11T00:00:00Z,SLP-20DEC30-CDE,-1e-06,98.630026,102.28,98.735,98.73,36561,65484,2026-09-11T00:01:41Z
2026-09-11T00:00:00Z,SUP-20DEC30-CDE,1.9e-05,0.729534,0.7854,0.729,0.7275,4960,16525,2026-09-11T00:01:41Z
2026-09-11T00:00:00Z,TEK-19DEC30-CDE,6e-06,3902.162893,3936,3902.85,3903.5,702,8516,2026-09-11T00:01:41Z
2026-09-11T00:00:00Z,US5-19DEC30-CDE,2.3e-05,3056.931252,3078.1,3059.15,3058.7,1249,4707,2026-09-11T00:01:41Z
2026-09-11T00:00:00Z,XLP-20DEC30-CDE,1.1e-05,0.174712,0.18246,0.174745,0.17474,3669,9931,2026-09-11T00:01:41Z
2026-09-11T00:00:00Z,XPP-20DEC30-CDE,4e-06,1.334137,1.4007,1.3351,1.3353,45444,79835,2026-09-11T00:01:41Z
2026-09-11T00:00:00Z,ZEC-20DEC30-CDE,2.4e-05,1080.421316,1251.15,1083.65,1082.85,10496,80693,2026-09-11T00:01:41Z
2026-09-11T01:00:00Z,ADP-20DEC30-CDE,-1e-06,0.206291,0.2091,0.2062,0.2062,8636,32266,2026-09-11T01:01:43Z
2026-09-11T01:00:00Z,AIP-19DEC30-CDE,6e-06,2898.984282,2898.4,2899.6,2896.6,568,1961,2026-09-11T01:01:43Z
2026-09-11T01:00:00Z,AVE-20DEC30-CDE,1.2e-05,121.921427,122.93,122.105,121.39,1184,1245,2026-09-11T01:01:43Z
2026-09-11T01:00:00Z,AVP-20DEC30-CDE,-3.6e-05,7.473035,7.58,7.47,7.47,7919,11139,2026-09-11T01:01:43Z
2026-09-11T01:00:00Z,BCP-20DEC30-CDE,-3.8e-05,226.137834,226.85,226.15,226.15,2309,30241,2026-09-11T01:01:43Z
2026-09-11T01:00:00Z,BIP-20DEC30-CDE,-3e-06,76888.503111,77105,76920,76915,156225,464356,2026-09-11T01:01:43Z
2026-09-11T01:00:00Z,BNB-20DEC30-CDE,7e-06,713.365657,714.1,713.975,711.6,551,984,2026-09-11T01:01:43Z
2026-09-11T01:00:00Z,CHN-19DEC30-CDE,-5.7e-05,2786.831815,2787.5,2778.65,2781.6,313,943,2026-09-11T01:01:43Z
2026-09-11T01:00:00Z,DEF-19DEC30-CDE,-3e-06,2661.371063,2655.6,2661.95,2657.8,279,682,2026-09-11T01:01:43Z
2026-09-11T01:00:00Z,DOP-20DEC30-CDE,-5e-06,0.083423,0.08388,0.083455,0.08331,2727,11150,2026-09-11T01:01:43Z
2026-09-11T01:00:00Z,ENA-20DEC30-CDE,2.6e-05,0.144531,0.14372,0.14484,0.14485,1678,5496,2026-09-11T01:01:43Z
2026-09-11T01:00:00Z,ETP-20DEC30-CDE,2e-06,2455.644758,2461.5,2456.75,2456.5,261662,366383,2026-09-11T01:01:43Z
2026-09-11T01:00:00Z,HEP-20DEC30-CDE,-4e-06,0.075139,0.07522,0.07521,0.07523,2499,27327,2026-09-11T01:01:43Z
2026-09-11T01:00:00Z,HYP-20DEC30-CDE,-9e-06,79.276586,80.05,79.255,79.25,10016,13928,2026-09-11T01:01:43Z
2026-09-11T01:00:00Z,LCP-20DEC30-CDE,4e-06,52.59511,52.12,52.59,52.62,2804,6211,2026-09-11T01:01:43Z
2026-09-11T01:00:00Z,LNP-20DEC30-CDE,1.3e-05,11.50222,11.608,11.515,11.516,4511,8748,2026-09-11T01:01:43Z
2026-09-11T01:00:00Z,NER-20DEC30-CDE,1.4e-05,2.500677,2.4764,2.51325,2.508,1501,12323,2026-09-11T01:01:43Z
2026-09-11T01:00:00Z,OND-20DEC30-CDE,-1.5e-05,0.34579,0.3469,0.34575,0.3455,4801,9033,2026-09-11T01:01:43Z
2026-09-11T01:00:00Z,PAU-20DEC30-CDE,-2e-06,4338.921171,4329.5,4338.15,4337.6,1164,3799,2026-09-11T01:01:43Z
2026-09-11T01:00:00Z,PEP-20DEC30-CDE,-9e-06,0.00327,0.003305,0.003268,0.003268,820,4363,2026-09-11T01:01:43Z
2026-09-11T01:00:00Z,POP-20DEC30-CDE,-1.8e-05,1.13016,1.097,1.132,1.132,5890,11861,2026-09-11T01:01:43Z
2026-09-11T01:00:00Z,SHP-20DEC30-CDE,8e-06,0.005059,0.00509,0.005065,0.00504,3190,611,2026-09-11T01:01:43Z
2026-09-11T01:00:00Z,SLP-20DEC30-CDE,-1e-06,99.144559,99.64,99.25,99.24,36561,70161,2026-09-11T01:01:43Z
2026-09-11T01:00:00Z,SUP-20DEC30-CDE,2e-05,0.732673,0.739,0.7347,0.7328,4960,16012,2026-09-11T01:01:43Z
2026-09-11T01:00:00Z,TEK-19DEC30-CDE,1e-05,3909.815565,3911.6,3911.55,3907,702,8549,2026-09-11T01:01:43Z
2026-09-11T01:00:00Z,US5-19DEC30-CDE,3.1e-05,3061.461314,3061.4,3064.75,3064,1249,4692,2026-09-11T01:01:43Z
2026-09-11T01:00:00Z,XLP-20DEC30-CDE,7e-06,0.175614,0.17794,0.175755,0.17575,3669,9762,2026-09-11T01:01:43Z
2026-09-11T01:00:00Z,XPP-20DEC30-CDE,7e-06,1.341161,1.3503,1.342,1.3416,45444,78923,2026-09-11T01:01:43Z
2026-09-11T01:00:00Z,ZEC-20DEC30-CDE,1.6e-05,1084.240142,1124,1084.975,1084.65,10496,81004,2026-09-11T01:01:43Z
2026-09-11T02:00:00Z,ADP-20DEC30-CDE,-1e-06,0.206725,0.2091,0.2066,0.2067,8636,31816,2026-09-11T02:01:40Z
2026-09-11T02:00:00Z,AIP-19DEC30-CDE,4e-06,2896.629041,2898.4,2897.8,2897.1,568,1966,2026-09-11T02:01:40Z
2026-09-11T02:00:00Z,AVE-20DEC30-CDE,9e-06,121.973383,122.93,121.965,121.71,1184,1286,2026-09-11T02:01:40Z
2026-09-11T02:00:00Z,AVP-20DEC30-CDE,-3.6e-05,7.475422,7.58,7.465,7.47,7919,10398,2026-09-11T02:01:40Z
2026-09-11T02:00:00Z,BCP-20DEC30-CDE,-3.5e-05,227.620251,226.85,227.1,227.6,2309,30073,2026-09-11T02:01:40Z
2026-09-11T02:00:00Z,BIP-20DEC30-CDE,-3e-06,76933.115032,77105,76885,76885,156225,461684,2026-09-11T02:01:40Z
2026-09-11T02:00:00Z,BNB-20DEC30-CDE,5e-06,712.997116,714.1,712.775,712.05,551,972,2026-09-11T02:01:40Z
2026-09-11T02:00:00Z,CHN-19DEC30-CDE,-4.8e-05,2791.558524,2787.5,2790.6,2785.6,313,868,2026-09-11T02:01:40Z
2026-09-11T02:00:00Z,DEF-19DEC30-CDE,1.7e-05,2660.681438,2655.6,2662.8,2664.8,279,681,2026-09-11T02:01:40Z
2026-09-11T02:00:00Z,DOP-20DEC30-CDE,-6e-06,0.083508,0.08388,0.083475,0.08342,2727,10912,2026-09-11T02:01:40Z
2026-09-11T02:00:00Z,ENA-20DEC30-CDE,3.1e-05,0.144805,0.14372,0.144625,0.14466,1678,5415,2026-09-11T02:01:40Z
2026-09-11T02:00:00Z,ETP-20DEC30-CDE,3e-06,2453.052324,2461.5,2452,2453.5,261662,363242,2026-09-11T02:01:40Z
2026-09-11T02:00:00Z,HEP-20DEC30-CDE,-4e-06,0.075317,0.07522,0.075225,0.07528,2499,27514,2026-09-11T02:01:40Z
2026-09-11T02:00:00Z,HYP-20DEC30-CDE,-1e-05,79.103631,80.05,79.015,78.98,10016,13860,2026-09-11T02:01:40Z
2026-09-11T02:00:00Z,LCP-20DEC30-CDE,3e-06,52.787274,52.12,52.75,52.79,2804,6181,2026-09-11T02:01:40Z
2026-09-11T02:00:00Z,LNP-20DEC30-CDE,1.7e-05,11.481901,11.608,11.4765,11.489,4511,8894,2026-09-11T02:01:40Z
2026-09-11T02:00:00Z,NER-20DEC30-CDE,4.5e-05,2.416838,2.4764,2.41795,2.4232,1501,12397,2026-09-11T02:01:40Z
2026-09-11T02:00:00Z,OND-20DEC30-CDE,-2.1e-05,0.34628,0.3469,0.3458,0.3464,4801,8251,2026-09-11T02:01:40Z
2026-09-11T02:00:00Z,PAU-20DEC30-CDE,-3e-06,4336.582814,4329.5,4336.45,4330,1164,3687,2026-09-11T02:01:40Z
2026-09-11T02:00:00Z,PEP-20DEC30-CDE,-7e-06,0.00328,0.003305,0.003277,0.003277,820,4617,2026-09-11T02:01:40Z
2026-09-11T02:00:00Z,POP-20DEC30-CDE,-1e-05,1.115734,1.097,1.116,1.115,5890,11942,2026-09-11T02:01:40Z
2026-09-11T02:00:00Z,SHP-20DEC30-CDE,1.2e-05,0.005064,0.00509,0.005065,0.00505,3190,621,2026-09-11T02:01:40Z
2026-09-11T02:00:00Z,SLP-20DEC30-CDE,0,99.377587,99.64,99.315,99.3,36561,69191,2026-09-11T02:01:40Z
2026-09-11T02:00:00Z,SUP-20DEC30-CDE,2.3e-05,0.734272,0.739,0.73435,0.7349,4960,15486,2026-09-11T02:01:40Z
2026-09-11T02:00:00Z,TEK-19DEC30-CDE,1e-05,3906.273697,3911.6,3908.9,3907.6,702,8938,2026-09-11T02:01:40Z
2026-09-11T02:00:00Z,US5-19DEC30-CDE,2.2e-05,3060.021265,3061.4,3060.5,3060.1,1249,4797,2026-09-11T02:01:40Z
2026-09-11T02:00:00Z,XLP-20DEC30-CDE,1e-05,0.175759,0.17794,0.17572,0.17574,3669,9106,2026-09-11T02:01:40Z
2026-09-11T02:00:00Z,XPP-20DEC30-CDE,8e-06,1.345655,1.3503,1.34475,1.3456,45444,77444,2026-09-11T02:01:40Z
2026-09-11T02:00:00Z,ZEC-20DEC30-CDE,1.4e-05,1081.685086,1124,1081.2,1081.6,10496,79996,2026-09-11T02:01:40Z
2026-09-11T03:00:00Z,ADP-20DEC30-CDE,-4e-06,0.206811,0.2091,0.20685,0.2069,8636,31355,2026-09-11T03:01:37Z
2026-09-11T03:00:00Z,AIP-19DEC30-CDE,3e-06,2894.012068,2898.4,2894.15,2897.1,568,1961,2026-09-11T03:01:37Z
2026-09-11T03:00:00Z,AVE-20DEC30-CDE,1.2e-05,121.552255,122.93,121.69,121.93,1184,1283,2026-09-11T03:01:37Z
2026-09-11T03:00:00Z,AVP-20DEC30-CDE,-3.5e-05,7.458366,7.58,7.455,7.45,7919,10487,2026-09-11T03:01:37Z
2026-09-11T03:00:00Z,BCP-20DEC30-CDE,-3.1e-05,226.453409,226.85,226.35,226.2,2309,29625,2026-09-11T03:01:37Z
2026-09-11T03:00:00Z,BIP-20DEC30-CDE,-4e-06,76813.209708,77105,76830,76825,156225,456677,2026-09-11T03:01:37Z
2026-09-11T03:00:00Z,BNB-20DEC30-CDE,1e-05,710.918185,714.1,711.275,711.75,551,1022,2026-09-11T03:01:37Z
2026-09-11T03:00:00Z,CHN-19DEC30-CDE,-4.1e-05,2788.102374,2787.5,2786.9,2786.7,313,866,2026-09-11T03:01:37Z
2026-09-11T03:00:00Z,DEF-19DEC30-CDE,2.9e-05,2658.589161,2655.6,2661.2,2664.8,279,676,2026-09-11T03:01:37Z
2026-09-11T03:00:00Z,DOP-20DEC30-CDE,0,0.08345,0.08388,0.08347,0.08348,2727,10832,2026-09-11T03:01:37Z
2026-09-11T03:00:00Z,ENA-20DEC30-CDE,1.3e-05,0.145533,0.14372,0.145515,0.14554,1678,5313,2026-09-11T03:01:37Z
2026-09-11T03:00:00Z,ETP-20DEC30-CDE,0,2445.953546,2461.5,2446,2445.5,261662,364087,2026-09-11T03:01:37Z
2026-09-11T03:00:00Z,HEP-20DEC30-CDE,-1e-06,0.075013,0.07522,0.07507,0.07502,2499,28183,2026-09-11T03:01:37Z
2026-09-11T03:00:00Z,HYP-20DEC30-CDE,-3e-06,78.619186,80.05,78.62,78.63,10016,14048,2026-09-11T03:01:37Z
2026-09-11T03:00:00Z,LCP-20DEC30-CDE,6e-06,52.812519,52.12,52.86,52.86,2804,6298,2026-09-11T03:01:37Z
2026-09-11T03:00:00Z,LNP-20DEC30-CDE,1.5e-05,11.483203,11.608,11.489,11.473,4511,8881,2026-09-11T03:01:37Z
2026-09-11T03:00:00Z,NER-20DEC30-CDE,4.9e-05,2.389901,2.4764,2.39715,2.3974,1501,12601,2026-09-11T03:01:37Z
2026-09-11T03:00:00Z,OND-20DEC30-CDE,-1.8e-05,0.346005,0.3469,0.34605,0.3457,4801,8229,2026-09-11T03:01:37Z
2026-09-11T03:00:00Z,PAU-20DEC30-CDE,-3e-06,4330.562165,4329.5,4331.25,4328,1164,3666,2026-09-11T03:01:37Z
2026-09-11T03:00:00Z,PEP-20DEC30-CDE,-1e-05,0.00328,0.003305,0.0032815,0.003281,820,4616,2026-09-11T03:01:37Z
2026-09-11T03:00:00Z,POP-20DEC30-CDE,-2.1e-05,1.111895,1.097,1.113,1.11,5890,12704,2026-09-11T03:01:37Z
2026-09-11T03:00:00Z,SHP-20DEC30-CDE,8e-06,0.005064,0.00509,0.00507,0.00506,3190,655,2026-09-11T03:01:37Z
2026-09-11T03:00:00Z,SLP-20DEC30-CDE,0,99.265079,99.64,99.315,99.26,36561,68074,2026-09-11T03:01:37Z
2026-09-11T03:00:00Z,SUP-20DEC30-CDE,2.1e-05,0.734875,0.739,0.73555,0.734,4960,15317,2026-09-11T03:01:37Z
2026-09-11T03:00:00Z,TEK-19DEC30-CDE,1.4e-05,3902.971123,3911.6,3904.85,3906.4,702,8965,2026-09-11T03:01:37Z
2026-09-11T03:00:00Z,US5-19DEC30-CDE,1.1e-05,3058.455866,3061.4,3058.2,3057.7,1249,4821,2026-09-11T03:01:37Z
2026-09-11T03:00:00Z,XLP-20DEC30-CDE,1.3e-05,0.175561,0.17794,0.175715,0.17548,3669,8879,2026-09-11T03:01:37Z
2026-09-11T03:00:00Z,XPP-20DEC30-CDE,1e-05,1.341905,1.3503,1.34255,1.3423,45444,76294,2026-09-11T03:01:37Z
2026-09-11T03:00:00Z,ZEC-20DEC30-CDE,1.5e-05,1071.339979,1124,1072.3,1071.45,10496,81230,2026-09-11T03:01:37Z
2026-09-11T04:00:00Z,ADP-20DEC30-CDE,-4e-06,0.207869,0.2091,0.2079,0.208,8636,31044,2026-09-11T04:01:37Z
2026-09-11T04:00:00Z,AIP-19DEC30-CDE,3e-06,2891.394364,2898.4,2891.3,2890.7,568,1958,2026-09-11T04:01:37Z
2026-09-11T04:00:00Z,AVE-20DEC30-CDE,1.1e-05,121.9677,122.93,121.97,121.89,1184,1319,2026-09-11T04:01:37Z
2026-09-11T04:00:00Z,AVP-20DEC30-CDE,-2.8e-05,7.462288,7.58,7.455,7.46,7919,10236,2026-09-11T04:01:37Z
2026-09-11T04:00:00Z,BCP-20DEC30-CDE,-3e-05,227.919053,226.85,228.4,228.4,2309,30318,2026-09-11T04:01:37Z
2026-09-11T04:00:00Z,BIP-20DEC30-CDE,-4e-06,76886.047484,77105,76870,76905,156225,456993,2026-09-11T04:01:37Z
2026-09-11T04:00:00Z,BNB-20DEC30-CDE,9e-06,712.021024,714.1,712.175,711.75,551,996,2026-09-11T04:01:37Z
2026-09-11T04:00:00Z,CHN-19DEC30-CDE,-1.3e-05,2791.470805,2787.5,2793.95,2797.1,313,886,2026-09-11T04:01:37Z
2026-09-11T04:00:00Z,DEF-19DEC30-CDE,3.8e-05,2656.69838,2655.6,2660.4,2664.8,279,676,2026-09-11T04:01:37Z
2026-09-11T04:00:00Z,DOP-20DEC30-CDE,1e-06,0.083684,0.08388,0.0837,0.08369,2727,10487,2026-09-11T04:01:37Z
2026-09-11T04:00:00Z,ENA-20DEC30-CDE,4e-06,0.146032,0.14372,0.14607,0.14617,1678,5152,2026-09-11T04:01:37Z
2026-09-11T04:00:00Z,ETP-20DEC30-CDE,-2e-06,2446.408722,2461.5,2447,2448,261662,355714,2026-09-11T04:01:37Z
2026-09-11T04:00:00Z,HEP-20DEC30-CDE,1e-06,0.075138,0.07522,0.07519,0.07518,2499,29834,2026-09-11T04:01:37Z
2026-09-11T04:00:00Z,HYP-20DEC30-CDE,0,78.744473,80.05,78.745,78.68,10016,13977,2026-09-11T04:01:37Z
2026-09-11T04:00:00Z,LCP-20DEC30-CDE,5e-06,53.06831,52.12,53.075,53.1,2804,6445,2026-09-11T04:01:37Z
2026-09-11T04:00:00Z,LNP-20DEC30-CDE,1.3e-05,11.493402,11.608,11.4935,11.502,4511,8677,2026-09-11T04:01:37Z
2026-09-11T04:00:00Z,NER-20DEC30-CDE,5.4e-05,2.417762,2.4764,2.42235,2.4188,1501,11891,2026-09-11T04:01:37Z
2026-09-11T04:00:00Z,OND-20DEC30-CDE,-1.2e-05,0.347831,0.3469,0.34775,0.3477,4801,8178,2026-09-11T04:01:37Z
2026-09-11T04:00:00Z,PAU-20DEC30-CDE,-1e-05,4311.161812,4329.5,4309.45,4310.5,1164,3776,2026-09-11T04:01:37Z
2026-09-11T04:00:00Z,PEP-20DEC30-CDE,-9e-06,0.003288,0.003305,0.0032925,0.003288,820,4695,2026-09-11T04:01:37Z
2026-09-11T04:00:00Z,POP-20DEC30-CDE,-3.1e-05,1.122991,1.097,1.124,1.119,5890,12371,2026-09-11T04:01:37Z
2026-09-11T04:00:00Z,SHP-20DEC30-CDE,1.2e-05,0.005083,0.00509,0.005085,0.00507,3190,654,2026-09-11T04:01:37Z
2026-09-11T04:00:00Z,SLP-20DEC30-CDE,2e-06,99.303025,99.64,99.34,99.28,36561,67623,2026-09-11T04:01:37Z
2026-09-11T04:00:00Z,SUP-20DEC30-CDE,2.6e-05,0.736377,0.739,0.73725,0.7367,4960,14843,2026-09-11T04:01:37Z
2026-09-11T04:00:00Z,TEK-19DEC30-CDE,1.9e-05,3900.124231,3911.6,3901.5,3901.8,702,9083,2026-09-11T04:01:37Z
2026-09-11T04:00:00Z,US5-19DEC30-CDE,4e-06,3057.052795,3061.4,3056.85,3057.6,1249,4782,2026-09-11T04:01:37Z
2026-09-11T04:00:00Z,XLP-20DEC30-CDE,1.2e-05,0.175925,0.17794,0.17611,0.17592,3669,8822,2026-09-11T04:01:37Z
2026-09-11T04:00:00Z,XPP-20DEC30-CDE,1e-05,1.342421,1.3503,1.34265,1.3428,45444,75640,2026-09-11T04:01:37Z
2026-09-11T04:00:00Z,ZEC-20DEC30-CDE,9e-06,1067.766967,1124,1068.4,1068.1,10496,80743,2026-09-11T04:01:37Z
2026-09-11T05:00:00Z,ADP-20DEC30-CDE,-9e-06,0.210077,0.2091,0.20975,0.2098,8636,30628,2026-09-11T05:01:37Z
2026-09-11T05:00:00Z,AIP-19DEC30-CDE,3e-06,2896.769148,2898.4,2896.55,2896.9,568,1962,2026-09-11T05:01:37Z
2026-09-11T05:00:00Z,AVE-20DEC30-CDE,9e-06,122.703869,122.93,122.765,122.57,1184,1305,2026-09-11T05:01:37Z
2026-09-11T05:00:00Z,AVP-20DEC30-CDE,-2.9e-05,7.503598,7.58,7.495,7.5,7919,10267,2026-09-11T05:01:37Z
2026-09-11T05:00:00Z,BCP-20DEC30-CDE,-2.6e-05,228.038497,226.85,227.875,227.9,2309,29701,2026-09-11T05:01:37Z
2026-09-11T05:00:00Z,BIP-20DEC30-CDE,-1e-06,77086.826415,77105,77057.5,77060,156225,464605,2026-09-11T05:01:37Z
2026-09-11T05:00:00Z,BNB-20DEC30-CDE,7e-06,716.309536,714.1,716.025,713.5,551,999,2026-09-11T05:01:37Z
2026-09-11T05:00:00Z,CHN-19DEC30-CDE,1.7e-05,2793.499808,2787.5,2800.8,2796.7,313,896,2026-09-11T05:01:37Z
2026-09-11T05:00:00Z,DEF-19DEC30-CDE,4.9e-05,2658.751259,2655.6,2662.5,2661.4,279,678,2026-09-11T05:01:37Z
2026-09-11T05:00:00Z,DOP-20DEC30-CDE,0,0.084074,0.08388,0.08403,0.08403,2727,10288,2026-09-11T05:01:37Z
2026-09-11T05:00:00Z,ENA-20DEC30-CDE,8e-06,0.14661,0.14372,0.14672,0.14676,1678,5110,2026-09-11T05:01:37Z
2026-09-11T05:00:00Z,ETP-20DEC30-CDE,0,2458.129312,2461.5,2457.25,2458.5,261662,356345,2026-09-11T05:01:37Z
2026-09-11T05:00:00Z,HEP-20DEC30-CDE,6e-06,0.0755,0.07522,0.07548,0.07557,2499,29875,2026-09-11T05:01:37Z
2026-09-11T05:00:00Z,HYP-20DEC30-CDE,-5e-06,79.264544,80.05,79.23,79.3,10016,13703,2026-09-11T05:01:37Z
2026-09-11T05:00:00Z,LCP-20DEC30-CDE,9e-06,52.801207,52.12,52.77,52.8,2804,6377,2026-09-11T05:01:37Z
2026-09-11T05:00:00Z,LNP-20DEC30-CDE,1.3e-05,11.535233,11.608,11.531,11.563,4511,8646,2026-09-11T05:01:37Z
2026-09-11T05:00:00Z,NER-20DEC30-CDE,5.3e-05,2.456411,2.4764,2.45905,2.4594,1501,11523,2026-09-11T05:01:37Z
2026-09-11T05:00:00Z,OND-20DEC30-CDE,-1.1e-05,0.350606,0.3469,0.3504,0.3506,4801,8183,2026-09-11T05:01:37Z
2026-09-11T05:00:00Z,PAU-20DEC30-CDE,-1.4e-05,4337.125311,4329.5,4334.75,4335.6,1164,3768,2026-09-11T05:01:37Z
2026-09-11T05:00:00Z,PEP-20DEC30-CDE,-4e-06,0.00331,0.003305,0.0033045,0.003304,820,4687,2026-09-11T05:01:37Z
2026-09-11T05:00:00Z,POP-20DEC30-CDE,-2.1e-05,1.137788,1.097,1.139,1.136,5890,12546,2026-09-11T05:01:37Z
2026-09-11T05:00:00Z,SHP-20DEC30-CDE,1.1e-05,0.005108,0.00509,0.0051,0.0051,3190,656,2026-09-11T05:01:37Z
2026-09-11T05:00:00Z,SLP-20DEC30-CDE,0,99.632632,99.64,99.6,99.62,36561,68191,2026-09-11T05:01:37Z
2026-09-11T05:00:00Z,SUP-20DEC30-CDE,3.1e-05,0.740219,0.739,0.74025,0.7414,4960,14848,2026-09-11T05:01:37Z
2026-09-11T05:00:00Z,TEK-19DEC30-CDE,1.6e-05,3906.727148,3911.6,3907.55,3908.3,702,9182,2026-09-11T05:01:37Z
2026-09-11T05:00:00Z,US5-19DEC30-CDE,4e-06,3060.161641,3061.4,3061.4,3061.4,1249,4675,2026-09-11T05:01:37Z
2026-09-11T05:00:00Z,XLP-20DEC30-CDE,1e-05,0.176076,0.17794,0.176045,0.17626,3669,8748,2026-09-11T05:01:37Z
2026-09-11T05:00:00Z,XPP-20DEC30-CDE,1.1e-05,1.347898,1.3503,1.34825,1.3482,45444,75026,2026-09-11T05:01:37Z
2026-09-11T05:00:00Z,ZEC-20DEC30-CDE,1.7e-05,1086.524232,1124,1086.375,1086.95,10496,81931,2026-09-11T05:01:37Z
2026-09-11T06:00:00Z,ADP-20DEC30-CDE,-1.1e-05,0.209583,0.2091,0.2094,0.2096,8636,30037,2026-09-11T06:01:42Z
2026-09-11T06:00:00Z,AIP-19DEC30-CDE,5e-06,2904.705703,2898.4,2905.9,2902.4,568,1981,2026-09-11T06:01:42Z
2026-09-11T06:00:00Z,AVE-20DEC30-CDE,8e-06,123.443503,122.93,123.47,123.52,1184,1303,2026-09-11T06:01:42Z
2026-09-11T06:00:00Z,AVP-20DEC30-CDE,-2.8e-05,7.522047,7.58,7.52,7.52,7919,9613,2026-09-11T06:01:42Z
2026-09-11T06:00:00Z,BCP-20DEC30-CDE,-2.3e-05,227.305045,226.85,227.075,227.05,2309,30114,2026-09-11T06:01:42Z
2026-09-11T06:00:00Z,BIP-20DEC30-CDE,1e-06,77227.434028,77105,77227.5,77215,156225,465790,2026-09-11T06:01:42Z
2026-09-11T06:00:00Z,BNB-20DEC30-CDE,7e-06,716.34515,714.1,716.6,716.8,551,1002,2026-09-11T06:01:42Z
2026-09-11T06:00:00Z,CHN-19DEC30-CDE,7e-05,2802.400062,2787.5,2811.45,2809,313,912,2026-09-11T06:01:42Z
2026-09-11T06:00:00Z,DEF-19DEC30-CDE,5e-05,2662.790686,2655.6,2667.05,2663.2,279,684,2026-09-11T06:01:42Z
2026-09-11T06:00:00Z,DOP-20DEC30-CDE,-1e-06,0.084056,0.08388,0.084055,0.08408,2727,10193,2026-09-11T06:01:42Z
2026-09-11T06:00:00Z,ENA-20DEC30-CDE,1.9e-05,0.147227,0.14372,0.147065,0.14713,1678,5158,2026-09-11T06:01:42Z
2026-09-11T06:00:00Z,ETP-20DEC30-CDE,1e-06,2467.422082,2461.5,2467.25,2467,261662,353962,2026-09-11T06:01:42Z
2026-09-11T06:00:00Z,HEP-20DEC30-CDE,1.1e-05,0.075479,0.07522,0.075525,0.07553,2499,29941,2026-09-11T06:01:42Z
2026-09-11T06:00:00Z,HYP-20DEC30-CDE,-3e-06,79.806336,80.05,79.795,79.81,10016,13706,2026-09-11T06:01:42Z
2026-09-11T06:00:00Z,LCP-20DEC30-CDE,4e-06,52.979747,52.12,53.075,52.94,2804,6519,2026-09-11T06:01:42Z
2026-09-11T06:00:00Z,LNP-20DEC30-CDE,1.6e-05,11.575789,11.608,11.5785,11.581,4511,8645,2026-09-11T06:01:42Z
2026-09-11T06:00:00Z,NER-20DEC30-CDE,4.8e-05,2.466424,2.4764,2.4682,2.47,1501,11420,2026-09-11T06:01:42Z
2026-09-11T06:00:00Z,OND-20DEC30-CDE,-1e-05,0.351002,0.3469,0.35085,0.3512,4801,8074,2026-09-11T06:01:42Z
2026-09-11T06:00:00Z,PAU-20DEC30-CDE,-9e-06,4351.148559,4329.5,4354.5,4351.9,1164,3892,2026-09-11T06:01:42Z
2026-09-11T06:00:00Z,PEP-20DEC30-CDE,-2e-06,0.00331,0.003305,0.0033135,0.003314,820,4808,2026-09-11T06:01:42Z
2026-09-11T06:00:00Z,POP-20DEC30-CDE,-1.9e-05,1.148112,1.097,1.1445,1.143,5890,13508,2026-09-11T06:01:42Z
2026-09-11T06:00:00Z,SHP-20DEC30-CDE,1.3e-05,0.005099,0.00509,0.0051,0.00511,3190,655,2026-09-11T06:01:42Z
2026-09-11T06:00:00Z,SLP-20DEC30-CDE,0,99.846794,99.64,99.845,99.81,36561,67738,2026-09-11T06:01:42Z
2026-09-11T06:00:00Z,SUP-20DEC30-CDE,3.5e-05,0.740135,0.739,0.74065,0.7405,4960,14654,2026-09-11T06:01:42Z
2026-09-11T06:00:00Z,TEK-19DEC30-CDE,1.3e-05,3916.351776,3911.6,3917,3913.6,702,9182,2026-09-11T06:01:42Z
2026-09-11T06:00:00Z,US5-19DEC30-CDE,9e-06,3064.68949,3061.4,3066.1,3065.1,1249,4634,2026-09-11T06:01:42Z
2026-09-11T06:00:00Z,XLP-20DEC30-CDE,1.4e-05,0.176191,0.17794,0.17625,0.17632,3669,8582,2026-09-11T06:01:42Z
2026-09-11T06:00:00Z,XPP-20DEC30-CDE,1.5e-05,1.348854,1.3503,1.3496,1.3495,45444,75587,2026-09-11T06:01:42Z
2026-09-11T06:00:00Z,ZEC-20DEC30-CDE,2.7e-05,1096.583189,1124,1097.525,1097,10496,81987,2026-09-11T06:01:42Z
2026-09-11T07:00:00Z,ADP-20DEC30-CDE,-1e-05,0.208627,0.2091,0.2087,0.2086,8636,30073,2026-09-11T07:01:55Z
2026-09-11T07:00:00Z,AIP-19DEC30-CDE,9e-06,2910.181158,2898.4,2911.75,2907,568,1986,2026-09-11T07:01:55Z
2026-09-11T07:00:00Z,AVE-20DEC30-CDE,1e-05,123.271038,122.93,123.215,123.22,1184,1297,2026-09-11T07:01:55Z
2026-09-11T07:00:00Z,AVP-20DEC30-CDE,-2.6e-05,7.525309,7.58,7.52,7.51,7919,9454,2026-09-11T07:01:55Z
2026-09-11T07:00:00Z,BCP-20DEC30-CDE,-2e-05,226.87842,226.85,226.675,226.6,2309,30695,2026-09-11T07:01:55Z
2026-09-11T07:00:00Z,BIP-20DEC30-CDE,0,77263.094493,77105,77255,77255,156225,463055,2026-09-11T07:01:55Z
2026-09-11T07:00:00Z,BNB-20DEC30-CDE,8e-06,714.905489,714.1,714.925,714.95,551,927,2026-09-11T07:01:55Z
2026-09-11T07:00:00Z,CHN-19DEC30-CDE,0.000123,2805.144923,2787.5,2817.65,2818.6,313,922,2026-09-11T07:01:55Z
2026-09-11T07:00:00Z,DEF-19DEC30-CDE,5.7e-05,2663.25798,2655.6,2668.75,2666.4,279,688,2026-09-11T07:01:55Z
2026-09-11T07:00:00Z,DOP-20DEC30-CDE,2e-06,0.083959,0.08388,0.083995,0.08392,2727,10427,2026-09-11T07:01:55Z
2026-09-11T07:00:00Z,ENA-20DEC30-CDE,2.4e-05,0.145983,0.14372,0.14617,0.14595,1678,5128,2026-09-11T07:01:55Z
2026-09-11T07:00:00Z,ETP-20DEC30-CDE,1e-06,2465.72529,2461.5,2466,2466.5,261662,354544,2026-09-11T07:01:55Z
2026-09-11T07:00:00Z,HEP-20DEC30-CDE,2.1e-05,0.075038,0.07522,0.07508,0.07508,2499,30344,2026-09-11T07:01:55Z
2026-09-11T07:00:00Z,HYP-20DEC30-CDE,-1e-06,79.987902,80.05,80,79.99,10016,13417,2026-09-11T07:01:55Z
2026-09-11T07:00:00Z,LCP-20DEC30-CDE,3e-06,52.982417,52.12,52.98,53,2804,6693,2026-09-11T07:01:55Z
2026-09-11T07:00:00Z,LNP-20DEC30-CDE,1.8e-05,11.521124,11.608,11.5295,11.52,4511,8712,2026-09-11T07:01:55Z
2026-09-11T07:00:00Z,NER-20DEC30-CDE,3.6e-05,2.47933,2.4764,2.48485,2.4838,1501,11514,2026-09-11T07:01:55Z
2026-09-11T07:00:00Z,OND-20DEC30-CDE,-6e-06,0.350133,0.3469,0.35015,0.35,4801,7917,2026-09-11T07:01:55Z
2026-09-11T07:00:00Z,PAU-20DEC30-CDE,-6e-06,4356.532455,4329.5,4358.1,4356,1164,3902,2026-09-11T07:01:55Z
2026-09-11T07:00:00Z,PEP-20DEC30-CDE,4e-06,0.003309,0.003305,0.003314,0.003313,820,4888,2026-09-11T07:01:55Z
2026-09-11T07:00:00Z,POP-20DEC30-CDE,-1.8e-05,1.155951,1.097,1.1605,1.16,5890,14110,2026-09-11T07:01:55Z
2026-09-11T07:00:00Z,SHP-20DEC30-CDE,1.5e-05,0.005081,0.00509,0.00509,0.00511,3190,641,2026-09-11T07:01:55Z
2026-09-11T07:00:00Z,SLP-20DEC30-CDE,0,99.776898,99.64,99.775,99.74,36561,68338,2026-09-11T07:01:55Z
2026-09-11T07:00:00Z,SUP-20DEC30-CDE,4.2e-05,0.737139,0.739,0.73825,0.7383,4960,14985,2026-09-11T07:01:55Z
2026-09-11T07:00:00Z,TEK-19DEC30-CDE,1.3e-05,3921.815379,3911.6,3924.75,3922.2,702,9272,2026-09-11T07:01:55Z
2026-09-11T07:00:00Z,US5-19DEC30-CDE,1.6e-05,3067.06649,3061.4,3069.45,3069.1,1249,4650,2026-09-11T07:01:55Z
2026-09-11T07:00:00Z,XLP-20DEC30-CDE,1.4e-05,0.176667,0.17794,0.17677,0.17665,3669,8651,2026-09-11T07:01:55Z
2026-09-11T07:00:00Z,XPP-20DEC30-CDE,1.6e-05,1.353171,1.3503,1.3542,1.3531,45444,74953,2026-09-11T07:01:55Z
2026-09-11T07:00:00Z,ZEC-20DEC30-CDE,1.8e-05,1104.257773,1124,1106.175,1103.2,10496,81671,2026-09-11T07:01:55Z
2026-09-11T08:00:00Z,ADP-20DEC30-CDE,-8e-06,0.207846,0.2091,0.2079,0.2079,8636,29958,2026-09-11T08:01:47Z
2026-09-11T08:00:00Z,AIP-19DEC30-CDE,1.2e-05,2908.339296,2898.4,2910.35,2909.4,568,1989,2026-09-11T08:01:47Z
2026-09-11T08:00:00Z,AVE-20DEC30-CDE,1e-05,122.776834,122.93,122.835,122.72,1184,1267,2026-09-11T08:01:47Z
2026-09-11T08:00:00Z,AVP-20DEC30-CDE,-2.5e-05,7.479707,7.58,7.475,7.47,7919,9355,2026-09-11T08:01:47Z
2026-09-11T08:00:00Z,BCP-20DEC30-CDE,-1.5e-05,227.287614,226.85,227.225,227.3,2309,30783,2026-09-11T08:01:47Z
2026-09-11T08:00:00Z,BIP-20DEC30-CDE,-1e-06,77199.150653,77105,77200,77205,156225,454731,2026-09-11T08:01:47Z
2026-09-11T08:00:00Z,BNB-20DEC30-CDE,8e-06,713.51463,714.1,713.975,714.95,551,925,2026-09-11T08:01:47Z
2026-09-11T08:00:00Z,CHN-19DEC30-CDE,0.000138,2807.099416,2787.5,2809.8,2816,313,922,2026-09-11T08:01:47Z
2026-09-11T08:00:00Z,DEF-19DEC30-CDE,6.5e-05,2664.767644,2655.6,2668.25,2666.4,279,686,2026-09-11T08:01:47Z
2026-09-11T08:00:00Z,DOP-20DEC30-CDE,4e-06,0.083771,0.08388,0.0838,0.08379,2727,10645,2026-09-11T08:01:47Z
2026-09-11T08:00:00Z,ENA-20DEC30-CDE,3.4e-05,0.144834,0.14372,0.144925,0.14506,1678,4986,2026-09-11T08:01:47Z
2026-09-11T08:00:00Z,ETP-20DEC30-CDE,2e-06,2466.309086,2461.5,2466.5,2466,261662,353532,2026-09-11T08:01:47Z
2026-09-11T08:00:00Z,HEP-20DEC30-CDE,2.5e-05,0.074485,0.07522,0.074515,0.07448,2499,30636,2026-09-11T08:01:47Z
2026-09-11T08:00:00Z,HYP-20DEC30-CDE,-3e-06,79.815737,80.05,79.79,79.86,10016,13165,2026-09-11T08:01:47Z
2026-09-11T08:00:00Z,LCP-20DEC30-CDE,4e-06,53.113689,52.12,53.13,53.15,2804,6740,2026-09-11T08:01:47Z
2026-09-11T08:00:00Z,LNP-20DEC30-CDE,2.1e-05,11.472173,11.608,11.477,11.479,4511,8805,2026-09-11T08:01:47Z
2026-09-11T08:00:00Z,NER-20DEC30-CDE,3.1e-05,2.45053,2.4764,2.44935,2.4509,1501,11415,2026-09-11T08:01:47Z
2026-09-11T08:00:00Z,OND-20DEC30-CDE,-1e-06,0.349441,0.3469,0.34955,0.3492,4801,7693,2026-09-11T08:01:47Z
2026-09-11T08:00:00Z,PAU-20DEC30-CDE,-5e-06,4351.024986,4329.5,4347.6,4348.6,1164,3916,2026-09-11T08:01:47Z
2026-09-11T08:00:00Z,PEP-20DEC30-CDE,1.1e-05,0.00331,0.003305,0.003307,0.003307,820,4926,2026-09-11T08:01:47Z
2026-09-11T08:00:00Z,POP-20DEC30-CDE,-2e-05,1.126461,1.097,1.1235,1.125,5890,14666,2026-09-11T08:01:47Z
2026-09-11T08:00:00Z,SHP-20DEC30-CDE,1.5e-05,0.005088,0.00509,0.00509,0.0051,3190,639,2026-09-11T08:01:47Z
2026-09-11T08:00:00Z,SLP-20DEC30-CDE,2e-06,99.710121,99.64,99.71,99.69,36561,68348,2026-09-11T08:01:47Z
2026-09-11T08:00:00Z,SUP-20DEC30-CDE,4.5e-05,0.737013,0.739,0.7376,0.7383,4960,15458,2026-09-11T08:01:47Z
2026-09-11T08:00:00Z,TEK-19DEC30-CDE,1.7e-05,3922.281087,3911.6,3923.45,3922.7,702,9270,2026-09-11T08:01:47Z
2026-09-11T08:00:00Z,US5-19DEC30-CDE,1.7e-05,3067.411351,3061.4,3067.75,3068.7,1249,4701,2026-09-11T08:01:47Z
2026-09-11T08:00:00Z,XLP-20DEC30-CDE,1.8e-05,0.176241,0.17794,0.17639,0.17646,3669,8661,2026-09-11T08:01:47Z
2026-09-11T08:00:00Z,XPP-20DEC30-CDE,1.6e-05,1.350782,1.3503,1.35125,1.3515,45444,74080,2026-09-11T08:01:47Z
2026-09-11T08:00:00Z,ZEC-20DEC30-CDE,1.7e-05,1112.048429,1124,1111.65,1113.45,10496,81558,2026-09-11T08:01:47Z
2026-09-11T09:00:00Z,ADP-20DEC30-CDE,-4e-06,0.207664,0.2091,0.2076,0.2078,8636,28561,2026-09-11T09:01:43Z
2026-09-11T09:00:00Z,AIP-19DEC30-CDE,8e-06,2919.662927,2898.4,2922.1,2922.6,568,2055,2026-09-11T09:01:43Z
2026-09-11T09:00:00Z,AVE-20DEC30-CDE,1.1e-05,122.91,122.93,122.955,123.01,1184,1293,2026-09-11T09:01:43Z
2026-09-11T09:00:00Z,AVP-20DEC30-CDE,-2.6e-05,7.50197,7.58,7.495,7.49,7919,9026,2026-09-11T09:01:43Z
2026-09-11T09:00:00Z,BCP-20DEC30-CDE,-1.4e-05,227.227697,226.85,227.2,226.95,2309,30310,2026-09-11T09:01:43Z
2026-09-11T09:00:00Z,BIP-20DEC30-CDE,-1e-06,77336.882187,77105,77335,77335,156225,456265,2026-09-11T09:01:43Z
2026-09-11T09:00:00Z,BNB-20DEC30-CDE,5e-06,714.075714,714.1,713.8,714.95,551,925,2026-09-11T09:01:43Z
2026-09-11T09:00:00Z,CHN-19DEC30-CDE,6.7e-05,2811.247769,2787.5,2809.9,2809.9,313,823,2026-09-11T09:01:43Z
2026-09-11T09:00:00Z,DEF-19DEC30-CDE,3.9e-05,2677.554988,2655.6,2679.45,2678,279,676,2026-09-11T09:01:43Z
2026-09-11T09:00:00Z,DOP-20DEC30-CDE,2e-06,0.084006,0.08388,0.084025,0.08406,2727,10215,2026-09-11T09:01:43Z
2026-09-11T09:00:00Z,ENA-20DEC30-CDE,4.3e-05,0.144849,0.14372,0.145135,0.14509,1678,5095,2026-09-11T09:01:43Z
2026-09-11T09:00:00Z,ETP-20DEC30-CDE,0,2476.244736,2461.5,2476,2476,261662,360977,2026-09-11T09:01:43Z
2026-09-11T09:00:00Z,HEP-20DEC30-CDE,2.7e-05,0.0745,0.07522,0.07454,0.07462,2499,30456,2026-09-11T09:01:43Z
2026-09-11T09:00:00Z,HYP-20DEC30-CDE,-4e-06,80.242548,80.05,80.165,80.18,10016,13229,2026-09-11T09:01:43Z
2026-09-11T09:00:00Z,LCP-20DEC30-CDE,4e-06,53.050597,52.12,53.055,53.12,2804,6631,2026-09-11T09:01:43Z
2026-09-11T09:00:00Z,LNP-20DEC30-CDE,2e-05,11.497541,11.608,11.5015,11.506,4511,8681,2026-09-11T09:01:43Z
2026-09-11T09:00:00Z,NER-20DEC30-CDE,2.7e-05,2.469637,2.4764,2.4709,2.4713,1501,11383,2026-09-11T09:01:43Z
2026-09-11T09:00:00Z,OND-20DEC30-CDE,-3e-06,0.351353,0.3469,0.3515,0.3512,4801,7608,2026-09-11T09:01:43Z
2026-09-11T09:00:00Z,PAU-20DEC30-CDE,-6e-06,4352.752414,4329.5,4357,4357.6,1164,3914,2026-09-11T09:01:43Z
2026-09-11T09:00:00Z,PEP-20DEC30-CDE,2e-06,0.00331,0.003305,0.003312,0.003313,820,4962,2026-09-11T09:01:43Z
2026-09-11T09:00:00Z,POP-20DEC30-CDE,-2.4e-05,1.125675,1.097,1.1235,1.124,5890,15377,2026-09-11T09:01:43Z
2026-09-11T09:00:00Z,SHP-20DEC30-CDE,1.2e-05,0.00509,0.00509,0.00509,0.0051,3190,621,2026-09-11T09:01:43Z
2026-09-11T09:00:00Z,SLP-20DEC30-CDE,1e-06,99.880544,99.64,99.875,99.92,36561,67695,2026-09-11T09:01:43Z
2026-09-11T09:00:00Z,SUP-20DEC30-CDE,4.4e-05,0.736262,0.739,0.73685,0.7371,4960,15178,2026-09-11T09:01:43Z
2026-09-11T09:00:00Z,TEK-19DEC30-CDE,9e-06,3933.337468,3911.6,3935.35,3936,702,9696,2026-09-11T09:01:43Z
2026-09-11T09:00:00Z,US5-19DEC30-CDE,2.4e-05,3073.371763,3061.4,3078.35,3074.6,1249,4919,2026-09-11T09:01:43Z
2026-09-11T09:00:00Z,XLP-20DEC30-CDE,2.6e-05,0.17616,0.17794,0.176265,0.17626,3669,8559,2026-09-11T09:01:43Z
2026-09-11T09:00:00Z,XPP-20DEC30-CDE,1.6e-05,1.353109,1.3503,1.3541,1.3531,45444,71334,2026-09-11T09:01:43Z
2026-09-11T09:00:00Z,ZEC-20DEC30-CDE,2.1e-05,1114.476256,1124,1114.525,1114.45,10496,81610,2026-09-11T09:01:43Z
2026-09-11T10:00:00Z,ADP-20DEC30-CDE,0,0.203951,0.2091,0.2039,0.2038,8636,28357,2026-09-11T10:01:41Z
2026-09-11T10:00:00Z,AIP-19DEC30-CDE,5e-06,2919.32483,2898.4,2920.05,2922.6,568,2057,2026-09-11T10:01:41Z
2026-09-11T10:00:00Z,AVE-20DEC30-CDE,1.3e-05,122.399796,122.93,122.415,122.56,1184,1317,2026-09-11T10:01:41Z
2026-09-11T10:00:00Z,AVP-20DEC30-CDE,-1.7e-05,7.404425,7.58,7.4,7.41,7919,8596,2026-09-11T10:01:41Z
2026-09-11T10:00:00Z,BCP-20DEC30-CDE,-1.6e-05,225.262293,226.85,225.275,225.2,2309,30223,2026-09-11T10:01:41Z
2026-09-11T10:00:00Z,BIP-20DEC30-CDE,0,77026.03249,77105,77045,77025,156225,455923,2026-09-11T10:01:41Z
2026-09-11T10:00:00Z,BNB-20DEC30-CDE,3e-06,712.721235,714.1,712.95,713.75,551,912,2026-09-11T10:01:41Z
2026-09-11T10:00:00Z,CHN-19DEC30-CDE,2.5e-05,2810.869004,2787.5,2810,2809.9,313,801,2026-09-11T10:01:41Z
2026-09-11T10:00:00Z,DEF-19DEC30-CDE,1.8e-05,2679.644714,2655.6,2679.05,2678.8,279,678,2026-09-11T10:01:41Z
2026-09-11T10:00:00Z,DOP-20DEC30-CDE,5e-06,0.083684,0.08388,0.08368,0.08371,2727,9986,2026-09-11T10:01:41Z
2026-09-11T10:00:00Z,ENA-20DEC30-CDE,4.5e-05,0.143819,0.14372,0.14397,0.14398,1678,5208,2026-09-11T10:01:41Z
2026-09-11T10:00:00Z,ETP-20DEC30-CDE,-2e-06,2468.853936,2461.5,2468.75,2468,261662,355457,2026-09-11T10:01:41Z
2026-09-11T10:00:00Z,HEP-20DEC30-CDE,2.7e-05,0.074135,0.07522,0.07414,0.07417,2499,30424,2026-09-11T10:01:41Z
2026-09-11T10:00:00Z,HYP-20DEC30-CDE,-2e-06,79.491973,80.05,79.47,79.5,10016,12825,2026-09-11T10:01:41Z
2026-09-11T10:00:00Z,LCP-20DEC30-CDE,2e-06,52.555644,52.12,52.52,52.57,2804,6917,2026-09-11T10:01:41Z
2026-09-11T10:00:00Z,LNP-20DEC30-CDE,1.8e-05,11.431705,11.608,11.434,11.439,4511,8732,2026-09-11T10:01:41Z
2026-09-11T10:00:00Z,NER-20DEC30-CDE,2.4e-05,2.465598,2.4764,2.4647,2.468,1501,11442,2026-09-11T10:01:41Z
2026-09-11T10:00:00Z,OND-20DEC30-CDE,-1e-06,0.348505,0.3469,0.34845,0.3487,4801,7765,2026-09-11T10:01:41Z
2026-09-11T10:00:00Z,PAU-20DEC30-CDE,-5e-06,4350.427115,4329.5,4352.65,4349.8,1164,3795,2026-09-11T10:01:41Z
2026-09-11T10:00:00Z,PEP-20DEC30-CDE,2e-06,0.003288,0.003305,0.003279,0.003277,820,5003,2026-09-11T10:01:41Z
2026-09-11T10:00:00Z,POP-20DEC30-CDE,-1.5e-05,1.096199,1.097,1.0935,1.096,5890,16254,2026-09-11T10:01:41Z
2026-09-11T10:00:00Z,SHP-20DEC30-CDE,1.4e-05,0.00506,0.00509,0.00507,0.00506,3190,626,2026-09-11T10:01:41Z
2026-09-11T10:00:00Z,SLP-20DEC30-CDE,0,99.380958,99.64,99.395,99.38,36561,67628,2026-09-11T10:01:41Z
2026-09-11T10:00:00Z,SUP-20DEC30-CDE,4.4e-05,0.7307,0.739,0.7313,0.7318,4960,15156,2026-09-11T10:01:41Z
2026-09-11T10:00:00Z,TEK-19DEC30-CDE,7e-06,3932.419899,3911.6,3932.1,3932,702,9584,2026-09-11T10:01:41Z
2026-09-11T10:00:00Z,US5-19DEC30-CDE,3.7e-05,3072.954413,3061.4,3077.05,3076.4,1249,4916,2026-09-11T10:01:41Z
2026-09-11T10:00:00Z,XLP-20DEC30-CDE,2.2e-05,0.175183,0.17794,0.17518,0.17518,3669,8478,2026-09-11T10:01:41Z
2026-09-11T10:00:00Z,XPP-20DEC30-CDE,1.4e-05,1.340965,1.3503,1.34125,1.3414,45444,69684,2026-09-11T10:01:41Z
2026-09-11T10:00:00Z,ZEC-20DEC30-CDE,2.6e-05,1103.642798,1124,1102.95,1103.65,10496,82208,2026-09-11T10:01:41Z
2026-09-11T11:00:00Z,ADP-20DEC30-CDE,0,0.202504,0.2091,0.2024,0.2025,8636,27592,2026-09-11T11:01:46Z
2026-09-11T11:00:00Z,AIP-19DEC30-CDE,1e-06,2919.363065,2898.4,2918.4,2917.4,568,2045,2026-09-11T11:01:46Z
2026-09-11T11:00:00Z,AVE-20DEC30-CDE,1.1e-05,121.880423,122.93,121.82,122.4,1184,1241,2026-09-11T11:01:46Z
2026-09-11T11:00:00Z,AVP-20DEC30-CDE,-1.6e-05,7.351484,7.58,7.345,7.34,7919,8747,2026-09-11T11:01:46Z
2026-09-11T11:00:00Z,BCP-20DEC30-CDE,-2e-05,224.849121,226.85,224.725,224.6,2309,28984,2026-09-11T11:01:46Z
2026-09-11T11:00:00Z,BIP-20DEC30-CDE,0,76968.557356,77105,76925,76935,156225,452699,2026-09-11T11:01:46Z
2026-09-11T11:00:00Z,BNB-20DEC30-CDE,5e-06,712.368307,714.1,711.9,713.75,551,908,2026-09-11T11:01:46Z
2026-09-11T11:00:00Z,CHN-19DEC30-CDE,4e-06,2811.784419,2787.5,2811.3,2813.2,313,815,2026-09-11T11:01:46Z
2026-09-11T11:00:00Z,DEF-19DEC30-CDE,1.2e-05,2676.706795,2655.6,2676.75,2678.6,279,679,2026-09-11T11:01:46Z
2026-09-11T11:00:00Z,DOP-20DEC30-CDE,7e-06,0.083364,0.08388,0.083265,0.08335,2727,10037,2026-09-11T11:01:46Z
2026-09-11T11:00:00Z,ENA-20DEC30-CDE,4.4e-05,0.142535,0.14372,0.142435,0.14245,1678,5142,2026-09-11T11:01:46Z
2026-09-11T11:00:00Z,ETP-20DEC30-CDE,-2e-06,2459.657834,2461.5,2458.25,2458.5,261662,352996,2026-09-11T11:01:46Z
2026-09-11T11:00:00Z,HEP-20DEC30-CDE,2.5e-05,0.073602,0.07522,0.073545,0.07356,2499,30436,2026-09-11T11:01:46Z
2026-09-11T11:00:00Z,HYP-20DEC30-CDE,0,79.115438,80.05,79.095,79.16,10016,12604,2026-09-11T11:01:46Z
2026-09-11T11:00:00Z,LCP-20DEC30-CDE,5e-06,52.191007,52.12,52.165,52.18,2804,6950,2026-09-11T11:01:46Z
2026-09-11T11:00:00Z,LNP-20DEC30-CDE,2.2e-05,11.350498,11.608,11.321,11.329,4511,8586,2026-09-11T11:01:46Z
2026-09-11T11:00:00Z,NER-20DEC30-CDE,2.4e-05,2.448285,2.4764,2.44635,2.4514,1501,11464,2026-09-11T11:01:46Z
2026-09-11T11:00:00Z,OND-20DEC30-CDE,2e-06,0.345759,0.3469,0.34525,0.3463,4801,7490,2026-09-11T11:01:46Z
2026-09-11T11:00:00Z,PAU-20DEC30-CDE,-4e-06,4341.363431,4329.5,4342.25,4341.2,1164,3687,2026-09-11T11:01:46Z
2026-09-11T11:00:00Z,PEP-20DEC30-CDE,2e-06,0.003254,0.003305,0.003251,0.00325,820,4998,2026-09-11T11:01:46Z
2026-09-11T11:00:00Z,POP-20DEC30-CDE,-1.3e-05,1.083446,1.097,1.0815,1.082,5890,16455,2026-09-11T11:01:46Z
2026-09-11T11:00:00Z,SHP-20DEC30-CDE,9e-06,0.00505,0.00509,0.005045,0.00506,3190,670,2026-09-11T11:01:46Z
2026-09-11T11:00:00Z,SLP-20DEC30-CDE,-1e-06,99.098822,99.64,99.05,99.05,36561,68112,2026-09-11T11:01:46Z
2026-09-11T11:00:00Z,SUP-20DEC30-CDE,4.4e-05,0.724535,0.739,0.7249,0.7233,4960,15230,2026-09-11T11:01:46Z
2026-09-11T11:00:00Z,TEK-19DEC30-CDE,4e-06,3933.114329,3911.6,3932.5,3934.5,702,9622,2026-09-11T11:01:46Z
2026-09-11T11:00:00Z,US5-19DEC30-CDE,4.7e-05,3072.931202,3061.4,3076.5,3077.5,1249,4910,2026-09-11T11:01:46Z
2026-09-11T11:00:00Z,XLP-20DEC30-CDE,2.2e-05,0.174084,0.17794,0.17419,0.17407,3669,8188,2026-09-11T11:01:46Z
2026-09-11T11:00:00Z,XPP-20DEC30-CDE,1.3e-05,1.331425,1.3503,1.3304,1.3304,45444,69545,2026-09-11T11:01:46Z
2026-09-11T11:00:00Z,ZEC-20DEC30-CDE,2.8e-05,1097.713815,1124,1097.35,1097.05,10496,80807,2026-09-11T11:01:46Z
2026-09-11T12:00:00Z,ADP-20DEC30-CDE,-5e-06,0.202483,0.2091,0.2026,0.2027,8636,27005,2026-09-11T12:01:49Z
2026-09-11T12:00:00Z,AIP-19DEC30-CDE,2e-06,2920.26198,2898.4,2919.8,2922,568,2017,2026-09-11T12:01:49Z
2026-09-11T12:00:00Z,AVE-20DEC30-CDE,1e-05,122.166517,122.93,122.365,121.45,1184,1238,2026-09-11T12:01:49Z
2026-09-11T12:00:00Z,AVP-20DEC30-CDE,-1.5e-05,7.358249,7.58,7.365,7.35,7919,8664,2026-09-11T12:01:49Z
2026-09-11T12:00:00Z,BCP-20DEC30-CDE,-2e-05,225.030034,226.85,225.2,225,2309,29285,2026-09-11T12:01:49Z
2026-09-11T12:00:00Z,BIP-20DEC30-CDE,2e-06,76991.110744,77105,77050,77045,156225,450862,2026-09-11T12:01:49Z
2026-09-11T12:00:00Z,BNB-20DEC30-CDE,5e-06,712.932185,714.1,713.45,710.55,551,886,2026-09-11T12:01:49Z
2026-09-11T12:00:00Z,CHN-19DEC30-CDE,6e-06,2809.098949,2787.5,2810,2811.2,313,819,2026-09-11T12:01:49Z
2026-09-11T12:00:00Z,DEF-19DEC30-CDE,1.3e-05,2675.598761,2655.6,2675,2674.5,279,683,2026-09-11T12:01:49Z
2026-09-11T12:00:00Z,DOP-20DEC30-CDE,3e-06,0.083658,0.08388,0.083715,0.08369,2727,9813,2026-09-11T12:01:49Z
2026-09-11T12:00:00Z,ENA-20DEC30-CDE,4e-05,0.1429,0.14372,0.143215,0.14303,1678,5230,2026-09-11T12:01:49Z
2026-09-11T12:00:00Z,ETP-20DEC30-CDE,0,2456.734206,2461.5,2458,2457.5,261662,346490,2026-09-11T12:01:49Z
2026-09-11T12:00:00Z,HEP-20DEC30-CDE,1.8e-05,0.073837,0.07522,0.07388,0.07385,2499,30213,2026-09-11T12:01:49Z
2026-09-11T12:00:00Z,HYP-20DEC30-CDE,-1e-06,79.23181,80.05,79.265,79.28,10016,12449,2026-09-11T12:01:49Z
2026-09-11T12:00:00Z,LCP-20DEC30-CDE,0,52.363511,52.12,52.405,52.37,2804,6787,2026-09-11T12:01:49Z
2026-09-11T12:00:00Z,LNP-20DEC30-CDE,1.7e-05,11.399193,11.608,11.415,11.4,4511,8629,2026-09-11T12:01:49Z
2026-09-11T12:00:00Z,NER-20DEC30-CDE,2.8e-05,2.455882,2.4764,2.46155,2.4576,1501,11401,2026-09-11T12:01:49Z
2026-09-11T12:00:00Z,OND-20DEC30-CDE,-4e-06,0.347388,0.3469,0.3476,0.3471,4801,7481,2026-09-11T12:01:49Z
2026-09-11T12:00:00Z,PAU-20DEC30-CDE,1e-06,4336.698067,4329.5,4338.35,4337.6,1164,3780,2026-09-11T12:01:49Z
2026-09-11T12:00:00Z,PEP-20DEC30-CDE,-8e-06,0.00326,0.003305,0.0032585,0.003257,820,4960,2026-09-11T12:01:49Z
2026-09-11T12:00:00Z,POP-20DEC30-CDE,-1.2e-05,1.087222,1.097,1.089,1.087,5890,16472,2026-09-11T12:01:49Z
2026-09-11T12:00:00Z,SHP-20DEC30-CDE,7e-06,0.00505,0.00509,0.00505,0.00502,3190,664,2026-09-11T12:01:49Z
2026-09-11T12:00:00Z,SLP-20DEC30-CDE,0,99.460925,99.64,99.55,99.48,36561,63765,2026-09-11T12:01:49Z
2026-09-11T12:00:00Z,SUP-20DEC30-CDE,3.8e-05,0.718958,0.739,0.72035,0.7198,4960,15816,2026-09-11T12:01:49Z
2026-09-11T12:00:00Z,TEK-19DEC30-CDE,5e-06,3934.313708,3911.6,3934.05,3935.2,702,9248,2026-09-11T12:01:49Z
2026-09-11T12:00:00Z,US5-19DEC30-CDE,5.2e-05,3073.370519,3061.4,3077.35,3077.4,1249,4720,2026-09-11T12:01:49Z
2026-09-11T12:00:00Z,XLP-20DEC30-CDE,1.8e-05,0.174556,0.17794,0.174695,0.1745,3669,8148,2026-09-11T12:01:49Z
2026-09-11T12:00:00Z,XPP-20DEC30-CDE,1.3e-05,1.328725,1.3503,1.3308,1.3306,45444,69776,2026-09-11T12:01:49Z
2026-09-11T12:00:00Z,ZEC-20DEC30-CDE,3e-05,1101.330354,1124,1102.475,1102.85,10496,79897,2026-09-11T12:01:49Z
2026-09-11T13:00:00Z,ADP-20DEC30-CDE,-2e-06,0.208293,0.2091,0.208,0.208,8636,27521,2026-09-11T13:01:47Z
2026-09-11T13:00:00Z,AIP-19DEC30-CDE,0,2937.730468,2898.4,2939.7,2939.5,568,2176,2026-09-11T13:01:47Z
2026-09-11T13:00:00Z,AVE-20DEC30-CDE,1.1e-05,124.320217,122.93,124.32,124.18,1184,1823,2026-09-11T13:01:47Z
2026-09-11T13:00:00Z,AVP-20DEC30-CDE,-1.9e-05,7.573437,7.58,7.565,7.58,7919,9026,2026-09-11T13:01:47Z
2026-09-11T13:00:00Z,BCP-20DEC30-CDE,-1.5e-05,229.283038,226.85,228.4,228.5,2309,35367,2026-09-11T13:01:47Z
2026-09-11T13:00:00Z,BIP-20DEC30-CDE,2e-06,77921.605865,77105,77860,77880,156225,461593,2026-09-11T13:01:47Z
2026-09-11T13:00:00Z,BNB-20DEC30-CDE,7e-06,721.976275,714.1,721.2,723.1,551,682,2026-09-11T13:01:47Z
2026-09-11T13:00:00Z,CHN-19DEC30-CDE,6e-06,2816.020494,2787.5,2818.4,2818.1,313,746,2026-09-11T13:01:47Z
2026-09-11T13:00:00Z,DEF-19DEC30-CDE,1.2e-05,2687.570579,2655.6,2690.25,2691,279,658,2026-09-11T13:01:47Z
2026-09-11T13:00:00Z,DOP-20DEC30-CDE,6e-06,0.08506,0.08388,0.08493,0.08511,2727,11087,2026-09-11T13:01:47Z
2026-09-11T13:00:00Z,ENA-20DEC30-CDE,3.7e-05,0.147468,0.14372,0.147045,0.14705,1678,6141,2026-09-11T13:01:47Z
2026-09-11T13:00:00Z,ETP-20DEC30-CDE,3e-06,2506.923143,2461.5,2504.25,2504,261662,381351,2026-09-11T13:01:47Z
2026-09-11T13:00:00Z,HEP-20DEC30-CDE,1.2e-05,0.075408,0.07522,0.07536,0.07553,2499,30562,2026-09-11T13:01:47Z
2026-09-11T13:00:00Z,HYP-20DEC30-CDE,-5e-06,81.831714,80.05,81.755,81.77,10016,12789,2026-09-11T13:01:47Z
2026-09-11T13:00:00Z,LCP-20DEC30-CDE,-1e-06,53.294848,52.12,53.23,53.32,2804,6943,2026-09-11T13:01:47Z
2026-09-11T13:00:00Z,LNP-20DEC30-CDE,1.8e-05,11.666689,11.608,11.6475,11.653,4511,9441,2026-09-11T13:01:47Z
2026-09-11T13:00:00Z,NER-20DEC30-CDE,3.5e-05,2.566836,2.4764,2.5668,2.5684,1501,12340,2026-09-11T13:01:47Z
2026-09-11T13:00:00Z,OND-20DEC30-CDE,-1.1e-05,0.356345,0.3469,0.3556,0.3556,4801,9200,2026-09-11T13:01:47Z
2026-09-11T13:00:00Z,PAU-20DEC30-CDE,2e-06,4390.594612,4329.5,4391.1,4390.7,1164,3821,2026-09-11T13:01:47Z
2026-09-11T13:00:00Z,PEP-20DEC30-CDE,-1.7e-05,0.003354,0.003305,0.0033505,0.003348,820,6004,2026-09-11T13:01:47Z
2026-09-11T13:00:00Z,POP-20DEC30-CDE,-6e-06,1.094836,1.097,1.093,1.096,5890,16651,2026-09-11T13:01:47Z
2026-09-11T13:00:00Z,SHP-20DEC30-CDE,-8e-06,0.005157,0.00509,0.005145,0.00516,3190,993,2026-09-11T13:01:47Z
2026-09-11T13:00:00Z,SLP-20DEC30-CDE,-6e-06,101.521293,99.64,101.35,101.39,36561,68402,2026-09-11T13:01:47Z
2026-09-11T13:00:00Z,SUP-20DEC30-CDE,5.5e-05,0.737842,0.739,0.7366,0.7362,4960,16523,2026-09-11T13:01:47Z
2026-09-11T13:00:00Z,TEK-19DEC30-CDE,7e-06,3951.889123,3911.6,3955.4,3955.5,702,9473,2026-09-11T13:01:47Z
2026-09-11T13:00:00Z,US5-19DEC30-CDE,6.3e-05,3083.810287,3061.4,3093.1,3093,1249,4574,2026-09-11T13:01:47Z
2026-09-11T13:00:00Z,XLP-20DEC30-CDE,8e-06,0.178998,0.17794,0.178675,0.17868,3669,8147,2026-09-11T13:01:47Z
2026-09-11T13:00:00Z,XPP-20DEC30-CDE,1.1e-05,1.363912,1.3503,1.36275,1.3626,45444,77600,2026-09-11T13:01:47Z
2026-09-11T13:00:00Z,ZEC-20DEC30-CDE,2.9e-05,1149.946513,1124,1144.825,1144.85,10496,82597,2026-09-11T13:01:47Z
2026-09-11T14:00:00Z,ADP-20DEC30-CDE,2e-06,0.214463,0.2091,0.2149,0.2148,8636,29472,2026-09-11T14:01:43Z
2026-09-11T14:00:00Z,AIP-19DEC30-CDE,-1e-06,2937.25546,2898.4,2940.4,2941.8,568,1729,2026-09-11T14:01:43Z
2026-09-11T14:00:00Z,AVE-20DEC30-CDE,1.8e-05,129.403361,122.93,129.855,129.87,1184,2305,2026-09-11T14:01:43Z
2026-09-11T14:00:00Z,AVP-20DEC30-CDE,-1.7e-05,7.773455,7.58,7.805,7.78,7919,9160,2026-09-11T14:01:43Z
2026-09-11T14:00:00Z,BCP-20DEC30-CDE,-1.2e-05,236.001087,226.85,236.95,236.95,2309,32700,2026-09-11T14:01:43Z
2026-09-11T14:00:00Z,BIP-20DEC30-CDE,5e-06,79192.155938,77105,79422.5,79385,156225,510872,2026-09-11T14:01:43Z
2026-09-11T14:00:00Z,BNB-20DEC30-CDE,2e-06,736.824674,714.1,738.5,737.15,551,618,2026-09-11T14:01:43Z
2026-09-11T14:00:00Z,CHN-19DEC30-CDE,0,2826.003388,2787.5,2822.9,2820.1,313,677,2026-09-11T14:01:43Z
2026-09-11T14:00:00Z,DEF-19DEC30-CDE,8e-06,2677.478428,2655.6,2677.05,2677.9,279,638,2026-09-11T14:01:43Z
2026-09-11T14:00:00Z,DOP-20DEC30-CDE,1.5e-05,0.087385,0.08388,0.08756,0.08764,2727,10418,2026-09-11T14:01:43Z
2026-09-11T14:00:00Z,ENA-20DEC30-CDE,4.4e-05,0.155902,0.14372,0.15668,0.15678,1678,6727,2026-09-11T14:01:43Z
2026-09-11T14:00:00Z,ETP-20DEC30-CDE,7e-06,2628.439417,2461.5,2635.5,2637.5,261662,496732,2026-09-11T14:01:43Z
2026-09-11T14:00:00Z,HEP-20DEC30-CDE,1.6e-05,0.076804,0.07522,0.07691,0.07689,2499,30794,2026-09-11T14:01:43Z
2026-09-11T14:00:00Z,HYP-20DEC30-CDE,3e-06,83.386544,80.05,83.37,83.39,10016,13405,2026-09-11T14:01:43Z
2026-09-11T14:00:00Z,LCP-20DEC30-CDE,4e-06,54.123479,52.12,54.145,54.15,2804,7034,2026-09-11T14:01:43Z
2026-09-11T14:00:00Z,LNP-20DEC30-CDE,1.9e-05,12.07709,11.608,12.1425,12.138,4511,10089,2026-09-11T14:01:43Z
2026-09-11T14:00:00Z,NER-20DEC30-CDE,2.5e-05,2.648888,2.4764,2.6524,2.6509,1501,13029,2026-09-11T14:01:43Z
2026-09-11T14:00:00Z,OND-20DEC30-CDE,-1.9e-05,0.366881,0.3469,0.36705,0.3667,4801,9388,2026-09-11T14:01:43Z
2026-09-11T14:00:00Z,PAU-20DEC30-CDE,0,4400.330229,4329.5,4390.35,4391,1164,3934,2026-09-11T14:01:43Z
2026-09-11T14:00:00Z,PEP-20DEC30-CDE,-2.2e-05,0.00352,0.003305,0.003529,0.003528,820,6729,2026-09-11T14:01:43Z
2026-09-11T14:00:00Z,POP-20DEC30-CDE,-1e-06,1.104777,1.097,1.1055,1.107,5890,17881,2026-09-11T14:01:43Z
2026-09-11T14:00:00Z,SHP-20DEC30-CDE,-1.6e-05,0.005362,0.00509,0.00536,0.00535,3190,1196,2026-09-11T14:01:43Z
2026-09-11T14:00:00Z,SLP-20DEC30-CDE,-3e-06,104.820824,99.64,105.295,105.23,36561,76155,2026-09-11T14:01:43Z
2026-09-11T14:00:00Z,SUP-20DEC30-CDE,4.3e-05,0.759799,0.739,0.7616,0.7617,4960,17201,2026-09-11T14:01:43Z
2026-09-11T14:00:00Z,TEK-19DEC30-CDE,1e-06,3960.383493,3911.6,3961.5,3962.9,702,9564,2026-09-11T14:01:43Z
2026-09-11T14:00:00Z,US5-19DEC30-CDE,5.5e-05,3093.844484,3061.4,3094.55,3094.6,1249,5590,2026-09-11T14:01:43Z
2026-09-11T14:00:00Z,XLP-20DEC30-CDE,2.2e-05,0.18398,0.17794,0.18486,0.18467,3669,8911,2026-09-11T14:01:43Z
2026-09-11T14:00:00Z,XPP-20DEC30-CDE,7e-06,1.415347,1.3503,1.4254,1.4256,45444,83520,2026-09-11T14:01:43Z
2026-09-11T14:00:00Z,ZEC-20DEC30-CDE,3e-05,1211.734071,1124,1209.425,1210.2,10496,83104,2026-09-11T14:01:43Z
2026-09-11T15:00:00Z,ADP-20DEC30-CDE,7e-06,0.211372,0.2091,0.2107,0.2109,8636,32875,2026-09-11T15:01:49Z
2026-09-11T15:00:00Z,AIP-19DEC30-CDE,-2e-06,2920.410075,2898.4,2921.2,2924.2,568,1479,2026-09-11T15:01:49Z
2026-09-11T15:00:00Z,AVE-20DEC30-CDE,1.4e-05,128.146106,122.93,127.51,128.38,1184,2654,2026-09-11T15:01:49Z
2026-09-11T15:00:00Z,AVP-20DEC30-CDE,-1.1e-05,7.710649,7.58,7.69,7.69,7919,8818,2026-09-11T15:01:49Z
2026-09-11T15:00:00Z,BCP-20DEC30-CDE,-9e-06,235.040611,226.85,234.3,234.8,2309,37477,2026-09-11T15:01:49Z
2026-09-11T15:00:00Z,BIP-20DEC30-CDE,4e-06,78713.185239,77105,78560,78575,156225,633680,2026-09-11T15:01:49Z
2026-09-11T15:00:00Z,BNB-20DEC30-CDE,0,732.434495,714.1,730.675,733.05,551,576,2026-09-11T15:01:49Z
2026-09-11T15:00:00Z,CHN-19DEC30-CDE,-3e-06,2814.707254,2787.5,2814.3,2815.4,313,692,2026-09-11T15:01:49Z
2026-09-11T15:00:00Z,DEF-19DEC30-CDE,3e-06,2654.748625,2655.6,2654.6,2654.6,279,616,2026-09-11T15:01:49Z
2026-09-11T15:00:00Z,DOP-20DEC30-CDE,1.8e-05,0.086472,0.08388,0.08632,0.0864,2727,11357,2026-09-11T15:01:49Z
2026-09-11T15:00:00Z,ENA-20DEC30-CDE,2.7e-05,0.151939,0.14372,0.151775,0.15209,1678,16771,2026-09-11T15:01:49Z
2026-09-11T15:00:00Z,ETP-20DEC30-CDE,6e-06,2606.211839,2461.5,2601.5,2602,261662,614357,2026-09-11T15:01:49Z
2026-09-11T15:00:00Z,HEP-20DEC30-CDE,9e-06,0.076273,0.07522,0.076145,0.07627,2499,34366,2026-09-11T15:01:49Z
2026-09-11T15:00:00Z,HYP-20DEC30-CDE,-6e-06,82.845327,80.05,82.555,82.83,10016,13969,2026-09-11T15:01:49Z
2026-09-11T15:00:00Z,LCP-20DEC30-CDE,1e-05,53.723459,52.12,53.655,53.72,2804,7238,2026-09-11T15:01:49Z
2026-09-11T15:00:00Z,LNP-20DEC30-CDE,6e-06,11.92396,11.608,11.8665,11.916,4511,11794,2026-09-11T15:01:49Z
2026-09-11T15:00:00Z,NER-20DEC30-CDE,-1.2e-05,2.669213,2.4764,2.657,2.6724,1501,13510,2026-09-11T15:01:49Z
2026-09-11T15:00:00Z,OND-20DEC30-CDE,-1.3e-05,0.361836,0.3469,0.36035,0.3608,4801,11125,2026-09-11T15:01:49Z
2026-09-11T15:00:00Z,PAU-20DEC30-CDE,6e-06,4372.701994,4329.5,4375.75,4375.2,1164,3913,2026-09-11T15:01:49Z
2026-09-11T15:00:00Z,PEP-20DEC30-CDE,-2e-05,0.00345,0.003305,0.0034305,0.003436,820,8232,2026-09-11T15:01:49Z
2026-09-11T15:00:00Z,POP-20DEC30-CDE,-3e-06,1.069049,1.097,1.0635,1.07,5890,20551,2026-09-11T15:01:49Z
2026-09-11T15:00:00Z,SHP-20DEC30-CDE,-2.1e-05,0.005336,0.00509,0.00532,0.00531,3190,1552,2026-09-11T15:01:49Z
2026-09-11T15:00:00Z,SLP-20DEC30-CDE,4e-06,103.270748,99.64,103.025,103.1,36561,82613,2026-09-11T15:01:49Z
2026-09-11T15:00:00Z,SUP-20DEC30-CDE,3.5e-05,0.748754,0.739,0.7463,0.7468,4960,18947,2026-09-11T15:01:49Z
2026-09-11T15:00:00Z,TEK-19DEC30-CDE,0,3951.349335,3911.6,3952.25,3953.4,702,9763,2026-09-11T15:01:49Z
2026-09-11T15:00:00Z,US5-19DEC30-CDE,2.6e-05,3086.638415,3061.4,3087.2,3087.4,1249,5835,2026-09-11T15:01:49Z
2026-09-11T15:00:00Z,XLP-20DEC30-CDE,2.6e-05,0.182417,0.17794,0.181995,0.18252,3669,9809,2026-09-11T15:01:49Z
2026-09-11T15:00:00Z,XPP-20DEC30-CDE,4e-06,1.393781,1.3503,1.39,1.3909,45444,96156,2026-09-11T15:01:49Z
2026-09-11T15:00:00Z,ZEC-20DEC30-CDE,4e-06,1188.996525,1124,1184.45,1184.9,10496,88036,2026-09-11T15:01:49Z
2026-09-11T16:00:00Z,ADP-20DEC30-CDE,4e-06,0.208744,0.2091,0.20885,0.2088,8636,35290,2026-09-11T16:01:44Z
2026-09-11T16:00:00Z,AIP-19DEC30-CDE,5e-06,2929.420364,2898.4,2931.45,2934.1,568,1617,2026-09-11T16:01:44Z
2026-09-11T16:00:00Z,AVE-20DEC30-CDE,8e-06,125.7663,122.93,126.695,125.72,1184,2797,2026-09-11T16:01:44Z
2026-09-11T16:00:00Z,AVP-20DEC30-CDE,-1.6e-05,7.598938,7.58,7.61,7.6,7919,9402,2026-09-11T16:01:44Z
2026-09-11T16:00:00Z,BCP-20DEC30-CDE,-8e-06,232.115861,226.85,233.325,233.35,2309,42446,2026-09-11T16:01:44Z
2026-09-11T16:00:00Z,BIP-20DEC30-CDE,4e-06,77744.752336,77105,77935,77935,156225,683863,2026-09-11T16:01:44Z
2026-09-11T16:00:00Z,BNB-20DEC30-CDE,6e-06,729.572307,714.1,731.9,731.3,551,573,2026-09-11T16:01:44Z
2026-09-11T16:00:00Z,CHN-19DEC30-CDE,-2e-06,2808.669791,2787.5,2808.8,2811.8,313,710,2026-09-11T16:01:44Z
2026-09-11T16:00:00Z,DEF-19DEC30-CDE,2e-06,2666.691047,2655.6,2668.95,2667,279,643,2026-09-11T16:01:44Z
2026-09-11T16:00:00Z,DOP-20DEC30-CDE,7e-06,0.085106,0.08388,0.085425,0.08543,2727,11564,2026-09-11T16:01:44Z
2026-09-11T16:00:00Z,ENA-20DEC30-CDE,9e-06,0.149216,0.14372,0.15002,0.1502,1678,16951,2026-09-11T16:01:44Z
2026-09-11T16:00:00Z,ETP-20DEC30-CDE,4e-06,2561.604525,2461.5,2573.75,2574,261662,667708,2026-09-11T16:01:44Z
2026-09-11T16:00:00Z,HEP-20DEC30-CDE,2e-06,0.075505,0.07522,0.07562,0.07562,2499,37757,2026-09-11T16:01:44Z
2026-09-11T16:00:00Z,HYP-20DEC30-CDE,-9e-06,82.097454,80.05,82.315,82.31,10016,14270,2026-09-11T16:01:44Z
2026-09-11T16:00:00Z,LCP-20DEC30-CDE,7e-06,53.47067,52.12,53.58,53.6,2804,7062,2026-09-11T16:01:44Z
2026-09-11T16:00:00Z,LNP-20DEC30-CDE,-4e-06,11.734131,11.608,11.7775,11.779,4511,13066,2026-09-11T16:01:44Z
2026-09-11T16:00:00Z,NER-20DEC30-CDE,-1.4e-05,2.639145,2.4764,2.65765,2.6575,1501,13704,2026-09-11T16:01:44Z
2026-09-11T16:00:00Z,OND-20DEC30-CDE,0,0.355474,0.3469,0.35745,0.3574,4801,12460,2026-09-11T16:01:44Z
2026-09-11T16:00:00Z,PAU-20DEC30-CDE,1.2e-05,4369.394361,4329.5,4373.15,4372.2,1164,3870,2026-09-11T16:01:44Z
2026-09-11T16:00:00Z,PEP-20DEC30-CDE,-1.5e-05,0.003363,0.003305,0.0033835,0.003381,820,8582,2026-09-11T16:01:44Z
2026-09-11T16:00:00Z,POP-20DEC30-CDE,-3e-06,1.054176,1.097,1.055,1.055,5890,21632,2026-09-11T16:01:44Z
2026-09-11T16:00:00Z,SHP-20DEC30-CDE,-2e-05,0.005258,0.00509,0.005265,0.00526,3190,1751,2026-09-11T16:01:44Z
2026-09-11T16:00:00Z,SLP-20DEC30-CDE,3e-06,101.841645,99.64,102.085,102.05,36561,85874,2026-09-11T16:01:44Z
2026-09-11T16:00:00Z,SUP-20DEC30-CDE,3.6e-05,0.740124,0.739,0.74305,0.7432,4960,19743,2026-09-11T16:01:44Z
2026-09-11T16:00:00Z,TEK-19DEC30-CDE,1e-06,3960.195941,3911.6,3961.85,3959.7,702,9842,2026-09-11T16:01:44Z
2026-09-11T16:00:00Z,US5-19DEC30-CDE,1.2e-05,3093.093834,3061.4,3094.1,3093.8,1249,6023,2026-09-11T16:01:44Z
2026-09-11T16:00:00Z,XLP-20DEC30-CDE,2.2e-05,0.18102,0.17794,0.181785,0.18166,3669,10405,2026-09-11T16:01:44Z
2026-09-11T16:00:00Z,XPP-20DEC30-CDE,1e-06,1.375827,1.3503,1.37965,1.3798,45444,99783,2026-09-11T16:01:44Z
2026-09-11T16:00:00Z,ZEC-20DEC30-CDE,9e-06,1164.950073,1124,1176.775,1175.8,10496,92172,2026-09-11T16:01:44Z
2026-09-11T17:00:00Z,ADP-20DEC30-CDE,-1e-06,0.210124,0.2091,0.2103,0.2101,8636,35323,2026-09-11T17:01:45Z
2026-09-11T17:00:00Z,AIP-19DEC30-CDE,-2e-06,2922.968975,2898.4,2923.25,2923,568,1881,2026-09-11T17:01:45Z
2026-09-11T17:00:00Z,AVE-20DEC30-CDE,1.2e-05,126.574028,122.93,126.67,126.55,1184,2762,2026-09-11T17:01:45Z
2026-09-11T17:00:00Z,AVP-20DEC30-CDE,-8e-06,7.596598,7.58,7.605,7.59,7919,9218,2026-09-11T17:01:45Z
2026-09-11T17:00:00Z,BCP-20DEC30-CDE,-6e-06,234.313058,226.85,234.3,234.25,2309,45465,2026-09-11T17:01:45Z
2026-09-11T17:00:00Z,BIP-20DEC30-CDE,5e-06,77907.980082,77105,77910,77885,156225,704458,2026-09-11T17:01:45Z
2026-09-11T17:00:00Z,BNB-20DEC30-CDE,2e-06,730.747365,714.1,730.7,730.15,551,578,2026-09-11T17:01:45Z
2026-09-11T17:00:00Z,CHN-19DEC30-CDE,-2e-06,2806.802149,2787.5,2806.6,2803.7,313,670,2026-09-11T17:01:45Z
2026-09-11T17:00:00Z,DEF-19DEC30-CDE,1e-06,2673.652146,2655.6,2674.75,2666.1,279,627,2026-09-11T17:01:45Z
2026-09-11T17:00:00Z,DOP-20DEC30-CDE,9e-06,0.085838,0.08388,0.085895,0.0859,2727,11581,2026-09-11T17:01:45Z
2026-09-11T17:00:00Z,ENA-20DEC30-CDE,1.2e-05,0.147987,0.14372,0.148435,0.14777,1678,17011,2026-09-11T17:01:45Z
2026-09-11T17:00:00Z,ETP-20DEC30-CDE,1.5e-05,2578.212706,2461.5,2580,2579.5,261662,715323,2026-09-11T17:01:45Z
2026-09-11T17:00:00Z,HEP-20DEC30-CDE,-3e-06,0.0756,0.07522,0.07562,0.07563,2499,38118,2026-09-11T17:01:45Z
2026-09-11T17:00:00Z,HYP-20DEC30-CDE,-1.3e-05,81.99796,80.05,82.015,82.01,10016,13576,2026-09-11T17:01:45Z
2026-09-11T17:00:00Z,LCP-20DEC30-CDE,4e-06,54.055275,52.12,54.08,54.04,2804,6811,2026-09-11T17:01:45Z
2026-09-11T17:00:00Z,LNP-20DEC30-CDE,0,11.795973,11.608,11.8085,11.795,4511,13150,2026-09-11T17:01:45Z
2026-09-11T17:00:00Z,NER-20DEC30-CDE,-3e-06,2.601755,2.4764,2.6103,2.6051,1501,13681,2026-09-11T17:01:45Z
2026-09-11T17:00:00Z,OND-20DEC30-CDE,-2e-06,0.359134,0.3469,0.35955,0.3587,4801,12597,2026-09-11T17:01:45Z
2026-09-11T17:00:00Z,PAU-20DEC30-CDE,1.6e-05,4364.811327,4329.5,4368.75,4366.1,1164,3699,2026-09-11T17:01:45Z
2026-09-11T17:00:00Z,PEP-20DEC30-CDE,-7e-06,0.00337,0.003305,0.003374,0.003373,820,8585,2026-09-11T17:01:45Z
2026-09-11T17:00:00Z,POP-20DEC30-CDE,-1.5e-05,1.070081,1.097,1.068,1.068,5890,21240,2026-09-11T17:01:45Z
2026-09-11T17:00:00Z,SHP-20DEC30-CDE,-4e-06,0.00531,0.00509,0.00531,0.0053,3190,2345,2026-09-11T17:01:45Z
2026-09-11T17:00:00Z,SLP-20DEC30-CDE,6e-06,102.37873,99.64,102.445,102.42,36561,86906,2026-09-11T17:01:45Z
2026-09-11T17:00:00Z,SUP-20DEC30-CDE,3.9e-05,0.742704,0.739,0.7448,0.744,4960,20352,2026-09-11T17:01:45Z
2026-09-11T17:00:00Z,TEK-19DEC30-CDE,-1e-06,3956.848048,3911.6,3957.3,3955.6,702,9115,2026-09-11T17:01:45Z
2026-09-11T17:00:00Z,US5-19DEC30-CDE,5e-06,3092.47487,3061.4,3093,3093.2,1249,5876,2026-09-11T17:01:45Z
2026-09-11T17:00:00Z,XLP-20DEC30-CDE,2.3e-05,0.182159,0.17794,0.182705,0.18268,3669,10444,2026-09-11T17:01:45Z
2026-09-11T17:00:00Z,XPP-20DEC30-CDE,4e-06,1.377134,1.3503,1.37785,1.3767,45444,99673,2026-09-11T17:01:45Z
2026-09-11T17:00:00Z,ZEC-20DEC30-CDE,3.2e-05,1187.987103,1124,1188.575,1188.05,10496,89829,2026-09-11T17:01:45Z
2026-09-11T18:00:00Z,ADP-20DEC30-CDE,-4e-06,0.20716,0.2091,0.20685,0.2067,8636,34820,2026-09-11T18:01:40Z
2026-09-11T18:00:00Z,AIP-19DEC30-CDE,-3e-06,2927.355121,2898.4,2926.9,2927.5,568,1847,2026-09-11T18:01:40Z
2026-09-11T18:00:00Z,AVE-20DEC30-CDE,1.9e-05,125.399321,122.93,125.205,125.6,1184,2789,2026-09-11T18:01:40Z
2026-09-11T18:00:00Z,AVP-20DEC30-CDE,-3e-06,7.530944,7.58,7.525,7.53,7919,9502,2026-09-11T18:01:40Z
2026-09-11T18:00:00Z,BCP-20DEC30-CDE,-6e-06,230.903871,226.85,230.5,230.4,2309,47893,2026-09-11T18:01:40Z
2026-09-11T18:00:00Z,BIP-20DEC30-CDE,5e-06,77473.973627,77105,77407.5,77415,156225,704332,2026-09-11T18:01:40Z
2026-09-11T18:00:00Z,BNB-20DEC30-CDE,2e-06,727.485704,714.1,726.625,730.15,551,564,2026-09-11T18:01:40Z
2026-09-11T18:00:00Z,CHN-19DEC30-CDE,-1e-06,2805.633737,2787.5,2804.9,2807.3,313,660,2026-09-11T18:01:40Z
2026-09-11T18:00:00Z,DEF-19DEC30-CDE,0,2677.754377,2655.6,2677.35,2677.1,279,603,2026-09-11T18:01:40Z
2026-09-11T18:00:00Z,DOP-20DEC30-CDE,7e-06,0.084959,0.08388,0.08487,0.0849,2727,11261,2026-09-11T18:01:40Z
2026-09-11T18:00:00Z,ENA-20DEC30-CDE,2.3e-05,0.145477,0.14372,0.14538,0.14535,1678,16781,2026-09-11T18:01:40Z
2026-09-11T18:00:00Z,ETP-20DEC30-CDE,1.1e-05,2565.67507,2461.5,2563.5,2563.5,261662,717188,2026-09-11T18:01:40Z
2026-09-11T18:00:00Z,HEP-20DEC30-CDE,-5e-06,0.074758,0.07522,0.074665,0.07466,2499,42371,2026-09-11T18:01:40Z
2026-09-11T18:00:00Z,HYP-20DEC30-CDE,-2.2e-05,81.649422,80.05,81.495,81.49,10016,13512,2026-09-11T18:01:40Z
2026-09-11T18:00:00Z,LCP-20DEC30-CDE,3e-06,53.788342,52.12,53.73,53.81,2804,6896,2026-09-11T18:01:40Z
2026-09-11T18:00:00Z,LNP-20DEC30-CDE,1e-05,11.704619,11.608,11.687,11.677,4511,12643,2026-09-11T18:01:40Z
2026-09-11T18:00:00Z,NER-20DEC30-CDE,1.2e-05,2.57344,2.4764,2.5735,2.567,1501,13419,2026-09-11T18:01:40Z
2026-09-11T18:00:00Z,OND-20DEC30-CDE,-6e-06,0.356032,0.3469,0.35575,0.3559,4801,12716,2026-09-11T18:01:40Z
2026-09-11T18:00:00Z,PAU-20DEC30-CDE,1.7e-05,4361.330581,4329.5,4362.2,4365.8,1164,3562,2026-09-11T18:01:40Z
2026-09-11T18:00:00Z,PEP-20DEC30-CDE,-1e-05,0.003325,0.003305,0.0033225,0.003319,820,8692,2026-09-11T18:01:40Z
2026-09-11T18:00:00Z,POP-20DEC30-CDE,-1.7e-05,1.05295,1.097,1.053,1.054,5890,20438,2026-09-11T18:01:40Z
2026-09-11T18:00:00Z,SHP-20DEC30-CDE,6e-06,0.005225,0.00509,0.00521,0.00524,3190,2411,2026-09-11T18:01:40Z
2026-09-11T18:00:00Z,SLP-20DEC30-CDE,1e-05,101.962182,99.64,101.845,101.82,36561,85408,2026-09-11T18:01:40Z
2026-09-11T18:00:00Z,SUP-20DEC30-CDE,3.5e-05,0.732992,0.739,0.73205,0.733,4960,20379,2026-09-11T18:01:40Z
2026-09-11T18:00:00Z,TEK-19DEC30-CDE,0,3957.944784,3911.6,3958.1,3958.7,702,8802,2026-09-11T18:01:40Z
2026-09-11T18:00:00Z,US5-19DEC30-CDE,1e-06,3093.128272,3061.4,3093,3092.8,1249,5673,2026-09-11T18:01:40Z
2026-09-11T18:00:00Z,XLP-20DEC30-CDE,2.5e-05,0.179568,0.17794,0.17933,0.17926,3669,10336,2026-09-11T18:01:40Z
2026-09-11T18:00:00Z,XPP-20DEC30-CDE,8e-06,1.367311,1.3503,1.36485,1.3648,45444,102571,2026-09-11T18:01:40Z
2026-09-11T18:00:00Z,ZEC-20DEC30-CDE,3.2e-05,1178.933698,1124,1177.025,1176.05,10496,86255,2026-09-11T18:01:40Z
2026-09-11T19:00:00Z,ADP-20DEC30-CDE,-2e-06,0.20371,0.2091,0.2034,0.2038,8636,36315,2026-09-11T19:01:46Z
2026-09-11T19:00:00Z,AIP-19DEC30-CDE,-2e-06,2928.18191,2898.4,2928.6,2925,568,1824,2026-09-11T19:01:46Z
2026-09-11T19:00:00Z,AVE-20DEC30-CDE,2.3e-05,123.701159,122.93,123.6,123.85,1184,2994,2026-09-11T19:01:46Z
2026-09-11T19:00:00Z,AVP-20DEC30-CDE,4e-06,7.427304,7.58,7.415,7.42,7919,9865,2026-09-11T19:01:46Z
2026-09-11T19:00:00Z,BCP-20DEC30-CDE,-9e-06,226.249076,226.85,225.9,226.05,2309,52675,2026-09-11T19:01:46Z
2026-09-11T19:00:00Z,BIP-20DEC30-CDE,3e-06,77029.183313,77105,77000,76995,156225,739491,2026-09-11T19:01:46Z
2026-09-11T19:00:00Z,BNB-20DEC30-CDE,2e-06,722.253009,714.1,721.625,722.95,551,571,2026-09-11T19:01:46Z
2026-09-11T19:00:00Z,CHN-19DEC30-CDE,-4e-06,2805.794317,2787.5,2805.2,2805.7,313,652,2026-09-11T19:01:46Z
2026-09-11T19:00:00Z,DEF-19DEC30-CDE,-1e-06,2675.014552,2655.6,2676.3,2673,279,605,2026-09-11T19:01:46Z
2026-09-11T19:00:00Z,DOP-20DEC30-CDE,6e-06,0.08398,0.08388,0.083825,0.08402,2727,11683,2026-09-11T19:01:46Z
2026-09-11T19:00:00Z,ENA-20DEC30-CDE,2.1e-05,0.141955,0.14372,0.14132,0.1415,1678,16898,2026-09-11T19:01:46Z
2026-09-11T19:00:00Z,ETP-20DEC30-CDE,6e-06,2536.493181,2461.5,2534.25,2534,261662,739794,2026-09-11T19:01:46Z
2026-09-11T19:00:00Z,HEP-20DEC30-CDE,-5e-06,0.073942,0.07522,0.073895,0.0739,2499,47542,2026-09-11T19:01:46Z
2026-09-11T19:00:00Z,HYP-20DEC30-CDE,-3e-05,79.927935,80.05,79.795,79.82,10016,13034,2026-09-11T19:01:46Z
2026-09-11T19:00:00Z,LCP-20DEC30-CDE,6e-06,53.057655,52.12,52.985,53.05,2804,7347,2026-09-11T19:01:46Z
2026-09-11T19:00:00Z,LNP-20DEC30-CDE,7e-06,11.531779,11.608,11.521,11.521,4511,13435,2026-09-11T19:01:46Z
2026-09-11T19:00:00Z,NER-20DEC30-CDE,9e-06,2.51949,2.4764,2.50905,2.51,1501,13344,2026-09-11T19:01:46Z
2026-09-11T19:00:00Z,OND-20DEC30-CDE,-1.2e-05,0.349965,0.3469,0.34925,0.3499,4801,13135,2026-09-11T19:01:46Z
2026-09-11T19:00:00Z,PAU-20DEC30-CDE,1.6e-05,4350.825328,4329.5,4353.3,4351.1,1164,3287,2026-09-11T19:01:46Z
2026-09-11T19:00:00Z,PEP-20DEC30-CDE,0,0.00326,0.003305,0.003252,0.003252,820,9145,2026-09-11T19:01:46Z
2026-09-11T19:00:00Z,POP-20DEC30-CDE,-2e-05,1.04334,1.097,1.0405,1.041,5890,21341,2026-09-11T19:01:46Z
2026-09-11T19:00:00Z,SHP-20DEC30-CDE,6e-06,0.005122,0.00509,0.00512,0.00514,3190,3244,2026-09-11T19:01:46Z
2026-09-11T19:00:00Z,SLP-20DEC30-CDE,9e-06,101.007987,99.64,100.89,100.97,36561,89338,2026-09-11T19:01:46Z
2026-09-11T19:00:00Z,SUP-20DEC30-CDE,2.9e-05,0.721571,0.739,0.7207,0.7207,4960,21213,2026-09-11T19:01:46Z
2026-09-11T19:00:00Z,TEK-19DEC30-CDE,1e-06,3955.275157,3911.6,3956,3955.2,702,8698,2026-09-11T19:01:46Z
2026-09-11T19:00:00Z,US5-19DEC30-CDE,-1e-06,3090.543763,3061.4,3090.4,3090.3,1249,5607,2026-09-11T19:01:46Z
2026-09-11T19:00:00Z,XLP-20DEC30-CDE,2e-05,0.177296,0.17794,0.177135,0.17722,3669,11428,2026-09-11T19:01:46Z
2026-09-11T19:00:00Z,XPP-20DEC30-CDE,8e-06,1.350997,1.3503,1.3482,1.3481,45444,107976,2026-09-11T19:01:46Z
2026-09-11T19:00:00Z,ZEC-20DEC30-CDE,2e-06,1168.720076,1124,1162.825,1164.35,10496,83188,2026-09-11T19:01:46Z
2026-09-11T20:00:00Z,ADP-20DEC30-CDE,-4e-06,0.206158,0.2091,0.20625,0.2063,8636,36299,2026-09-11T20:01:35Z
2026-09-11T20:00:00Z,AIP-19DEC30-CDE,-1e-06,2920.634377,2898.4,2919.05,2918.2,568,1954,2026-09-11T20:01:35Z
2026-09-11T20:00:00Z,AVE-20DEC30-CDE,2e-05,124.570707,122.93,124.61,124.44,1184,2987,2026-09-11T20:01:35Z
2026-09-11T20:00:00Z,AVP-20DEC30-CDE,-1e-06,7.468329,7.58,7.465,7.47,7919,9885,2026-09-11T20:01:35Z
2026-09-11T20:00:00Z,BCP-20DEC30-CDE,-1.2e-05,228.727804,226.85,228.75,228.6,2309,54034,2026-09-11T20:01:35Z
2026-09-11T20:00:00Z,BIP-20DEC30-CDE,6e-06,77291.779581,77105,77305,77295,156225,745344,2026-09-11T20:01:35Z
2026-09-11T20:00:00Z,BNB-20DEC30-CDE,-1e-06,725.139782,714.1,725.425,725.35,551,729,2026-09-11T20:01:35Z
2026-09-11T20:00:00Z,CHN-19DEC30-CDE,-3e-06,2805.272822,2787.5,2807.2,2807,313,607,2026-09-11T20:01:35Z
2026-09-11T20:00:00Z,DEF-19DEC30-CDE,-2e-06,2670.702838,2655.6,2669.75,2666.7,279,604,2026-09-11T20:01:35Z
2026-09-11T20:00:00Z,DOP-20DEC30-CDE,-1e-06,0.084505,0.08388,0.08454,0.08448,2727,11618,2026-09-11T20:01:35Z
2026-09-11T20:00:00Z,ENA-20DEC30-CDE,2.2e-05,0.142504,0.14372,0.14279,0.14266,1678,16731,2026-09-11T20:01:35Z
2026-09-11T20:00:00Z,ETP-20DEC30-CDE,7e-06,2539.351457,2461.5,2541,2541.5,261662,768551,2026-09-11T20:01:35Z
2026-09-11T20:00:00Z,HEP-20DEC30-CDE,-9e-06,0.074474,0.07522,0.07447,0.07442,2499,50909,2026-09-11T20:01:35Z
2026-09-11T20:00:00Z,HYP-20DEC30-CDE,-3.2e-05,80.824899,80.05,80.845,80.84,10016,13040,2026-09-11T20:01:35Z
2026-09-11T20:00:00Z,LCP-20DEC30-CDE,4e-06,53.498075,52.12,53.515,53.51,2804,7373,2026-09-11T20:01:35Z
2026-09-11T20:00:00Z,LNP-20DEC30-CDE,6e-06,11.611602,11.608,11.607,11.602,4511,13504,2026-09-11T20:01:35Z
2026-09-11T20:00:00Z,NER-20DEC30-CDE,1.2e-05,2.508253,2.4764,2.51545,2.5137,1501,13483,2026-09-11T20:01:35Z
2026-09-11T20:00:00Z,OND-20DEC30-CDE,-1e-05,0.352725,0.3469,0.3528,0.3529,4801,13045,2026-09-11T20:01:35Z
2026-09-11T20:00:00Z,PAU-20DEC30-CDE,1.8e-05,4354.63876,4329.5,4356.4,4354.2,1164,3156,2026-09-11T20:01:35Z
2026-09-11T20:00:00Z,PEP-20DEC30-CDE,6e-06,0.00329,0.003305,0.003296,0.003292,820,9310,2026-09-11T20:01:35Z
2026-09-11T20:00:00Z,POP-20DEC30-CDE,-2.2e-05,1.047486,1.097,1.0475,1.047,5890,21371,2026-09-11T20:01:35Z
2026-09-11T20:00:00Z,SHP-20DEC30-CDE,-6e-06,0.00517,0.00509,0.00517,0.00518,3190,3206,2026-09-11T20:01:35Z
2026-09-11T20:00:00Z,SLP-20DEC30-CDE,1e-05,102.070113,99.64,102.085,102.06,36561,89590,2026-09-11T20:01:35Z
2026-09-11T20:00:00Z,SUP-20DEC30-CDE,1.9e-05,0.727616,0.739,0.72855,0.7269,4960,21003,2026-09-11T20:01:35Z
2026-09-11T20:00:00Z,TEK-19DEC30-CDE,1e-06,3948.890152,3911.6,3947.25,3948.1,702,9086,2026-09-11T20:01:35Z
2026-09-11T20:00:00Z,US5-19DEC30-CDE,-4e-06,3087.855288,3061.4,3087.45,3087.4,1249,6521,2026-09-11T20:01:35Z
2026-09-11T20:00:00Z,XLP-20DEC30-CDE,1.2e-05,0.178832,0.17794,0.17885,0.17893,3669,11925,2026-09-11T20:01:35Z
2026-09-11T20:00:00Z,XPP-20DEC30-CDE,6e-06,1.361802,1.3503,1.3622,1.3619,45444,108281,2026-09-11T20:01:35Z
2026-09-11T20:00:00Z,ZEC-20DEC30-CDE,2.1e-05,1177.27449,1124,1178.8,1178.15,10496,82757,2026-09-11T20:01:35Z
2026-09-11T21:00:00Z,ADP-20DEC30-CDE,-9e-06,0.205755,0.2091,0.2064,0.2056,8636,36738,2026-09-11T21:01:40Z
2026-09-11T21:00:00Z,AIP-19DEC30-CDE,1e-06,2918.034425,2898.4,2902,2918,568,1953,2026-09-11T21:01:40Z
2026-09-11T21:00:00Z,AVE-20DEC30-CDE,2e-05,124.812874,122.93,126.51,124.35,1184,3122,2026-09-11T21:01:40Z
2026-09-11T21:00:00Z,AVP-20DEC30-CDE,-6e-06,7.447268,7.58,7.44,7.46,7919,9593,2026-09-11T21:01:40Z
2026-09-11T21:00:00Z,BCP-20DEC30-CDE,-1.2e-05,228.891738,226.85,231.875,228.7,2309,55269,2026-09-11T21:01:40Z
2026-09-11T21:00:00Z,BIP-20DEC30-CDE,7e-06,77317.162405,77105,77412.5,77370,156225,734475,2026-09-11T21:01:40Z
2026-09-11T21:00:00Z,BNB-20DEC30-CDE,-2e-06,725.923297,714.1,726.5,725.35,551,842,2026-09-11T21:01:40Z
2026-09-11T21:00:00Z,CHN-19DEC30-CDE,-7e-06,2809.24332,2787.5,2834.85,2811.6,313,553,2026-09-11T21:01:40Z
2026-09-11T21:00:00Z,DEF-19DEC30-CDE,-1e-05,2672.399823,2655.6,2761.9,2672.9,279,619,2026-09-11T21:01:40Z
2026-09-11T21:00:00Z,DOP-20DEC30-CDE,-5e-06,0.08436,0.08388,0.08444,0.08431,2727,11972,2026-09-11T21:01:40Z
2026-09-11T21:00:00Z,ENA-20DEC30-CDE,2.2e-05,0.140457,0.14372,0.13975,0.14077,1678,16765,2026-09-11T21:01:40Z
2026-09-11T21:00:00Z,ETP-20DEC30-CDE,8e-06,2529.885075,2461.5,2537.75,2532.5,261662,792830,2026-09-11T21:01:40Z
2026-09-11T21:00:00Z,HEP-20DEC30-CDE,-1.3e-05,0.074387,0.07522,0.07487,0.0744,2499,51483,2026-09-11T21:01:40Z
2026-09-11T21:00:00Z,HYP-20DEC30-CDE,-2.2e-05,80.58803,80.05,80.125,80.49,10016,13714,2026-09-11T21:01:40Z
2026-09-11T21:00:00Z,LCP-20DEC30-CDE,4e-06,53.547428,52.12,53.58,53.43,2804,7185,2026-09-11T21:01:40Z
2026-09-11T21:00:00Z,LNP-20DEC30-CDE,2e-06,11.576354,11.608,11.576,11.571,4511,13810,2026-09-11T21:01:40Z
2026-09-11T21:00:00Z,NER-20DEC30-CDE,2.3e-05,2.476572,2.4764,2.47455,2.4766,1501,13395,2026-09-11T21:01:40Z
2026-09-11T21:00:00Z,OND-20DEC30-CDE,-2e-06,0.352259,0.3469,0.35145,0.3527,4801,13143,2026-09-11T21:01:40Z
2026-09-11T21:00:00Z,PAU-20DEC30-CDE,1.7e-05,4353.896661,4329.5,4355.5,4353.3,1164,3075,2026-09-11T21:01:40Z
2026-09-11T21:00:00Z,PEP-20DEC30-CDE,2e-06,0.00329,0.003305,0.003476,0.003289,820,9348,2026-09-11T21:01:40Z
2026-09-11T21:00:00Z,POP-20DEC30-CDE,-1.9e-05,1.045875,1.097,1.072,1.044,5890,21426,2026-09-11T21:01:40Z
2026-09-11T21:00:00Z,SHP-20DEC30-CDE,5e-06,0.00516,0.00509,0.005155,0.00515,3190,3577,2026-09-11T21:01:40Z
2026-09-11T21:00:00Z,SLP-20DEC30-CDE,1e-05,102.537753,99.64,102.75,102.56,36561,92262,2026-09-11T21:01:40Z
2026-09-11T21:00:00Z,SUP-20DEC30-CDE,2e-05,0.727719,0.739,0.7395,0.7281,4960,20715,2026-09-11T21:01:40Z
2026-09-11T21:00:00Z,TEK-19DEC30-CDE,2e-06,3947.259808,3911.6,3960.3,3947.4,702,9046,2026-09-11T21:01:40Z
2026-09-11T21:00:00Z,US5-19DEC30-CDE,-4e-06,3087.088819,3061.4,3071.65,3081,1249,6546,2026-09-11T21:01:40Z
2026-09-11T21:00:00Z,XLP-20DEC30-CDE,8e-06,0.178504,0.17794,0.1805,0.17831,3669,11744,2026-09-11T21:01:40Z
2026-09-11T21:00:00Z,XPP-20DEC30-CDE,-1e-06,1.362053,1.3503,1.3614,1.3627,45444,109766,2026-09-11T21:01:40Z
2026-09-11T21:00:00Z,ZEC-20DEC30-CDE,2.1e-05,1183.130644,1124,1187,1184.3,10496,82420,2026-09-11T21:01:40Z
2026-09-11T23:00:00Z,ADP-20DEC30-CDE,-1.4e-05,0.20478,0.2091,0.205,0.2045,8685,35887,2026-09-11T23:01:34Z
2026-09-11T23:00:00Z,AVE-20DEC30-CDE,8e-06,123.935647,122.93,123.965,123.86,1263,3103,2026-09-11T23:01:34Z
2026-09-11T23:00:00Z,AVP-20DEC30-CDE,2e-05,7.415939,7.58,7.425,7.42,7518,9234,2026-09-11T23:01:34Z
2026-09-11T23:00:00Z,BCP-20DEC30-CDE,-1.5e-05,226.445307,226.85,226.45,226.2,2384,54099,2026-09-11T23:01:34Z
2026-09-11T23:00:00Z,BIP-20DEC30-CDE,6e-06,77118.97748,77105,77157.5,77145,175141,701491,2026-09-11T23:01:34Z
2026-09-11T23:00:00Z,BNB-20DEC30-CDE,4e-06,724.15361,714.1,724.825,722.55,559,843,2026-09-11T23:01:34Z
2026-09-11T23:00:00Z,DOP-20DEC30-CDE,-9e-06,0.083813,0.08388,0.083875,0.08381,2209,12027,2026-09-11T23:01:34Z
2026-09-11T23:00:00Z,ENA-20DEC30-CDE,4e-05,0.138364,0.14372,0.13848,0.13846,1657,16706,2026-09-11T23:01:34Z
2026-09-11T23:00:00Z,ETP-20DEC30-CDE,3e-06,2510.566403,2461.5,2511.75,2510,263233,759101,2026-09-11T23:01:34Z
2026-09-11T23:00:00Z,HEP-20DEC30-CDE,-3.3e-05,0.074067,0.07522,0.07402,0.07393,2850,49119,2026-09-11T23:01:34Z
2026-09-11T23:00:00Z,HYP-20DEC30-CDE,2e-05,79.074048,80.05,79.31,79.09,9536,14500,2026-09-11T23:01:34Z
2026-09-11T23:00:00Z,LCP-20DEC30-CDE,9e-06,52.946349,52.12,53.015,52.94,2777,6640,2026-09-11T23:01:34Z
2026-09-11T23:00:00Z,LNP-20DEC30-CDE,0,11.487852,11.608,11.4925,11.475,4528,13557,2026-09-11T23:01:34Z
2026-09-11T23:00:00Z,NER-20DEC30-CDE,3.7e-05,2.409743,2.4764,2.4145,2.4135,1455,13099,2026-09-11T23:01:34Z
2026-09-11T23:00:00Z,OND-20DEC30-CDE,-2e-06,0.347607,0.3469,0.3479,0.3482,4665,12752,2026-09-11T23:01:34Z
2026-09-11T23:00:00Z,PAU-20DEC30-CDE,8e-06,4351.921576,4329.5,4353.6,4351,1124,3032,2026-09-11T23:01:34Z
2026-09-11T23:00:00Z,PEP-20DEC30-CDE,-3.7e-05,0.00327,0.003305,0.0032755,0.003279,749,9349,2026-09-11T23:01:34Z
2026-09-11T23:00:00Z,POP-20DEC30-CDE,-1.6e-05,1.031991,1.097,1.032,1.032,6042,20630,2026-09-11T23:01:34Z
2026-09-11T23:00:00Z,SHP-20DEC30-CDE,1.3e-05,0.00512,0.00509,0.005125,0.00511,3205,4157,2026-09-11T23:01:34Z
2026-09-11T23:00:00Z,SLP-20DEC30-CDE,1.4e-05,101.813815,99.64,101.91,101.84,36839,92864,2026-09-11T23:01:34Z
2026-09-11T23:00:00Z,SUP-20DEC30-CDE,2.2e-05,0.720467,0.739,0.7214,0.721,5213,20517,2026-09-11T23:01:34Z
2026-09-11T23:00:00Z,XLP-20DEC30-CDE,5e-05,0.177262,0.17794,0.177635,0.17777,3478,12247,2026-09-11T23:01:34Z
2026-09-11T23:00:00Z,XPP-20DEC30-CDE,1.4e-05,1.349423,1.3503,1.3509,1.35,46168,108547,2026-09-11T23:01:34Z
2026-09-11T23:00:00Z,ZEC-20DEC30-CDE,2.7e-05,1157.379039,1124,1157.875,1156.45,11112,77142,2026-09-11T23:01:34Z
2026-09-12T00:00:00Z,ADP-20DEC30-CDE,-1.4e-05,0.206269,0.2091,0.2064,0.2063,8685,34639,2026-09-12T00:01:37Z
2026-09-12T00:00:00Z,AVE-20DEC30-CDE,7e-06,124.89743,122.93,124.965,124.72,1263,3063,2026-09-12T00:01:37Z
2026-09-12T00:00:00Z,AVP-20DEC30-CDE,4e-06,7.449207,7.58,7.445,7.46,7518,8531,2026-09-12T00:01:37Z
2026-09-12T00:00:00Z,BCP-20DEC30-CDE,-2e-05,228.202327,226.85,228.15,228.35,2384,52193,2026-09-12T00:01:37Z
2026-09-12T00:00:00Z,BIP-20DEC30-CDE,5e-06,77204.548959,77105,77245,77255,175141,682316,2026-09-12T00:01:37Z
2026-09-12T00:00:00Z,BNB-20DEC30-CDE,0,726.782266,714.1,727.1,722.55,559,837,2026-09-12T00:01:37Z
2026-09-12T00:00:00Z,DOP-20DEC30-CDE,-1.2e-05,0.084288,0.08388,0.08428,0.08432,2209,11476,2026-09-12T00:01:37Z
2026-09-12T00:00:00Z,ENA-20DEC30-CDE,2.6e-05,0.140269,0.14372,0.140365,0.14031,1657,16557,2026-09-12T00:01:37Z
2026-09-12T00:00:00Z,ETP-20DEC30-CDE,6e-06,2514.943418,2461.5,2514.25,2514.5,263233,751565,2026-09-12T00:01:37Z
2026-09-12T00:00:00Z,HEP-20DEC30-CDE,-3.2e-05,0.074398,0.07522,0.074395,0.07439,2850,46559,2026-09-12T00:01:37Z
2026-09-12T00:00:00Z,HYP-20DEC30-CDE,1.3e-05,79.426589,80.05,79.475,79.42,9536,13897,2026-09-12T00:01:37Z
2026-09-12T00:00:00Z,LCP-20DEC30-CDE,5e-06,53.302737,52.12,53.34,53.36,2777,6484,2026-09-12T00:01:37Z
2026-09-12T00:00:00Z,LNP-20DEC30-CDE,-3e-06,11.544967,11.608,11.5485,11.556,4528,12997,2026-09-12T00:01:37Z
2026-09-12T00:00:00Z,NER-20DEC30-CDE,6e-05,2.357207,2.4764,2.3554,2.3546,1455,13118,2026-09-12T00:01:37Z
2026-09-12T00:00:00Z,OND-20DEC30-CDE,2e-06,0.350534,0.3469,0.35055,0.3509,4665,12469,2026-09-12T00:01:37Z
2026-09-12T00:00:00Z,PAU-20DEC30-CDE,8e-06,4355.505212,4329.5,4356.55,4351,1124,3012,2026-09-12T00:01:37Z
2026-09-12T00:00:00Z,PEP-20DEC30-CDE,-2.3e-05,0.0033,0.003305,0.0033015,0.003301,749,9140,2026-09-12T00:01:37Z
2026-09-12T00:00:00Z,POP-20DEC30-CDE,-1.3e-05,1.040453,1.097,1.0395,1.039,6042,19991,2026-09-12T00:01:37Z
2026-09-12T00:00:00Z,SHP-20DEC30-CDE,1.4e-05,0.00517,0.00509,0.005175,0.00517,3205,4358,2026-09-12T00:01:37Z
2026-09-12T00:00:00Z,SLP-20DEC30-CDE,1.1e-05,102.392305,99.64,102.46,102.49,36839,90266,2026-09-12T00:01:37Z
2026-09-12T00:00:00Z,SUP-20DEC30-CDE,1.6e-05,0.725424,0.739,0.72605,0.7249,5213,19946,2026-09-12T00:01:37Z
2026-09-12T00:00:00Z,XLP-20DEC30-CDE,3.1e-05,0.178323,0.17794,0.17839,0.17783,3478,11739,2026-09-12T00:01:37Z
2026-09-12T00:00:00Z,XPP-20DEC30-CDE,9e-06,1.355081,1.3503,1.35575,1.3556,46168,103465,2026-09-12T00:01:37Z
2026-09-12T00:00:00Z,ZEC-20DEC30-CDE,3.2e-05,1164.173312,1124,1164.775,1163.8,11112,71287,2026-09-12T00:01:37Z
2026-09-12T01:00:00Z,ADP-20DEC30-CDE,-7e-06,0.206262,0.2061,0.2063,0.2064,8685,33833,2026-09-12T01:01:43Z
2026-09-12T01:00:00Z,AVE-20DEC30-CDE,7e-06,125.172922,124.54,125.08,125.2,1263,3048,2026-09-12T01:01:43Z
2026-09-12T01:00:00Z,AVP-20DEC30-CDE,-5e-06,7.459173,7.46,7.455,7.46,7518,8073,2026-09-12T01:01:43Z
2026-09-12T01:00:00Z,BCP-20DEC30-CDE,-1.6e-05,229.101442,228.6,228.95,229.55,2384,50297,2026-09-12T01:01:43Z
2026-09-12T01:00:00Z,BIP-20DEC30-CDE,4e-06,77268.328077,77310,77255,77250,175141,672475,2026-09-12T01:01:43Z
2026-09-12T01:00:00Z,BNB-20DEC30-CDE,2e-06,726.16615,725.05,726.1,722.55,559,827,2026-09-12T01:01:43Z
2026-09-12T01:00:00Z,DOP-20DEC30-CDE,-8e-06,0.084191,0.08446,0.08412,0.08419,2209,11170,2026-09-12T01:01:43Z
2026-09-12T01:00:00Z,ENA-20DEC30-CDE,2.1e-05,0.141064,0.14239,0.14093,0.14116,1657,16520,2026-09-12T01:01:43Z
2026-09-12T01:00:00Z,ETP-20DEC30-CDE,6e-06,2510.244294,2541,2510.5,2511,263233,740036,2026-09-12T01:01:43Z
2026-09-12T01:00:00Z,HEP-20DEC30-CDE,-2.4e-05,0.074415,0.07445,0.074355,0.07436,2850,43523,2026-09-12T01:01:43Z
2026-09-12T01:00:00Z,HYP-20DEC30-CDE,1.4e-05,78.759394,80.78,78.73,78.72,9536,13424,2026-09-12T01:01:43Z
2026-09-12T01:00:00Z,LCP-20DEC30-CDE,2e-06,53.160283,53.5,53.135,53.21,2777,6068,2026-09-12T01:01:43Z
2026-09-12T01:00:00Z,LNP-20DEC30-CDE,2e-06,11.501224,11.61,11.502,11.498,4528,12816,2026-09-12T01:01:43Z
2026-09-12T01:00:00Z,NER-20DEC30-CDE,6.4e-05,2.329175,2.5074,2.33515,2.3359,1455,13190,2026-09-12T01:01:43Z
2026-09-12T01:00:00Z,OND-20DEC30-CDE,9e-06,0.349793,0.3527,0.34995,0.3509,4665,12109,2026-09-12T01:01:43Z
2026-09-12T01:00:00Z,PAU-20DEC30-CDE,1.1e-05,4356.662119,4354.3,4358.45,4351,1124,2903,2026-09-12T01:01:43Z
2026-09-12T01:00:00Z,PEP-20DEC30-CDE,-1.4e-05,0.0033,0.003293,0.0033015,0.003306,749,9091,2026-09-12T01:01:43Z
2026-09-12T01:00:00Z,POP-20DEC30-CDE,-1.4e-05,1.048975,1.047,1.048,1.051,6042,18879,2026-09-12T01:01:43Z
2026-09-12T01:00:00Z,SHP-20DEC30-CDE,1.5e-05,0.005189,0.00517,0.005195,0.00519,3205,5108,2026-09-12T01:01:43Z
2026-09-12T01:00:00Z,SLP-20DEC30-CDE,1.3e-05,101.890436,102.09,101.85,101.82,36839,83341,2026-09-12T01:01:43Z
2026-09-12T01:00:00Z,SUP-20DEC30-CDE,1.7e-05,0.726811,0.7274,0.72725,0.7277,5213,19520,2026-09-12T01:01:43Z
2026-09-12T01:00:00Z,XLP-20DEC30-CDE,1.9e-05,0.179383,0.17903,0.179465,0.17943,3478,11709,2026-09-12T01:01:43Z
2026-09-12T01:00:00Z,XPP-20DEC30-CDE,5e-06,1.356467,1.3616,1.3559,1.3567,46168,102605,2026-09-12T01:01:43Z
2026-09-12T01:00:00Z,ZEC-20DEC30-CDE,4.6e-05,1155.193004,1178.85,1156.35,1154.55,11112,69274,2026-09-12T01:01:43Z
2026-09-12T02:00:00Z,ADP-20DEC30-CDE,-2e-06,0.207598,0.2061,0.20785,0.2076,8685,32854,2026-09-12T02:01:34Z
2026-09-12T02:00:00Z,AVE-20DEC30-CDE,8e-06,125.266177,124.54,125.44,125.14,1263,2983,2026-09-12T02:01:34Z
2026-09-12T02:00:00Z,AVP-20DEC30-CDE,-7e-06,7.455713,7.46,7.465,7.46,7518,8038,2026-09-12T02:01:34Z
2026-09-12T02:00:00Z,BCP-20DEC30-CDE,-1.2e-05,230.326831,228.6,230.575,230.1,2384,49002,2026-09-12T02:01:34Z
2026-09-12T02:00:00Z,BIP-20DEC30-CDE,6e-06,77267.08255,77310,77292.5,77275,175141,664431,2026-09-12T02:01:34Z
2026-09-12T02:00:00Z,BNB-20DEC30-CDE,5e-06,730.203013,725.05,731.15,722.55,559,820,2026-09-12T02:01:34Z
2026-09-12T02:00:00Z,DOP-20DEC30-CDE,-7e-06,0.084436,0.08446,0.08447,0.08445,2209,11147,2026-09-12T02:01:34Z
2026-09-12T02:00:00Z,ENA-20DEC30-CDE,1.6e-05,0.141743,0.14239,0.1421,0.14196,1657,16494,2026-09-12T02:01:34Z
2026-09-12T02:00:00Z,ETP-20DEC30-CDE,4e-06,2513.432274,2541,2515,2513,263233,735495,2026-09-12T02:01:34Z
2026-09-12T02:00:00Z,HEP-20DEC30-CDE,-1.8e-05,0.07453,0.07445,0.07456,0.07448,2850,43727,2026-09-12T02:01:34Z
2026-09-12T02:00:00Z,HYP-20DEC30-CDE,1e-05,78.833794,80.78,79.05,78.82,9536,13225,2026-09-12T02:01:34Z
2026-09-12T02:00:00Z,LCP-20DEC30-CDE,0,53.679165,53.5,53.725,53.74,2777,5662,2026-09-12T02:01:34Z
2026-09-12T02:00:00Z,LNP-20DEC30-CDE,9e-06,11.52821,11.61,11.555,11.533,4528,12458,2026-09-12T02:01:34Z
2026-09-12T02:00:00Z,NER-20DEC30-CDE,6.2e-05,2.356059,2.5074,2.36085,2.3604,1455,12601,2026-09-12T02:01:34Z
2026-09-12T02:00:00Z,OND-20DEC30-CDE,1.4e-05,0.350673,0.3527,0.35145,0.3512,4665,11946,2026-09-12T02:01:34Z
2026-09-12T02:00:00Z,PAU-20DEC30-CDE,1.1e-05,4355.889281,4354.3,4357.8,4351,1124,2870,2026-09-12T02:01:34Z
2026-09-12T02:00:00Z,PEP-20DEC30-CDE,-7e-06,0.00331,0.003293,0.0033145,0.00331,749,8680,2026-09-12T02:01:34Z
2026-09-12T02:00:00Z,POP-20DEC30-CDE,-1.2e-05,1.054156,1.047,1.054,1.055,6042,18305,2026-09-12T02:01:34Z
2026-09-12T02:00:00Z,SHP-20DEC30-CDE,1.1e-05,0.0052,0.00517,0.005205,0.0052,3205,5292,2026-09-12T02:01:34Z
2026-09-12T02:00:00Z,SLP-20DEC30-CDE,1.5e-05,101.98977,102.09,102.075,102.02,36839,81877,2026-09-12T02:01:34Z
2026-09-12T02:00:00Z,SUP-20DEC30-CDE,2e-05,0.72856,0.7274,0.7299,0.7286,5213,19246,2026-09-12T02:01:34Z
2026-09-12T02:00:00Z,XLP-20DEC30-CDE,1.4e-05,0.180324,0.17903,0.18042,0.18041,3478,11741,2026-09-12T02:01:34Z
2026-09-12T02:00:00Z,XPP-20DEC30-CDE,3e-06,1.360739,1.3616,1.3622,1.3614,46168,100981,2026-09-12T02:01:34Z
2026-09-12T02:00:00Z,ZEC-20DEC30-CDE,4.3e-05,1140.318481,1178.85,1143.2,1140.7,11112,68209,2026-09-12T02:01:34Z
2026-09-12T03:00:00Z,ADP-20DEC30-CDE,-2e-06,0.208587,0.2061,0.2085,0.2087,8685,32763,2026-09-12T03:01:38Z
2026-09-12T03:00:00Z,AVE-20DEC30-CDE,5e-06,125.222333,124.54,125.145,125.19,1263,2996,2026-09-12T03:01:38Z
2026-09-12T03:00:00Z,AVP-20DEC30-CDE,-5e-06,7.448748,7.46,7.44,7.45,7518,8190,2026-09-12T03:01:38Z
2026-09-12T03:00:00Z,BCP-20DEC30-CDE,-1e-05,230.488088,228.6,230.125,230.4,2384,48563,2026-09-12T03:01:38Z
2026-09-12T03:00:00Z,BIP-20DEC30-CDE,6e-06,77255.166225,77310,77240,77285,175141,661981,2026-09-12T03:01:38Z
2026-09-12T03:00:00Z,BNB-20DEC30-CDE,8e-06,731.355429,725.05,731.95,722.55,559,770,2026-09-12T03:01:38Z
2026-09-12T03:00:00Z,DOP-20DEC30-CDE,-4e-06,0.084448,0.08446,0.084375,0.0845,2209,11506,2026-09-12T03:01:38Z
2026-09-12T03:00:00Z,ENA-20DEC30-CDE,1.6e-05,0.141149,0.14239,0.140805,0.14077,1657,16628,2026-09-12T03:01:38Z
2026-09-12T03:00:00Z,ETP-20DEC30-CDE,4e-06,2513.557063,2541,2512.5,2514.5,263233,728562,2026-09-12T03:01:38Z
2026-09-12T03:00:00Z,HEP-20DEC30-CDE,-1.4e-05,0.074598,0.07445,0.074575,0.07453,2850,44457,2026-09-12T03:01:38Z
2026-09-12T03:00:00Z,HYP-20DEC30-CDE,1.1e-05,78.910402,80.78,78.84,78.87,9536,12735,2026-09-12T03:01:38Z
2026-09-12T03:00:00Z,LCP-20DEC30-CDE,0,53.958244,53.5,53.92,53.94,2777,5469,2026-09-12T03:01:38Z
2026-09-12T03:00:00Z,LNP-20DEC30-CDE,1.4e-05,11.508419,11.61,11.5035,11.5,4528,12402,2026-09-12T03:01:38Z
2026-09-12T03:00:00Z,NER-20DEC30-CDE,6e-05,2.358282,2.5074,2.35865,2.3571,1455,12624,2026-09-12T03:01:38Z
2026-09-12T03:00:00Z,OND-20DEC30-CDE,1.4e-05,0.350889,0.3527,0.35075,0.3514,4665,11580,2026-09-12T03:01:38Z
2026-09-12T03:00:00Z,PAU-20DEC30-CDE,8e-06,4355.417691,4354.3,4356.1,4356.1,1124,2850,2026-09-12T03:01:38Z
2026-09-12T03:00:00Z,PEP-20DEC30-CDE,-3e-06,0.00332,0.003293,0.0033135,0.003311,749,8590,2026-09-12T03:01:38Z
2026-09-12T03:00:00Z,POP-20DEC30-CDE,-7e-06,1.047435,1.047,1.046,1.047,6042,17530,2026-09-12T03:01:38Z
2026-09-12T03:00:00Z,SHP-20DEC30-CDE,7e-06,0.00521,0.00517,0.005205,0.00521,3205,5394,2026-09-12T03:01:38Z
2026-09-12T03:00:00Z,SLP-20DEC30-CDE,1.8e-05,101.749801,102.09,101.69,101.81,36839,80805,2026-09-12T03:01:38Z
2026-09-12T03:00:00Z,SUP-20DEC30-CDE,2.3e-05,0.726103,0.7274,0.72565,0.726,5213,19555,2026-09-12T03:01:38Z
2026-09-12T03:00:00Z,XLP-20DEC30-CDE,1.1e-05,0.180469,0.17903,0.1804,0.18042,3478,11659,2026-09-12T03:01:38Z
2026-09-12T03:00:00Z,XPP-20DEC30-CDE,5e-06,1.362996,1.3616,1.3626,1.363,46168,99930,2026-09-12T03:01:38Z
2026-09-12T03:00:00Z,ZEC-20DEC30-CDE,4.8e-05,1139.896229,1178.85,1139.5,1140.85,11112,64438,2026-09-12T03:01:38Z
2026-09-12T04:00:00Z,ADP-20DEC30-CDE,-2e-06,0.20905,0.2061,0.20905,0.209,8685,31934,2026-09-12T04:01:35Z
2026-09-12T04:00:00Z,AVE-20DEC30-CDE,3e-06,125.721479,124.54,125.735,125.6,1263,2915,2026-09-12T04:01:35Z
2026-09-12T04:00:00Z,AVP-20DEC30-CDE,-6e-06,7.45622,7.46,7.465,7.45,7518,8226,2026-09-12T04:01:35Z
2026-09-12T04:00:00Z,BCP-20DEC30-CDE,-7e-06,230.889161,228.6,230.875,230.3,2384,46953,2026-09-12T04:01:35Z
2026-09-12T04:00:00Z,BIP-20DEC30-CDE,7e-06,77261.520475,77310,77300,77300,175141,653146,2026-09-12T04:01:35Z
2026-09-12T04:00:00Z,BNB-20DEC30-CDE,9e-06,733.570556,725.05,734.5,732.55,559,773,2026-09-12T04:01:35Z
2026-09-12T04:00:00Z,DOP-20DEC30-CDE,1e-06,0.084434,0.08446,0.08445,0.08444,2209,11572,2026-09-12T04:01:35Z
2026-09-12T04:00:00Z,ENA-20DEC30-CDE,1.5e-05,0.14184,0.14239,0.14162,0.1416,1657,16841,2026-09-12T04:01:35Z
2026-09-12T04:00:00Z,ETP-20DEC30-CDE,2e-06,2512.960253,2541,2513,2512,263233,724278,2026-09-12T04:01:35Z
2026-09-12T04:00:00Z,HEP-20DEC30-CDE,-8e-06,0.074575,0.07445,0.074605,0.07461,2850,43349,2026-09-12T04:01:35Z
2026-09-12T04:00:00Z,HYP-20DEC30-CDE,1.4e-05,78.870734,80.78,78.91,78.76,9536,12614,2026-09-12T04:01:35Z
2026-09-12T04:00:00Z,LCP-20DEC30-CDE,0,53.993163,53.5,53.965,53.9,2777,5126,2026-09-12T04:01:35Z
2026-09-12T04:00:00Z,LNP-20DEC30-CDE,1.2e-05,11.488354,11.61,11.498,11.496,4528,12398,2026-09-12T04:01:35Z
2026-09-12T04:00:00Z,NER-20DEC30-CDE,5.4e-05,2.378271,2.5074,2.38185,2.3775,1455,12650,2026-09-12T04:01:35Z
2026-09-12T04:00:00Z,OND-20DEC30-CDE,2e-05,0.350154,0.3527,0.35045,0.3501,4665,11201,2026-09-12T04:01:35Z
2026-09-12T04:00:00Z,PAU-20DEC30-CDE,7e-06,4353.56889,4354.3,4354.9,4356.6,1124,2705,2026-09-12T04:01:35Z
2026-09-12T04:00:00Z,PEP-20DEC30-CDE,4e-06,0.00334,0.003293,0.0033365,0.003324,749,8425,2026-09-12T04:01:35Z
2026-09-12T04:00:00Z,POP-20DEC30-CDE,-9e-06,1.046262,1.047,1.046,1.048,6042,17381,2026-09-12T04:01:35Z
2026-09-12T04:00:00Z,SHP-20DEC30-CDE,8e-06,0.005208,0.00517,0.005225,0.00522,3205,5445,2026-09-12T04:01:35Z
2026-09-12T04:00:00Z,SLP-20DEC30-CDE,1.3e-05,101.663343,102.09,101.725,101.75,36839,79283,2026-09-12T04:01:35Z
2026-09-12T04:00:00Z,SUP-20DEC30-CDE,2.4e-05,0.726953,0.7274,0.72735,0.7269,5213,19415,2026-09-12T04:01:35Z
2026-09-12T04:00:00Z,XLP-20DEC30-CDE,1.4e-05,0.180963,0.17903,0.181125,0.18095,3478,11556,2026-09-12T04:01:35Z
2026-09-12T04:00:00Z,XPP-20DEC30-CDE,5e-06,1.364201,1.3616,1.3644,1.3643,46168,98855,2026-09-12T04:01:35Z
2026-09-12T04:00:00Z,ZEC-20DEC30-CDE,4.7e-05,1134.138304,1178.85,1133.75,1133.45,11112,63650,2026-09-12T04:01:35Z
2026-09-12T05:00:00Z,ADP-20DEC30-CDE,2e-06,0.207746,0.2061,0.2078,0.2078,8685,31031,2026-09-12T05:01:43Z
2026-09-12T05:00:00Z,AVE-20DEC30-CDE,6e-06,125.038782,124.54,125.03,125.04,1263,2938,2026-09-12T05:01:43Z
2026-09-12T05:00:00Z,AVP-20DEC30-CDE,-5e-06,7.449282,7.46,7.445,7.47,7518,8075,2026-09-12T05:01:43Z
2026-09-12T05:00:00Z,BCP-20DEC30-CDE,-5e-06,229.612636,228.6,229.675,229.85,2384,46641,2026-09-12T05:01:43Z
2026-09-12T05:00:00Z,BIP-20DEC30-CDE,7e-06,77206.777444,77310,77210,77210,175141,648102,2026-09-12T05:01:43Z
2026-09-12T05:00:00Z,BNB-20DEC30-CDE,9e-06,733.489763,725.05,733.175,732.55,559,768,2026-09-12T05:01:43Z
2026-09-12T05:00:00Z,DOP-20DEC30-CDE,0,0.084356,0.08446,0.08439,0.08447,2209,11340,2026-09-12T05:01:43Z
2026-09-12T05:00:00Z,ENA-20DEC30-CDE,1.7e-05,0.140509,0.14239,0.14076,0.14054,1657,17226,2026-09-12T05:01:43Z
2026-09-12T05:00:00Z,ETP-20DEC30-CDE,3e-06,2512.244324,2541,2512.25,2513,263233,718502,2026-09-12T05:01:43Z
2026-09-12T05:00:00Z,HEP-20DEC30-CDE,-2e-06,0.074407,0.07445,0.07438,0.07448,2850,45729,2026-09-12T05:01:43Z
2026-09-12T05:00:00Z,HYP-20DEC30-CDE,1.6e-05,78.484455,80.78,78.52,78.64,9536,12550,2026-09-12T05:01:43Z
2026-09-12T05:00:00Z,LCP-20DEC30-CDE,4e-06,53.756182,53.5,53.77,53.9,2777,5042,2026-09-12T05:01:43Z
2026-09-12T05:00:00Z,LNP-20DEC30-CDE,1.1e-05,11.498865,11.61,11.501,11.505,4528,12308,2026-09-12T05:01:43Z
2026-09-12T05:00:00Z,NER-20DEC30-CDE,6.2e-05,2.340338,2.5074,2.34415,2.3456,1455,12687,2026-09-12T05:01:43Z
2026-09-12T05:00:00Z,OND-20DEC30-CDE,2e-05,0.350601,0.3527,0.351,0.3511,4665,10746,2026-09-12T05:01:43Z
2026-09-12T05:00:00Z,PAU-20DEC30-CDE,1e-05,4354.880462,4354.3,4356.6,4356.6,1124,2643,2026-09-12T05:01:43Z
2026-09-12T05:00:00Z,PEP-20DEC30-CDE,1.4e-05,0.00332,0.003293,0.0033245,0.003324,749,8294,2026-09-12T05:01:43Z
2026-09-12T05:00:00Z,POP-20DEC30-CDE,-1.6e-05,1.048452,1.047,1.047,1.051,6042,16628,2026-09-12T05:01:43Z
2026-09-12T05:00:00Z,SHP-20DEC30-CDE,1.6e-05,0.00522,0.00517,0.005215,0.00523,3205,5572,2026-09-12T05:01:43Z
2026-09-12T05:00:00Z,SLP-20DEC30-CDE,1.6e-05,101.608118,102.09,101.64,101.63,36839,78130,2026-09-12T05:01:43Z
2026-09-12T05:00:00Z,SUP-20DEC30-CDE,2.3e-05,0.723071,0.7274,0.7233,0.7234,5213,19580,2026-09-12T05:01:43Z
2026-09-12T05:00:00Z,XLP-20DEC30-CDE,1.5e-05,0.180424,0.17903,0.18062,0.18077,3478,11490,2026-09-12T05:01:43Z
2026-09-12T05:00:00Z,XPP-20DEC30-CDE,8e-06,1.363264,1.3616,1.36385,1.3635,46168,97741,2026-09-12T05:01:43Z
2026-09-12T05:00:00Z,ZEC-20DEC30-CDE,3.9e-05,1135.272071,1178.85,1135.6,1136.2,11112,61941,2026-09-12T05:01:43Z
2026-09-12T06:00:00Z,ADP-20DEC30-CDE,6e-06,0.207711,0.2061,0.2077,0.2079,8685,30479,2026-09-12T06:01:44Z
2026-09-12T06:00:00Z,AVE-20DEC30-CDE,0,125.219021,124.54,125.265,125.01,1263,2906,2026-09-12T06:01:44Z
2026-09-12T06:00:00Z,AVP-20DEC30-CDE,-5e-06,7.433469,7.46,7.435,7.44,7518,7982,2026-09-12T06:01:44Z
2026-09-12T06:00:00Z,BCP-20DEC30-CDE,-3e-06,229.884479,228.6,229.825,230.25,2384,45668,2026-09-12T06:01:44Z
2026-09-12T06:00:00Z,BIP-20DEC30-CDE,6e-06,77194.55933,77310,77207.5,77205,175141,640110,2026-09-12T06:01:44Z
2026-09-12T06:00:00Z,BNB-20DEC30-CDE,1e-05,733.224389,725.05,732.8,732.55,559,763,2026-09-12T06:01:44Z
2026-09-12T06:00:00Z,DOP-20DEC30-CDE,3e-06,0.084407,0.08446,0.084405,0.0844,2209,11047,2026-09-12T06:01:44Z
2026-09-12T06:00:00Z,ENA-20DEC30-CDE,2.3e-05,0.140528,0.14239,0.140605,0.14072,1657,17776,2026-09-12T06:01:44Z
2026-09-12T06:00:00Z,ETP-20DEC30-CDE,3e-06,2511.482896,2541,2511.75,2512.5,263233,714179,2026-09-12T06:01:44Z
2026-09-12T06:00:00Z,HEP-20DEC30-CDE,5e-06,0.074265,0.07445,0.07428,0.07432,2850,45582,2026-09-12T06:01:44Z
2026-09-12T06:00:00Z,HYP-20DEC30-CDE,1.3e-05,78.618181,80.78,78.61,78.7,9536,12526,2026-09-12T06:01:44Z
2026-09-12T06:00:00Z,LCP-20DEC30-CDE,3e-06,53.825279,53.5,53.825,53.9,2777,4793,2026-09-12T06:01:44Z
2026-09-12T06:00:00Z,LNP-20DEC30-CDE,8e-06,11.514598,11.61,11.5145,11.505,4528,12122,2026-09-12T06:01:44Z
2026-09-12T06:00:00Z,NER-20DEC30-CDE,5.6e-05,2.350402,2.5074,2.35485,2.3561,1455,12511,2026-09-12T06:01:44Z
2026-09-12T06:00:00Z,OND-20DEC30-CDE,3.2e-05,0.349399,0.3527,0.3498,0.3508,4665,10531,2026-09-12T06:01:44Z
2026-09-12T06:00:00Z,PAU-20DEC30-CDE,1.3e-05,4354.62,4354.3,4356.5,4356.6,1124,2427,2026-09-12T06:01:44Z
2026-09-12T06:00:00Z,PEP-20DEC30-CDE,2.2e-05,0.00332,0.003293,0.003323,0.003322,749,8148,2026-09-12T06:01:44Z
2026-09-12T06:00:00Z,POP-20DEC30-CDE,-1.6e-05,1.046515,1.047,1.046,1.047,6042,15112,2026-09-12T06:01:44Z
2026-09-12T06:00:00Z,SHP-20DEC30-CDE,1.9e-05,0.00522,0.00517,0.005215,0.00521,3205,5775,2026-09-12T06:01:44Z
2026-09-12T06:00:00Z,SLP-20DEC30-CDE,1.6e-05,101.659794,102.09,101.65,101.73,36839,77265,2026-09-12T06:01:44Z
2026-09-12T06:00:00Z,SUP-20DEC30-CDE,2.2e-05,0.722405,0.7274,0.72275,0.7245,5213,19277,2026-09-12T06:01:44Z
2026-09-12T06:00:00Z,XLP-20DEC30-CDE,2.8e-05,0.179933,0.17903,0.179925,0.17986,3478,11392,2026-09-12T06:01:44Z
2026-09-12T06:00:00Z,XPP-20DEC30-CDE,5e-06,1.363758,1.3616,1.3633,1.364,46168,96385,2026-09-12T06:01:44Z
2026-09-12T06:00:00Z,ZEC-20DEC30-CDE,4.1e-05,1125.22147,1178.85,1123.975,1118.2,11112,61121,2026-09-12T06:01:44Z
2026-09-12T07:00:00Z,ADP-20DEC30-CDE,7e-06,0.207816,0.2061,0.20785,0.2079,8685,30171,2026-09-12T07:01:47Z
2026-09-12T07:00:00Z,AVE-20DEC30-CDE,-3e-06,125.616806,124.54,125.685,125.01,1263,2890,2026-09-12T07:01:47Z
2026-09-12T07:00:00Z,AVP-20DEC30-CDE,-5e-06,7.434238,7.46,7.435,7.44,7518,7910,2026-09-12T07:01:47Z
2026-09-12T07:00:00Z,BCP-20DEC30-CDE,1e-06,230.076061,228.6,230.225,230.25,2384,44853,2026-09-12T07:01:47Z
2026-09-12T07:00:00Z,BIP-20DEC30-CDE,7e-06,77284.264273,77310,77302.5,77295,175141,632073,2026-09-12T07:01:47Z
2026-09-12T07:00:00Z,BNB-20DEC30-CDE,8e-06,731.778499,725.05,732.2,732.55,559,762,2026-09-12T07:01:47Z
2026-09-12T07:00:00Z,DOP-20DEC30-CDE,3e-06,0.08441,0.08446,0.08443,0.08444,2209,10888,2026-09-12T07:01:47Z
2026-09-12T07:00:00Z,ENA-20DEC30-CDE,2.4e-05,0.141798,0.14239,0.1417,0.14197,1657,18189,2026-09-12T07:01:47Z
2026-09-12T07:00:00Z,ETP-20DEC30-CDE,3e-06,2519.515552,2541,2520.75,2520.5,263233,713434,2026-09-12T07:01:47Z
2026-09-12T07:00:00Z,HEP-20DEC30-CDE,8e-06,0.074267,0.07445,0.074315,0.07432,2850,45224,2026-09-12T07:01:47Z
2026-09-12T07:00:00Z,HYP-20DEC30-CDE,9e-06,78.784436,80.78,78.845,78.72,9536,12542,2026-09-12T07:01:47Z
2026-09-12T07:00:00Z,LCP-20DEC30-CDE,4e-06,53.762116,53.5,53.78,53.9,2777,4569,2026-09-12T07:01:47Z
2026-09-12T07:00:00Z,LNP-20DEC30-CDE,7e-06,11.515116,11.61,11.52,11.512,4528,11968,2026-09-12T07:01:47Z
2026-09-12T07:00:00Z,NER-20DEC30-CDE,5.1e-05,2.348629,2.5074,2.3527,2.3517,1455,12292,2026-09-12T07:01:47Z
2026-09-12T07:00:00Z,OND-20DEC30-CDE,4e-05,0.349614,0.3527,0.3501,0.3501,4665,10468,2026-09-12T07:01:47Z
2026-09-12T07:00:00Z,PAU-20DEC30-CDE,1.5e-05,4354.841122,4354.3,4356.55,4356.6,1124,2377,2026-09-12T07:01:47Z
2026-09-12T07:00:00Z,PEP-20DEC30-CDE,2.5e-05,0.00333,0.003293,0.003323,0.003322,749,8043,2026-09-12T07:01:47Z
2026-09-12T07:00:00Z,POP-20DEC30-CDE,-1.4e-05,1.045263,1.047,1.0445,1.045,6042,13994,2026-09-12T07:01:47Z
2026-09-12T07:00:00Z,SHP-20DEC30-CDE,2.3e-05,0.00521,0.00517,0.005215,0.00522,3205,5978,2026-09-12T07:01:47Z
2026-09-12T07:00:00Z,SLP-20DEC30-CDE,1.5e-05,101.663051,102.09,101.73,101.69,36839,76520,2026-09-12T07:01:47Z
2026-09-12T07:00:00Z,SUP-20DEC30-CDE,2e-05,0.723078,0.7274,0.7238,0.7246,5213,18952,2026-09-12T07:01:47Z
2026-09-12T07:00:00Z,XLP-20DEC30-CDE,3.5e-05,0.179512,0.17903,0.17968,0.17954,3478,11272,2026-09-12T07:01:47Z
2026-09-12T07:00:00Z,XPP-20DEC30-CDE,0,1.362934,1.3616,1.36285,1.3625,46168,95336,2026-09-12T07:01:47Z
2026-09-12T07:00:00Z,ZEC-20DEC30-CDE,3.7e-05,1130.945923,1178.85,1132.5,1133.35,11112,60393,2026-09-12T07:01:47Z
2026-09-12T08:00:00Z,ADP-20DEC30-CDE,5e-06,0.209044,0.2061,0.2088,0.2093,8685,29645,2026-09-12T08:01:42Z
2026-09-12T08:00:00Z,AVE-20DEC30-CDE,-6e-06,126.318226,124.54,126.325,125.01,1263,2853,2026-09-12T08:01:42Z
2026-09-12T08:00:00Z,AVP-20DEC30-CDE,-7e-06,7.453172,7.46,7.45,7.46,7518,7821,2026-09-12T08:01:42Z
2026-09-12T08:00:00Z,BCP-20DEC30-CDE,-2e-06,231.763935,228.6,231.625,232,2384,44192,2026-09-12T08:01:42Z
2026-09-12T08:00:00Z,BIP-20DEC30-CDE,5e-06,77269.875869,77310,77277.5,77285,175141,628622,2026-09-12T08:01:42Z
2026-09-12T08:00:00Z,BNB-20DEC30-CDE,9e-06,733.477758,725.05,733.8,733,559,764,2026-09-12T08:01:42Z
2026-09-12T08:00:00Z,DOP-20DEC30-CDE,3e-06,0.084747,0.08446,0.08474,0.08471,2209,10626,2026-09-12T08:01:42Z
2026-09-12T08:00:00Z,ENA-20DEC30-CDE,2.3e-05,0.142759,0.14239,0.14274,0.14277,1657,18551,2026-09-12T08:01:42Z
2026-09-12T08:00:00Z,ETP-20DEC30-CDE,8e-06,2523.364512,2541,2524,2524,263233,714552,2026-09-12T08:01:42Z
2026-09-12T08:00:00Z,HEP-20DEC30-CDE,6e-06,0.074571,0.07445,0.074505,0.07456,2850,44799,2026-09-12T08:01:42Z
2026-09-12T08:00:00Z,HYP-20DEC30-CDE,8e-06,79.059329,80.78,79.01,79.1,9536,12570,2026-09-12T08:01:42Z
2026-09-12T08:00:00Z,LCP-20DEC30-CDE,3e-06,54.053301,53.5,54.04,54.12,2777,4390,2026-09-12T08:01:42Z
2026-09-12T08:00:00Z,LNP-20DEC30-CDE,8e-06,11.563863,11.61,11.562,11.563,4528,11810,2026-09-12T08:01:42Z
2026-09-12T08:00:00Z,NER-20DEC30-CDE,4.8e-05,2.3601,2.5074,2.35925,2.3688,1455,11928,2026-09-12T08:01:42Z
2026-09-12T08:00:00Z,OND-20DEC30-CDE,4.3e-05,0.351792,0.3527,0.3519,0.3517,4665,10336,2026-09-12T08:01:42Z
2026-09-12T08:00:00Z,PAU-20DEC30-CDE,1.6e-05,4355.46,4354.3,4356.6,4356.6,1124,2359,2026-09-12T08:01:42Z
2026-09-12T08:00:00Z,PEP-20DEC30-CDE,1.8e-05,0.00335,0.003293,0.003345,0.003348,749,7962,2026-09-12T08:01:42Z
2026-09-12T08:00:00Z,POP-20DEC30-CDE,-1.9e-05,1.050178,1.047,1.049,1.053,6042,13270,2026-09-12T08:01:42Z
2026-09-12T08:00:00Z,SHP-20DEC30-CDE,1.7e-05,0.00524,0.00517,0.00524,0.00525,3205,6084,2026-09-12T08:01:42Z
2026-09-12T08:00:00Z,SLP-20DEC30-CDE,1.3e-05,101.652637,102.09,101.655,101.63,36839,75414,2026-09-12T08:01:42Z
2026-09-12T08:00:00Z,SUP-20DEC30-CDE,1.7e-05,0.728179,0.7274,0.72815,0.7288,5213,18375,2026-09-12T08:01:42Z
2026-09-12T08:00:00Z,XLP-20DEC30-CDE,3.5e-05,0.180772,0.17903,0.180885,0.18109,3478,11065,2026-09-12T08:01:42Z
2026-09-12T08:00:00Z,XPP-20DEC30-CDE,4e-06,1.36928,1.3616,1.368,1.3707,46168,94198,2026-09-12T08:01:42Z
2026-09-12T08:00:00Z,ZEC-20DEC30-CDE,3.6e-05,1149.49913,1178.85,1148.725,1150.15,11112,59901,2026-09-12T08:01:42Z
2026-09-12T09:00:00Z,ADP-20DEC30-CDE,7e-06,0.208856,0.2061,0.2088,0.209,8685,29445,2026-09-12T09:01:42Z
2026-09-12T09:00:00Z,AVE-20DEC30-CDE,-8e-06,126.3,124.54,126.185,126.4,1263,2902,2026-09-12T09:01:42Z
2026-09-12T09:00:00Z,AVP-20DEC30-CDE,-4e-06,7.436289,7.46,7.435,7.45,7518,7758,2026-09-12T09:01:42Z
2026-09-12T09:00:00Z,BCP-20DEC30-CDE,7e-06,231.31549,228.6,231.375,231.15,2384,43764,2026-09-12T09:01:42Z
2026-09-12T09:00:00Z,BIP-20DEC30-CDE,5e-06,77328.791227,77310,77337.5,77330,175141,621959,2026-09-12T09:01:42Z
2026-09-12T09:00:00Z,BNB-20DEC30-CDE,9e-06,734.488108,725.05,734.625,733,559,764,2026-09-12T09:01:42Z
2026-09-12T09:00:00Z,DOP-20DEC30-CDE,5e-06,0.08476,0.08446,0.084745,0.08473,2209,10631,2026-09-12T09:01:42Z
2026-09-12T09:00:00Z,ENA-20DEC30-CDE,3.4e-05,0.142057,0.14239,0.14194,0.14214,1657,18519,2026-09-12T09:01:42Z
2026-09-12T09:00:00Z,ETP-20DEC30-CDE,1.1e-05,2533.595877,2541,2532.5,2533.5,263233,711341,2026-09-12T09:01:42Z
2026-09-12T09:00:00Z,HEP-20DEC30-CDE,9e-06,0.07442,0.07445,0.07444,0.07446,2850,44601,2026-09-12T09:01:42Z
2026-09-12T09:00:00Z,HYP-20DEC30-CDE,7e-06,79.414914,80.78,79.37,79.43,9536,12570,2026-09-12T09:01:42Z
2026-09-12T09:00:00Z,LCP-20DEC30-CDE,4e-06,54.192401,53.5,54.175,54.1,2777,4303,2026-09-12T09:01:42Z
2026-09-12T09:00:00Z,LNP-20DEC30-CDE,1.2e-05,11.536901,11.61,11.54,11.563,4528,11717,2026-09-12T09:01:42Z
2026-09-12T09:00:00Z,NER-20DEC30-CDE,4.8e-05,2.370045,2.5074,2.3694,2.3771,1455,11600,2026-09-12T09:01:42Z
2026-09-12T09:00:00Z,OND-20DEC30-CDE,4.1e-05,0.351644,0.3527,0.35195,0.3517,4665,10191,2026-09-12T09:01:42Z
2026-09-12T09:00:00Z,PAU-20DEC30-CDE,1.4e-05,4355.147685,4354.3,4356.6,4356.6,1124,2285,2026-09-12T09:01:42Z
2026-09-12T09:00:00Z,PEP-20DEC30-CDE,1.7e-05,0.00338,0.003293,0.003383,0.00338,749,7986,2026-09-12T09:01:42Z
2026-09-12T09:00:00Z,POP-20DEC30-CDE,-1.1e-05,1.045521,1.047,1.045,1.045,6042,12735,2026-09-12T09:01:42Z
2026-09-12T09:00:00Z,SHP-20DEC30-CDE,1.5e-05,0.005269,0.00517,0.005275,0.00527,3205,6248,2026-09-12T09:01:42Z
2026-09-12T09:00:00Z,SLP-20DEC30-CDE,1.2e-05,101.788612,102.09,101.81,101.85,36839,74888,2026-09-12T09:01:42Z
2026-09-12T09:00:00Z,SUP-20DEC30-CDE,1.8e-05,0.727144,0.7274,0.72725,0.7273,5213,18038,2026-09-12T09:01:42Z
2026-09-12T09:00:00Z,XLP-20DEC30-CDE,4.1e-05,0.180894,0.17903,0.18107,0.18139,3478,10991,2026-09-12T09:01:42Z
2026-09-12T09:00:00Z,XPP-20DEC30-CDE,4e-06,1.366127,1.3616,1.36565,1.3655,46168,94116,2026-09-12T09:01:42Z
2026-09-12T09:00:00Z,ZEC-20DEC30-CDE,2.7e-05,1150.642067,1178.85,1151.175,1157.95,11112,58133,2026-09-12T09:01:42Z
2026-09-12T10:00:00Z,ADP-20DEC30-CDE,9e-06,0.20854,0.2061,0.2086,0.2086,8685,28260,2026-09-12T10:01:39Z
2026-09-12T10:00:00Z,AVE-20DEC30-CDE,-6e-06,126.426324,124.54,126.52,126.4,1263,2877,2026-09-12T10:01:39Z
2026-09-12T10:00:00Z,AVP-20DEC30-CDE,-4e-06,7.448629,7.46,7.445,7.44,7518,7882,2026-09-12T10:01:39Z
2026-09-12T10:00:00Z,BCP-20DEC30-CDE,5e-06,231.837259,228.6,231.675,232,2384,43316,2026-09-12T10:01:39Z
2026-09-12T10:00:00Z,BIP-20DEC30-CDE,6e-06,77334.127065,77310,77352.5,77335,175141,616164,2026-09-12T10:01:39Z
2026-09-12T10:00:00Z,BNB-20DEC30-CDE,1e-05,734.951576,725.05,735.575,733,559,761,2026-09-12T10:01:39Z
2026-09-12T10:00:00Z,DOP-20DEC30-CDE,4e-06,0.084929,0.08446,0.084975,0.08486,2209,10543,2026-09-12T10:01:39Z
2026-09-12T10:00:00Z,ENA-20DEC30-CDE,3.6e-05,0.141632,0.14239,0.14183,0.1416,1657,18484,2026-09-12T10:01:39Z
2026-09-12T10:00:00Z,ETP-20DEC30-CDE,5e-06,2531.19778,2541,2532.75,2531,263233,707399,2026-09-12T10:01:39Z
2026-09-12T10:00:00Z,HEP-20DEC30-CDE,1.1e-05,0.07439,0.07445,0.074395,0.07441,2850,44451,2026-09-12T10:01:39Z
2026-09-12T10:00:00Z,HYP-20DEC30-CDE,7e-06,79.526468,80.78,79.55,79.41,9536,12491,2026-09-12T10:01:39Z
2026-09-12T10:00:00Z,LCP-20DEC30-CDE,5e-06,54.132839,53.5,54.12,54.14,2777,4069,2026-09-12T10:01:39Z
2026-09-12T10:00:00Z,LNP-20DEC30-CDE,1.2e-05,11.551131,11.61,11.559,11.561,4528,11535,2026-09-12T10:01:39Z
2026-09-12T10:00:00Z,NER-20DEC30-CDE,4.7e-05,2.371712,2.5074,2.37605,2.369,1455,11253,2026-09-12T10:01:39Z
2026-09-12T10:00:00Z,OND-20DEC30-CDE,4.1e-05,0.351293,0.3527,0.3518,0.3516,4665,10000,2026-09-12T10:01:39Z
2026-09-12T10:00:00Z,PAU-20DEC30-CDE,1.2e-05,4355.583151,4354.3,4356.6,4356.6,1124,2269,2026-09-12T10:01:39Z
2026-09-12T10:00:00Z,PEP-20DEC30-CDE,2.5e-05,0.00337,0.003293,0.0033765,0.00338,749,7901,2026-09-12T10:01:39Z
2026-09-12T10:00:00Z,POP-20DEC30-CDE,-5e-06,1.039753,1.047,1.04,1.04,6042,11612,2026-09-12T10:01:39Z
2026-09-12T10:00:00Z,SHP-20DEC30-CDE,1.3e-05,0.00527,0.00517,0.005275,0.00528,3205,6428,2026-09-12T10:01:39Z
2026-09-12T10:00:00Z,SLP-20DEC30-CDE,1.5e-05,102.023457,102.09,102.115,102.14,36839,73890,2026-09-12T10:01:39Z
2026-09-12T10:00:00Z,SUP-20DEC30-CDE,1.9e-05,0.72727,0.7274,0.72745,0.7267,5213,18111,2026-09-12T10:01:39Z
2026-09-12T10:00:00Z,XLP-20DEC30-CDE,3.8e-05,0.181099,0.17903,0.18118,0.18113,3478,11111,2026-09-12T10:01:39Z
2026-09-12T10:00:00Z,XPP-20DEC30-CDE,6e-06,1.369333,1.3616,1.3694,1.3695,46168,93219,2026-09-12T10:01:39Z
2026-09-12T10:00:00Z,ZEC-20DEC30-CDE,2.8e-05,1152.51505,1178.85,1155.425,1153,11112,56832,2026-09-12T10:01:39Z
2026-09-12T11:00:00Z,ADP-20DEC30-CDE,5e-06,0.20835,0.2061,0.2086,0.2085,8685,27963,2026-09-12T11:01:37Z
2026-09-12T11:00:00Z,AVE-20DEC30-CDE,-8e-06,126.811177,124.54,126.79,126.4,1263,2872,2026-09-12T11:01:37Z
2026-09-12T11:00:00Z,AVP-20DEC30-CDE,-1e-06,7.439001,7.46,7.44,7.45,7518,7508,2026-09-12T11:01:37Z
2026-09-12T11:00:00Z,BCP-20DEC30-CDE,1e-05,230.759771,228.6,230.775,230.6,2384,42551,2026-09-12T11:01:37Z
2026-09-12T11:00:00Z,BIP-20DEC30-CDE,8e-06,77316.393159,77310,77330,77325,175141,615602,2026-09-12T11:01:37Z
2026-09-12T11:00:00Z,BNB-20DEC30-CDE,9e-06,737.7964,725.05,738,738.75,559,767,2026-09-12T11:01:37Z
2026-09-12T11:00:00Z,DOP-20DEC30-CDE,6e-06,0.08501,0.08446,0.085055,0.08493,2209,10316,2026-09-12T11:01:37Z
2026-09-12T11:00:00Z,ENA-20DEC30-CDE,3.6e-05,0.141334,0.14239,0.14143,0.14133,1657,18489,2026-09-12T11:01:37Z
2026-09-12T11:00:00Z,ETP-20DEC30-CDE,2e-06,2533.481604,2541,2534.25,2533.5,263233,704265,2026-09-12T11:01:37Z
2026-09-12T11:00:00Z,HEP-20DEC30-CDE,8e-06,0.074606,0.07445,0.074595,0.07441,2850,44258,2026-09-12T11:01:37Z
2026-09-12T11:00:00Z,HYP-20DEC30-CDE,6e-06,79.853436,80.78,79.93,79.77,9536,12405,2026-09-12T11:01:37Z
2026-09-12T11:00:00Z,LCP-20DEC30-CDE,6e-06,54.115086,53.5,54.145,54.21,2777,3927,2026-09-12T11:01:37Z
2026-09-12T11:00:00Z,LNP-20DEC30-CDE,1.4e-05,11.536314,11.61,11.549,11.534,4528,11310,2026-09-12T11:01:37Z
2026-09-12T11:00:00Z,NER-20DEC30-CDE,4.6e-05,2.378507,2.5074,2.38415,2.3828,1455,10866,2026-09-12T11:01:37Z
2026-09-12T11:00:00Z,OND-20DEC30-CDE,3.6e-05,0.352182,0.3527,0.35245,0.3523,4665,9992,2026-09-12T11:01:37Z
2026-09-12T11:00:00Z,PAU-20DEC30-CDE,1e-05,4354.603376,4354.3,4356.55,4356.6,1124,2233,2026-09-12T11:01:37Z
2026-09-12T11:00:00Z,PEP-20DEC30-CDE,2.9e-05,0.00338,0.003293,0.003385,0.003386,749,7814,2026-09-12T11:01:37Z
2026-09-12T11:00:00Z,POP-20DEC30-CDE,0,1.039877,1.047,1.04,1.039,6042,11344,2026-09-12T11:01:37Z
2026-09-12T11:00:00Z,SHP-20DEC30-CDE,1.2e-05,0.00529,0.00517,0.005295,0.00529,3205,6434,2026-09-12T11:01:37Z
2026-09-12T11:00:00Z,SLP-20DEC30-CDE,1.5e-05,102.127108,102.09,102.225,102.1,36839,72637,2026-09-12T11:01:37Z
2026-09-12T11:00:00Z,SUP-20DEC30-CDE,2.3e-05,0.72654,0.7274,0.72745,0.7268,5213,17641,2026-09-12T11:01:37Z
2026-09-12T11:00:00Z,XLP-20DEC30-CDE,3.8e-05,0.181718,0.17903,0.181925,0.1823,3478,11075,2026-09-12T11:01:37Z
2026-09-12T11:00:00Z,XPP-20DEC30-CDE,5e-06,1.373077,1.3616,1.37385,1.3731,46168,91274,2026-09-12T11:01:37Z
2026-09-12T11:00:00Z,ZEC-20DEC30-CDE,3.7e-05,1152.867195,1178.85,1155.675,1152.1,11112,55991,2026-09-12T11:01:37Z
2026-09-12T12:00:00Z,ADP-20DEC30-CDE,2e-06,0.209276,0.2061,0.2093,0.2092,8685,26897,2026-09-12T12:01:41Z
2026-09-12T12:00:00Z,AVE-20DEC30-CDE,-1e-05,127.489559,124.54,127.395,126.4,1263,2862,2026-09-12T12:01:41Z
2026-09-12T12:00:00Z,AVP-20DEC30-CDE,-2e-06,7.446099,7.46,7.445,7.45,7518,7357,2026-09-12T12:01:41Z
2026-09-12T12:00:00Z,BCP-20DEC30-CDE,1.1e-05,230.902283,228.6,231.1,231.05,2384,41804,2026-09-12T12:01:41Z
2026-09-12T12:00:00Z,BIP-20DEC30-CDE,7e-06,77337.727928,77310,77352.5,77365,175141,606178,2026-09-12T12:01:41Z
2026-09-12T12:00:00Z,BNB-20DEC30-CDE,9e-06,736.279401,725.05,736.475,736.75,559,774,2026-09-12T12:01:41Z
2026-09-12T12:00:00Z,DOP-20DEC30-CDE,6e-06,0.085062,0.08446,0.08506,0.08497,2209,10007,2026-09-12T12:01:41Z
2026-09-12T12:00:00Z,ENA-20DEC30-CDE,3.3e-05,0.141228,0.14239,0.141215,0.14149,1657,18332,2026-09-12T12:01:41Z
2026-09-12T12:00:00Z,ETP-20DEC30-CDE,3e-06,2535.781465,2541,2535.25,2536,263233,692522,2026-09-12T12:01:41Z
2026-09-12T12:00:00Z,HEP-20DEC30-CDE,4e-06,0.074775,0.07445,0.074775,0.07484,2850,44031,2026-09-12T12:01:41Z
2026-09-12T12:00:00Z,HYP-20DEC30-CDE,6e-06,80.175814,80.78,80.105,80.23,9536,12328,2026-09-12T12:01:41Z
2026-09-12T12:00:00Z,LCP-20DEC30-CDE,5e-06,54.031968,53.5,54.04,54.03,2777,3831,2026-09-12T12:01:41Z
2026-09-12T12:00:00Z,LNP-20DEC30-CDE,1e-05,11.567875,11.61,11.568,11.563,4528,11272,2026-09-12T12:01:41Z
2026-09-12T12:00:00Z,NER-20DEC30-CDE,5.1e-05,2.366986,2.5074,2.3679,2.3689,1455,10379,2026-09-12T12:01:41Z
2026-09-12T12:00:00Z,OND-20DEC30-CDE,3.6e-05,0.352394,0.3527,0.35245,0.3527,4665,9760,2026-09-12T12:01:41Z
2026-09-12T12:00:00Z,PAU-20DEC30-CDE,1.6e-05,4353.139165,4354.3,4356.45,4355.7,1124,2021,2026-09-12T12:01:41Z
2026-09-12T12:00:00Z,PEP-20DEC30-CDE,2.5e-05,0.003399,0.003293,0.003396,0.003396,749,7746,2026-09-12T12:01:41Z
2026-09-12T12:00:00Z,POP-20DEC30-CDE,-3e-06,1.044628,1.047,1.0445,1.043,6042,11183,2026-09-12T12:01:41Z
2026-09-12T12:00:00Z,SHP-20DEC30-CDE,4e-06,0.005383,0.00517,0.005385,0.0054,3205,6715,2026-09-12T12:01:41Z
2026-09-12T12:00:00Z,SLP-20DEC30-CDE,1.2e-05,102.110599,102.09,102.125,102,36839,71300,2026-09-12T12:01:41Z
2026-09-12T12:00:00Z,SUP-20DEC30-CDE,2e-05,0.72886,0.7274,0.7291,0.7281,5213,16595,2026-09-12T12:01:41Z
2026-09-12T12:00:00Z,XLP-20DEC30-CDE,3.9e-05,0.182049,0.17903,0.18231,0.18207,3478,10835,2026-09-12T12:01:41Z
2026-09-12T12:00:00Z,XPP-20DEC30-CDE,6e-06,1.371694,1.3616,1.37195,1.3722,46168,87723,2026-09-12T12:01:41Z
2026-09-12T12:00:00Z,ZEC-20DEC30-CDE,4.2e-05,1151.257736,1178.85,1150.325,1152.8,11112,54712,2026-09-12T12:01:41Z
2026-09-12T13:00:00Z,ADP-20DEC30-CDE,2e-06,0.208601,0.2061,0.2086,0.209,8685,21250,2026-09-12T13:01:46Z
2026-09-12T13:00:00Z,AVE-20DEC30-CDE,2e-06,126.896212,124.54,126.81,127.41,1263,2136,2026-09-12T13:01:46Z
2026-09-12T13:00:00Z,AVP-20DEC30-CDE,-1e-06,7.434516,7.46,7.435,7.43,7518,5033,2026-09-12T13:01:46Z
2026-09-12T13:00:00Z,BCP-20DEC30-CDE,1.4e-05,230.824455,228.6,230.925,231.05,2384,32503,2026-09-12T13:01:46Z
2026-09-12T13:00:00Z,BIP-20DEC30-CDE,6e-06,77311.90746,77310,77330,77340,175141,511587,2026-09-12T13:01:46Z
2026-09-12T13:00:00Z,BNB-20DEC30-CDE,8e-06,736.248608,725.05,736.475,736.75,559,668,2026-09-12T13:01:46Z
2026-09-12T13:00:00Z,DOP-20DEC30-CDE,8e-06,0.085017,0.08446,0.085055,0.08502,2209,7469,2026-09-12T13:01:46Z
2026-09-12T13:00:00Z,ENA-20DEC30-CDE,3.7e-05,0.141579,0.14239,0.14161,0.14178,1657,16769,2026-09-12T13:01:46Z
2026-09-12T13:00:00Z,ETP-20DEC30-CDE,4e-06,2534.620132,2541,2534.75,2534,263233,604974,2026-09-12T13:01:46Z
2026-09-12T13:00:00Z,HEP-20DEC30-CDE,5e-06,0.074637,0.07445,0.07467,0.07463,2850,40981,2026-09-12T13:01:46Z
2026-09-12T13:00:00Z,HYP-20DEC30-CDE,1.2e-05,80.325721,80.78,80.375,80.3,9536,10722,2026-09-12T13:01:46Z
2026-09-12T13:00:00Z,LCP-20DEC30-CDE,6e-06,53.985325,53.5,53.995,54,2777,2957,2026-09-12T13:01:46Z
2026-09-12T13:00:00Z,LNP-20DEC30-CDE,1e-05,11.55076,11.61,11.555,11.559,4528,9128,2026-09-12T13:01:46Z
2026-09-12T13:00:00Z,NER-20DEC30-CDE,4.9e-05,2.362422,2.5074,2.3651,2.3677,1455,8594,2026-09-12T13:01:46Z
2026-09-12T13:00:00Z,OND-20DEC30-CDE,3.8e-05,0.351316,0.3527,0.3514,0.3529,4665,6694,2026-09-12T13:01:46Z
2026-09-12T13:00:00Z,PAU-20DEC30-CDE,2.5e-05,4352.438429,4354.3,4355.8,4355.9,1124,1307,2026-09-12T13:01:46Z
2026-09-12T13:00:00Z,PEP-20DEC30-CDE,2.5e-05,0.00339,0.003293,0.003389,0.003396,749,6113,2026-09-12T13:01:46Z
2026-09-12T13:00:00Z,POP-20DEC30-CDE,1e-06,1.042571,1.047,1.043,1.044,6042,9945,2026-09-12T13:01:46Z
2026-09-12T13:00:00Z,SHP-20DEC30-CDE,1.3e-05,0.00532,0.00517,0.00532,0.00533,3205,6465,2026-09-12T13:01:46Z
2026-09-12T13:00:00Z,SLP-20DEC30-CDE,1.5e-05,102.084339,102.09,102.15,102.13,36839,58478,2026-09-12T13:01:46Z
2026-09-12T13:00:00Z,SUP-20DEC30-CDE,2.1e-05,0.727733,0.7274,0.72815,0.7281,5213,14161,2026-09-12T13:01:46Z
2026-09-12T13:00:00Z,XLP-20DEC30-CDE,4e-05,0.18155,0.17903,0.181915,0.18132,3478,9747,2026-09-12T13:01:46Z
2026-09-12T13:00:00Z,XPP-20DEC30-CDE,6e-06,1.369936,1.3616,1.37005,1.3695,46168,73698,2026-09-12T13:01:46Z
2026-09-12T13:00:00Z,ZEC-20DEC30-CDE,4.6e-05,1159.731926,1178.85,1160.925,1160.4,11112,46960,2026-09-12T13:01:46Z
2026-09-12T14:00:00Z,ADP-20DEC30-CDE,5e-06,0.20818,0.2061,0.208,0.2084,8685,16838,2026-09-12T14:01:46Z
2026-09-12T14:00:00Z,AVE-20DEC30-CDE,7e-06,125.842596,124.54,125.79,126.27,1263,1552,2026-09-12T14:01:46Z
2026-09-12T14:00:00Z,AVP-20DEC30-CDE,-6e-06,7.429122,7.46,7.425,7.44,7518,5231,2026-09-12T14:01:46Z
2026-09-12T14:00:00Z,BCP-20DEC30-CDE,1.7e-05,230.672996,228.6,230.625,230.45,2384,26563,2026-09-12T14:01:46Z
2026-09-12T14:00:00Z,BIP-20DEC30-CDE,6e-06,77346.298156,77310,77372.5,77370,175141,390135,2026-09-12T14:01:46Z
2026-09-12T14:00:00Z,BNB-20DEC30-CDE,7e-06,736.207201,725.05,736.6,735.95,559,464,2026-09-12T14:01:46Z
2026-09-12T14:00:00Z,DOP-20DEC30-CDE,1e-05,0.084945,0.08446,0.08498,0.08492,2209,6432,2026-09-12T14:01:46Z
2026-09-12T14:00:00Z,ENA-20DEC30-CDE,3.7e-05,0.141333,0.14239,0.14137,0.14144,1657,15201,2026-09-12T14:01:46Z
2026-09-12T14:00:00Z,ETP-20DEC30-CDE,5e-06,2543.173893,2541,2541.75,2542.5,263233,456182,2026-09-12T14:01:46Z
2026-09-12T14:00:00Z,HEP-20DEC30-CDE,1.2e-05,0.074501,0.07445,0.07453,0.07451,2850,38881,2026-09-12T14:01:46Z
2026-09-12T14:00:00Z,HYP-20DEC30-CDE,1.9e-05,80.130565,80.78,80.205,80.16,9536,9305,2026-09-12T14:01:46Z
2026-09-12T14:00:00Z,LCP-20DEC30-CDE,6e-06,53.866423,53.5,53.865,54,2777,2385,2026-09-12T14:01:46Z
2026-09-12T14:00:00Z,LNP-20DEC30-CDE,7e-06,11.551883,11.61,11.552,11.548,4528,7470,2026-09-12T14:01:46Z
2026-09-12T14:00:00Z,NER-20DEC30-CDE,5.3e-05,2.365477,2.5074,2.37485,2.373,1455,7383,2026-09-12T14:01:46Z
2026-09-12T14:00:00Z,OND-20DEC30-CDE,3.9e-05,0.349736,0.3527,0.35025,0.3508,4665,5897,2026-09-12T14:01:46Z
2026-09-12T14:00:00Z,PAU-20DEC30-CDE,2.8e-05,4354.56,4354.3,4356.55,4355.9,1124,795,2026-09-12T14:01:46Z
2026-09-12T14:00:00Z,PEP-20DEC30-CDE,2.2e-05,0.003386,0.003293,0.0033825,0.003389,749,4866,2026-09-12T14:01:46Z
2026-09-12T14:00:00Z,POP-20DEC30-CDE,5e-06,1.036099,1.047,1.036,1.037,6042,8705,2026-09-12T14:01:46Z
2026-09-12T14:00:00Z,SHP-20DEC30-CDE,1.3e-05,0.005297,0.00517,0.005295,0.00533,3205,6161,2026-09-12T14:01:46Z
2026-09-12T14:00:00Z,SLP-20DEC30-CDE,1.2e-05,101.949047,102.09,101.955,101.94,36839,43327,2026-09-12T14:01:46Z
2026-09-12T14:00:00Z,SUP-20DEC30-CDE,2.3e-05,0.725236,0.7274,0.7255,0.7255,5213,12057,2026-09-12T14:01:46Z
2026-09-12T14:00:00Z,XLP-20DEC30-CDE,3.9e-05,0.180987,0.17903,0.181145,0.18119,3478,8613,2026-09-12T14:01:46Z
2026-09-12T14:00:00Z,XPP-20DEC30-CDE,6e-06,1.367834,1.3616,1.3679,1.3677,46168,62018,2026-09-12T14:01:46Z
2026-09-12T14:00:00Z,ZEC-20DEC30-CDE,5.1e-05,1150.811266,1178.85,1151.425,1150.8,11112,39978,2026-09-12T14:01:46Z
2026-09-12T15:00:00Z,ADP-20DEC30-CDE,5e-06,0.208352,0.2061,0.2086,0.2084,8685,12591,2026-09-12T15:01:43Z
2026-09-12T15:00:00Z,AVE-20DEC30-CDE,6e-06,125.64189,124.54,125.71,125.68,1263,1214,2026-09-12T15:01:43Z
2026-09-12T15:00:00Z,AVP-20DEC30-CDE,-5e-06,7.426921,7.46,7.425,7.44,7518,4889,2026-09-12T15:01:43Z
2026-09-12T15:00:00Z,BCP-20DEC30-CDE,1.9e-05,230.450959,228.6,230.625,230.45,2384,21496,2026-09-12T15:01:43Z
2026-09-12T15:00:00Z,BIP-20DEC30-CDE,9e-06,77445.356245,77310,77447.5,77435,175141,266558,2026-09-12T15:01:43Z
2026-09-12T15:00:00Z,BNB-20DEC30-CDE,8e-06,735.686576,725.05,736.5,735.9,559,434,2026-09-12T15:01:43Z
2026-09-12T15:00:00Z,DOP-20DEC30-CDE,1.1e-05,0.085136,0.08446,0.085185,0.08513,2209,5120,2026-09-12T15:01:43Z
2026-09-12T15:00:00Z,ENA-20DEC30-CDE,3.2e-05,0.14292,0.14239,0.142975,0.14309,1657,5584,2026-09-12T15:01:43Z
2026-09-12T15:00:00Z,ETP-20DEC30-CDE,8e-06,2539.327312,2541,2540,2540.5,263233,341244,2026-09-12T15:01:43Z
2026-09-12T15:00:00Z,HEP-20DEC30-CDE,1.5e-05,0.074716,0.07445,0.07476,0.07472,2850,32870,2026-09-12T15:01:43Z
2026-09-12T15:00:00Z,HYP-20DEC30-CDE,1.8e-05,80.333847,80.78,80.44,80.43,9536,8423,2026-09-12T15:01:43Z
2026-09-12T15:00:00Z,LCP-20DEC30-CDE,3e-06,54.005401,53.5,54.02,54,2777,1867,2026-09-12T15:01:43Z
2026-09-12T15:00:00Z,LNP-20DEC30-CDE,5e-06,11.575816,11.61,11.578,11.568,4528,5514,2026-09-12T15:01:43Z
2026-09-12T15:00:00Z,NER-20DEC30-CDE,5.3e-05,2.390321,2.5074,2.39075,2.3957,1455,6781,2026-09-12T15:01:43Z
2026-09-12T15:00:00Z,OND-20DEC30-CDE,4.2e-05,0.350627,0.3527,0.351,0.3511,4665,3871,2026-09-12T15:01:43Z
2026-09-12T15:00:00Z,PAU-20DEC30-CDE,2.2e-05,4355.24,4354.3,4356.55,4355.9,1124,496,2026-09-12T15:01:43Z
2026-09-12T15:00:00Z,PEP-20DEC30-CDE,2.5e-05,0.00339,0.003293,0.0033935,0.003381,749,3117,2026-09-12T15:01:43Z
2026-09-12T15:00:00Z,POP-20DEC30-CDE,3e-06,1.034824,1.047,1.035,1.036,6042,6070,2026-09-12T15:01:43Z
2026-09-12T15:00:00Z,SHP-20DEC30-CDE,1.5e-05,0.00529,0.00517,0.005295,0.00529,3205,5924,2026-09-12T15:01:43Z
2026-09-12T15:00:00Z,SLP-20DEC30-CDE,1.3e-05,101.990674,102.09,102.02,102,36839,33679,2026-09-12T15:01:43Z
2026-09-12T15:00:00Z,SUP-20DEC30-CDE,2e-05,0.726396,0.7274,0.72715,0.728,5213,9498,2026-09-12T15:01:43Z
2026-09-12T15:00:00Z,XLP-20DEC30-CDE,3.7e-05,0.181111,0.17903,0.181245,0.18096,3478,7502,2026-09-12T15:01:43Z
2026-09-12T15:00:00Z,XPP-20DEC30-CDE,4e-06,1.369617,1.3616,1.3698,1.3688,46168,48196,2026-09-12T15:01:43Z
2026-09-12T15:00:00Z,ZEC-20DEC30-CDE,5e-05,1142.728649,1178.85,1144.8,1142.6,11112,31824,2026-09-12T15:01:43Z
2026-09-12T16:00:00Z,ADP-20DEC30-CDE,5e-06,0.208561,0.2061,0.2086,0.2087,8685,8970,2026-09-12T16:01:43Z
2026-09-12T16:00:00Z,AVE-20DEC30-CDE,-2e-06,126.08192,124.54,126.125,125.9,1263,979,2026-09-12T16:01:43Z
2026-09-12T16:00:00Z,AVP-20DEC30-CDE,-3e-06,7.429272,7.46,7.425,7.44,7518,4390,2026-09-12T16:01:43Z
2026-09-12T16:00:00Z,BCP-20DEC30-CDE,1.8e-05,230.780652,228.6,230.825,230.9,2384,15722,2026-09-12T16:01:43Z
2026-09-12T16:00:00Z,BIP-20DEC30-CDE,9e-06,77379.830428,77310,77385,77370,175141,197404,2026-09-12T16:01:43Z
2026-09-12T16:00:00Z,BNB-20DEC30-CDE,6e-06,735.092975,725.05,734.875,735.9,559,355,2026-09-12T16:01:43Z
2026-09-12T16:00:00Z,DOP-20DEC30-CDE,1.4e-05,0.085076,0.08446,0.085115,0.08508,2209,4694,2026-09-12T16:01:43Z
2026-09-12T16:00:00Z,ENA-20DEC30-CDE,3.1e-05,0.143603,0.14239,0.14364,0.14367,1657,5569,2026-09-12T16:01:43Z
2026-09-12T16:00:00Z,ETP-20DEC30-CDE,5e-06,2534.897482,2541,2534.75,2536,263233,280075,2026-09-12T16:01:43Z
2026-09-12T16:00:00Z,HEP-20DEC30-CDE,1.4e-05,0.07497,0.07445,0.07504,0.07508,2850,28176,2026-09-12T16:01:43Z
2026-09-12T16:00:00Z,HYP-20DEC30-CDE,2e-05,80.253635,80.78,80.3,80.23,9536,7375,2026-09-12T16:01:43Z
2026-09-12T16:00:00Z,LCP-20DEC30-CDE,5e-06,54.059664,53.5,54.06,54.05,2777,1584,2026-09-12T16:01:43Z
2026-09-12T16:00:00Z,LNP-20DEC30-CDE,3e-06,11.58926,11.61,11.5925,11.594,4528,3871,2026-09-12T16:01:43Z
2026-09-12T16:00:00Z,NER-20DEC30-CDE,5.5e-05,2.404925,2.5074,2.405,2.4053,1455,6396,2026-09-12T16:01:43Z
2026-09-12T16:00:00Z,OND-20DEC30-CDE,4.2e-05,0.352913,0.3527,0.35265,0.353,4665,2516,2026-09-12T16:01:43Z
2026-09-12T16:00:00Z,PAU-20DEC30-CDE,1.6e-05,4354.528788,4354.3,4355.8,4354.2,1124,438,2026-09-12T16:01:43Z
2026-09-12T16:00:00Z,PEP-20DEC30-CDE,2.1e-05,0.00339,0.003293,0.0033965,0.003402,749,2300,2026-09-12T16:01:43Z
2026-09-12T16:00:00Z,POP-20DEC30-CDE,3e-06,1.037361,1.047,1.038,1.034,6042,4784,2026-09-12T16:01:43Z
2026-09-12T16:00:00Z,SHP-20DEC30-CDE,1.5e-05,0.0053,0.00517,0.005305,0.00529,3205,5710,2026-09-12T16:01:43Z
2026-09-12T16:00:00Z,SLP-20DEC30-CDE,1.5e-05,102.054459,102.09,102.085,102.09,36839,27532,2026-09-12T16:01:43Z
2026-09-12T16:00:00Z,SUP-20DEC30-CDE,2.2e-05,0.728333,0.7274,0.72895,0.7284,5213,8061,2026-09-12T16:01:43Z
2026-09-12T16:00:00Z,XLP-20DEC30-CDE,2.7e-05,0.182463,0.17903,0.18278,0.18248,3478,6385,2026-09-12T16:01:43Z
2026-09-12T16:00:00Z,XPP-20DEC30-CDE,2e-06,1.372417,1.3616,1.3729,1.374,46168,40093,2026-09-12T16:01:43Z
2026-09-12T16:00:00Z,ZEC-20DEC30-CDE,4.7e-05,1139.388439,1178.85,1141.475,1141,11112,25579,2026-09-12T16:01:43Z
2026-09-12T17:00:00Z,ADP-20DEC30-CDE,6e-06,0.208111,0.2061,0.2082,0.2081,8685,7494,2026-09-12T17:01:43Z
2026-09-12T17:00:00Z,AVE-20DEC30-CDE,-3e-06,125.955442,124.54,125.98,125.9,1263,871,2026-09-12T17:01:43Z
2026-09-12T17:00:00Z,AVP-20DEC30-CDE,-1e-06,7.397886,7.46,7.4,7.41,7518,3752,2026-09-12T17:01:43Z
2026-09-12T17:00:00Z,BCP-20DEC30-CDE,2.2e-05,228.792416,228.6,228.925,228.7,2384,12017,2026-09-12T17:01:43Z
2026-09-12T17:00:00Z,BIP-20DEC30-CDE,7e-06,77352.445336,77310,77370,77340,175141,155838,2026-09-12T17:01:43Z
2026-09-12T17:00:00Z,BNB-20DEC30-CDE,1.2e-05,731.806445,725.05,732.1,732.45,559,357,2026-09-12T17:01:43Z
2026-09-12T17:00:00Z,DOP-20DEC30-CDE,1.3e-05,0.085013,0.08446,0.08505,0.08501,2209,4284,2026-09-12T17:01:43Z
2026-09-12T17:00:00Z,ENA-20DEC30-CDE,3.3e-05,0.142713,0.14239,0.142725,0.14294,1657,5354,2026-09-12T17:01:43Z
2026-09-12T17:00:00Z,ETP-20DEC30-CDE,5e-06,2531.376851,2541,2532.75,2531.5,263233,223051,2026-09-12T17:01:43Z
2026-09-12T17:00:00Z,HEP-20DEC30-CDE,1.7e-05,0.074738,0.07445,0.074765,0.07481,2850,25251,2026-09-12T17:01:43Z
2026-09-12T17:00:00Z,HYP-20DEC30-CDE,1.9e-05,80.331284,80.78,80.39,80.38,9536,6646,2026-09-12T17:01:43Z
2026-09-12T17:00:00Z,LCP-20DEC30-CDE,5e-06,53.938858,53.5,53.955,53.91,2777,1443,2026-09-12T17:01:43Z
2026-09-12T17:00:00Z,LNP-20DEC30-CDE,9e-06,11.532144,11.61,11.536,11.528,4528,3439,2026-09-12T17:01:43Z
2026-09-12T17:00:00Z,NER-20DEC30-CDE,5.4e-05,2.4062,2.5074,2.40825,2.412,1455,6078,2026-09-12T17:01:43Z
2026-09-12T17:00:00Z,OND-20DEC30-CDE,4.8e-05,0.351392,0.3527,0.35185,0.352,4665,2038,2026-09-12T17:01:43Z
2026-09-12T17:00:00Z,PAU-20DEC30-CDE,1.1e-05,4356.57571,4354.3,4355.75,4354.2,1124,389,2026-09-12T17:01:43Z
2026-09-12T17:00:00Z,PEP-20DEC30-CDE,2.3e-05,0.0034,0.003293,0.0034015,0.003398,749,1968,2026-09-12T17:01:43Z
2026-09-12T17:00:00Z,POP-20DEC30-CDE,5e-06,1.039315,1.047,1.041,1.039,6042,4381,2026-09-12T17:01:43Z
2026-09-12T17:00:00Z,SHP-20DEC30-CDE,1.8e-05,0.00528,0.00517,0.005285,0.00527,3205,5144,2026-09-12T17:01:43Z
2026-09-12T17:00:00Z,SLP-20DEC30-CDE,1.1e-05,102.072613,102.09,102.145,102.11,36839,24276,2026-09-12T17:01:43Z
2026-09-12T17:00:00Z,SUP-20DEC30-CDE,2.3e-05,0.727234,0.7274,0.72765,0.7277,5213,6822,2026-09-12T17:01:43Z
2026-09-12T17:00:00Z,XLP-20DEC30-CDE,3.6e-05,0.181737,0.17903,0.18185,0.18194,3478,5728,2026-09-12T17:01:43Z
2026-09-12T17:00:00Z,XPP-20DEC30-CDE,2e-06,1.369563,1.3616,1.3697,1.3696,46168,35302,2026-09-12T17:01:43Z
2026-09-12T17:00:00Z,ZEC-20DEC30-CDE,4.4e-05,1140.609204,1178.85,1142.15,1143.55,11112,20910,2026-09-12T17:01:43Z
2026-09-12T18:00:00Z,ADP-20DEC30-CDE,5e-06,0.207934,0.2061,0.208,0.2074,8685,6580,2026-09-12T18:01:42Z
2026-09-12T18:00:00Z,AVE-20DEC30-CDE,-1.4e-05,126.479757,124.54,126.36,126.55,1263,778,2026-09-12T18:01:42Z
2026-09-12T18:00:00Z,AVP-20DEC30-CDE,-6e-06,7.398435,7.46,7.395,7.39,7518,3725,2026-09-12T18:01:42Z
2026-09-12T18:00:00Z,BCP-20DEC30-CDE,2.4e-05,227.921416,228.6,227.875,228.2,2384,9487,2026-09-12T18:01:42Z
2026-09-12T18:00:00Z,BIP-20DEC30-CDE,6e-06,77187.483896,77310,77182.5,77190,175141,145581,2026-09-12T18:01:42Z
2026-09-12T18:00:00Z,BNB-20DEC30-CDE,1.4e-05,730.855456,725.05,730.8,732.5,559,358,2026-09-12T18:01:42Z
2026-09-12T18:00:00Z,DOP-20DEC30-CDE,1.2e-05,0.084955,0.08446,0.08496,0.08495,2209,4296,2026-09-12T18:01:42Z
2026-09-12T18:00:00Z,ENA-20DEC30-CDE,3.7e-05,0.142252,0.14239,0.142305,0.1425,1657,5183,2026-09-12T18:01:42Z
2026-09-12T18:00:00Z,ETP-20DEC30-CDE,2e-06,2525.128154,2541,2525.5,2525,263233,215949,2026-09-12T18:01:42Z
2026-09-12T18:00:00Z,HEP-20DEC30-CDE,1.6e-05,0.074718,0.07445,0.074705,0.07478,2850,20121,2026-09-12T18:01:42Z
2026-09-12T18:00:00Z,HYP-20DEC30-CDE,1.8e-05,80.510811,80.78,80.53,80.48,9536,6298,2026-09-12T18:01:42Z
2026-09-12T18:00:00Z,LCP-20DEC30-CDE,3e-06,53.972273,53.5,53.89,53.87,2777,1276,2026-09-12T18:01:42Z
2026-09-12T18:00:00Z,LNP-20DEC30-CDE,1.3e-05,11.52035,11.61,11.5245,11.52,4528,3231,2026-09-12T18:01:42Z
2026-09-12T18:00:00Z,NER-20DEC30-CDE,5.9e-05,2.37681,2.5074,2.3777,2.383,1455,6034,2026-09-12T18:01:42Z
2026-09-12T18:00:00Z,OND-20DEC30-CDE,4.6e-05,0.350393,0.3527,0.3507,0.3508,4665,1933,2026-09-12T18:01:42Z
2026-09-12T18:00:00Z,PAU-20DEC30-CDE,7e-06,4355.353946,4354.3,4356.15,4354.2,1124,362,2026-09-12T18:01:42Z
2026-09-12T18:00:00Z,PEP-20DEC30-CDE,2.4e-05,0.00339,0.003293,0.003395,0.003402,749,1726,2026-09-12T18:01:42Z
2026-09-12T18:00:00Z,POP-20DEC30-CDE,-2e-06,1.032614,1.047,1.0325,1.032,6042,4268,2026-09-12T18:01:42Z
2026-09-12T18:00:00Z,SHP-20DEC30-CDE,2.3e-05,0.00529,0.00517,0.005295,0.0053,3205,5079,2026-09-12T18:01:42Z
2026-09-12T18:00:00Z,SLP-20DEC30-CDE,1e-05,101.914402,102.09,101.935,102.02,36839,23078,2026-09-12T18:01:42Z
2026-09-12T18:00:00Z,SUP-20DEC30-CDE,2.6e-05,0.725337,0.7274,0.7254,0.7265,5213,6070,2026-09-12T18:01:42Z
2026-09-12T18:00:00Z,XLP-20DEC30-CDE,3.8e-05,0.181082,0.17903,0.181215,0.18135,3478,5147,2026-09-12T18:01:42Z
2026-09-12T18:00:00Z,XPP-20DEC30-CDE,4e-06,1.366203,1.3616,1.3666,1.3669,46168,30468,2026-09-12T18:01:42Z
2026-09-12T18:00:00Z,ZEC-20DEC30-CDE,4.9e-05,1137.072928,1178.85,1139.025,1138.15,11112,18617,2026-09-12T18:01:42Z
2026-09-12T19:00:00Z,ADP-20DEC30-CDE,6e-06,0.207349,0.2061,0.2075,0.2078,8685,4645,2026-09-12T19:01:37Z
2026-09-12T19:00:00Z,AVE-20DEC30-CDE,-1.2e-05,126.645233,124.54,126.545,126.6,1263,573,2026-09-12T19:01:37Z
2026-09-12T19:00:00Z,AVP-20DEC30-CDE,-4e-06,7.377018,7.46,7.375,7.4,7518,3337,2026-09-12T19:01:37Z
2026-09-12T19:00:00Z,BCP-20DEC30-CDE,2.3e-05,226.970852,228.6,227.025,227.05,2384,4718,2026-09-12T19:01:37Z
2026-09-12T19:00:00Z,BIP-20DEC30-CDE,6e-06,77130.042634,77310,77145,77135,175141,102726,2026-09-12T19:01:37Z
2026-09-12T19:00:00Z,BNB-20DEC30-CDE,1.6e-05,729.218151,725.05,729.2,730.05,559,354,2026-09-12T19:01:37Z
2026-09-12T19:00:00Z,DOP-20DEC30-CDE,1.1e-05,0.084712,0.08446,0.084755,0.08468,2209,3821,2026-09-12T19:01:37Z
2026-09-12T19:00:00Z,ENA-20DEC30-CDE,3.7e-05,0.141693,0.14239,0.14177,0.14146,1657,5024,2026-09-12T19:01:37Z
2026-09-12T19:00:00Z,ETP-20DEC30-CDE,5e-06,2521.653906,2541,2522.5,2523,263233,186581,2026-09-12T19:01:37Z
2026-09-12T19:00:00Z,HEP-20DEC30-CDE,1.6e-05,0.074594,0.07445,0.074645,0.07459,2850,14909,2026-09-12T19:01:37Z
2026-09-12T19:00:00Z,HYP-20DEC30-CDE,1.8e-05,80.05377,80.78,80.06,80.15,9536,6219,2026-09-12T19:01:37Z
2026-09-12T19:00:00Z,LCP-20DEC30-CDE,6e-06,53.739241,53.5,53.745,53.85,2777,793,2026-09-12T19:01:37Z
2026-09-12T19:00:00Z,LNP-20DEC30-CDE,1.3e-05,11.517308,11.61,11.521,11.527,4528,2239,2026-09-12T19:01:37Z
2026-09-12T19:00:00Z,NER-20DEC30-CDE,5.9e-05,2.357754,2.5074,2.36305,2.357,1455,5697,2026-09-12T19:01:37Z
2026-09-12T19:00:00Z,OND-20DEC30-CDE,4.2e-05,0.348116,0.3527,0.34835,0.3484,4665,1450,2026-09-12T19:01:37Z
2026-09-12T19:00:00Z,PAU-20DEC30-CDE,2e-06,4354.8074,4354.3,4354.9,4356.9,1124,325,2026-09-12T19:01:37Z
2026-09-12T19:00:00Z,PEP-20DEC30-CDE,1.9e-05,0.0034,0.003293,0.003406,0.003392,749,1198,2026-09-12T19:01:37Z
2026-09-12T19:00:00Z,POP-20DEC30-CDE,-6e-06,1.027171,1.047,1.0275,1.028,6042,3740,2026-09-12T19:01:37Z
2026-09-12T19:00:00Z,SHP-20DEC30-CDE,2.3e-05,0.00527,0.00517,0.005275,0.00528,3205,4342,2026-09-12T19:01:37Z
2026-09-12T19:00:00Z,SLP-20DEC30-CDE,1.2e-05,101.577033,102.09,101.645,101.69,36839,17901,2026-09-12T19:01:37Z
2026-09-12T19:00:00Z,SUP-20DEC30-CDE,2.4e-05,0.722041,0.7274,0.72225,0.7225,5213,5059,2026-09-12T19:01:37Z
2026-09-12T19:00:00Z,XLP-20DEC30-CDE,4.5e-05,0.180353,0.17903,0.180465,0.18082,3478,3526,2026-09-12T19:01:37Z
2026-09-12T19:00:00Z,XPP-20DEC30-CDE,4e-06,1.363093,1.3616,1.3632,1.3636,46168,22895,2026-09-12T19:01:37Z
2026-09-12T19:00:00Z,ZEC-20DEC30-CDE,4.8e-05,1124.512561,1178.85,1125.575,1124.65,11112,15971,2026-09-12T19:01:37Z
2026-09-12T20:00:00Z,ADP-20DEC30-CDE,9e-06,0.207253,0.2061,0.2076,0.2071,8685,3581,2026-09-12T20:01:40Z
2026-09-12T20:00:00Z,AVE-20DEC30-CDE,-7e-06,126.09247,124.54,126.145,126.42,1263,509,2026-09-12T20:01:40Z
2026-09-12T20:00:00Z,AVP-20DEC30-CDE,-1e-06,7.365981,7.46,7.365,7.37,7518,3788,2026-09-12T20:01:40Z
2026-09-12T20:00:00Z,BCP-20DEC30-CDE,2e-05,225.477907,228.6,225.625,224.85,2384,3717,2026-09-12T20:01:40Z
2026-09-12T20:00:00Z,BIP-20DEC30-CDE,6e-06,77116.304181,77310,77140,77130,175141,74677,2026-09-12T20:01:40Z
2026-09-12T20:00:00Z,BNB-20DEC30-CDE,1.8e-05,726.005592,725.05,726.4,727.7,559,207,2026-09-12T20:01:40Z
2026-09-12T20:00:00Z,DOP-20DEC30-CDE,7e-06,0.084753,0.08446,0.084815,0.0847,2209,3522,2026-09-12T20:01:40Z
2026-09-12T20:00:00Z,ENA-20DEC30-CDE,4.3e-05,0.140799,0.14239,0.14096,0.14056,1657,4825,2026-09-12T20:01:40Z
2026-09-12T20:00:00Z,ETP-20DEC30-CDE,6e-06,2518.924246,2541,2520,2519,263233,119144,2026-09-12T20:01:40Z
2026-09-12T20:00:00Z,HEP-20DEC30-CDE,1.3e-05,0.074418,0.07445,0.074455,0.07439,2850,11294,2026-09-12T20:01:40Z
2026-09-12T20:00:00Z,HYP-20DEC30-CDE,1.9e-05,79.733525,80.78,79.85,79.76,9536,5469,2026-09-12T20:01:40Z
2026-09-12T20:00:00Z,LCP-20DEC30-CDE,7e-06,53.683878,53.5,53.695,53.7,2777,384,2026-09-12T20:01:40Z
2026-09-12T20:00:00Z,LNP-20DEC30-CDE,1.5e-05,11.470423,11.61,11.485,11.474,4528,1792,2026-09-12T20:01:40Z
2026-09-12T20:00:00Z,NER-20DEC30-CDE,5.3e-05,2.339637,2.5074,2.3413,2.3436,1455,5341,2026-09-12T20:01:40Z
2026-09-12T20:00:00Z,OND-20DEC30-CDE,3.8e-05,0.347738,0.3527,0.3479,0.3476,4665,1069,2026-09-12T20:01:40Z
2026-09-12T20:00:00Z,PAU-20DEC30-CDE,1e-06,4354.346546,4354.3,4354.8,4356.9,1124,140,2026-09-12T20:01:40Z
2026-09-12T20:00:00Z,PEP-20DEC30-CDE,1.8e-05,0.00341,0.003293,0.0034115,0.003415,749,761,2026-09-12T20:01:40Z
2026-09-12T20:00:00Z,POP-20DEC30-CDE,-2e-06,1.024961,1.047,1.0245,1.025,6042,3414,2026-09-12T20:01:40Z
2026-09-12T20:00:00Z,SHP-20DEC30-CDE,2.2e-05,0.00528,0.00517,0.005285,0.00528,3205,4335,2026-09-12T20:01:40Z
2026-09-12T20:00:00Z,SLP-20DEC30-CDE,1.4e-05,101.256675,102.09,101.325,101.31,36839,14037,2026-09-12T20:01:40Z
2026-09-12T20:00:00Z,SUP-20DEC30-CDE,2.2e-05,0.721524,0.7274,0.72185,0.72,5213,4666,2026-09-12T20:01:40Z
2026-09-12T20:00:00Z,XLP-20DEC30-CDE,4.3e-05,0.179798,0.17903,0.18004,0.18008,3478,2664,2026-09-12T20:01:40Z
2026-09-12T20:00:00Z,XPP-20DEC30-CDE,5e-06,1.362519,1.3616,1.36345,1.363,46168,16446,2026-09-12T20:01:40Z
2026-09-12T20:00:00Z,ZEC-20DEC30-CDE,5.4e-05,1119.755165,1178.85,1121.375,1120.25,11112,13458,2026-09-12T20:01:40Z
2026-09-12T21:00:00Z,ADP-20DEC30-CDE,8e-06,0.207799,0.2061,0.2081,0.208,8685,2676,2026-09-12T21:01:44Z
2026-09-12T21:00:00Z,AVE-20DEC30-CDE,-4e-06,125.945266,124.54,126.12,126.47,1263,368,2026-09-12T21:01:44Z
2026-09-12T21:00:00Z,AVP-20DEC30-CDE,-4e-06,7.383959,7.46,7.395,7.38,7518,4008,2026-09-12T21:01:44Z
2026-09-12T21:00:00Z,BCP-20DEC30-CDE,1.4e-05,225.436119,228.6,225.375,225.4,2384,2614,2026-09-12T21:01:44Z
2026-09-12T21:00:00Z,BIP-20DEC30-CDE,7e-06,77158.701894,77310,77190,77160,175141,57088,2026-09-12T21:01:44Z
2026-09-12T21:00:00Z,BNB-20DEC30-CDE,1.7e-05,726.397107,725.05,726.925,727.7,559,92,2026-09-12T21:01:44Z
2026-09-12T21:00:00Z,DOP-20DEC30-CDE,8e-06,0.084857,0.08446,0.08492,0.08491,2209,2983,2026-09-12T21:01:44Z
2026-09-12T21:00:00Z,ENA-20DEC30-CDE,4e-05,0.141395,0.14239,0.141655,0.14137,1657,4628,2026-09-12T21:01:44Z
2026-09-12T21:00:00Z,ETP-20DEC30-CDE,7e-06,2520.71899,2541,2522.5,2520.5,263233,65855,2026-09-12T21:01:44Z
2026-09-12T21:00:00Z,HEP-20DEC30-CDE,1.2e-05,0.074629,0.07445,0.07472,0.07474,2850,10223,2026-09-12T21:01:44Z
2026-09-12T21:00:00Z,HYP-20DEC30-CDE,1.9e-05,79.845222,80.78,79.94,80.01,9536,4631,2026-09-12T21:01:44Z
2026-09-12T21:00:00Z,LCP-20DEC30-CDE,8e-06,53.660195,53.5,53.71,53.81,2777,243,2026-09-12T21:01:44Z
2026-09-12T21:00:00Z,LNP-20DEC30-CDE,1.4e-05,11.507129,11.61,11.5185,11.517,4528,1399,2026-09-12T21:01:44Z
2026-09-12T21:00:00Z,NER-20DEC30-CDE,5.8e-05,2.34847,2.5074,2.3559,2.3531,1455,5153,2026-09-12T21:01:44Z
2026-09-12T21:00:00Z,OND-20DEC30-CDE,3.1e-05,0.347643,0.3527,0.34805,0.348,4665,844,2026-09-12T21:01:44Z
2026-09-12T21:00:00Z,PAU-20DEC30-CDE,2e-06,4352.95154,4354.3,4353.95,4352,1124,86,2026-09-12T21:01:44Z
2026-09-12T21:00:00Z,PEP-20DEC30-CDE,2.2e-05,0.00341,0.003293,0.0034205,0.00341,749,852,2026-09-12T21:01:44Z
2026-09-12T21:00:00Z,POP-20DEC30-CDE,-1e-06,1.026438,1.047,1.0275,1.029,6042,3180,2026-09-12T21:01:44Z
2026-09-12T21:00:00Z,SHP-20DEC30-CDE,2.3e-05,0.0053,0.00517,0.0053,0.00531,3205,4062,2026-09-12T21:01:44Z
2026-09-12T21:00:00Z,SLP-20DEC30-CDE,1.4e-05,101.405516,102.09,101.525,101.4,36839,10954,2026-09-12T21:01:44Z
2026-09-12T21:00:00Z,SUP-20DEC30-CDE,2.3e-05,0.723255,0.7274,0.724,0.724,5213,4383,2026-09-12T21:01:44Z
2026-09-12T21:00:00Z,XLP-20DEC30-CDE,2.9e-05,0.180025,0.17903,0.180265,0.18015,3478,2539,2026-09-12T21:01:44Z
2026-09-12T21:00:00Z,XPP-20DEC30-CDE,6e-06,1.365167,1.3616,1.36545,1.3648,46168,13228,2026-09-12T21:01:44Z
2026-09-12T21:00:00Z,ZEC-20DEC30-CDE,5.8e-05,1123.085235,1178.85,1125.1,1125.95,11112,12311,2026-09-12T21:01:44Z
