date,symbol,close,volume,fetched_at
2006-01-03,IEF,83.900002,299500,2026-09-05T01:17:07Z
2006-01-03,IWM,68.050003,40428100,2026-09-05T01:17:07Z
2006-01-03,SPY,126.699997,73256700,2026-09-05T01:17:07Z
2006-01-03,TIP,103.040001,257000,2026-09-05T01:17:07Z
2006-01-03,TLT,91.779999,1392700,2026-09-05T01:17:07Z
2006-01-03,VNQ,60.759998,70300,2026-09-05T01:17:07Z
2006-01-03,VWO,62.900002,726600,2026-09-05T01:17:07Z
2006-01-04,IEF,84.050003,112300,2026-09-05T01:17:07Z
2006-01-04,IWM,68.419998,29795200,2026-09-05T01:17:07Z
2006-01-04,SPY,127.300003,51899600,2026-09-05T01:17:07Z
2006-01-04,TIP,103.050003,162400,2026-09-05T01:17:07Z
2006-01-04,TLT,92.000000,387600,2026-09-05T01:17:07Z
2006-01-04,VNQ,61.209999,75000,2026-09-05T01:17:07Z
2006-01-04,VWO,63.720001,458200,2026-09-05T01:17:07Z
2006-01-05,IEF,84.070000,159700,2026-09-05T01:17:07Z
2006-01-05,IWM,68.790001,23712300,2026-09-05T01:17:07Z
2006-01-05,SPY,127.379997,47307500,2026-09-05T01:17:07Z
2006-01-05,TIP,102.750000,169200,2026-09-05T01:17:07Z
2006-01-05,TLT,91.889999,453400,2026-09-05T01:17:07Z
2006-01-05,VNQ,61.680000,31200,2026-09-05T01:17:07Z
2006-01-05,VWO,63.779999,553600,2026-09-05T01:17:07Z
2006-01-06,IEF,83.959999,179100,2026-09-05T01:17:07Z
2006-01-06,IWM,69.610001,26874100,2026-09-05T01:17:07Z
2006-01-06,SPY,128.440002,62885900,2026-09-05T01:17:07Z
2006-01-06,TIP,102.699997,315500,2026-09-05T01:17:07Z
2006-01-06,TLT,91.720001,1193700,2026-09-05T01:17:07Z
2006-01-06,VNQ,62.259998,36000,2026-09-05T01:17:07Z
2006-01-06,VWO,64.820000,567400,2026-09-05T01:17:07Z
2006-01-09,IEF,84.000000,78600,2026-09-05T01:17:07Z
2006-01-09,IWM,70.070000,22285700,2026-09-05T01:17:07Z
2006-01-09,SPY,128.770004,43527400,2026-09-05T01:17:07Z
2006-01-09,TIP,102.820000,288300,2026-09-05T01:17:07Z
2006-01-09,TLT,91.779999,413600,2026-09-05T01:17:07Z
2006-01-09,VNQ,62.790001,49200,2026-09-05T01:17:07Z
2006-01-09,VWO,65.379997,699600,2026-09-05T01:17:07Z
2006-01-10,IEF,83.660004,140500,2026-09-05T01:17:07Z
2006-01-10,IWM,70.699997,27130700,2026-09-05T01:17:07Z
2006-01-10,SPY,128.899994,44960800,2026-09-05T01:17:07Z
2006-01-10,TIP,102.589996,209700,2026-09-05T01:17:07Z
2006-01-10,TLT,91.040001,698900,2026-09-05T01:17:07Z
2006-01-10,VNQ,63.169998,54900,2026-09-05T01:17:07Z
2006-01-10,VWO,64.800003,393800,2026-09-05T01:17:07Z
2006-01-11,IEF,83.449997,384300,2026-09-05T01:17:07Z
2006-01-11,IWM,70.580002,29588700,2026-09-05T01:17:07Z
2006-01-11,SPY,129.309998,49598900,2026-09-05T01:17:07Z
2006-01-11,TIP,102.430000,687800,2026-09-05T01:17:07Z
2006-01-11,TLT,90.889999,394600,2026-09-05T01:17:07Z
2006-01-11,VNQ,63.270000,41900,2026-09-05T01:17:07Z
2006-01-11,VWO,65.260002,843200,2026-09-05T01:17:07Z
2006-01-12,IEF,83.750000,97800,2026-09-05T01:17:07Z
2006-01-12,IWM,70.330002,24564000,2026-09-05T01:17:07Z
2006-01-12,SPY,128.800003,40509200,2026-09-05T01:17:07Z
2006-01-12,TIP,102.830002,667800,2026-09-05T01:17:07Z
2006-01-12,TLT,91.500000,626600,2026-09-05T01:17:07Z
2006-01-12,VNQ,63.090000,136400,2026-09-05T01:17:07Z
2006-01-12,VWO,64.879997,612400,2026-09-05T01:17:07Z
2006-01-13,IEF,84.120003,96200,2026-09-05T01:17:07Z
2006-01-13,IWM,70.360001,20630300,2026-09-05T01:17:07Z
2006-01-13,SPY,128.679993,44856700,2026-09-05T01:17:07Z
2006-01-13,TIP,103.110001,141800,2026-09-05T01:17:07Z
2006-01-13,TLT,92.029999,491000,2026-09-05T01:17:07Z
2006-01-13,VNQ,62.310001,43000,2026-09-05T01:17:07Z
2006-01-13,VWO,64.970001,1470400,2026-09-05T01:17:07Z
2006-01-17,IEF,84.220001,166600,2026-09-05T01:17:07Z
2006-01-17,IWM,70.029999,26979900,2026-09-05T01:17:07Z
2006-01-17,SPY,128.330002,52066600,2026-09-05T01:17:07Z
2006-01-17,TIP,103.349998,591500,2026-09-05T01:17:07Z
2006-01-17,TLT,92.440002,454300,2026-09-05T01:17:07Z
2006-01-17,VNQ,62.060001,59500,2026-09-05T01:17:07Z
2006-01-17,VWO,63.730000,713600,2026-09-05T01:17:07Z
2006-01-18,IEF,84.250000,125900,2026-09-05T01:17:07Z
2006-01-18,IWM,69.879997,30545300,2026-09-05T01:17:07Z
2006-01-18,SPY,127.820000,75067600,2026-09-05T01:17:07Z
2006-01-18,TIP,103.300003,133700,2026-09-05T01:17:07Z
2006-01-18,TLT,92.410004,622100,2026-09-05T01:17:07Z
2006-01-18,VNQ,62.049999,32700,2026-09-05T01:17:07Z
2006-01-18,VWO,63.400002,399000,2026-09-05T01:17:07Z
2006-01-19,IEF,84.040001,108600,2026-09-05T01:17:07Z
2006-01-19,IWM,71.000000,26801500,2026-09-05T01:17:07Z
2006-01-19,SPY,128.309998,81530400,2026-09-05T01:17:07Z
2006-01-19,TIP,103.220001,437700,2026-09-05T01:17:07Z
2006-01-19,TLT,92.139999,490600,2026-09-05T01:17:07Z
2006-01-19,VNQ,62.830002,59000,2026-09-05T01:17:07Z
2006-01-19,VWO,65.180000,510600,2026-09-05T01:17:07Z
2006-01-20,IEF,84.180000,98000,2026-09-05T01:17:07Z
2006-01-20,IWM,70.190002,43301200,2026-09-05T01:17:07Z
2006-01-20,SPY,125.970001,114957800,2026-09-05T01:17:07Z
2006-01-20,TIP,103.410004,227900,2026-09-05T01:17:07Z
2006-01-20,TLT,92.379997,842600,2026-09-05T01:17:07Z
2006-01-20,VNQ,62.220001,49000,2026-09-05T01:17:07Z
2006-01-20,VWO,63.450001,377600,2026-09-05T01:17:07Z
2006-01-23,IEF,84.160004,79100,2026-09-05T01:17:07Z
2006-01-23,IWM,70.410004,30482700,2026-09-05T01:17:07Z
2006-01-23,SPY,126.419998,67017400,2026-09-05T01:17:07Z
2006-01-23,TIP,103.250000,179100,2026-09-05T01:17:07Z
2006-01-23,TLT,92.349998,720400,2026-09-05T01:17:07Z
2006-01-23,VNQ,62.500000,42800,2026-09-05T01:17:07Z
2006-01-23,VWO,64.470001,393000,2026-09-05T01:17:07Z
2006-01-24,IEF,84.019997,66200,2026-09-05T01:17:07Z
2006-01-24,IWM,71.199997,36770600,2026-09-05T01:17:07Z
2006-01-24,SPY,126.550003,53008800,2026-09-05T01:17:07Z
2006-01-24,TIP,103.000000,122000,2026-09-05T01:17:07Z
2006-01-24,TLT,91.900002,300500,2026-09-05T01:17:07Z
2006-01-24,VNQ,62.970001,79800,2026-09-05T01:17:07Z
2006-01-24,VWO,65.360001,438800,2026-09-05T01:17:07Z
2006-01-25,IEF,83.500000,95500,2026-09-05T01:17:07Z
2006-01-25,IWM,71.379997,32586600,2026-09-05T01:17:07Z
2006-01-25,SPY,126.660004,87747700,2026-09-05T01:17:07Z
2006-01-25,TIP,102.349998,162100,2026-09-05T01:17:07Z
2006-01-25,TLT,90.900002,1204500,2026-09-05T01:17:07Z
2006-01-25,VNQ,63.009998,1518500,2026-09-05T01:17:07Z
2006-01-25,VWO,65.389999,857400,2026-09-05T01:17:07Z
2006-01-26,IEF,83.320000,77100,2026-09-05T01:17:07Z
2006-01-26,IWM,72.410004,38990300,2026-09-05T01:17:07Z
2006-01-26,SPY,127.360001,71294000,2026-09-05T01:17:07Z
2006-01-26,TIP,102.250000,157900,2026-09-05T01:17:07Z
2006-01-26,TLT,90.510002,764100,2026-09-05T01:17:07Z
2006-01-26,VNQ,63.220001,1408300,2026-09-05T01:17:07Z
2006-01-26,VWO,66.389999,1479600,2026-09-05T01:17:07Z
2006-01-27,IEF,83.379997,114600,2026-09-05T01:17:07Z
2006-01-27,IWM,72.769997,29044200,2026-09-05T01:17:07Z
2006-01-27,SPY,128.539993,65771200,2026-09-05T01:17:07Z
2006-01-27,TIP,102.519997,129600,2026-09-05T01:17:07Z
2006-01-27,TLT,90.510002,1091400,2026-09-05T01:17:07Z
2006-01-27,VNQ,63.930000,1885100,2026-09-05T01:17:07Z
2006-01-27,VWO,67.690002,587200,2026-09-05T01:17:07Z
2006-01-30,IEF,83.199997,125400,2026-09-05T01:17:07Z
2006-01-30,IWM,72.559998,28170300,2026-09-05T01:17:07Z
2006-01-30,SPY,128.440002,33709600,2026-09-05T01:17:07Z
2006-01-30,TIP,102.500000,159200,2026-09-05T01:17:07Z
2006-01-30,TLT,90.419998,308500,2026-09-05T01:17:07Z
2006-01-30,VNQ,63.880001,1318700,2026-09-05T01:17:07Z
2006-01-30,VWO,67.570000,481000,2026-09-05T01:17:07Z
2006-01-31,IEF,83.320000,255700,2026-09-05T01:17:07Z
2006-01-31,IWM,72.349998,38124600,2026-09-05T01:17:07Z
2006-01-31,SPY,127.500000,72937000,2026-09-05T01:17:07Z
2006-01-31,TIP,102.849998,158800,2026-09-05T01:17:07Z
2006-01-31,TLT,90.669998,676100,2026-09-05T01:17:07Z
2006-01-31,VNQ,64.050003,423900,2026-09-05T01:17:07Z
2006-01-31,VWO,67.959999,334800,2026-09-05T01:17:07Z
2006-02-01,IEF,82.800003,474200,2026-09-05T01:17:07Z
2006-02-01,IWM,73.099998,35011400,2026-09-05T01:17:07Z
2006-02-01,SPY,128.389999,63561000,2026-09-05T01:17:07Z
2006-02-01,TIP,102.540001,257300,2026-09-05T01:17:07Z
2006-02-01,TLT,90.040001,622300,2026-09-05T01:17:07Z
2006-02-01,VNQ,64.349998,49700,2026-09-05T01:17:07Z
2006-02-01,VWO,68.180000,382400,2026-09-05T01:17:07Z
2006-02-02,IEF,82.800003,94800,2026-09-05T01:17:07Z
2006-02-02,IWM,72.000000,46751000,2026-09-05T01:17:07Z
2006-02-02,SPY,126.900002,83626900,2026-09-05T01:17:07Z
2006-02-02,TIP,102.550003,370800,2026-09-05T01:17:07Z
2006-02-02,TLT,90.209999,658500,2026-09-05T01:17:07Z
2006-02-02,VNQ,63.900002,66700,2026-09-05T01:17:07Z
2006-02-02,VWO,66.500000,435600,2026-09-05T01:17:07Z
2006-02-03,IEF,83.050003,283800,2026-09-05T01:17:07Z
2006-02-03,IWM,71.779999,42793600,2026-09-05T01:17:07Z
2006-02-03,SPY,126.269997,86040400,2026-09-05T01:17:07Z
2006-02-03,TIP,103.050003,160000,2026-09-05T01:17:07Z
2006-02-03,TLT,90.849998,1524600,2026-09-05T01:17:07Z
2006-02-03,VNQ,63.340000,81000,2026-09-05T01:17:07Z
2006-02-03,VWO,65.790001,432200,2026-09-05T01:17:07Z
2006-02-06,DBC,24.200001,771500,2026-09-05T01:17:07Z
2006-02-06,IEF,82.930000,53300,2026-09-05T01:17:07Z
2006-02-06,IWM,72.419998,24741300,2026-09-05T01:17:07Z
2006-02-06,SPY,126.599998,45511900,2026-09-05T01:17:07Z
2006-02-06,TIP,103.120003,151700,2026-09-05T01:17:07Z
2006-02-06,TLT,91.029999,755100,2026-09-05T01:17:07Z
2006-02-06,VNQ,63.580002,99800,2026-09-05T01:17:07Z
2006-02-06,VWO,67.199997,345600,2026-09-05T01:17:07Z
2006-02-07,DBC,23.500000,674400,2026-09-05T01:17:07Z
2006-02-07,IEF,82.830002,228800,2026-09-05T01:17:07Z
2006-02-07,IWM,71.250000,41861300,2026-09-05T01:17:07Z
2006-02-07,SPY,125.480003,71208100,2026-09-05T01:17:07Z
2006-02-07,TIP,102.639999,118300,2026-09-05T01:17:07Z
2006-02-07,TLT,90.599998,280500,2026-09-05T01:17:07Z
2006-02-07,VNQ,63.080002,68500,2026-09-05T01:17:07Z
2006-02-07,VWO,65.830002,379800,2026-09-05T01:17:07Z
2006-02-08,DBC,23.400000,335400,2026-09-05T01:17:07Z
2006-02-08,IEF,82.779999,62000,2026-09-05T01:17:07Z
2006-02-08,IWM,71.699997,36002600,2026-09-05T01:17:07Z
2006-02-08,SPY,126.620003,59422200,2026-09-05T01:17:07Z
2006-02-08,TIP,102.449997,112500,2026-09-05T01:17:07Z
2006-02-08,TLT,90.389999,261700,2026-09-05T01:17:07Z
2006-02-08,VNQ,62.799999,57900,2026-09-05T01:17:07Z
2006-02-08,VWO,65.900002,386000,2026-09-05T01:17:07Z
2006-02-09,DBC,23.620001,705900,2026-09-05T01:17:07Z
2006-02-09,IEF,82.860001,96600,2026-09-05T01:17:07Z
2006-02-09,IWM,71.330002,33152400,2026-09-05T01:17:07Z
2006-02-09,SPY,126.410004,62023300,2026-09-05T01:17:07Z
2006-02-09,TIP,102.680000,157100,2026-09-05T01:17:07Z
2006-02-09,TLT,90.800003,1119200,2026-09-05T01:17:07Z
2006-02-09,VNQ,63.099998,43700,2026-09-05T01:17:07Z
2006-02-09,VWO,65.919998,217800,2026-09-05T01:17:07Z
2006-02-10,DBC,23.190001,276700,2026-09-05T01:17:07Z
2006-02-10,IEF,82.620003,102900,2026-09-05T01:17:07Z
2006-02-10,IWM,71.180000,31342400,2026-09-05T01:17:07Z
2006-02-10,SPY,126.639999,64508700,2026-09-05T01:17:07Z
2006-02-10,TIP,102.260002,172100,2026-09-05T01:17:07Z
2006-02-10,TLT,90.300003,938000,2026-09-05T01:17:07Z
2006-02-10,VNQ,63.160000,375200,2026-09-05T01:17:07Z
2006-02-10,VWO,66.010002,322000,2026-09-05T01:17:07Z
2006-02-13,DBC,22.830000,237600,2026-09-05T01:17:07Z
2006-02-13,IEF,82.620003,66000,2026-09-05T01:17:07Z
2006-02-13,IWM,70.709999,29784500,2026-09-05T01:17:07Z
2006-02-13,SPY,126.410004,52308700,2026-09-05T01:17:07Z
2006-02-13,TIP,102.209999,152400,2026-09-05T01:17:07Z
2006-02-13,TLT,90.309998,218700,2026-09-05T01:17:07Z
2006-02-13,VNQ,63.250000,45700,2026-09-05T01:17:07Z
2006-02-13,VWO,64.540001,395200,2026-09-05T01:17:07Z
2006-02-14,DBC,22.639999,256400,2026-09-05T01:17:07Z
2006-02-14,IEF,82.500000,77100,2026-09-05T01:17:07Z
2006-02-14,IWM,71.529999,46124800,2026-09-05T01:17:07Z
2006-02-14,SPY,127.750000,90964400,2026-09-05T01:17:07Z
2006-02-14,TIP,101.750000,187100,2026-09-05T01:17:07Z
2006-02-14,TLT,89.989998,836100,2026-09-05T01:17:07Z
2006-02-14,VNQ,63.599998,49100,2026-09-05T01:17:07Z
2006-02-14,VWO,65.849998,228600,2026-09-05T01:17:07Z
2006-02-15,DBC,22.309999,404800,2026-09-05T01:17:07Z
2006-02-15,IEF,82.650002,75200,2026-09-05T01:17:07Z
2006-02-15,IWM,72.160004,40853100,2026-09-05T01:17:07Z
2006-02-15,SPY,128.199997,85471300,2026-09-05T01:17:07Z
2006-02-15,TIP,101.849998,159500,2026-09-05T01:17:07Z
2006-02-15,TLT,90.209999,720300,2026-09-05T01:17:07Z
2006-02-15,VNQ,64.160004,598900,2026-09-05T01:17:07Z
2006-02-15,VWO,65.750000,228000,2026-09-05T01:17:07Z
2006-02-16,DBC,22.580000,463600,2026-09-05T01:17:07Z
2006-02-16,IEF,82.610001,248200,2026-09-05T01:17:07Z
2006-02-16,IWM,72.800003,30261700,2026-09-05T01:17:07Z
2006-02-16,SPY,129.160004,61017900,2026-09-05T01:17:07Z
2006-02-16,TIP,102.160004,120700,2026-09-05T01:17:07Z
2006-02-16,TLT,90.230003,427800,2026-09-05T01:17:07Z
2006-02-16,VNQ,64.589996,72400,2026-09-05T01:17:07Z
2006-02-16,VWO,66.900002,412200,2026-09-05T01:17:07Z
2006-02-17,DBC,22.900000,467700,2026-09-05T01:17:07Z
2006-02-17,IEF,82.889999,199200,2026-09-05T01:17:07Z
2006-02-17,IWM,72.650002,17558400,2026-09-05T01:17:07Z
2006-02-17,SPY,128.809998,40342600,2026-09-05T01:17:07Z
2006-02-17,TIP,102.720001,122700,2026-09-05T01:17:07Z
2006-02-17,TLT,90.949997,731400,2026-09-05T01:17:07Z
2006-02-17,VNQ,65.279999,56400,2026-09-05T01:17:07Z
2006-02-17,VWO,67.040001,369000,2026-09-05T01:17:07Z
2006-02-21,DBC,23.280001,714100,2026-09-05T01:17:07Z
2006-02-21,IEF,82.790001,164200,2026-09-05T01:17:07Z
2006-02-21,IWM,72.330002,21177400,2026-09-05T01:17:07Z
2006-02-21,SPY,128.490005,46456300,2026-09-05T01:17:07Z
2006-02-21,TIP,102.500000,140400,2026-09-05T01:17:07Z
2006-02-21,TLT,90.800003,433300,2026-09-05T01:17:07Z
2006-02-21,VNQ,65.199997,61200,2026-09-05T01:17:07Z
2006-02-21,VWO,66.650002,342600,2026-09-05T01:17:07Z
2006-02-22,DBC,22.900000,543900,2026-09-05T01:17:07Z
2006-02-22,IEF,83.099998,115700,2026-09-05T01:17:07Z
2006-02-22,IWM,72.820000,28699200,2026-09-05T01:17:07Z
2006-02-22,SPY,129.270004,42326700,2026-09-05T01:17:07Z
2006-02-22,TIP,102.790001,124600,2026-09-05T01:17:07Z
2006-02-22,TLT,91.419998,559000,2026-09-05T01:17:07Z
2006-02-22,VNQ,65.930000,46700,2026-09-05T01:17:07Z
2006-02-22,VWO,67.080002,276400,2026-09-05T01:17:07Z
2006-02-23,DBC,22.820000,380400,2026-09-05T01:17:07Z
2006-02-23,IEF,82.900002,73300,2026-09-05T01:17:07Z
2006-02-23,IWM,72.769997,38795900,2026-09-05T01:17:07Z
2006-02-23,SPY,129.080002,43423200,2026-09-05T01:17:07Z
2006-02-23,TIP,102.550003,112500,2026-09-05T01:17:07Z
2006-02-23,TLT,91.190002,288300,2026-09-05T01:17:07Z
2006-02-23,VNQ,65.820000,56800,2026-09-05T01:17:07Z
2006-02-23,VWO,67.150002,176000,2026-09-05T01:17:07Z
2006-02-24,DBC,23.440001,535300,2026-09-05T01:17:07Z
2006-02-24,IEF,82.800003,343300,2026-09-05T01:17:07Z
2006-02-24,IWM,73.349998,22995700,2026-09-05T01:17:07Z
2006-02-24,SPY,129.410004,36777400,2026-09-05T01:17:07Z
2006-02-24,TIP,102.650002,135400,2026-09-05T01:17:07Z
2006-02-24,TLT,91.050003,485700,2026-09-05T01:17:07Z
2006-02-24,VNQ,65.470001,52500,2026-09-05T01:17:07Z
2006-02-24,VWO,67.339996,308800,2026-09-05T01:17:07Z
2006-02-27,DBC,22.980000,664500,2026-09-05T01:17:07Z
2006-02-27,IEF,82.639999,287700,2026-09-05T01:17:07Z
2006-02-27,IWM,73.550003,20584000,2026-09-05T01:17:07Z
2006-02-27,SPY,129.460007,35858600,2026-09-05T01:17:07Z
2006-02-27,TIP,102.470001,146200,2026-09-05T01:17:07Z
2006-02-27,TLT,90.900002,446200,2026-09-05T01:17:07Z
2006-02-27,VNQ,65.480003,55600,2026-09-05T01:17:07Z
2006-02-27,VWO,67.720001,316800,2026-09-05T01:17:07Z
2006-02-28,DBC,23.290001,579700,2026-09-05T01:17:07Z
2006-02-28,IEF,82.970001,95900,2026-09-05T01:17:07Z
2006-02-28,IWM,72.580002,36395700,2026-09-05T01:17:07Z
2006-02-28,SPY,128.229996,74394800,2026-09-05T01:17:07Z
2006-02-28,TIP,102.849998,162200,2026-09-05T01:17:07Z
2006-02-28,TLT,91.349998,744200,2026-09-05T01:17:07Z
2006-02-28,VNQ,65.239998,58500,2026-09-05T01:17:07Z
2006-02-28,VWO,66.500000,466200,2026-09-05T01:17:07Z
2006-03-01,DBC,23.240000,270500,2026-09-05T01:17:07Z
2006-03-01,IEF,82.540001,227000,2026-09-05T01:17:07Z
2006-03-01,IWM,73.900002,26244900,2026-09-05T01:17:07Z
2006-03-01,SPY,129.369995,48641600,2026-09-05T01:17:07Z
2006-03-01,TIP,102.639999,136100,2026-09-05T01:17:07Z
2006-03-01,TLT,90.480003,713600,2026-09-05T01:17:07Z
2006-03-01,VNQ,65.620003,42200,2026-09-05T01:17:07Z
2006-03-01,VWO,67.879997,353000,2026-09-05T01:17:07Z
2006-03-02,DBC,23.660000,885900,2026-09-05T01:17:07Z
2006-03-02,IEF,82.209999,113300,2026-09-05T01:17:07Z
2006-03-02,IWM,73.589996,36546000,2026-09-05T01:17:07Z
2006-03-02,SPY,129.360001,60642300,2026-09-05T01:17:07Z
2006-03-02,TIP,102.570000,161400,2026-09-05T01:17:07Z
2006-03-02,TLT,89.849998,1640000,2026-09-05T01:17:07Z
2006-03-02,VNQ,65.540001,28300,2026-09-05T01:17:07Z
2006-03-02,VWO,68.089996,282800,2026-09-05T01:17:07Z
2006-03-03,DBC,23.879999,362900,2026-09-05T01:17:07Z
2006-03-03,IEF,82.010002,76500,2026-09-05T01:17:07Z
2006-03-03,IWM,73.220001,38377600,2026-09-05T01:17:07Z
2006-03-03,SPY,128.759995,73402500,2026-09-05T01:17:07Z
2006-03-03,TIP,102.489998,158700,2026-09-05T01:17:07Z
2006-03-03,TLT,89.330002,1253300,2026-09-05T01:17:07Z
2006-03-03,VNQ,65.180000,100300,2026-09-05T01:17:07Z
2006-03-03,VWO,66.970001,424000,2026-09-05T01:17:07Z
2006-03-06,DBC,23.500000,588300,2026-09-05T01:17:07Z
2006-03-06,IEF,81.750000,350700,2026-09-05T01:17:07Z
2006-03-06,IWM,72.650002,29340300,2026-09-05T01:17:07Z
2006-03-06,SPY,128.169998,57478400,2026-09-05T01:17:07Z
2006-03-06,TIP,101.779999,133700,2026-09-05T01:17:07Z
2006-03-06,TLT,88.550003,872700,2026-09-05T01:17:07Z
2006-03-06,VNQ,66.360001,59900,2026-09-05T01:17:07Z
2006-03-06,VWO,66.059998,333200,2026-09-05T01:17:07Z
2006-03-07,DBC,23.090000,341300,2026-09-05T01:17:07Z
2006-03-07,IEF,81.790001,130300,2026-09-05T01:17:07Z
2006-03-07,IWM,71.599998,38899700,2026-09-05T01:17:07Z
2006-03-07,SPY,127.970001,61780800,2026-09-05T01:17:07Z
2006-03-07,TIP,101.779999,151000,2026-09-05T01:17:07Z
2006-03-07,TLT,88.610001,1692900,2026-09-05T01:17:07Z
2006-03-07,VNQ,65.559998,38500,2026-09-05T01:17:07Z
2006-03-07,VWO,63.660000,510200,2026-09-05T01:17:07Z
2006-03-08,DBC,22.719999,243700,2026-09-05T01:17:07Z
2006-03-08,IEF,81.830002,84500,2026-09-05T01:17:07Z
2006-03-08,IWM,71.849998,51662600,2026-09-05T01:17:07Z
2006-03-08,SPY,128.240005,66692400,2026-09-05T01:17:07Z
2006-03-08,TIP,101.389999,130800,2026-09-05T01:17:07Z
2006-03-08,TLT,88.580002,1184700,2026-09-05T01:17:07Z
2006-03-08,VNQ,65.900002,74700,2026-09-05T01:17:07Z
2006-03-08,VWO,64.160004,394400,2026-09-05T01:17:07Z
2006-03-09,DBC,22.950001,413100,2026-09-05T01:17:07Z
2006-03-09,IEF,81.910004,507200,2026-09-05T01:17:07Z
2006-03-09,IWM,71.220001,31106800,2026-09-05T01:17:07Z
2006-03-09,SPY,127.379997,56313600,2026-09-05T01:17:07Z
2006-03-09,TIP,101.220001,172800,2026-09-05T01:17:07Z
2006-03-09,TLT,88.610001,282100,2026-09-05T01:17:07Z
2006-03-09,VNQ,66.440002,55800,2026-09-05T01:17:07Z
2006-03-09,VWO,63.889999,270800,2026-09-05T01:17:07Z
2006-03-10,DBC,22.850000,398800,2026-09-05T01:17:07Z
2006-03-10,IEF,81.750000,408500,2026-09-05T01:17:07Z
2006-03-10,IWM,72.320000,40266300,2026-09-05T01:17:07Z
2006-03-10,SPY,128.589996,60490800,2026-09-05T01:17:07Z
2006-03-10,TIP,101.099998,154500,2026-09-05T01:17:07Z
2006-03-10,TLT,88.279999,1086900,2026-09-05T01:17:07Z
2006-03-10,VNQ,67.040001,67100,2026-09-05T01:17:07Z
2006-03-10,VWO,65.000000,335800,2026-09-05T01:17:07Z
2006-03-13,DBC,23.150000,328800,2026-09-05T01:17:07Z
2006-03-13,IEF,81.680000,246900,2026-09-05T01:17:07Z
2006-03-13,IWM,72.470001,35127000,2026-09-05T01:17:07Z
2006-03-13,SPY,128.830002,45479100,2026-09-05T01:17:07Z
2006-03-13,TIP,101.150002,216900,2026-09-05T01:17:07Z
2006-03-13,TLT,88.209999,1740100,2026-09-05T01:17:07Z
2006-03-13,VNQ,66.599998,56400,2026-09-05T01:17:07Z
2006-03-13,VWO,65.010002,279200,2026-09-05T01:17:07Z
2006-03-14,DBC,23.490000,331700,2026-09-05T01:17:07Z
2006-03-14,IEF,82.150002,122700,2026-09-05T01:17:07Z
2006-03-14,IWM,73.269997,37978800,2026-09-05T01:17:07Z
2006-03-14,SPY,130.179993,69877300,2026-09-05T01:17:07Z
2006-03-14,TIP,101.639999,184600,2026-09-05T01:17:07Z
2006-03-14,TLT,88.800003,904400,2026-09-05T01:17:07Z
2006-03-14,VNQ,67.080002,43400,2026-09-05T01:17:07Z
2006-03-14,VWO,66.669998,234400,2026-09-05T01:17:07Z
2006-03-15,DBC,23.230000,566900,2026-09-05T01:17:07Z
2006-03-15,IEF,82.000000,118400,2026-09-05T01:17:07Z
2006-03-15,IWM,73.940002,31951400,2026-09-05T01:17:07Z
2006-03-15,SPY,130.759995,53398900,2026-09-05T01:17:07Z
2006-03-15,TIP,101.449997,156400,2026-09-05T01:17:07Z
2006-03-15,TLT,88.320000,971000,2026-09-05T01:17:07Z
2006-03-15,VNQ,68.349998,57000,2026-09-05T01:17:07Z
2006-03-15,VWO,67.309998,353000,2026-09-05T01:17:07Z
2006-03-16,DBC,23.430000,642100,2026-09-05T01:17:07Z
2006-03-16,IEF,82.519997,174900,2026-09-05T01:17:07Z
2006-03-16,IWM,73.769997,32559900,2026-09-05T01:17:07Z
2006-03-16,SPY,131.029999,65526400,2026-09-05T01:17:07Z
2006-03-16,TIP,102.000000,153400,2026-09-05T01:17:07Z
2006-03-16,TLT,89.120003,1048000,2026-09-05T01:17:07Z
2006-03-16,VNQ,69.059998,45300,2026-09-05T01:17:07Z
2006-03-16,VWO,66.930000,206400,2026-09-05T01:17:07Z
2006-03-17,DBC,23.320000,324200,2026-09-05T01:17:07Z
2006-03-17,IEF,82.349998,111300,2026-09-05T01:17:07Z
2006-03-17,IWM,74.070000,31551600,2026-09-05T01:17:07Z
2006-03-17,SPY,130.619995,47286800,2026-09-05T01:17:07Z
2006-03-17,TIP,101.889999,153000,2026-09-05T01:17:07Z
2006-03-17,TLT,88.849998,703500,2026-09-05T01:17:07Z
2006-03-17,VNQ,69.680000,96100,2026-09-05T01:17:07Z
2006-03-17,VWO,67.190002,258200,2026-09-05T01:17:07Z
2006-03-20,DBC,22.840000,495500,2026-09-05T01:17:07Z
2006-03-20,IEF,82.510002,240100,2026-09-05T01:17:07Z
2006-03-20,IWM,74.029999,25640700,2026-09-05T01:17:07Z
2006-03-20,SPY,130.410004,45538500,2026-09-05T01:17:07Z
2006-03-20,TIP,101.830002,480400,2026-09-05T01:17:07Z
2006-03-20,TLT,88.989998,576000,2026-09-05T01:17:07Z
2006-03-20,VNQ,68.110001,96700,2026-09-05T01:17:07Z
2006-03-20,VWO,67.349998,205800,2026-09-05T01:17:07Z
2006-03-21,DBC,22.920000,412200,2026-09-05T01:17:07Z
2006-03-21,IEF,82.169998,96800,2026-09-05T01:17:07Z
2006-03-21,IWM,73.000000,44425900,2026-09-05T01:17:07Z
2006-03-21,SPY,129.589996,87102700,2026-09-05T01:17:07Z
2006-03-21,TIP,101.330002,124100,2026-09-05T01:17:07Z
2006-03-21,TLT,88.529999,817200,2026-09-05T01:17:07Z
2006-03-21,VNQ,67.320000,220100,2026-09-05T01:17:07Z
2006-03-21,VWO,66.059998,309400,2026-09-05T01:17:07Z
2006-03-22,DBC,22.879999,283800,2026-09-05T01:17:07Z
2006-03-22,IEF,82.269997,131500,2026-09-05T01:17:07Z
2006-03-22,IWM,74.129997,36219500,2026-09-05T01:17:07Z
2006-03-22,SPY,130.380005,51605700,2026-09-05T01:17:07Z
2006-03-22,TIP,101.480003,216300,2026-09-05T01:17:07Z
2006-03-22,TLT,88.720001,205500,2026-09-05T01:17:07Z
2006-03-22,VNQ,67.470001,40600,2026-09-05T01:17:07Z
2006-03-22,VWO,66.370003,307200,2026-09-05T01:17:07Z
2006-03-23,DBC,23.270000,224500,2026-09-05T01:17:07Z
2006-03-23,IEF,82.059998,109700,2026-09-05T01:17:07Z
2006-03-23,IWM,74.449997,25409600,2026-09-05T01:17:07Z
2006-03-23,SPY,130.110001,46704200,2026-09-05T01:17:07Z
2006-03-23,TIP,101.370003,92100,2026-09-05T01:17:07Z
2006-03-23,TLT,88.440002,613400,2026-09-05T01:17:07Z
2006-03-23,VNQ,67.650002,143000,2026-09-05T01:17:07Z
2006-03-23,VWO,65.940002,242000,2026-09-05T01:17:07Z
2006-03-24,DBC,23.219999,310800,2026-09-05T01:17:07Z
2006-03-24,IEF,82.419998,68800,2026-09-05T01:17:07Z
2006-03-24,IWM,74.900002,27560100,2026-09-05T01:17:07Z
2006-03-24,SPY,130.210007,43209200,2026-09-05T01:17:07Z
2006-03-24,TIP,101.860001,135300,2026-09-05T01:17:07Z
2006-03-24,TLT,89.089996,954800,2026-09-05T01:17:07Z
2006-03-24,VNQ,67.550003,116100,2026-09-05T01:17:07Z
2006-03-24,VWO,66.370003,258200,2026-09-05T01:17:07Z
2006-03-27,DBC,23.360001,147300,2026-09-05T01:17:07Z
2006-03-27,IEF,82.239998,79700,2026-09-05T01:17:07Z
2006-03-27,IWM,74.910004,23334000,2026-09-05T01:17:07Z
2006-03-27,SPY,130.020004,32523000,2026-09-05T01:17:07Z
2006-03-27,TIP,101.529999,119900,2026-09-05T01:17:07Z
2006-03-27,TLT,88.760002,467100,2026-09-05T01:17:07Z
2006-03-27,VNQ,66.769997,60300,2026-09-05T01:17:07Z
2006-03-27,VWO,66.680000,230800,2026-09-05T01:17:07Z
2006-03-28,DBC,23.660000,355200,2026-09-05T01:17:07Z
2006-03-28,IEF,81.839996,125600,2026-09-05T01:17:07Z
2006-03-28,IWM,74.519997,27179200,2026-09-05T01:17:07Z
2006-03-28,SPY,129.220001,82079900,2026-09-05T01:17:07Z
2006-03-28,TIP,101.040001,135600,2026-09-05T01:17:07Z
2006-03-28,TLT,87.930000,1094900,2026-09-05T01:17:07Z
2006-03-28,VNQ,67.510002,74400,2026-09-05T01:17:07Z
2006-03-28,VWO,65.919998,205200,2026-09-05T01:17:07Z
2006-03-29,DBC,23.820000,319600,2026-09-05T01:17:07Z
2006-03-29,IEF,81.760002,58100,2026-09-05T01:17:07Z
2006-03-29,IWM,75.900002,33875700,2026-09-05T01:17:07Z
2006-03-29,SPY,130.029999,61505700,2026-09-05T01:17:07Z
2006-03-29,TIP,100.849998,190900,2026-09-05T01:17:07Z
2006-03-29,TLT,87.510002,1071700,2026-09-05T01:17:07Z
2006-03-29,VNQ,68.769997,78200,2026-09-05T01:17:07Z
2006-03-29,VWO,66.709999,167800,2026-09-05T01:17:07Z
2006-03-30,DBC,24.110001,603700,2026-09-05T01:17:07Z
2006-03-30,IEF,81.519997,100800,2026-09-05T01:17:07Z
2006-03-30,IWM,75.699997,29733500,2026-09-05T01:17:07Z
2006-03-30,SPY,129.800003,70571700,2026-09-05T01:17:07Z
2006-03-30,TIP,100.629997,244200,2026-09-05T01:17:07Z
2006-03-30,TLT,86.900002,1152000,2026-09-05T01:17:07Z
2006-03-30,VNQ,67.779999,96900,2026-09-05T01:17:07Z
2006-03-30,VWO,67.190002,253200,2026-09-05T01:17:07Z
2006-03-31,DBC,23.940001,402600,2026-09-05T01:17:07Z
2006-03-31,IEF,81.580002,87400,2026-09-05T01:17:07Z
2006-03-31,IWM,75.970001,24722400,2026-09-05T01:17:07Z
2006-03-31,SPY,129.830002,62925600,2026-09-05T01:17:07Z
2006-03-31,TIP,100.650002,138900,2026-09-05T01:17:07Z
2006-03-31,TLT,86.870003,1167700,2026-09-05T01:17:07Z
2006-03-31,VNQ,67.919998,92200,2026-09-05T01:17:07Z
2006-03-31,VWO,67.279999,184200,2026-09-05T01:17:07Z
2006-04-03,DBC,24.049999,406400,2026-09-05T01:17:07Z
2006-04-03,IEF,81.230003,244300,2026-09-05T01:17:07Z
2006-04-03,IWM,75.339996,35542000,2026-09-05T01:17:07Z
2006-04-03,SPY,129.729996,61624700,2026-09-05T01:17:07Z
2006-04-03,TIP,100.000000,194000,2026-09-05T01:17:07Z
2006-04-03,TLT,86.570000,1549700,2026-09-05T01:17:07Z
2006-04-03,VNQ,66.750000,57200,2026-09-05T01:17:07Z
2006-04-03,VWO,68.919998,309400,2026-09-05T01:17:07Z
2006-04-04,DBC,23.920000,201400,2026-09-05T01:17:07Z
2006-04-04,IEF,81.239998,127200,2026-09-05T01:17:07Z
2006-04-04,IWM,75.680000,30181200,2026-09-05T01:17:07Z
2006-04-04,SPY,130.559998,54809300,2026-09-05T01:17:07Z
2006-04-04,TIP,99.919998,125300,2026-09-05T01:17:07Z
2006-04-04,TLT,86.480003,749100,2026-09-05T01:17:07Z
2006-04-04,VNQ,66.290001,97900,2026-09-05T01:17:07Z
2006-04-04,VWO,69.639999,218800,2026-09-05T01:17:07Z
2006-04-05,DBC,24.070000,297300,2026-09-05T01:17:07Z
2006-04-05,IEF,81.430000,101800,2026-09-05T01:17:07Z
2006-04-05,IWM,76.070000,27471100,2026-09-05T01:17:07Z
2006-04-05,SPY,131.009995,50607200,2026-09-05T01:17:07Z
2006-04-05,TIP,100.260002,904600,2026-09-05T01:17:07Z
2006-04-05,TLT,86.599998,638600,2026-09-05T01:17:07Z
2006-04-05,VNQ,66.650002,54800,2026-09-05T01:17:07Z
2006-04-05,VWO,70.300003,1374600,2026-09-05T01:17:07Z
2006-04-06,DBC,24.500000,619900,2026-09-05T01:17:07Z
2006-04-06,IEF,81.199997,289900,2026-09-05T01:17:07Z
2006-04-06,IWM,76.230003,25663700,2026-09-05T01:17:07Z
2006-04-06,SPY,130.869995,57906200,2026-09-05T01:17:07Z
2006-04-06,TIP,99.980003,107500,2026-09-05T01:17:07Z
2006-04-06,TLT,85.940002,2022100,2026-09-05T01:17:07Z
2006-04-06,VNQ,66.379997,62900,2026-09-05T01:17:07Z
2006-04-06,VWO,70.180000,616200,2026-09-05T01:17:07Z
2006-04-07,DBC,24.389999,415600,2026-09-05T01:17:07Z
2006-04-07,IEF,80.830002,129700,2026-09-05T01:17:07Z
2006-04-07,IWM,75.010002,51457700,2026-09-05T01:17:07Z
2006-04-07,SPY,129.539993,80180900,2026-09-05T01:17:07Z
2006-04-07,TIP,99.580002,219100,2026-09-05T01:17:07Z
2006-04-07,TLT,85.099998,1956500,2026-09-05T01:17:07Z
2006-04-07,VNQ,65.379997,107100,2026-09-05T01:17:07Z
2006-04-07,VWO,69.309998,289400,2026-09-05T01:17:07Z
2006-04-10,DBC,24.840000,497100,2026-09-05T01:17:07Z
2006-04-10,IEF,80.930000,118300,2026-09-05T01:17:07Z
2006-04-10,IWM,74.930000,39109200,2026-09-05T01:17:07Z
2006-04-10,SPY,129.740005,41496500,2026-09-05T01:17:07Z
2006-04-10,TIP,99.650002,733000,2026-09-05T01:17:07Z
2006-04-10,TLT,85.260002,1527100,2026-09-05T01:17:07Z
2006-04-10,VNQ,64.760002,38700,2026-09-05T01:17:07Z
2006-04-10,VWO,69.209999,205600,2026-09-05T01:17:07Z
2006-04-11,DBC,24.940001,537900,2026-09-05T01:17:07Z
2006-04-11,IEF,81.080002,154100,2026-09-05T01:17:07Z
2006-04-11,IWM,73.599998,49801100,2026-09-05T01:17:07Z
2006-04-11,SPY,128.639999,72799400,2026-09-05T01:17:07Z
2006-04-11,TIP,100.050003,230800,2026-09-05T01:17:07Z
2006-04-11,TLT,85.559998,1237300,2026-09-05T01:17:07Z
2006-04-11,VNQ,64.599998,71300,2026-09-05T01:17:07Z
2006-04-11,VWO,68.500000,182400,2026-09-05T01:17:07Z
2006-04-12,DBC,24.889999,517700,2026-09-05T01:17:07Z
2006-04-12,IEF,80.889999,201600,2026-09-05T01:17:07Z
2006-04-12,IWM,74.370003,40981200,2026-09-05T01:17:07Z
2006-04-12,SPY,128.880005,43033700,2026-09-05T01:17:07Z
2006-04-12,TIP,99.699997,110100,2026-09-05T01:17:07Z
2006-04-12,TLT,85.040001,1902000,2026-09-05T01:17:07Z
2006-04-12,VNQ,64.599998,29700,2026-09-05T01:17:07Z
2006-04-12,VWO,68.870003,198800,2026-09-05T01:17:07Z
2006-04-13,DBC,25.049999,233200,2026-09-05T01:17:07Z
2006-04-13,IEF,80.459999,175800,2026-09-05T01:17:07Z
2006-04-13,IWM,74.559998,35415700,2026-09-05T01:17:07Z
2006-04-13,SPY,128.710007,51051800,2026-09-05T01:17:07Z
2006-04-13,TIP,99.080002,239900,2026-09-05T01:17:07Z
2006-04-13,TLT,84.440002,3219400,2026-09-05T01:17:07Z
2006-04-13,VNQ,63.750000,47500,2026-09-05T01:17:07Z
2006-04-13,VWO,68.919998,215800,2026-09-05T01:17:07Z
2006-04-17,DBC,25.320000,526600,2026-09-05T01:17:07Z
2006-04-17,IEF,80.769997,162200,2026-09-05T01:17:07Z
2006-04-17,IWM,74.610001,38356100,2026-09-05T01:17:07Z
2006-04-17,SPY,128.660004,64167700,2026-09-05T01:17:07Z
2006-04-17,TIP,99.599998,171000,2026-09-05T01:17:07Z
2006-04-17,TLT,84.750000,1465400,2026-09-05T01:17:07Z
2006-04-17,VNQ,63.570000,40300,2026-09-05T01:17:07Z
2006-04-17,VWO,69.730003,323000,2026-09-05T01:17:07Z
2006-04-18,DBC,25.650000,886800,2026-09-05T01:17:07Z
2006-04-18,IEF,81.029999,276200,2026-09-05T01:17:07Z
2006-04-18,IWM,76.699997,58648200,2026-09-05T01:17:07Z
2006-04-18,SPY,130.699997,92531800,2026-09-05T01:17:07Z
2006-04-18,TIP,99.930000,173000,2026-09-05T01:17:07Z
2006-04-18,TLT,84.900002,2680300,2026-09-05T01:17:07Z
2006-04-18,VNQ,65.120003,44100,2026-09-05T01:17:07Z
2006-04-18,VWO,71.910004,297200,2026-09-05T01:17:07Z
2006-04-19,DBC,25.900000,558500,2026-09-05T01:17:07Z
2006-04-19,IEF,80.800003,128600,2026-09-05T01:17:07Z
2006-04-19,IWM,77.260002,44101500,2026-09-05T01:17:07Z
2006-04-19,SPY,130.949997,87269000,2026-09-05T01:17:07Z
2006-04-19,TIP,100.029999,145800,2026-09-05T01:17:07Z
2006-04-19,TLT,84.379997,1830300,2026-09-05T01:17:07Z
2006-04-19,VNQ,65.919998,32900,2026-09-05T01:17:07Z
2006-04-19,VWO,72.540001,409200,2026-09-05T01:17:07Z
2006-04-20,DBC,25.600000,640100,2026-09-05T01:17:07Z
2006-04-20,IEF,80.730003,128400,2026-09-05T01:17:07Z
2006-04-20,IWM,76.849998,44622400,2026-09-05T01:17:07Z
2006-04-20,SPY,131.130005,86005500,2026-09-05T01:17:07Z
2006-04-20,TIP,99.690002,159200,2026-09-05T01:17:07Z
2006-04-20,TLT,84.309998,1378200,2026-09-05T01:17:07Z
2006-04-20,VNQ,65.989998,33500,2026-09-05T01:17:07Z
2006-04-20,VWO,72.370003,457200,2026-09-05T01:17:07Z
2006-04-21,DBC,26.139999,559000,2026-09-05T01:17:07Z
2006-04-21,IEF,80.900002,108500,2026-09-05T01:17:07Z
2006-04-21,IWM,76.680000,40075800,2026-09-05T01:17:07Z
2006-04-21,SPY,131.149994,72342600,2026-09-05T01:17:07Z
2006-04-21,TIP,100.050003,145700,2026-09-05T01:17:07Z
2006-04-21,TLT,84.800003,1303000,2026-09-05T01:17:07Z
2006-04-21,VNQ,66.000000,63400,2026-09-05T01:17:07Z
2006-04-21,VWO,72.650002,219400,2026-09-05T01:17:07Z
2006-04-24,DBC,25.620001,481900,2026-09-05T01:17:07Z
2006-04-24,IEF,81.000000,118800,2026-09-05T01:17:07Z
2006-04-24,IWM,76.070000,39232800,2026-09-05T01:17:07Z
2006-04-24,SPY,130.910004,52546400,2026-09-05T01:17:07Z
2006-04-24,TIP,99.949997,135300,2026-09-05T01:17:07Z
2006-04-24,TLT,85.139999,991500,2026-09-05T01:17:07Z
2006-04-24,VNQ,65.660004,49900,2026-09-05T01:17:07Z
2006-04-24,VWO,72.400002,258000,2026-09-05T01:17:07Z
2006-04-25,DBC,25.700001,550700,2026-09-05T01:17:07Z
2006-04-25,IEF,80.489998,241400,2026-09-05T01:17:07Z
2006-04-25,IWM,76.120003,42940300,2026-09-05T01:17:07Z
2006-04-25,SPY,130.369995,84359800,2026-09-05T01:17:07Z
2006-04-25,TIP,99.209999,140900,2026-09-05T01:17:07Z
2006-04-25,TLT,84.129997,2067400,2026-09-05T01:17:07Z
2006-04-25,VNQ,65.160004,44900,2026-09-05T01:17:07Z
2006-04-25,VWO,71.410004,307400,2026-09-05T01:17:07Z
2006-04-26,DBC,25.600000,493900,2026-09-05T01:17:07Z
2006-04-26,IEF,80.449997,76300,2026-09-05T01:17:07Z
2006-04-26,IWM,76.059998,31348600,2026-09-05T01:17:07Z
2006-04-26,SPY,130.399994,67262400,2026-09-05T01:17:07Z
2006-04-26,TIP,99.099998,122900,2026-09-05T01:17:07Z
2006-04-26,TLT,83.989998,1544900,2026-09-05T01:17:07Z
2006-04-26,VNQ,64.959999,61400,2026-09-05T01:17:07Z
2006-04-26,VWO,72.699997,223000,2026-09-05T01:17:07Z
2006-04-27,DBC,25.200001,427100,2026-09-05T01:17:07Z
2006-04-27,IEF,80.669998,132900,2026-09-05T01:17:07Z
2006-04-27,IWM,75.430000,91908800,2026-09-05T01:17:07Z
2006-04-27,SPY,131.029999,124478600,2026-09-05T01:17:07Z
2006-04-27,TIP,99.540001,231800,2026-09-05T01:17:07Z
2006-04-27,TLT,84.099998,1864200,2026-09-05T01:17:07Z
2006-04-27,VNQ,65.370003,57900,2026-09-05T01:17:07Z
2006-04-27,VWO,72.279999,276600,2026-09-05T01:17:07Z
2006-04-28,DBC,25.620001,453800,2026-09-05T01:17:07Z
2006-04-28,IEF,80.809998,70700,2026-09-05T01:17:07Z
2006-04-28,IWM,76.199997,37918800,2026-09-05T01:17:07Z
2006-04-28,SPY,131.470001,55854400,2026-09-05T01:17:07Z
2006-04-28,TIP,99.900002,133300,2026-09-05T01:17:07Z
2006-04-28,TLT,84.160004,809400,2026-09-05T01:17:07Z
2006-04-28,VNQ,65.610001,63100,2026-09-05T01:17:07Z
2006-04-28,VWO,72.529999,227800,2026-09-05T01:17:07Z
2006-05-01,DBC,25.900000,571700,2026-09-05T01:17:07Z
2006-05-01,IEF,80.080002,169700,2026-09-05T01:17:07Z
2006-05-01,IWM,75.260002,44216700,2026-09-05T01:17:07Z
2006-05-01,SPY,130.399994,64990300,2026-09-05T01:17:07Z
2006-05-01,TIP,99.080002,165300,2026-09-05T01:17:07Z
2006-05-01,TLT,83.199997,1795500,2026-09-05T01:17:07Z
2006-05-01,VNQ,64.820000,48800,2026-09-05T01:17:07Z
2006-05-01,VWO,72.730003,328800,2026-09-05T01:17:07Z
2006-05-02,DBC,26.200001,516300,2026-09-05T01:17:07Z
2006-05-02,IEF,80.209999,87900,2026-09-05T01:17:07Z
2006-05-02,IWM,76.290001,36131800,2026-09-05T01:17:07Z
2006-05-02,SPY,131.380005,49063500,2026-09-05T01:17:07Z
2006-05-02,TIP,99.300003,162000,2026-09-05T01:17:07Z
2006-05-02,TLT,83.419998,1097900,2026-09-05T01:17:07Z
2006-05-02,VNQ,64.160004,51800,2026-09-05T01:17:07Z
2006-05-02,VWO,73.989998,253600,2026-09-05T01:17:07Z
2006-05-03,DBC,25.730000,422000,2026-09-05T01:17:07Z
2006-05-03,IEF,80.099998,116600,2026-09-05T01:17:07Z
2006-05-03,IWM,76.160004,35151900,2026-09-05T01:17:07Z
2006-05-03,SPY,130.889999,60821300,2026-09-05T01:17:07Z
2006-05-03,TIP,99.019997,183100,2026-09-05T01:17:07Z
2006-05-03,TLT,83.239998,1114000,2026-09-05T01:17:07Z
2006-05-03,VNQ,64.279999,32300,2026-09-05T01:17:07Z
2006-05-03,VWO,74.040001,263800,2026-09-05T01:17:07Z
2006-05-04,DBC,25.420000,445500,2026-09-05T01:17:07Z
2006-05-04,IEF,80.050003,193200,2026-09-05T01:17:07Z
2006-05-04,IWM,77.089996,30351900,2026-09-05T01:17:07Z
2006-05-04,SPY,131.360001,42921400,2026-09-05T01:17:07Z
2006-05-04,TIP,98.639999,177100,2026-09-05T01:17:07Z
2006-05-04,TLT,83.099998,977800,2026-09-05T01:17:07Z
2006-05-04,VNQ,65.190002,47200,2026-09-05T01:17:07Z
2006-05-04,VWO,74.650002,350800,2026-09-05T01:17:07Z
2006-05-05,DBC,25.700001,377300,2026-09-05T01:17:07Z
2006-05-05,IEF,80.239998,85200,2026-09-05T01:17:07Z
2006-05-05,IWM,77.519997,37838800,2026-09-05T01:17:07Z
2006-05-05,SPY,132.520004,62588200,2026-09-05T01:17:07Z
2006-05-05,TIP,99.199997,172500,2026-09-05T01:17:07Z
2006-05-05,TLT,83.599998,1685900,2026-09-05T01:17:07Z
2006-05-05,VNQ,66.029999,48100,2026-09-05T01:17:07Z
2006-05-05,VWO,75.599998,313400,2026-09-05T01:17:07Z
2006-05-08,DBC,25.629999,342900,2026-09-05T01:17:07Z
2006-05-08,IEF,80.279999,82400,2026-09-05T01:17:07Z
2006-05-08,IWM,77.629997,24715000,2026-09-05T01:17:07Z
2006-05-08,SPY,132.360001,30016700,2026-09-05T01:17:07Z
2006-05-08,TIP,99.199997,129800,2026-09-05T01:17:07Z
2006-05-08,TLT,83.650002,666400,2026-09-05T01:17:07Z
2006-05-08,VNQ,66.320000,146300,2026-09-05T01:17:07Z
2006-05-08,VWO,76.000000,406400,2026-09-05T01:17:07Z
2006-05-09,DBC,26.030001,1164700,2026-09-05T01:17:07Z
2006-05-09,IEF,80.250000,59600,2026-09-05T01:17:07Z
2006-05-09,IWM,77.519997,21579600,2026-09-05T01:17:07Z
2006-05-09,SPY,132.619995,29864000,2026-09-05T01:17:07Z
2006-05-09,TIP,99.349998,139400,2026-09-05T01:17:07Z
2006-05-09,TLT,83.599998,341300,2026-09-05T01:17:07Z
2006-05-09,VNQ,66.290001,149400,2026-09-05T01:17:07Z
2006-05-09,VWO,76.080002,332400,2026-09-05T01:17:07Z
2006-05-10,DBC,26.680000,757600,2026-09-05T01:17:07Z
2006-05-10,IEF,80.290001,98600,2026-09-05T01:17:07Z
2006-05-10,IWM,77.050003,26824100,2026-09-05T01:17:07Z
2006-05-10,SPY,132.550003,64378200,2026-09-05T01:17:07Z
2006-05-10,TIP,99.589996,156200,2026-09-05T01:17:07Z
2006-05-10,TLT,83.750000,1320200,2026-09-05T01:17:07Z
2006-05-10,VNQ,66.050003,58000,2026-09-05T01:17:07Z
2006-05-10,VWO,75.669998,374200,2026-09-05T01:17:07Z
2006-05-11,DBC,26.940001,1037600,2026-09-05T01:17:07Z
2006-05-11,IEF,80.150002,203700,2026-09-05T01:17:07Z
2006-05-11,IWM,75.309998,46910800,2026-09-05T01:17:07Z
2006-05-11,SPY,130.949997,80626900,2026-09-05T01:17:07Z
2006-05-11,TIP,99.639999,168900,2026-09-05T01:17:07Z
2006-05-11,TLT,83.339996,1189800,2026-09-05T01:17:07Z
2006-05-11,VNQ,64.830002,57000,2026-09-05T01:17:07Z
2006-05-11,VWO,73.800003,440200,2026-09-05T01:17:07Z
2006-05-12,DBC,26.850000,1040100,2026-09-05T01:17:07Z
2006-05-12,IEF,79.849998,134700,2026-09-05T01:17:07Z
2006-05-12,IWM,73.500000,62645500,2026-09-05T01:17:07Z
2006-05-12,SPY,129.240005,91726500,2026-09-05T01:17:07Z
2006-05-12,TIP,99.300003,182600,2026-09-05T01:17:07Z
2006-05-12,TLT,82.650002,1804700,2026-09-05T01:17:07Z
2006-05-12,VNQ,64.010002,62600,2026-09-05T01:17:07Z
2006-05-12,VWO,72.169998,553200,2026-09-05T01:17:07Z
2006-05-15,DBC,25.940001,685200,2026-09-05T01:17:07Z
2006-05-15,IEF,80.019997,106100,2026-09-05T01:17:07Z
2006-05-15,IWM,73.169998,61905600,2026-09-05T01:17:07Z
2006-05-15,SPY,129.500000,84029300,2026-09-05T01:17:07Z
2006-05-15,TIP,99.250000,124500,2026-09-05T01:17:07Z
2006-05-15,TLT,82.980003,1433500,2026-09-05T01:17:07Z
2006-05-15,VNQ,64.889999,69600,2026-09-05T01:17:07Z
2006-05-15,VWO,70.089996,650800,2026-09-05T01:17:07Z
2006-05-16,DBC,26.020000,602500,2026-09-05T01:17:07Z
2006-05-16,IEF,80.320000,86200,2026-09-05T01:17:07Z
2006-05-16,IWM,73.290001,35594500,2026-09-05T01:17:07Z
2006-05-16,SPY,129.309998,62137600,2026-09-05T01:17:07Z
2006-05-16,TIP,99.629997,143000,2026-09-05T01:17:07Z
2006-05-16,TLT,83.599998,1677600,2026-09-05T01:17:07Z
2006-05-16,VNQ,64.639999,29900,2026-09-05T01:17:07Z
2006-05-16,VWO,70.540001,299400,2026-09-05T01:17:07Z
2006-05-17,DBC,25.980000,785100,2026-09-05T01:17:07Z
2006-05-17,IEF,80.089996,245300,2026-09-05T01:17:07Z
2006-05-17,IWM,71.949997,76491400,2026-09-05T01:17:07Z
2006-05-17,SPY,126.849998,144789500,2026-09-05T01:17:07Z
2006-05-17,TIP,99.300003,416100,2026-09-05T01:17:07Z
2006-05-17,TLT,83.080002,1440800,2026-09-05T01:17:07Z
2006-05-17,VNQ,63.430000,68700,2026-09-05T01:17:07Z
2006-05-17,VWO,68.300003,437200,2026-09-05T01:17:07Z
2006-05-18,DBC,25.990000,263100,2026-09-05T01:17:07Z
2006-05-18,IEF,80.660004,168500,2026-09-05T01:17:07Z
2006-05-18,IWM,71.269997,54127300,2026-09-05T01:17:07Z
2006-05-18,SPY,126.209999,87906300,2026-09-05T01:17:07Z
2006-05-18,TIP,99.910004,198800,2026-09-05T01:17:07Z
2006-05-18,TLT,84.209999,2177700,2026-09-05T01:17:07Z
2006-05-18,VNQ,62.939999,36800,2026-09-05T01:17:07Z
2006-05-18,VWO,66.989998,513000,2026-09-05T01:17:07Z
2006-05-19,DBC,25.420000,724900,2026-09-05T01:17:07Z
2006-05-19,IEF,80.610001,223600,2026-09-05T01:17:07Z
2006-05-19,IWM,71.900002,79031200,2026-09-05T01:17:07Z
2006-05-19,SPY,127.099998,124309400,2026-09-05T01:17:07Z
2006-05-19,TIP,99.830002,269200,2026-09-05T01:17:07Z
2006-05-19,TLT,84.430000,2619500,2026-09-05T01:17:07Z
2006-05-19,VNQ,63.090000,91700,2026-09-05T01:17:07Z
2006-05-19,VWO,67.769997,423800,2026-09-05T01:17:07Z
2006-05-22,DBC,25.620001,863900,2026-09-05T01:17:07Z
2006-05-22,IEF,80.720001,189000,2026-09-05T01:17:07Z
2006-05-22,IWM,71.099998,89895900,2026-09-05T01:17:07Z
2006-05-22,SPY,126.129997,110852800,2026-09-05T01:17:07Z
2006-05-22,TIP,99.980003,159700,2026-09-05T01:17:07Z
2006-05-22,TLT,84.610001,2652000,2026-09-05T01:17:07Z
2006-05-22,VNQ,62.919998,172000,2026-09-05T01:17:07Z
2006-05-22,VWO,64.169998,979600,2026-09-05T01:17:07Z
2006-05-23,DBC,26.020000,855100,2026-09-05T01:17:07Z
2006-05-23,IEF,80.690002,102500,2026-09-05T01:17:07Z
2006-05-23,IWM,70.180000,73644800,2026-09-05T01:17:07Z
2006-05-23,SPY,125.169998,92006500,2026-09-05T01:17:07Z
2006-05-23,TIP,99.889999,187200,2026-09-05T01:17:07Z
2006-05-23,TLT,84.559998,1394900,2026-09-05T01:17:07Z
2006-05-23,VNQ,62.230000,81700,2026-09-05T01:17:07Z
2006-05-23,VWO,64.360001,917200,2026-09-05T01:17:07Z
2006-05-24,DBC,25.360001,402700,2026-09-05T01:17:07Z
2006-05-24,IEF,80.809998,171700,2026-09-05T01:17:07Z
2006-05-24,IWM,70.720001,124700200,2026-09-05T01:17:07Z
2006-05-24,SPY,126.169998,168405000,2026-09-05T01:17:07Z
2006-05-24,TIP,99.849998,164600,2026-09-05T01:17:07Z
2006-05-24,TLT,84.599998,1226300,2026-09-05T01:17:07Z
2006-05-24,VNQ,62.330002,167100,2026-09-05T01:17:07Z
2006-05-24,VWO,63.930000,625200,2026-09-05T01:17:07Z
2006-05-25,DBC,25.799999,324200,2026-09-05T01:17:07Z
2006-05-25,IEF,80.680000,181600,2026-09-05T01:17:07Z
2006-05-25,IWM,72.209999,63332000,2026-09-05T01:17:07Z
2006-05-25,SPY,127.730003,78977900,2026-09-05T01:17:07Z
2006-05-25,TIP,99.839996,113000,2026-09-05T01:17:07Z
2006-05-25,TLT,84.269997,678000,2026-09-05T01:17:07Z
2006-05-25,VNQ,63.500000,61800,2026-09-05T01:17:07Z
2006-05-25,VWO,65.970001,424600,2026-09-05T01:17:07Z
2006-05-26,DBC,26.049999,333400,2026-09-05T01:17:07Z
2006-05-26,IEF,80.750000,178000,2026-09-05T01:17:07Z
2006-05-26,IWM,72.639999,37483000,2026-09-05T01:17:07Z
2006-05-26,SPY,128.380005,62989700,2026-09-05T01:17:07Z
2006-05-26,TIP,100.099998,227300,2026-09-05T01:17:07Z
2006-05-26,TLT,84.209999,398400,2026-09-05T01:17:07Z
2006-05-26,VNQ,64.260002,61900,2026-09-05T01:17:07Z
2006-05-26,VWO,66.489998,283400,2026-09-05T01:17:07Z
2006-05-30,DBC,25.910000,429400,2026-09-05T01:17:07Z
2006-05-30,IEF,80.680000,95600,2026-09-05T01:17:07Z
2006-05-30,IWM,70.639999,46837100,2026-09-05T01:17:07Z
2006-05-30,SPY,126.099998,72419900,2026-09-05T01:17:07Z
2006-05-30,TIP,99.839996,146000,2026-09-05T01:17:07Z
2006-05-30,TLT,84.169998,482200,2026-09-05T01:17:07Z
2006-05-30,VNQ,63.730000,35000,2026-09-05T01:17:07Z
2006-05-30,VWO,63.000000,639400,2026-09-05T01:17:07Z
2006-05-31,DBC,25.520000,337500,2026-09-05T01:17:07Z
2006-05-31,IEF,80.430000,110900,2026-09-05T01:17:07Z
2006-05-31,IWM,71.870003,58723800,2026-09-05T01:17:07Z
2006-05-31,SPY,127.510002,86926200,2026-09-05T01:17:07Z
2006-05-31,TIP,99.699997,195500,2026-09-05T01:17:07Z
2006-05-31,TLT,83.669998,880700,2026-09-05T01:17:07Z
2006-05-31,VNQ,63.840000,56700,2026-09-05T01:17:07Z
2006-05-31,VWO,64.339996,330000,2026-09-05T01:17:07Z
2006-06-01,DBC,25.209999,584800,2026-09-05T01:17:07Z
2006-06-01,IEF,80.269997,96100,2026-09-05T01:17:07Z
2006-06-01,IWM,73.269997,49499200,2026-09-05T01:17:07Z
2006-06-01,SPY,128.729996,73721700,2026-09-05T01:17:07Z
2006-06-01,TIP,99.220001,255900,2026-09-05T01:17:07Z
2006-06-01,TLT,83.709999,1561100,2026-09-05T01:17:07Z
2006-06-01,VNQ,65.010002,35600,2026-09-05T01:17:07Z
2006-06-01,VWO,65.599998,278400,2026-09-05T01:17:07Z
2006-06-02,DBC,25.709999,349300,2026-09-05T01:17:07Z
2006-06-02,IEF,80.889999,403900,2026-09-05T01:17:07Z
2006-06-02,IWM,73.220001,49690000,2026-09-05T01:17:07Z
2006-06-02,SPY,129.000000,91702600,2026-09-05T01:17:07Z
2006-06-02,TIP,99.980003,134800,2026-09-05T01:17:07Z
2006-06-02,TLT,84.790001,2041900,2026-09-05T01:17:07Z
2006-06-02,VNQ,65.760002,45600,2026-09-05T01:17:07Z
2006-06-02,VWO,66.260002,369600,2026-09-05T01:17:07Z
2006-06-05,DBC,25.639999,492100,2026-09-05T01:17:07Z
2006-06-05,IEF,80.730003,100200,2026-09-05T01:17:07Z
2006-06-05,IWM,71.089996,66165900,2026-09-05T01:17:07Z
2006-06-05,SPY,127.120003,86105100,2026-09-05T01:17:07Z
2006-06-05,TIP,99.730003,198200,2026-09-05T01:17:07Z
2006-06-05,TLT,84.680000,1102900,2026-09-05T01:17:07Z
2006-06-05,VNQ,66.080002,75500,2026-09-05T01:17:07Z
2006-06-05,VWO,63.400002,380200,2026-09-05T01:17:07Z
2006-06-06,DBC,25.420000,329000,2026-09-05T01:17:07Z
2006-06-06,IEF,80.800003,96600,2026-09-05T01:17:07Z
2006-06-06,IWM,70.790001,94747900,2026-09-05T01:17:07Z
2006-06-06,SPY,126.809998,130498600,2026-09-05T01:17:07Z
2006-06-06,TIP,99.589996,363100,2026-09-05T01:17:07Z
2006-06-06,TLT,85.080002,2188000,2026-09-05T01:17:07Z
2006-06-06,VNQ,65.290001,34300,2026-09-05T01:17:07Z
2006-06-06,VWO,62.490002,596600,2026-09-05T01:17:07Z
2006-06-07,DBC,25.250000,176800,2026-09-05T01:17:07Z
2006-06-07,IEF,80.690002,141900,2026-09-05T01:17:07Z
2006-06-07,IWM,70.099998,81935900,2026-09-05T01:17:07Z
2006-06-07,SPY,125.860001,108599400,2026-09-05T01:17:07Z
2006-06-07,TIP,99.250000,441400,2026-09-05T01:17:07Z
2006-06-07,TLT,85.099998,1324100,2026-09-05T01:17:07Z
2006-06-07,VNQ,65.750000,51200,2026-09-05T01:17:07Z
2006-06-07,VWO,61.630001,426400,2026-09-05T01:17:07Z
2006-06-08,DBC,24.980000,722700,2026-09-05T01:17:07Z
2006-06-08,IEF,80.800003,152600,2026-09-05T01:17:07Z
2006-06-08,IWM,70.160004,140237700,2026-09-05T01:17:07Z
2006-06-08,SPY,125.750000,204957200,2026-09-05T01:17:07Z
2006-06-08,TIP,99.320000,284900,2026-09-05T01:17:07Z
2006-06-08,TLT,85.269997,3496700,2026-09-05T01:17:07Z
2006-06-08,VNQ,65.610001,74800,2026-09-05T01:17:07Z
2006-06-08,VWO,59.820000,1128200,2026-09-05T01:17:07Z
2006-06-09,DBC,25.020000,343800,2026-09-05T01:17:07Z
2006-06-09,IEF,81.000000,73900,2026-09-05T01:17:07Z
2006-06-09,IWM,69.540001,63028400,2026-09-05T01:17:07Z
2006-06-09,SPY,125.349998,94972200,2026-09-05T01:17:07Z
2006-06-09,TIP,99.720001,172700,2026-09-05T01:17:07Z
2006-06-09,TLT,85.720001,657200,2026-09-05T01:17:07Z
2006-06-09,VNQ,66.040001,53200,2026-09-05T01:17:07Z
2006-06-09,VWO,59.430000,941600,2026-09-05T01:17:07Z
2006-06-12,DBC,24.719999,362400,2026-09-05T01:17:07Z
2006-06-12,IEF,80.959999,122500,2026-09-05T01:17:07Z
2006-06-12,IWM,67.940002,108263800,2026-09-05T01:17:07Z
2006-06-12,SPY,123.989998,95815900,2026-09-05T01:17:07Z
2006-06-12,TIP,99.699997,179600,2026-09-05T01:17:07Z
2006-06-12,TLT,85.790001,528700,2026-09-05T01:17:07Z
2006-06-12,VNQ,65.250000,183600,2026-09-05T01:17:07Z
2006-06-12,VWO,57.669998,336800,2026-09-05T01:17:07Z
2006-06-13,DBC,24.049999,900600,2026-09-05T01:17:07Z
2006-06-13,IEF,81.070000,111600,2026-09-05T01:17:07Z
2006-06-13,IWM,66.650002,139584200,2026-09-05T01:17:07Z
2006-06-13,SPY,122.550003,185688800,2026-09-05T01:17:07Z
2006-06-13,TIP,99.769997,213100,2026-09-05T01:17:07Z
2006-06-13,TLT,85.849998,1448300,2026-09-05T01:17:07Z
2006-06-13,VNQ,64.580002,72100,2026-09-05T01:17:07Z
2006-06-13,VWO,56.310001,747400,2026-09-05T01:17:07Z
2006-06-14,DBC,24.040001,265700,2026-09-05T01:17:07Z
2006-06-14,IEF,80.529999,165500,2026-09-05T01:17:07Z
2006-06-14,IWM,67.449997,106669400,2026-09-05T01:17:07Z
2006-06-14,SPY,123.500000,163566400,2026-09-05T01:17:07Z
2006-06-14,TIP,99.389999,224800,2026-09-05T01:17:07Z
2006-06-14,TLT,84.989998,1439100,2026-09-05T01:17:07Z
2006-06-14,VNQ,64.029999,60000,2026-09-05T01:17:07Z
2006-06-14,VWO,57.830002,786800,2026-09-05T01:17:07Z
2006-06-15,DBC,24.299999,289100,2026-09-05T01:17:07Z
2006-06-15,IEF,80.349998,112200,2026-09-05T01:17:07Z
2006-06-15,IWM,69.760002,96971100,2026-09-05T01:17:07Z
2006-06-15,SPY,126.120003,134057000,2026-09-05T01:17:07Z
2006-06-15,TIP,99.180000,221900,2026-09-05T01:17:07Z
2006-06-15,TLT,84.500000,1734600,2026-09-05T01:17:07Z
2006-06-15,VNQ,65.370003,59500,2026-09-05T01:17:07Z
2006-06-15,VWO,60.529999,1198400,2026-09-05T01:17:07Z
2006-06-16,DBC,24.350000,202400,2026-09-05T01:17:07Z
2006-06-16,IEF,80.300003,126100,2026-09-05T01:17:07Z
2006-06-16,IWM,68.849998,66852400,2026-09-05T01:17:07Z
2006-06-16,SPY,124.650002,94253500,2026-09-05T01:17:07Z
2006-06-16,TIP,99.209999,162800,2026-09-05T01:17:07Z
2006-06-16,TLT,84.309998,1184600,2026-09-05T01:17:07Z
2006-06-16,VNQ,65.239998,62700,2026-09-05T01:17:07Z
2006-06-16,VWO,60.150002,917800,2026-09-05T01:17:07Z
2006-06-19,DBC,23.900000,178200,2026-09-05T01:17:07Z
2006-06-19,IEF,80.209999,67200,2026-09-05T01:17:07Z
2006-06-19,IWM,67.500000,71705700,2026-09-05T01:17:07Z
2006-06-19,SPY,123.669998,95804400,2026-09-05T01:17:07Z
2006-06-19,TIP,99.000000,272300,2026-09-05T01:17:07Z
2006-06-19,TLT,84.190002,1233700,2026-09-05T01:17:07Z
2006-06-19,VNQ,64.790001,65800,2026-09-05T01:17:07Z
2006-06-19,VWO,58.250000,433400,2026-09-05T01:17:07Z
2006-06-20,DBC,24.100000,318000,2026-09-05T01:17:07Z
2006-06-20,IEF,80.150002,105200,2026-09-05T01:17:07Z
2006-06-20,IWM,67.419998,61105000,2026-09-05T01:17:07Z
2006-06-20,SPY,124.089996,65494700,2026-09-05T01:17:07Z
2006-06-20,TIP,98.910004,145600,2026-09-05T01:17:07Z
2006-06-20,TLT,84.050003,611400,2026-09-05T01:17:07Z
2006-06-20,VNQ,64.449997,42100,2026-09-05T01:17:07Z
2006-06-20,VWO,59.080002,394000,2026-09-05T01:17:07Z
2006-06-21,DBC,24.450001,302100,2026-09-05T01:17:07Z
2006-06-21,IEF,80.139999,180600,2026-09-05T01:17:07Z
2006-06-21,IWM,68.599998,81035400,2026-09-05T01:17:07Z
2006-06-21,SPY,125.010002,75008200,2026-09-05T01:17:07Z
2006-06-21,TIP,98.949997,234400,2026-09-05T01:17:07Z
2006-06-21,TLT,84.070000,476000,2026-09-05T01:17:07Z
2006-06-21,VNQ,65.199997,127000,2026-09-05T01:17:07Z
2006-06-21,VWO,60.439999,965600,2026-09-05T01:17:07Z
2006-06-22,DBC,24.440001,171900,2026-09-05T01:17:07Z
2006-06-22,IEF,79.879997,112600,2026-09-05T01:17:07Z
2006-06-22,IWM,68.239998,50947100,2026-09-05T01:17:07Z
2006-06-22,SPY,124.459999,74566100,2026-09-05T01:17:07Z
2006-06-22,TIP,98.739998,280900,2026-09-05T01:17:07Z
2006-06-22,TLT,83.589996,745500,2026-09-05T01:17:07Z
2006-06-22,VNQ,64.739998,55300,2026-09-05T01:17:07Z
2006-06-22,VWO,59.889999,204400,2026-09-05T01:17:07Z
2006-06-23,DBC,24.389999,151400,2026-09-05T01:17:07Z
2006-06-23,IEF,79.809998,167600,2026-09-05T01:17:07Z
2006-06-23,IWM,68.650002,42901800,2026-09-05T01:17:07Z
2006-06-23,SPY,124.440002,54107000,2026-09-05T01:17:07Z
2006-06-23,TIP,98.610001,205200,2026-09-05T01:17:07Z
2006-06-23,TLT,83.419998,675500,2026-09-05T01:17:07Z
2006-06-23,VNQ,64.250000,84100,2026-09-05T01:17:07Z
2006-06-23,VWO,60.299999,338800,2026-09-05T01:17:07Z
2006-06-26,DBC,24.660000,150400,2026-09-05T01:17:07Z
2006-06-26,IEF,79.760002,264400,2026-09-05T01:17:07Z
2006-06-26,IWM,69.500000,39933200,2026-09-05T01:17:07Z
2006-06-26,SPY,124.989998,37899600,2026-09-05T01:17:07Z
2006-06-26,TIP,98.500000,127900,2026-09-05T01:17:07Z
2006-06-26,TLT,83.260002,526100,2026-09-05T01:17:07Z
2006-06-26,VNQ,64.250000,50100,2026-09-05T01:17:07Z
2006-06-26,VWO,60.000000,159200,2026-09-05T01:17:07Z
2006-06-27,DBC,24.750000,227800,2026-09-05T01:17:07Z
2006-06-27,IEF,79.970001,231900,2026-09-05T01:17:07Z
2006-06-27,IWM,68.300003,61567100,2026-09-05T01:17:07Z
2006-06-27,SPY,123.910004,69780200,2026-09-05T01:17:07Z
2006-06-27,TIP,98.660004,331900,2026-09-05T01:17:07Z
2006-06-27,TLT,83.669998,429100,2026-09-05T01:17:07Z
2006-06-27,VNQ,64.180000,37200,2026-09-05T01:17:07Z
2006-06-27,VWO,59.459999,361200,2026-09-05T01:17:07Z
2006-06-28,DBC,24.650000,205500,2026-09-05T01:17:07Z
2006-06-28,IEF,79.709999,229700,2026-09-05T01:17:07Z
2006-06-28,IWM,68.599998,46405900,2026-09-05T01:17:07Z
2006-06-28,SPY,124.750000,62368100,2026-09-05T01:17:07Z
2006-06-28,TIP,98.440002,246600,2026-09-05T01:17:07Z
2006-06-28,TLT,83.230003,381300,2026-09-05T01:17:07Z
2006-06-28,VNQ,64.370003,24600,2026-09-05T01:17:07Z
2006-06-28,VWO,60.799999,169000,2026-09-05T01:17:07Z
2006-06-29,DBC,25.190001,346300,2026-09-05T01:17:07Z
2006-06-29,IEF,80.040001,328400,2026-09-05T01:17:07Z
2006-06-29,IWM,71.250000,96533200,2026-09-05T01:17:07Z
2006-06-29,SPY,127.269997,110634800,2026-09-05T01:17:07Z
2006-06-29,TIP,99.040001,235700,2026-09-05T01:17:07Z
2006-06-29,TLT,83.510002,1609300,2026-09-05T01:17:07Z
2006-06-29,VNQ,65.800003,59700,2026-09-05T01:17:07Z
2006-06-29,VWO,64.110001,624200,2026-09-05T01:17:07Z
2006-06-30,DBC,25.299999,405600,2026-09-05T01:17:07Z
2006-06-30,IEF,80.320000,125400,2026-09-05T01:17:07Z
2006-06-30,IWM,71.730003,61004300,2026-09-05T01:17:07Z
2006-06-30,SPY,127.279999,54227800,2026-09-05T01:17:07Z
2006-06-30,TIP,99.570000,150000,2026-09-05T01:17:07Z
2006-06-30,TLT,84.320000,1219000,2026-09-05T01:17:07Z
2006-06-30,VNQ,66.300003,81800,2026-09-05T01:17:07Z
2006-06-30,VWO,64.279999,570000,2026-09-05T01:17:07Z
2006-07-03,DBC,25.969999,144500,2026-09-05T01:17:07Z
2006-07-03,IEF,79.970001,41200,2026-09-05T01:17:07Z
2006-07-03,IWM,72.629997,22967800,2026-09-05T01:17:07Z
2006-07-03,SPY,127.800003,23914000,2026-09-05T01:17:07Z
2006-07-03,TIP,98.809998,114000,2026-09-05T01:17:07Z
2006-07-03,TLT,83.910004,716800,2026-09-05T01:17:07Z
2006-07-03,VNQ,67.529999,894900,2026-09-05T01:17:07Z
2006-07-03,VWO,65.760002,224200,2026-09-05T01:17:07Z
2006-07-05,DBC,25.770000,998200,2026-09-05T01:17:07Z
2006-07-05,IEF,79.680000,1712900,2026-09-05T01:17:07Z
2006-07-05,IWM,71.570000,38621400,2026-09-05T01:17:07Z
2006-07-05,SPY,127.070000,69653400,2026-09-05T01:17:07Z
2006-07-05,TIP,98.430000,295200,2026-09-05T01:17:07Z
2006-07-05,TLT,83.239998,1289200,2026-09-05T01:17:07Z
2006-07-05,VNQ,67.419998,78200,2026-09-05T01:17:07Z
2006-07-05,VWO,63.810001,382400,2026-09-05T01:17:07Z
2006-07-06,DBC,25.940001,675800,2026-09-05T01:17:07Z
2006-07-06,IEF,79.930000,132400,2026-09-05T01:17:07Z
2006-07-06,IWM,71.550003,33830700,2026-09-05T01:17:07Z
2006-07-06,SPY,127.440002,50100300,2026-09-05T01:17:07Z
2006-07-06,TIP,98.769997,134100,2026-09-05T01:17:07Z
2006-07-06,TLT,83.750000,451400,2026-09-05T01:17:07Z
2006-07-06,VNQ,67.580002,29800,2026-09-05T01:17:07Z
2006-07-06,VWO,65.120003,305600,2026-09-05T01:17:07Z
2006-07-07,DBC,25.750000,391300,2026-09-05T01:17:07Z
2006-07-07,IEF,80.180000,274600,2026-09-05T01:17:07Z
2006-07-07,IWM,70.489998,45330300,2026-09-05T01:17:07Z
2006-07-07,SPY,126.610001,81626500,2026-09-05T01:17:07Z
2006-07-07,TIP,99.059998,155900,2026-09-05T01:17:07Z
2006-07-07,TLT,84.290001,1356900,2026-09-05T01:17:07Z
2006-07-07,VNQ,67.300003,51700,2026-09-05T01:17:07Z
2006-07-07,VWO,64.040001,225400,2026-09-05T01:17:07Z
2006-07-10,DBC,25.570000,204700,2026-09-05T01:17:07Z
2006-07-10,IEF,80.239998,133200,2026-09-05T01:17:07Z
2006-07-10,IWM,70.500000,40166800,2026-09-05T01:17:07Z
2006-07-10,SPY,126.849998,60964100,2026-09-05T01:17:07Z
2006-07-10,TIP,99.070000,144400,2026-09-05T01:17:07Z
2006-07-10,TLT,84.370003,480400,2026-09-05T01:17:07Z
2006-07-10,VNQ,67.830002,113000,2026-09-05T01:17:07Z
2006-07-10,VWO,64.489998,180600,2026-09-05T01:17:07Z
2006-07-11,DBC,26.129999,232800,2026-09-05T01:17:07Z
2006-07-11,IEF,80.330002,167200,2026-09-05T01:17:07Z
2006-07-11,IWM,71.120003,63444700,2026-09-05T01:17:07Z
2006-07-11,SPY,127.410004,73640800,2026-09-05T01:17:07Z
2006-07-11,TIP,99.139999,145600,2026-09-05T01:17:07Z
2006-07-11,TLT,84.639999,423800,2026-09-05T01:17:07Z
2006-07-11,VNQ,67.940002,107100,2026-09-05T01:17:07Z
2006-07-11,VWO,65.139999,271800,2026-09-05T01:17:07Z
2006-07-12,DBC,26.389999,395000,2026-09-05T01:17:07Z
2006-07-12,IEF,80.400002,114300,2026-09-05T01:17:07Z
2006-07-12,IWM,69.650002,50664800,2026-09-05T01:17:07Z
2006-07-12,SPY,126.050003,82561300,2026-09-05T01:17:07Z
2006-07-12,TIP,99.120003,178400,2026-09-05T01:17:07Z
2006-07-12,TLT,84.660004,641000,2026-09-05T01:17:07Z
2006-07-12,VNQ,68.120003,111000,2026-09-05T01:17:07Z
2006-07-12,VWO,64.139999,162000,2026-09-05T01:17:07Z
2006-07-13,DBC,26.379999,418000,2026-09-05T01:17:07Z
2006-07-13,IEF,80.580002,343800,2026-09-05T01:17:07Z
2006-07-13,IWM,68.070000,80467000,2026-09-05T01:17:07Z
2006-07-13,SPY,124.000000,102405700,2026-09-05T01:17:07Z
2006-07-13,TIP,99.510002,277300,2026-09-05T01:17:07Z
2006-07-13,TLT,84.989998,1347400,2026-09-05T01:17:07Z
2006-07-13,VNQ,67.199997,63600,2026-09-05T01:17:07Z
2006-07-13,VWO,61.680000,693000,2026-09-05T01:17:07Z
2006-07-14,DBC,26.500000,462800,2026-09-05T01:17:07Z
2006-07-14,IEF,80.639999,397600,2026-09-05T01:17:07Z
2006-07-14,IWM,67.529999,79083700,2026-09-05T01:17:07Z
2006-07-14,SPY,123.519997,103242500,2026-09-05T01:17:07Z
2006-07-14,TIP,99.580002,282500,2026-09-05T01:17:07Z
2006-07-14,TLT,85.040001,1343900,2026-09-05T01:17:07Z
2006-07-14,VNQ,66.279999,65300,2026-09-05T01:17:07Z
2006-07-14,VWO,61.200001,409000,2026-09-05T01:17:07Z
2006-07-17,DBC,25.900000,191500,2026-09-05T01:17:07Z
2006-07-17,IEF,80.570000,153400,2026-09-05T01:17:07Z
2006-07-17,IWM,67.440002,67427500,2026-09-05T01:17:07Z
2006-07-17,SPY,123.339996,81159000,2026-09-05T01:17:07Z
2006-07-17,TIP,99.650002,133500,2026-09-05T01:17:07Z
2006-07-17,TLT,85.169998,514100,2026-09-05T01:17:07Z
2006-07-17,VNQ,66.279999,42100,2026-09-05T01:17:07Z
2006-07-17,VWO,60.430000,257200,2026-09-05T01:17:07Z
2006-07-18,DBC,25.740000,206100,2026-09-05T01:17:07Z
2006-07-18,IEF,80.260002,182100,2026-09-05T01:17:07Z
2006-07-18,IWM,67.900002,74235300,2026-09-05T01:17:07Z
2006-07-18,SPY,123.970001,122771000,2026-09-05T01:17:07Z
2006-07-18,TIP,99.150002,112600,2026-09-05T01:17:07Z
2006-07-18,TLT,84.440002,621000,2026-09-05T01:17:07Z
2006-07-18,VNQ,67.279999,54600,2026-09-05T01:17:07Z
2006-07-18,VWO,61.169998,218200,2026-09-05T01:17:07Z
2006-07-19,DBC,25.830000,236400,2026-09-05T01:17:07Z
2006-07-19,IEF,80.769997,235300,2026-09-05T01:17:07Z
2006-07-19,IWM,69.500000,97816700,2026-09-05T01:17:07Z
2006-07-19,SPY,125.690002,133565300,2026-09-05T01:17:07Z
2006-07-19,TIP,99.779999,196500,2026-09-05T01:17:07Z
2006-07-19,TLT,85.239998,1267400,2026-09-05T01:17:07Z
2006-07-19,VNQ,68.320000,89000,2026-09-05T01:17:07Z
2006-07-19,VWO,64.129997,500600,2026-09-05T01:17:07Z
2006-07-20,DBC,25.559999,293100,2026-09-05T01:17:07Z
2006-07-20,IEF,80.940002,297600,2026-09-05T01:17:07Z
2006-07-20,IWM,67.720001,73657100,2026-09-05T01:17:07Z
2006-07-20,SPY,124.830002,112259800,2026-09-05T01:17:07Z
2006-07-20,TIP,100.089996,508400,2026-09-05T01:17:07Z
2006-07-20,TLT,85.489998,1320200,2026-09-05T01:17:07Z
2006-07-20,VNQ,67.760002,48700,2026-09-05T01:17:07Z
2006-07-20,VWO,62.689999,300200,2026-09-05T01:17:07Z
2006-07-21,DBC,25.490000,151700,2026-09-05T01:17:07Z
2006-07-21,IEF,80.889999,288300,2026-09-05T01:17:07Z
2006-07-21,IWM,66.750000,103313800,2026-09-05T01:17:07Z
2006-07-21,SPY,123.949997,101560000,2026-09-05T01:17:07Z
2006-07-21,TIP,99.790001,135700,2026-09-05T01:17:07Z
2006-07-21,TLT,85.330002,652100,2026-09-05T01:17:07Z
2006-07-21,VNQ,66.650002,72200,2026-09-05T01:17:07Z
2006-07-21,VWO,61.369999,228200,2026-09-05T01:17:07Z
2006-07-24,DBC,25.600000,214300,2026-09-05T01:17:07Z
2006-07-24,IEF,80.889999,361000,2026-09-05T01:17:07Z
2006-07-24,IWM,68.879997,72230300,2026-09-05T01:17:07Z
2006-07-24,SPY,126.209999,92884000,2026-09-05T01:17:07Z
2006-07-24,TIP,99.709999,190700,2026-09-05T01:17:07Z
2006-07-24,TLT,85.279999,393900,2026-09-05T01:17:07Z
2006-07-24,VNQ,67.750000,59900,2026-09-05T01:17:07Z
2006-07-24,VWO,64.389999,422800,2026-09-05T01:17:07Z
2006-07-25,DBC,25.379999,428100,2026-09-05T01:17:07Z
2006-07-25,IEF,80.809998,176500,2026-09-05T01:17:07Z
2006-07-25,IWM,69.050003,87433100,2026-09-05T01:17:07Z
2006-07-25,SPY,126.660004,95480700,2026-09-05T01:17:07Z
2006-07-25,TIP,99.900002,154500,2026-09-05T01:17:07Z
2006-07-25,TLT,85.029999,948200,2026-09-05T01:17:07Z
2006-07-25,VNQ,68.099998,105600,2026-09-05T01:17:07Z
2006-07-25,VWO,64.529999,542200,2026-09-05T01:17:07Z
2006-07-26,DBC,25.209999,225200,2026-09-05T01:17:07Z
2006-07-26,IEF,81.010002,157700,2026-09-05T01:17:07Z
2006-07-26,IWM,68.900002,59831300,2026-09-05T01:17:07Z
2006-07-26,SPY,126.830002,84525800,2026-09-05T01:17:07Z
2006-07-26,TIP,100.230003,117300,2026-09-05T01:17:07Z
2006-07-26,TLT,85.339996,717100,2026-09-05T01:17:07Z
2006-07-26,VNQ,68.339996,55900,2026-09-05T01:17:07Z
2006-07-26,VWO,64.029999,169200,2026-09-05T01:17:07Z
2006-07-27,DBC,25.700001,155900,2026-09-05T01:17:07Z
2006-07-27,IEF,81.000000,74200,2026-09-05T01:17:07Z
2006-07-27,IWM,68.239998,59015800,2026-09-05T01:17:07Z
2006-07-27,SPY,126.709999,87257100,2026-09-05T01:17:07Z
2006-07-27,TIP,100.250000,153000,2026-09-05T01:17:07Z
2006-07-27,TLT,85.209999,295500,2026-09-05T01:17:07Z
2006-07-27,VNQ,68.120003,52600,2026-09-05T01:17:07Z
2006-07-27,VWO,64.629997,197600,2026-09-05T01:17:07Z
2006-07-28,DBC,25.610001,180700,2026-09-05T01:17:07Z
2006-07-28,IEF,81.220001,89400,2026-09-05T01:17:07Z
2006-07-28,IWM,69.669998,62209800,2026-09-05T01:17:07Z
2006-07-28,SPY,127.980003,82137000,2026-09-05T01:17:07Z
2006-07-28,TIP,100.550003,131600,2026-09-05T01:17:07Z
2006-07-28,TLT,85.699997,769800,2026-09-05T01:17:07Z
2006-07-28,VNQ,69.110001,36900,2026-09-05T01:17:07Z
2006-07-28,VWO,66.180000,261600,2026-09-05T01:17:07Z
2006-07-31,DBC,25.860001,241400,2026-09-05T01:17:07Z
2006-07-31,IEF,81.349998,89700,2026-09-05T01:17:07Z
2006-07-31,IWM,69.680000,37902900,2026-09-05T01:17:07Z
2006-07-31,SPY,127.849998,49593100,2026-09-05T01:17:07Z
2006-07-31,TIP,100.510002,111600,2026-09-05T01:17:07Z
2006-07-31,TLT,85.809998,375100,2026-09-05T01:17:07Z
2006-07-31,VNQ,68.879997,50400,2026-09-05T01:17:07Z
2006-07-31,VWO,65.470001,334400,2026-09-05T01:17:07Z
2006-08-01,DBC,25.980000,200300,2026-09-05T01:17:07Z
2006-08-01,IEF,81.050003,97600,2026-09-05T01:17:07Z
2006-08-01,IWM,68.589996,45003700,2026-09-05T01:17:07Z
2006-08-01,SPY,127.220001,65225600,2026-09-05T01:17:07Z
2006-08-01,TIP,100.120003,140000,2026-09-05T01:17:07Z
2006-08-01,TLT,85.459999,577800,2026-09-05T01:17:07Z
2006-08-01,VNQ,68.519997,869700,2026-09-05T01:17:07Z
2006-08-01,VWO,64.330002,213400,2026-09-05T01:17:07Z
2006-08-02,DBC,26.330000,642000,2026-09-05T01:17:07Z
2006-08-02,IEF,81.120003,91200,2026-09-05T01:17:07Z
2006-08-02,IWM,69.500000,50137500,2026-09-05T01:17:07Z
2006-08-02,SPY,128.080002,64770900,2026-09-05T01:17:07Z
2006-08-02,TIP,100.349998,112300,2026-09-05T01:17:07Z
2006-08-02,TLT,85.779999,477400,2026-09-05T01:17:07Z
2006-08-02,VNQ,68.389999,62800,2026-09-05T01:17:07Z
2006-08-02,VWO,65.269997,234000,2026-09-05T01:17:07Z
2006-08-03,DBC,26.080000,181000,2026-09-05T01:17:07Z
2006-08-03,IEF,81.139999,111500,2026-09-05T01:17:07Z
2006-08-03,IWM,70.339996,49316900,2026-09-05T01:17:07Z
2006-08-03,SPY,128.419998,63693800,2026-09-05T01:17:07Z
2006-08-03,TIP,100.300003,196400,2026-09-05T01:17:07Z
2006-08-03,TLT,85.800003,500500,2026-09-05T01:17:07Z
2006-08-03,VNQ,69.040001,36700,2026-09-05T01:17:07Z
2006-08-03,VWO,65.209999,253200,2026-09-05T01:17:07Z
2006-08-04,DBC,26.049999,136900,2026-09-05T01:17:07Z
2006-08-04,IEF,81.540001,157100,2026-09-05T01:17:07Z
2006-08-04,IWM,69.620003,76609200,2026-09-05T01:17:07Z
2006-08-04,SPY,128.199997,96294200,2026-09-05T01:17:07Z
2006-08-04,TIP,100.980003,370300,2026-09-05T01:17:07Z
2006-08-04,TLT,86.320000,1246000,2026-09-05T01:17:07Z
2006-08-04,VNQ,70.129997,22600,2026-09-05T01:17:07Z
2006-08-04,VWO,65.190002,235000,2026-09-05T01:17:07Z
2006-08-07,DBC,26.459999,293200,2026-09-05T01:17:07Z
2006-08-07,IEF,81.430000,172600,2026-09-05T01:17:07Z
2006-08-07,IWM,69.349998,45882400,2026-09-05T01:17:07Z
2006-08-07,SPY,127.900002,45377300,2026-09-05T01:17:07Z
2006-08-07,TIP,100.949997,227900,2026-09-05T01:17:07Z
2006-08-07,TLT,86.370003,1127600,2026-09-05T01:17:07Z
2006-08-07,VNQ,69.440002,32500,2026-09-05T01:17:07Z
2006-08-07,VWO,64.980003,239600,2026-09-05T01:17:07Z
2006-08-08,DBC,26.090000,243800,2026-09-05T01:17:07Z
2006-08-08,IEF,81.440002,118200,2026-09-05T01:17:07Z
2006-08-08,IWM,68.389999,76243800,2026-09-05T01:17:07Z
2006-08-08,SPY,127.410004,90901300,2026-09-05T01:17:07Z
2006-08-08,TIP,101.110001,136500,2026-09-05T01:17:07Z
2006-08-08,TLT,86.180000,844400,2026-09-05T01:17:07Z
2006-08-08,VNQ,68.410004,60900,2026-09-05T01:17:07Z
2006-08-08,VWO,65.169998,301200,2026-09-05T01:17:07Z
2006-08-09,DBC,26.129999,217000,2026-09-05T01:17:07Z
2006-08-09,IEF,81.400002,110700,2026-09-05T01:17:07Z
2006-08-09,IWM,67.699997,58126400,2026-09-05T01:17:07Z
2006-08-09,SPY,126.980003,78910600,2026-09-05T01:17:07Z
2006-08-09,TIP,101.150002,189100,2026-09-05T01:17:07Z
2006-08-09,TLT,85.900002,372400,2026-09-05T01:17:07Z
2006-08-09,VNQ,67.989998,52100,2026-09-05T01:17:07Z
2006-08-09,VWO,65.199997,190000,2026-09-05T01:17:07Z
2006-08-10,DBC,25.790001,347100,2026-09-05T01:17:07Z
2006-08-10,IEF,81.419998,166700,2026-09-05T01:17:07Z
2006-08-10,IWM,68.300003,54415200,2026-09-05T01:17:07Z
2006-08-10,SPY,127.370003,69322300,2026-09-05T01:17:07Z
2006-08-10,TIP,100.980003,128800,2026-09-05T01:17:07Z
2006-08-10,TLT,85.769997,539000,2026-09-05T01:17:07Z
2006-08-10,VNQ,68.040001,91500,2026-09-05T01:17:07Z
2006-08-10,VWO,65.690002,230400,2026-09-05T01:17:07Z
2006-08-11,DBC,25.540001,179500,2026-09-05T01:17:07Z
2006-08-11,IEF,81.160004,192000,2026-09-05T01:17:07Z
2006-08-11,IWM,67.599998,42757200,2026-09-05T01:17:07Z
2006-08-11,SPY,127.010002,47482200,2026-09-05T01:17:07Z
2006-08-11,TIP,100.739998,200200,2026-09-05T01:17:07Z
2006-08-11,TLT,85.400002,450800,2026-09-05T01:17:07Z
2006-08-11,VNQ,67.620003,38000,2026-09-05T01:17:07Z
2006-08-11,VWO,65.230003,141000,2026-09-05T01:17:07Z
2006-08-14,DBC,25.299999,123400,2026-09-05T01:17:07Z
2006-08-14,IEF,81.019997,191700,2026-09-05T01:17:07Z
2006-08-14,IWM,68.000000,45029900,2026-09-05T01:17:07Z
2006-08-14,SPY,127.110001,57839000,2026-09-05T01:17:07Z
2006-08-14,TIP,100.500000,185600,2026-09-05T01:17:07Z
2006-08-14,TLT,85.250000,662300,2026-09-05T01:17:07Z
2006-08-14,VNQ,68.269997,47700,2026-09-05T01:17:07Z
2006-08-14,VWO,65.290001,151400,2026-09-05T01:17:07Z
2006-08-15,DBC,25.340000,247200,2026-09-05T01:17:07Z
2006-08-15,IEF,81.410004,147200,2026-09-05T01:17:07Z
2006-08-15,IWM,69.419998,48780200,2026-09-05T01:17:07Z
2006-08-15,SPY,128.630005,68143000,2026-09-05T01:17:07Z
2006-08-15,TIP,100.849998,381100,2026-09-05T01:17:07Z
2006-08-15,TLT,85.970001,1093800,2026-09-05T01:17:07Z
2006-08-15,VNQ,69.050003,52200,2026-09-05T01:17:07Z
2006-08-15,VWO,66.660004,138000,2026-09-05T01:17:07Z
2006-08-16,DBC,25.070000,228200,2026-09-05T01:17:07Z
2006-08-16,IEF,81.750000,182600,2026-09-05T01:17:07Z
2006-08-16,IWM,70.419998,46160700,2026-09-05T01:17:07Z
2006-08-16,SPY,129.699997,71737600,2026-09-05T01:17:07Z
2006-08-16,TIP,101.040001,137100,2026-09-05T01:17:07Z
2006-08-16,TLT,86.550003,838900,2026-09-05T01:17:07Z
2006-08-16,VNQ,69.180000,43000,2026-09-05T01:17:07Z
2006-08-16,VWO,67.790001,296000,2026-09-05T01:17:07Z
2006-08-17,DBC,24.680000,617000,2026-09-05T01:17:07Z
2006-08-17,IEF,81.730003,300000,2026-09-05T01:17:07Z
2006-08-17,IWM,70.529999,44642200,2026-09-05T01:17:07Z
2006-08-17,SPY,130.029999,70992800,2026-09-05T01:17:07Z
2006-08-17,TIP,100.919998,162400,2026-09-05T01:17:07Z
2006-08-17,TLT,86.519997,922300,2026-09-05T01:17:07Z
2006-08-17,VNQ,69.080002,67700,2026-09-05T01:17:07Z
2006-08-17,VWO,67.459999,359600,2026-09-05T01:17:07Z
2006-08-18,DBC,24.809999,180900,2026-09-05T01:17:07Z
2006-08-18,IEF,81.949997,344300,2026-09-05T01:17:07Z
2006-08-18,IWM,70.940002,36413600,2026-09-05T01:17:07Z
2006-08-18,SPY,130.690002,58288400,2026-09-05T01:17:07Z
2006-08-18,TIP,101.269997,123600,2026-09-05T01:17:07Z
2006-08-18,TLT,86.769997,1050700,2026-09-05T01:17:07Z
2006-08-18,VNQ,69.389999,22700,2026-09-05T01:17:07Z
2006-08-18,VWO,67.110001,300400,2026-09-05T01:17:07Z
2006-08-21,DBC,25.010000,259800,2026-09-05T01:17:07Z
2006-08-21,IEF,82.050003,83800,2026-09-05T01:17:07Z
2006-08-21,IWM,70.180000,25383500,2026-09-05T01:17:07Z
2006-08-21,SPY,130.130005,42133600,2026-09-05T01:17:07Z
2006-08-21,TIP,101.529999,114100,2026-09-05T01:17:07Z
2006-08-21,TLT,87.080002,676400,2026-09-05T01:17:07Z
2006-08-21,VNQ,69.790001,49700,2026-09-05T01:17:07Z
2006-08-21,VWO,66.510002,182800,2026-09-05T01:17:07Z
2006-08-22,DBC,24.969999,281500,2026-09-05T01:17:07Z
2006-08-22,IEF,82.080002,187200,2026-09-05T01:17:07Z
2006-08-22,IWM,70.410004,22657900,2026-09-05T01:17:07Z
2006-08-22,SPY,130.119995,60839900,2026-09-05T01:17:07Z
2006-08-22,TIP,101.680000,130500,2026-09-05T01:17:07Z
2006-08-22,TLT,87.110001,749300,2026-09-05T01:17:07Z
2006-08-22,VNQ,70.279999,49300,2026-09-05T01:17:07Z
2006-08-22,VWO,66.410004,139800,2026-09-05T01:17:07Z
2006-08-23,DBC,24.709999,322600,2026-09-05T01:17:07Z
2006-08-23,IEF,82.000000,239800,2026-09-05T01:17:07Z
2006-08-23,IWM,69.599998,37109000,2026-09-05T01:17:07Z
2006-08-23,SPY,129.759995,66592100,2026-09-05T01:17:07Z
2006-08-23,TIP,101.529999,145100,2026-09-05T01:17:07Z
2006-08-23,TLT,87.150002,801700,2026-09-05T01:17:07Z
2006-08-23,VNQ,69.739998,48400,2026-09-05T01:17:07Z
2006-08-23,VWO,65.489998,239200,2026-09-05T01:17:07Z
2006-08-24,DBC,25.070000,241700,2026-09-05T01:17:07Z
2006-08-24,IEF,82.080002,111400,2026-09-05T01:17:07Z
2006-08-24,IWM,69.480003,32255600,2026-09-05T01:17:07Z
2006-08-24,SPY,129.649994,57983000,2026-09-05T01:17:07Z
2006-08-24,TIP,101.349998,134000,2026-09-05T01:17:07Z
2006-08-24,TLT,87.309998,1206700,2026-09-05T01:17:07Z
2006-08-24,VNQ,70.010002,22000,2026-09-05T01:17:07Z
2006-08-24,VWO,65.559998,181200,2026-09-05T01:17:07Z
2006-08-25,DBC,25.059999,145700,2026-09-05T01:17:07Z
2006-08-25,IEF,82.190002,96900,2026-09-05T01:17:07Z
2006-08-25,IWM,69.599998,22449400,2026-09-05T01:17:07Z
2006-08-25,SPY,129.809998,41756000,2026-09-05T01:17:07Z
2006-08-25,TIP,101.580002,80500,2026-09-05T01:17:07Z
2006-08-25,TLT,87.440002,569000,2026-09-05T01:17:07Z
2006-08-25,VNQ,69.959999,45400,2026-09-05T01:17:07Z
2006-08-25,VWO,65.779999,103200,2026-09-05T01:17:07Z
2006-08-28,DBC,24.670000,354700,2026-09-05T01:17:07Z
2006-08-28,IEF,82.180000,106000,2026-09-05T01:17:07Z
2006-08-28,IWM,70.339996,26650300,2026-09-05T01:17:07Z
2006-08-28,SPY,130.429993,52681500,2026-09-05T01:17:07Z
2006-08-28,TIP,101.269997,154700,2026-09-05T01:17:07Z
2006-08-28,TLT,87.519997,582300,2026-09-05T01:17:07Z
2006-08-28,VNQ,70.790001,39000,2026-09-05T01:17:07Z
2006-08-28,VWO,66.150002,175000,2026-09-05T01:17:07Z
2006-08-29,DBC,24.629999,230800,2026-09-05T01:17:07Z
2006-08-29,IEF,82.250000,248600,2026-09-05T01:17:07Z
2006-08-29,IWM,71.250000,53031100,2026-09-05T01:17:07Z
2006-08-29,SPY,130.580002,61817800,2026-09-05T01:17:07Z
2006-08-29,TIP,101.300003,249600,2026-09-05T01:17:07Z
2006-08-29,TLT,87.639999,1345600,2026-09-05T01:17:07Z
2006-08-29,VNQ,70.800003,40200,2026-09-05T01:17:07Z
2006-08-29,VWO,66.459999,150000,2026-09-05T01:17:07Z
2006-08-30,DBC,25.000000,122500,2026-09-05T01:17:07Z
2006-08-30,IEF,82.349998,131800,2026-09-05T01:17:07Z
2006-08-30,IWM,71.800003,43890900,2026-09-05T01:17:07Z
2006-08-30,SPY,130.660004,50052200,2026-09-05T01:17:07Z
2006-08-30,TIP,101.389999,111700,2026-09-05T01:17:07Z
2006-08-30,TLT,87.870003,1180500,2026-09-05T01:17:07Z
2006-08-30,VNQ,71.220001,65800,2026-09-05T01:17:07Z
2006-08-30,VWO,66.900002,159000,2026-09-05T01:17:07Z
2006-08-31,DBC,25.000000,158200,2026-09-05T01:17:07Z
2006-08-31,IEF,82.459999,171200,2026-09-05T01:17:07Z
2006-08-31,IWM,71.769997,33830000,2026-09-05T01:17:07Z
2006-08-31,SPY,130.639999,37510300,2026-09-05T01:17:07Z
2006-08-31,TIP,101.610001,159700,2026-09-05T01:17:07Z
2006-08-31,TLT,88.080002,1272400,2026-09-05T01:17:07Z
2006-08-31,VNQ,71.279999,128600,2026-09-05T01:17:07Z
2006-08-31,VWO,66.440002,132200,2026-09-05T01:17:07Z
2006-09-01,DBC,24.950001,240500,2026-09-05T01:17:07Z
2006-09-01,IEF,82.269997,252800,2026-09-05T01:17:07Z
2006-09-01,IWM,71.820000,24118200,2026-09-05T01:17:07Z
2006-09-01,SPY,131.419998,48794500,2026-09-05T01:17:07Z
2006-09-01,TIP,101.000000,316300,2026-09-05T01:17:07Z
2006-09-01,TLT,87.760002,893400,2026-09-05T01:17:07Z
2006-09-01,VNQ,70.870003,31200,2026-09-05T01:17:07Z
2006-09-01,VWO,67.360001,244000,2026-09-05T01:17:07Z
2006-09-05,DBC,24.910000,261500,2026-09-05T01:17:07Z
2006-09-05,IEF,82.000000,284800,2026-09-05T01:17:07Z
2006-09-05,IWM,72.470001,38075100,2026-09-05T01:17:07Z
2006-09-05,SPY,131.669998,52348300,2026-09-05T01:17:07Z
2006-09-05,TIP,100.570000,178200,2026-09-05T01:17:07Z
2006-09-05,TLT,87.209999,2271300,2026-09-05T01:17:07Z
2006-09-05,VNQ,71.589996,62900,2026-09-05T01:17:07Z
2006-09-05,VWO,68.180000,254800,2026-09-05T01:17:07Z
2006-09-06,DBC,24.780001,147000,2026-09-05T01:17:07Z
2006-09-06,IEF,81.940002,334400,2026-09-05T01:17:07Z
2006-09-06,IWM,70.930000,39718500,2026-09-05T01:17:07Z
2006-09-06,SPY,130.509995,53795600,2026-09-05T01:17:07Z
2006-09-06,TIP,100.519997,158200,2026-09-05T01:17:07Z
2006-09-06,TLT,87.089996,1853400,2026-09-05T01:17:07Z
2006-09-06,VNQ,71.250000,39700,2026-09-05T01:17:07Z
2006-09-06,VWO,66.139999,307200,2026-09-05T01:17:07Z
2006-09-07,DBC,24.700001,97400,2026-09-05T01:17:07Z
2006-09-07,IEF,82.000000,135200,2026-09-05T01:17:07Z
2006-09-07,IWM,70.300003,44611800,2026-09-05T01:17:07Z
2006-09-07,SPY,129.910004,86269400,2026-09-05T01:17:07Z
2006-09-07,TIP,100.360001,154200,2026-09-05T01:17:07Z
2006-09-07,TLT,87.260002,1716100,2026-09-05T01:17:07Z
2006-09-07,VNQ,70.669998,70000,2026-09-05T01:17:07Z
2006-09-07,VWO,65.550003,217200,2026-09-05T01:17:07Z
2006-09-08,DBC,24.500000,197400,2026-09-05T01:17:07Z
2006-09-08,IEF,82.080002,66000,2026-09-05T01:17:07Z
2006-09-08,IWM,70.570000,27806500,2026-09-05T01:17:07Z
2006-09-08,SPY,130.279999,45096300,2026-09-05T01:17:07Z
2006-09-08,TIP,100.300003,131700,2026-09-05T01:17:07Z
2006-09-08,TLT,87.330002,540300,2026-09-05T01:17:07Z
2006-09-08,VNQ,71.339996,46200,2026-09-05T01:17:07Z
2006-09-08,VWO,66.150002,60000,2026-09-05T01:17:07Z
2006-09-11,DBC,23.930000,541600,2026-09-05T01:17:07Z
2006-09-11,IEF,81.930000,196600,2026-09-05T01:17:07Z
2006-09-11,IWM,70.480003,49544600,2026-09-05T01:17:07Z
2006-09-11,SPY,130.410004,68496600,2026-09-05T01:17:07Z
2006-09-11,TIP,100.040001,188400,2026-09-05T01:17:07Z
2006-09-11,TLT,87.250000,557600,2026-09-05T01:17:07Z
2006-09-11,VNQ,71.570000,40200,2026-09-05T01:17:07Z
2006-09-11,VWO,64.699997,198800,2026-09-05T01:17:07Z
2006-09-12,DBC,23.549999,318300,2026-09-05T01:17:07Z
2006-09-12,IEF,82.160004,111000,2026-09-05T01:17:07Z
2006-09-12,IWM,72.139999,43200800,2026-09-05T01:17:07Z
2006-09-12,SPY,131.690002,69875600,2026-09-05T01:17:07Z
2006-09-12,TIP,100.230003,176200,2026-09-05T01:17:07Z
2006-09-12,TLT,87.690002,820800,2026-09-05T01:17:07Z
2006-09-12,VNQ,72.489998,59900,2026-09-05T01:17:07Z
2006-09-12,VWO,65.849998,182800,2026-09-05T01:17:07Z
2006-09-13,DBC,23.490000,384000,2026-09-05T01:17:07Z
2006-09-13,IEF,82.239998,114000,2026-09-05T01:17:07Z
2006-09-13,IWM,72.750000,35612000,2026-09-05T01:17:07Z
2006-09-13,SPY,132.220001,62898400,2026-09-05T01:17:07Z
2006-09-13,TIP,100.449997,159500,2026-09-05T01:17:07Z
2006-09-13,TLT,87.730003,797000,2026-09-05T01:17:07Z
2006-09-13,VNQ,72.900002,50100,2026-09-05T01:17:07Z
2006-09-13,VWO,66.750000,220800,2026-09-05T01:17:07Z
2006-09-14,DBC,23.350000,288700,2026-09-05T01:17:07Z
2006-09-14,IEF,82.080002,69600,2026-09-05T01:17:07Z
2006-09-14,IWM,72.489998,33680200,2026-09-05T01:17:07Z
2006-09-14,SPY,132.229996,57805400,2026-09-05T01:17:07Z
2006-09-14,TIP,100.470001,104100,2026-09-05T01:17:07Z
2006-09-14,TLT,87.529999,672800,2026-09-05T01:17:07Z
2006-09-14,VNQ,72.510002,78900,2026-09-05T01:17:07Z
2006-09-14,VWO,66.220001,153200,2026-09-05T01:17:07Z
2006-09-15,DBC,23.280001,616300,2026-09-05T01:17:07Z
2006-09-15,IEF,82.029999,110900,2026-09-05T01:17:07Z
2006-09-15,IWM,72.660004,40826200,2026-09-05T01:17:07Z
2006-09-15,SPY,131.960007,76703100,2026-09-05T01:17:07Z
2006-09-15,TIP,100.150002,245500,2026-09-05T01:17:07Z
2006-09-15,TLT,87.459999,1047200,2026-09-05T01:17:07Z
2006-09-15,VNQ,73.089996,75500,2026-09-05T01:17:07Z
2006-09-15,VWO,66.449997,96800,2026-09-05T01:17:07Z
2006-09-18,DBC,23.559999,345600,2026-09-05T01:17:07Z
2006-09-18,IEF,81.910004,188000,2026-09-05T01:17:07Z
2006-09-18,IWM,72.639999,37907200,2026-09-05T01:17:07Z
2006-09-18,SPY,132.139999,64154100,2026-09-05T01:17:07Z
2006-09-18,TIP,100.080002,127900,2026-09-05T01:17:07Z
2006-09-18,TLT,87.320000,871400,2026-09-05T01:17:07Z
2006-09-18,VNQ,72.570000,56500,2026-09-05T01:17:07Z
2006-09-18,VWO,67.519997,166800,2026-09-05T01:17:07Z
2006-09-19,DBC,23.209999,490700,2026-09-05T01:17:07Z
2006-09-19,IEF,82.400002,128400,2026-09-05T01:17:07Z
2006-09-19,IWM,72.320000,64200600,2026-09-05T01:17:07Z
2006-09-19,SPY,131.809998,92089100,2026-09-05T01:17:07Z
2006-09-19,TIP,100.309998,223100,2026-09-05T01:17:07Z
2006-09-19,TLT,88.300003,1229600,2026-09-05T01:17:07Z
2006-09-19,VNQ,73.110001,34900,2026-09-05T01:17:07Z
2006-09-19,VWO,66.680000,288800,2026-09-05T01:17:07Z
2006-09-20,DBC,23.070000,511000,2026-09-05T01:17:07Z
2006-09-20,IEF,82.419998,112200,2026-09-05T01:17:07Z
2006-09-20,IWM,73.290001,54786800,2026-09-05T01:17:07Z
2006-09-20,SPY,132.509995,75204100,2026-09-05T01:17:07Z
2006-09-20,TIP,100.169998,181200,2026-09-05T01:17:07Z
2006-09-20,TLT,88.430000,827400,2026-09-05T01:17:07Z
2006-09-20,VNQ,72.949997,86800,2026-09-05T01:17:07Z
2006-09-20,VWO,67.449997,272800,2026-09-05T01:17:07Z
2006-09-21,DBC,23.469999,422000,2026-09-05T01:17:07Z
2006-09-21,IEF,83.010002,114600,2026-09-05T01:17:07Z
2006-09-21,IWM,72.500000,68561500,2026-09-05T01:17:07Z
2006-09-21,SPY,131.869995,88932500,2026-09-05T01:17:07Z
2006-09-21,TIP,100.750000,137800,2026-09-05T01:17:07Z
2006-09-21,TLT,89.239998,1698600,2026-09-05T01:17:07Z
2006-09-21,VNQ,72.139999,114700,2026-09-05T01:17:07Z
2006-09-21,VWO,66.250000,209600,2026-09-05T01:17:07Z
2006-09-22,DBC,23.200001,296500,2026-09-05T01:17:07Z
2006-09-22,IEF,83.260002,327000,2026-09-05T01:17:07Z
2006-09-22,IWM,71.540001,59289900,2026-09-05T01:17:07Z
2006-09-22,SPY,131.470001,65966800,2026-09-05T01:17:07Z
2006-09-22,TIP,101.070000,90900,2026-09-05T01:17:07Z
2006-09-22,TLT,89.680000,1428600,2026-09-05T01:17:07Z
2006-09-22,VNQ,72.330002,93200,2026-09-05T01:17:07Z
2006-09-22,VWO,65.540001,143600,2026-09-05T01:17:07Z
2006-09-25,DBC,23.250000,1037000,2026-09-05T01:17:07Z
2006-09-25,IEF,83.540001,286200,2026-09-05T01:17:07Z
2006-09-25,IWM,72.389999,61688400,2026-09-05T01:17:07Z
2006-09-25,SPY,132.479996,92299100,2026-09-05T01:17:07Z
2006-09-25,TIP,101.349998,172000,2026-09-05T01:17:07Z
2006-09-25,TLT,90.309998,2607600,2026-09-05T01:17:07Z
2006-09-25,VNQ,71.760002,225200,2026-09-05T01:17:07Z
2006-09-25,VWO,66.180000,140800,2026-09-05T01:17:07Z
2006-09-26,DBC,23.350000,195200,2026-09-05T01:17:07Z
2006-09-26,IEF,83.330002,276800,2026-09-05T01:17:07Z
2006-09-26,IWM,72.389999,42739700,2026-09-05T01:17:07Z
2006-09-26,SPY,133.580002,73962700,2026-09-05T01:17:07Z
2006-09-26,TIP,101.190002,210600,2026-09-05T01:17:07Z
2006-09-26,TLT,89.930000,2200000,2026-09-05T01:17:07Z
2006-09-26,VNQ,71.589996,45900,2026-09-05T01:17:07Z
2006-09-26,VWO,67.000000,142400,2026-09-05T01:17:07Z
2006-09-27,DBC,23.700001,296900,2026-09-05T01:17:07Z
2006-09-27,IEF,83.309998,233800,2026-09-05T01:17:07Z
2006-09-27,IWM,72.919998,49884200,2026-09-05T01:17:07Z
2006-09-27,SPY,133.740005,82432200,2026-09-05T01:17:07Z
2006-09-27,TIP,101.169998,197300,2026-09-05T01:17:07Z
2006-09-27,TLT,89.669998,1165400,2026-09-05T01:17:07Z
2006-09-27,VNQ,72.220001,44300,2026-09-05T01:17:07Z
2006-09-27,VWO,66.959999,189400,2026-09-05T01:17:07Z
2006-09-28,DBC,23.889999,185800,2026-09-05T01:17:07Z
2006-09-28,IEF,83.230003,160800,2026-09-05T01:17:07Z
2006-09-28,IWM,72.629997,35641100,2026-09-05T01:17:07Z
2006-09-28,SPY,133.690002,58597500,2026-09-05T01:17:07Z
2006-09-28,TIP,101.190002,162900,2026-09-05T01:17:07Z
2006-09-28,TLT,89.519997,1796800,2026-09-05T01:17:07Z
2006-09-28,VNQ,72.070000,75600,2026-09-05T01:17:07Z
2006-09-28,VWO,67.500000,129600,2026-09-05T01:17:07Z
2006-09-29,DBC,23.950001,884300,2026-09-05T01:17:07Z
2006-09-29,IEF,83.139999,259000,2026-09-05T01:17:07Z
2006-09-29,IWM,72.000000,33558300,2026-09-05T01:17:07Z
2006-09-29,SPY,133.580002,47966600,2026-09-05T01:17:07Z
2006-09-29,TIP,101.150002,123000,2026-09-05T01:17:07Z
2006-09-29,TLT,89.410004,1398000,2026-09-05T01:17:07Z
2006-09-29,VNQ,72.000000,58200,2026-09-05T01:17:07Z
2006-09-29,VWO,67.139999,352200,2026-09-05T01:17:07Z
2006-10-02,DBC,23.690001,170700,2026-09-05T01:17:07Z
2006-10-02,IEF,82.970001,337500,2026-09-05T01:17:07Z
2006-10-02,IWM,71.320000,42184900,2026-09-05T01:17:07Z
2006-10-02,SPY,133.080002,51687400,2026-09-05T01:17:07Z
2006-10-02,TIP,100.800003,278600,2026-09-05T01:17:07Z
2006-10-02,TLT,89.300003,1211900,2026-09-05T01:17:07Z
2006-10-02,VNQ,71.860001,60700,2026-09-05T01:17:07Z
2006-10-02,VWO,67.220001,155000,2026-09-05T01:17:07Z
2006-10-03,DBC,23.299999,193100,2026-09-05T01:17:07Z
2006-10-03,IEF,82.959999,135400,2026-09-05T01:17:07Z
2006-10-03,IWM,71.220001,45911000,2026-09-05T01:17:07Z
2006-10-03,SPY,133.360001,73108100,2026-09-05T01:17:07Z
2006-10-03,TIP,100.449997,256100,2026-09-05T01:17:07Z
2006-10-03,TLT,89.180000,854900,2026-09-05T01:17:07Z
2006-10-03,VNQ,72.559998,74800,2026-09-05T01:17:07Z
2006-10-03,VWO,66.349998,220400,2026-09-05T01:17:07Z
2006-10-04,DBC,23.469999,872600,2026-09-05T01:17:07Z
2006-10-04,IEF,83.339996,136000,2026-09-05T01:17:07Z
2006-10-04,IWM,72.949997,51122100,2026-09-05T01:17:07Z
2006-10-04,SPY,134.919998,80890500,2026-09-05T01:17:07Z
2006-10-04,TIP,100.839996,126100,2026-09-05T01:17:07Z
2006-10-04,TLT,89.830002,1155500,2026-09-05T01:17:07Z
2006-10-04,VNQ,73.400002,54500,2026-09-05T01:17:07Z
2006-10-04,VWO,67.639999,207400,2026-09-05T01:17:07Z
2006-10-05,DBC,23.600000,353500,2026-09-05T01:17:07Z
2006-10-05,IEF,83.050003,139800,2026-09-05T01:17:07Z
2006-10-05,IWM,73.879997,48038000,2026-09-05T01:17:07Z
2006-10-05,SPY,135.179993,60505900,2026-09-05T01:17:07Z
2006-10-05,TIP,100.680000,100200,2026-09-05T01:17:07Z
2006-10-05,TLT,89.199997,1241600,2026-09-05T01:17:07Z
2006-10-05,VNQ,73.879997,82000,2026-09-05T01:17:07Z
2006-10-05,VWO,68.500000,295200,2026-09-05T01:17:07Z
2006-10-06,DBC,23.690001,360200,2026-09-05T01:17:07Z
2006-10-06,IEF,82.599998,624700,2026-09-05T01:17:07Z
2006-10-06,IWM,73.500000,34893700,2026-09-05T01:17:07Z
2006-10-06,SPY,135.009995,64983600,2026-09-05T01:17:07Z
2006-10-06,TIP,100.389999,156200,2026-09-05T01:17:07Z
2006-10-06,TLT,88.269997,2472400,2026-09-05T01:17:07Z
2006-10-06,VNQ,73.419998,69100,2026-09-05T01:17:07Z
2006-10-06,VWO,68.099998,601000,2026-09-05T01:17:07Z
2006-10-09,DBC,24.350000,396900,2026-09-05T01:17:07Z
2006-10-09,IEF,82.699997,898300,2026-09-05T01:17:07Z
2006-10-09,IWM,74.059998,25997000,2026-09-05T01:17:07Z
2006-10-09,SPY,135.089996,41176800,2026-09-05T01:17:07Z
2006-10-09,TIP,100.190002,94900,2026-09-05T01:17:07Z
2006-10-09,TLT,88.510002,834900,2026-09-05T01:17:07Z
2006-10-09,VNQ,73.839996,186100,2026-09-05T01:17:07Z
2006-10-09,VWO,67.690002,322000,2026-09-05T01:17:07Z
2006-10-10,DBC,23.700001,396700,2026-09-05T01:17:07Z
2006-10-10,IEF,82.199997,1711900,2026-09-05T01:17:07Z
2006-10-10,IWM,74.099998,32950800,2026-09-05T01:17:07Z
2006-10-10,SPY,135.270004,56403700,2026-09-05T01:17:07Z
2006-10-10,TIP,99.790001,193000,2026-09-05T01:17:07Z
2006-10-10,TLT,87.809998,1398700,2026-09-05T01:17:07Z
2006-10-10,VNQ,73.849998,62400,2026-09-05T01:17:07Z
2006-10-10,VWO,68.290001,116200,2026-09-05T01:17:07Z
2006-10-11,DBC,23.379999,424000,2026-09-05T01:17:07Z
2006-10-11,IEF,82.099998,502600,2026-09-05T01:17:07Z
2006-10-11,IWM,73.809998,52430000,2026-09-05T01:17:07Z
2006-10-11,SPY,135.110001,104071800,2026-09-05T01:17:07Z
2006-10-11,TIP,99.500000,195300,2026-09-05T01:17:07Z
2006-10-11,TLT,87.550003,1521600,2026-09-05T01:17:07Z
2006-10-11,VNQ,73.570000,88400,2026-09-05T01:17:07Z
2006-10-11,VWO,67.970001,219600,2026-09-05T01:17:07Z
2006-10-12,DBC,23.639999,284100,2026-09-05T01:17:07Z
2006-10-12,IEF,82.150002,230000,2026-09-05T01:17:07Z
2006-10-12,IWM,75.300003,40618400,2026-09-05T01:17:07Z
2006-10-12,SPY,136.279999,59158600,2026-09-05T01:17:07Z
2006-10-12,TIP,99.510002,172900,2026-09-05T01:17:07Z
2006-10-12,TLT,87.599998,586400,2026-09-05T01:17:07Z
2006-10-12,VNQ,74.239998,86200,2026-09-05T01:17:07Z
2006-10-12,VWO,69.570000,229200,2026-09-05T01:17:07Z
2006-10-13,DBC,24.150000,285200,2026-09-05T01:17:07Z
2006-10-13,IEF,82.010002,1280200,2026-09-05T01:17:07Z
2006-10-13,IWM,75.900002,45517000,2026-09-05T01:17:07Z
2006-10-13,SPY,136.630005,53944000,2026-09-05T01:17:07Z
2006-10-13,TIP,99.339996,206200,2026-09-05T01:17:07Z
2006-10-13,TLT,87.160004,1414100,2026-09-05T01:17:07Z
2006-10-13,VNQ,75.089996,113800,2026-09-05T01:17:07Z
2006-10-13,VWO,69.800003,192800,2026-09-05T01:17:07Z
2006-10-16,DBC,24.360001,578600,2026-09-05T01:17:07Z
2006-10-16,IEF,82.150002,240400,2026-09-05T01:17:07Z
2006-10-16,IWM,76.349998,46458400,2026-09-05T01:17:07Z
2006-10-16,SPY,136.839996,42273000,2026-09-05T01:17:07Z
2006-10-16,TIP,99.419998,144700,2026-09-05T01:17:07Z
2006-10-16,TLT,87.550003,897600,2026-09-05T01:17:07Z
2006-10-16,VNQ,75.250000,63400,2026-09-05T01:17:07Z
2006-10-16,VWO,70.000000,4348800,2026-09-05T01:17:07Z
2006-10-17,DBC,24.379999,598600,2026-09-05T01:17:07Z
2006-10-17,IEF,82.239998,300300,2026-09-05T01:17:07Z
2006-10-17,IWM,75.970001,48733400,2026-09-05T01:17:07Z
2006-10-17,SPY,136.410004,90500600,2026-09-05T01:17:07Z
2006-10-17,TIP,99.410004,181500,2026-09-05T01:17:07Z
2006-10-17,TLT,87.620003,730800,2026-09-05T01:17:07Z
2006-10-17,VNQ,75.000000,45800,2026-09-05T01:17:07Z
2006-10-17,VWO,69.209999,485400,2026-09-05T01:17:07Z
2006-10-18,DBC,23.990000,345300,2026-09-05T01:17:07Z
2006-10-18,IEF,82.220001,294600,2026-09-05T01:17:07Z
2006-10-18,IWM,75.980003,44694800,2026-09-05T01:17:07Z
2006-10-18,SPY,136.589996,86848600,2026-09-05T01:17:07Z
2006-10-18,TIP,99.199997,251000,2026-09-05T01:17:07Z
2006-10-18,TLT,87.800003,499600,2026-09-05T01:17:07Z
2006-10-18,VNQ,75.379997,56500,2026-09-05T01:17:07Z
2006-10-18,VWO,69.459999,188400,2026-09-05T01:17:07Z
2006-10-19,DBC,24.389999,187300,2026-09-05T01:17:07Z
2006-10-19,IEF,82.150002,175500,2026-09-05T01:17:07Z
2006-10-19,IWM,76.349998,43889000,2026-09-05T01:17:07Z
2006-10-19,SPY,136.809998,64063200,2026-09-05T01:17:07Z
2006-10-19,TIP,99.230003,161200,2026-09-05T01:17:07Z
2006-10-19,TLT,87.639999,797300,2026-09-05T01:17:07Z
2006-10-19,VNQ,75.199997,68300,2026-09-05T01:17:07Z
2006-10-19,VWO,69.989998,93800,2026-09-05T01:17:07Z
2006-10-20,DBC,24.049999,514900,2026-09-05T01:17:07Z
2006-10-20,IEF,82.129997,69200,2026-09-05T01:17:07Z
2006-10-20,IWM,75.599998,39507600,2026-09-05T01:17:07Z
2006-10-20,SPY,136.839996,48094500,2026-09-05T01:17:07Z
2006-10-20,TIP,99.220001,110700,2026-09-05T01:17:07Z
2006-10-20,TLT,87.550003,280700,2026-09-05T01:17:07Z
2006-10-20,VNQ,75.099998,44000,2026-09-05T01:17:07Z
2006-10-20,VWO,69.589996,257000,2026-09-05T01:17:07Z
2006-10-23,DBC,24.100000,645800,2026-09-05T01:17:07Z
2006-10-23,IEF,81.900002,356600,2026-09-05T01:17:07Z
2006-10-23,IWM,75.750000,38995800,2026-09-05T01:17:07Z
2006-10-23,SPY,137.470001,66219900,2026-09-05T01:17:07Z
2006-10-23,TIP,98.930000,276700,2026-09-05T01:17:07Z
2006-10-23,TLT,87.199997,1200600,2026-09-05T01:17:07Z
2006-10-23,VNQ,75.550003,49100,2026-09-05T01:17:07Z
2006-10-23,VWO,69.739998,196400,2026-09-05T01:17:07Z
2006-10-24,DBC,24.270000,226500,2026-09-05T01:17:07Z
2006-10-24,IEF,82.010002,203700,2026-09-05T01:17:07Z
2006-10-24,IWM,75.900002,30504800,2026-09-05T01:17:07Z
2006-10-24,SPY,137.880005,53234900,2026-09-05T01:17:07Z
2006-10-24,TIP,99.080002,182600,2026-09-05T01:17:07Z
2006-10-24,TLT,87.199997,243400,2026-09-05T01:17:07Z
2006-10-24,VNQ,75.160004,67700,2026-09-05T01:17:07Z
2006-10-24,VWO,69.980003,175600,2026-09-05T01:17:07Z
2006-10-25,DBC,24.700001,200300,2026-09-05T01:17:07Z
2006-10-25,IEF,82.309998,127200,2026-09-05T01:17:07Z
2006-10-25,IWM,76.400002,51574000,2026-09-05T01:17:07Z
2006-10-25,SPY,138.350006,78105400,2026-09-05T01:17:07Z
2006-10-25,TIP,99.540001,178700,2026-09-05T01:17:07Z
2006-10-25,TLT,87.889999,558400,2026-09-05T01:17:07Z
2006-10-25,VNQ,75.540001,30500,2026-09-05T01:17:07Z
2006-10-25,VWO,70.660004,280200,2026-09-05T01:17:07Z
2006-10-26,DBC,24.530001,243800,2026-09-05T01:17:07Z
2006-10-26,IEF,82.589996,115900,2026-09-05T01:17:07Z
2006-10-26,IWM,77.040001,49379500,2026-09-05T01:17:07Z
2006-10-26,SPY,138.779999,66843700,2026-09-05T01:17:07Z
2006-10-26,TIP,100.029999,443500,2026-09-05T01:17:07Z
2006-10-26,TLT,88.459999,1558300,2026-09-05T01:17:07Z
2006-10-26,VNQ,76.290001,77400,2026-09-05T01:17:07Z
2006-10-26,VWO,70.959999,222200,2026-09-05T01:17:07Z
2006-10-27,DBC,24.600000,380900,2026-09-05T01:17:07Z
2006-10-27,IEF,82.860001,249000,2026-09-05T01:17:07Z
2006-10-27,IWM,76.139999,51799300,2026-09-05T01:17:07Z
2006-10-27,SPY,137.910004,80238000,2026-09-05T01:17:07Z
2006-10-27,TIP,100.250000,168800,2026-09-05T01:17:07Z
2006-10-27,TLT,88.870003,1601500,2026-09-05T01:17:07Z
2006-10-27,VNQ,75.779999,57700,2026-09-05T01:17:07Z
2006-10-27,VWO,69.750000,345800,2026-09-05T01:17:07Z
2006-10-30,DBC,24.340000,393100,2026-09-05T01:17:07Z
2006-10-30,IEF,82.900002,128800,2026-09-05T01:17:07Z
2006-10-30,IWM,76.470001,51246800,2026-09-05T01:17:07Z
2006-10-30,SPY,137.809998,49717800,2026-09-05T01:17:07Z
2006-10-30,TIP,100.070000,124500,2026-09-05T01:17:07Z
2006-10-30,TLT,89.120003,901200,2026-09-05T01:17:07Z
2006-10-30,VNQ,76.209999,44700,2026-09-05T01:17:07Z
2006-10-30,VWO,69.260002,192400,2026-09-05T01:17:07Z
2006-10-31,DBC,24.190001,127200,2026-09-05T01:17:07Z
2006-10-31,IEF,83.269997,266600,2026-09-05T01:17:07Z
2006-10-31,IWM,76.230003,46092200,2026-09-05T01:17:07Z
2006-10-31,SPY,137.789993,71274100,2026-09-05T01:17:07Z
2006-10-31,TIP,100.620003,249200,2026-09-05T01:17:07Z
2006-10-31,TLT,89.809998,964600,2026-09-05T01:17:07Z
2006-10-31,VNQ,76.339996,106200,2026-09-05T01:17:07Z
2006-10-31,VWO,70.550003,347600,2026-09-05T01:17:07Z
2006-11-01,DBC,24.500000,160400,2026-09-05T01:17:07Z
2006-11-01,IEF,83.250000,396400,2026-09-05T01:17:07Z
2006-11-01,IWM,74.580002,47212200,2026-09-05T01:17:07Z
2006-11-01,SPY,136.860001,83005600,2026-09-05T01:17:07Z
2006-11-01,TIP,100.400002,152200,2026-09-05T01:17:07Z
2006-11-01,TLT,89.959999,1440100,2026-09-05T01:17:07Z
2006-11-01,VNQ,75.750000,80100,2026-09-05T01:17:07Z
2006-11-01,VWO,70.430000,216800,2026-09-05T01:17:07Z
2006-11-02,DBC,24.320000,640300,2026-09-05T01:17:07Z
2006-11-02,IEF,83.019997,163200,2026-09-05T01:17:07Z
2006-11-02,IWM,74.470001,47585300,2026-09-05T01:17:07Z
2006-11-02,SPY,136.779999,60693100,2026-09-05T01:17:07Z
2006-11-02,TIP,100.139999,130500,2026-09-05T01:17:07Z
2006-11-02,TLT,89.589996,853300,2026-09-05T01:17:07Z
2006-11-02,VNQ,74.309998,110800,2026-09-05T01:17:07Z
2006-11-02,VWO,70.769997,163200,2026-09-05T01:17:07Z
2006-11-03,DBC,24.620001,195900,2026-09-05T01:17:07Z
2006-11-03,IEF,82.389999,271800,2026-09-05T01:17:07Z
2006-11-03,IWM,74.830002,49053800,2026-09-05T01:17:07Z
2006-11-03,SPY,136.539993,71346400,2026-09-05T01:17:07Z
2006-11-03,TIP,99.580002,179100,2026-09-05T01:17:07Z
2006-11-03,TLT,88.529999,1534100,2026-09-05T01:17:07Z
2006-11-03,VNQ,73.489998,102300,2026-09-05T01:17:07Z
2006-11-03,VWO,71.320000,265600,2026-09-05T01:17:07Z
2006-11-06,DBC,25.049999,282600,2026-09-05T01:17:07Z
2006-11-06,IEF,82.470001,227000,2026-09-05T01:17:07Z
2006-11-06,IWM,75.699997,47702600,2026-09-05T01:17:07Z
2006-11-06,SPY,138.080002,63303300,2026-09-05T01:17:07Z
2006-11-06,TIP,99.870003,160300,2026-09-05T01:17:07Z
2006-11-06,TLT,88.790001,528000,2026-09-05T01:17:07Z
2006-11-06,VNQ,74.169998,448000,2026-09-05T01:17:07Z
2006-11-06,VWO,72.720001,323600,2026-09-05T01:17:07Z
2006-11-07,DBC,24.990000,170800,2026-09-05T01:17:07Z
2006-11-07,IEF,82.750000,203300,2026-09-05T01:17:07Z
2006-11-07,IWM,76.199997,49200600,2026-09-05T01:17:07Z
2006-11-07,SPY,138.610001,63318900,2026-09-05T01:17:07Z
2006-11-07,TIP,100.230003,152100,2026-09-05T01:17:07Z
2006-11-07,TLT,89.199997,525900,2026-09-05T01:17:07Z
2006-11-07,VNQ,73.360001,74600,2026-09-05T01:17:07Z
2006-11-07,VWO,72.519997,468800,2026-09-05T01:17:07Z
2006-11-08,DBC,24.959999,257400,2026-09-05T01:17:07Z
2006-11-08,IEF,82.930000,146200,2026-09-05T01:17:07Z
2006-11-08,IWM,76.589996,52411800,2026-09-05T01:17:07Z
2006-11-08,SPY,138.910004,87517800,2026-09-05T01:17:07Z
2006-11-08,TIP,100.410004,156700,2026-09-05T01:17:07Z
2006-11-08,TLT,89.519997,706300,2026-09-05T01:17:07Z
2006-11-08,VNQ,73.610001,94800,2026-09-05T01:17:07Z
2006-11-08,VWO,72.580002,280600,2026-09-05T01:17:07Z
2006-11-09,DBC,25.290001,394000,2026-09-05T01:17:07Z
2006-11-09,IEF,82.919998,211000,2026-09-05T01:17:07Z
2006-11-09,IWM,75.889999,49553600,2026-09-05T01:17:07Z
2006-11-09,SPY,138.179993,95916300,2026-09-05T01:17:07Z
2006-11-09,TIP,100.599998,128400,2026-09-05T01:17:07Z
2006-11-09,TLT,89.470001,729600,2026-09-05T01:17:07Z
2006-11-09,VNQ,73.720001,86200,2026-09-05T01:17:07Z
2006-11-09,VWO,72.699997,462200,2026-09-05T01:17:07Z
2006-11-10,DBC,24.760000,194400,2026-09-05T01:17:07Z
2006-11-10,IEF,83.099998,111300,2026-09-05T01:17:07Z
2006-11-10,IWM,76.519997,43722400,2026-09-05T01:17:07Z
2006-11-10,SPY,138.240005,48991500,2026-09-05T01:17:07Z
2006-11-10,TIP,100.559998,136800,2026-09-05T01:17:07Z
2006-11-10,TLT,89.860001,738100,2026-09-05T01:17:07Z
2006-11-10,VNQ,74.019997,49900,2026-09-05T01:17:07Z
2006-11-10,VWO,72.900002,224000,2026-09-05T01:17:07Z
2006-11-13,DBC,24.580000,222600,2026-09-05T01:17:07Z
2006-11-13,IEF,83.059998,153600,2026-09-05T01:17:07Z
2006-11-13,IWM,76.629997,39373200,2026-09-05T01:17:07Z
2006-11-13,SPY,138.580002,59398200,2026-09-05T01:17:07Z
2006-11-13,TIP,100.330002,234300,2026-09-05T01:17:07Z
2006-11-13,TLT,89.839996,462400,2026-09-05T01:17:07Z
2006-11-13,VNQ,74.199997,54300,2026-09-05T01:17:07Z
2006-11-13,VWO,72.750000,242600,2026-09-05T01:17:07Z
2006-11-14,DBC,24.650000,189900,2026-09-05T01:17:07Z
2006-11-14,IEF,83.230003,222800,2026-09-05T01:17:07Z
2006-11-14,IWM,78.110001,68600600,2026-09-05T01:17:07Z
2006-11-14,SPY,139.619995,96704000,2026-09-05T01:17:07Z
2006-11-14,TIP,100.449997,163400,2026-09-05T01:17:07Z
2006-11-14,TLT,90.190002,916400,2026-09-05T01:17:07Z
2006-11-14,VNQ,75.139999,72400,2026-09-05T01:17:07Z
2006-11-14,VWO,73.860001,324400,2026-09-05T01:17:07Z
2006-11-15,DBC,24.840000,235500,2026-09-05T01:17:07Z
2006-11-15,IEF,83.000000,237100,2026-09-05T01:17:07Z
2006-11-15,IWM,78.699997,65076400,2026-09-05T01:17:07Z
2006-11-15,SPY,140.020004,76509600,2026-09-05T01:17:07Z
2006-11-15,TIP,100.150002,203600,2026-09-05T01:17:07Z
2006-11-15,TLT,89.849998,1803200,2026-09-05T01:17:07Z
2006-11-15,VNQ,75.230003,89000,2026-09-05T01:17:07Z
2006-11-15,VWO,73.709999,344400,2026-09-05T01:17:07Z
2006-11-16,DBC,24.219999,315400,2026-09-05T01:17:07Z
2006-11-16,IEF,82.790001,497900,2026-09-05T01:17:07Z
2006-11-16,IWM,78.639999,49327900,2026-09-05T01:17:07Z
2006-11-16,SPY,140.380005,76728800,2026-09-05T01:17:07Z
2006-11-16,TIP,99.589996,289400,2026-09-05T01:17:07Z
2006-11-16,TLT,89.440002,1494400,2026-09-05T01:17:07Z
2006-11-16,VNQ,75.739998,102300,2026-09-05T01:17:07Z
2006-11-16,VWO,73.110001,296400,2026-09-05T01:17:07Z
2006-11-17,DBC,24.520000,217200,2026-09-05T01:17:07Z
2006-11-17,IEF,83.089996,362400,2026-09-05T01:17:07Z
2006-11-17,IWM,78.589996,35969400,2026-09-05T01:17:07Z
2006-11-17,SPY,140.419998,56353800,2026-09-05T01:17:07Z
2006-11-17,TIP,99.790001,335900,2026-09-05T01:17:07Z
2006-11-17,TLT,89.949997,1752000,2026-09-05T01:17:07Z
2006-11-17,VNQ,75.449997,54500,2026-09-05T01:17:07Z
2006-11-17,VWO,72.760002,352800,2026-09-05T01:17:07Z
2006-11-20,DBC,24.430000,413200,2026-09-05T01:17:07Z
2006-11-20,IEF,83.139999,178200,2026-09-05T01:17:07Z
2006-11-20,IWM,78.699997,48400400,2026-09-05T01:17:07Z
2006-11-20,SPY,140.500000,69174200,2026-09-05T01:17:07Z
2006-11-20,TIP,99.820000,200500,2026-09-05T01:17:07Z
2006-11-20,TLT,90.089996,857200,2026-09-05T01:17:07Z
2006-11-20,VNQ,78.059998,162200,2026-09-05T01:17:07Z
2006-11-20,VWO,72.629997,406400,2026-09-05T01:17:07Z
2006-11-21,DBC,24.660000,263500,2026-09-05T01:17:07Z
2006-11-21,IEF,83.260002,413200,2026-09-05T01:17:07Z
2006-11-21,IWM,78.830002,40727000,2026-09-05T01:17:07Z
2006-11-21,SPY,140.639999,51367900,2026-09-05T01:17:07Z
2006-11-21,TIP,99.980003,219300,2026-09-05T01:17:07Z
2006-11-21,TLT,90.309998,605100,2026-09-05T01:17:07Z
2006-11-21,VNQ,79.320000,249300,2026-09-05T01:17:07Z
2006-11-21,VWO,73.800003,302000,2026-09-05T01:17:07Z
2006-11-22,DBC,24.750000,170700,2026-09-05T01:17:07Z
2006-11-22,IEF,83.389999,133400,2026-09-05T01:17:07Z
2006-11-22,IWM,78.919998,33281900,2026-09-05T01:17:07Z
2006-11-22,SPY,140.919998,45505300,2026-09-05T01:17:07Z
2006-11-22,TIP,100.110001,206400,2026-09-05T01:17:07Z
2006-11-22,TLT,90.459999,770300,2026-09-05T01:17:07Z
2006-11-22,VNQ,79.669998,108800,2026-09-05T01:17:07Z
2006-11-22,VWO,74.550003,366000,2026-09-05T01:17:07Z
2006-11-24,DBC,25.090000,63700,2026-09-05T01:17:07Z
2006-11-24,IEF,83.480003,119200,2026-09-05T01:17:07Z
2006-11-24,IWM,78.559998,17933400,2026-09-05T01:17:07Z
2006-11-24,SPY,140.350006,30998000,2026-09-05T01:17:07Z
2006-11-24,TIP,100.349998,131100,2026-09-05T01:17:07Z
2006-11-24,TLT,90.620003,533400,2026-09-05T01:17:07Z
2006-11-24,VNQ,80.010002,57600,2026-09-05T01:17:07Z
2006-11-24,VWO,74.830002,173600,2026-09-05T01:17:07Z
2006-11-27,DBC,25.160000,165700,2026-09-05T01:17:07Z
2006-11-27,IEF,83.559998,708600,2026-09-05T01:17:07Z
2006-11-27,IWM,76.800003,72824600,2026-09-05T01:17:07Z
2006-11-27,SPY,138.419998,84545100,2026-09-05T01:17:07Z
2006-11-27,TIP,100.510002,214000,2026-09-05T01:17:07Z
2006-11-27,TLT,90.949997,784500,2026-09-05T01:17:07Z
2006-11-27,VNQ,77.849998,127700,2026-09-05T01:17:07Z
2006-11-27,VWO,73.370003,902800,2026-09-05T01:17:07Z
2006-11-28,DBC,25.230000,156800,2026-09-05T01:17:07Z
2006-11-28,IEF,83.709999,470600,2026-09-05T01:17:07Z
2006-11-28,IWM,77.059998,59174400,2026-09-05T01:17:07Z
2006-11-28,SPY,139.020004,106652900,2026-09-05T01:17:07Z
2006-11-28,TIP,100.860001,276100,2026-09-05T01:17:07Z
2006-11-28,TLT,91.139999,1466300,2026-09-05T01:17:07Z
2006-11-28,VNQ,78.059998,85500,2026-09-05T01:17:07Z
2006-11-28,VWO,73.879997,324000,2026-09-05T01:17:07Z
2006-11-29,DBC,25.549999,422700,2026-09-05T01:17:07Z
2006-11-29,IEF,83.610001,335500,2026-09-05T01:17:07Z
2006-11-29,IWM,78.059998,53282800,2026-09-05T01:17:07Z
2006-11-29,SPY,140.470001,90034900,2026-09-05T01:17:07Z
2006-11-29,TIP,100.730003,162000,2026-09-05T01:17:07Z
2006-11-29,TLT,90.930000,1206400,2026-09-05T01:17:07Z
2006-11-29,VNQ,79.160004,136400,2026-09-05T01:17:07Z
2006-11-29,VWO,75.400002,351200,2026-09-05T01:17:07Z
2006-11-30,DBC,25.780001,347000,2026-09-05T01:17:07Z
2006-11-30,IEF,84.050003,418500,2026-09-05T01:17:07Z
2006-11-30,IWM,78.070000,58605000,2026-09-05T01:17:07Z
2006-11-30,SPY,140.529999,83994300,2026-09-05T01:17:07Z
2006-11-30,TIP,101.129997,155700,2026-09-05T01:17:07Z
2006-11-30,TLT,91.529999,1428600,2026-09-05T01:17:07Z
2006-11-30,VNQ,79.989998,44000,2026-09-05T01:17:07Z
2006-11-30,VWO,75.720001,362400,2026-09-05T01:17:07Z
2006-12-01,DBC,25.770000,295800,2026-09-05T01:17:07Z
2006-12-01,IEF,83.940002,289800,2026-09-05T01:17:07Z
2006-12-01,IWM,77.779999,87109800,2026-09-05T01:17:07Z
2006-12-01,SPY,140.220001,126080000,2026-09-05T01:17:07Z
2006-12-01,TIP,101.449997,275400,2026-09-05T01:17:07Z
2006-12-01,TLT,91.419998,1156000,2026-09-05T01:17:07Z
2006-12-01,VNQ,79.839996,136500,2026-09-05T01:17:07Z
2006-12-01,VWO,75.220001,620400,2026-09-05T01:17:07Z
2006-12-04,DBC,25.650000,249000,2026-09-05T01:17:07Z
2006-12-04,IEF,83.930000,208200,2026-09-05T01:17:07Z
2006-12-04,IWM,79.320000,54369200,2026-09-05T01:17:07Z
2006-12-04,SPY,141.289993,87813200,2026-09-05T01:17:07Z
2006-12-04,TIP,101.480003,164600,2026-09-05T01:17:07Z
2006-12-04,TLT,91.580002,460700,2026-09-05T01:17:07Z
2006-12-04,VNQ,80.769997,62500,2026-09-05T01:17:07Z
2006-12-04,VWO,76.760002,390000,2026-09-05T01:17:07Z
2006-12-05,DBC,25.730000,161900,2026-09-05T01:17:07Z
2006-12-05,IEF,83.820000,1133300,2026-09-05T01:17:07Z
2006-12-05,IWM,79.379997,39558600,2026-09-05T01:17:07Z
2006-12-05,SPY,141.899994,73374400,2026-09-05T01:17:07Z
2006-12-05,TIP,101.410004,223800,2026-09-05T01:17:07Z
2006-12-05,TLT,91.150002,1833700,2026-09-05T01:17:07Z
2006-12-05,VNQ,80.150002,62700,2026-09-05T01:17:07Z
2006-12-05,VWO,77.639999,520600,2026-09-05T01:17:07Z
2006-12-06,DBC,25.389999,227700,2026-09-05T01:17:07Z
2006-12-06,IEF,83.690002,156800,2026-09-05T01:17:07Z
2006-12-06,IWM,79.110001,37810400,2026-09-05T01:17:07Z
2006-12-06,SPY,141.779999,53253200,2026-09-05T01:17:07Z
2006-12-06,TIP,101.059998,227000,2026-09-05T01:17:07Z
2006-12-06,TLT,90.970001,936100,2026-09-05T01:17:07Z
2006-12-06,VNQ,79.699997,85900,2026-09-05T01:17:07Z
2006-12-06,VWO,76.900002,595600,2026-09-05T01:17:07Z
2006-12-07,DBC,25.299999,137000,2026-09-05T01:17:07Z
2006-12-07,IEF,83.660004,138200,2026-09-05T01:17:07Z
2006-12-07,IWM,78.769997,39544100,2026-09-05T01:17:07Z
2006-12-07,SPY,141.160004,62857400,2026-09-05T01:17:07Z
2006-12-07,TIP,100.919998,175100,2026-09-05T01:17:07Z
2006-12-07,TLT,90.900002,739200,2026-09-05T01:17:07Z
2006-12-07,VNQ,79.209999,85300,2026-09-05T01:17:07Z
2006-12-07,VWO,76.610001,365600,2026-09-05T01:17:07Z
2006-12-08,DBC,25.100000,231100,2026-09-05T01:17:07Z
2006-12-08,IEF,83.279999,277000,2026-09-05T01:17:07Z
2006-12-08,IWM,78.779999,43109600,2026-09-05T01:17:07Z
2006-12-08,SPY,141.419998,79625500,2026-09-05T01:17:07Z
2006-12-08,TIP,100.610001,133500,2026-09-05T01:17:07Z
2006-12-08,TLT,90.239998,2090300,2026-09-05T01:17:07Z
2006-12-08,VNQ,79.470001,72600,2026-09-05T01:17:07Z
2006-12-08,VWO,76.459999,808400,2026-09-05T01:17:07Z
2006-12-11,DBC,25.139999,321000,2026-09-05T01:17:07Z
2006-12-11,IEF,83.540001,167800,2026-09-05T01:17:07Z
2006-12-11,IWM,78.980003,35233200,2026-09-05T01:17:07Z
2006-12-11,SPY,141.830002,39779400,2026-09-05T01:17:07Z
2006-12-11,TIP,100.839996,172200,2026-09-05T01:17:07Z
2006-12-11,TLT,90.629997,727700,2026-09-05T01:17:07Z
2006-12-11,VNQ,79.650002,75800,2026-09-05T01:17:07Z
2006-12-11,VWO,76.410004,251200,2026-09-05T01:17:07Z
2006-12-12,DBC,25.100000,114500,2026-09-05T01:17:07Z
2006-12-12,IEF,83.690002,360000,2026-09-05T01:17:07Z
2006-12-12,IWM,78.550003,47917600,2026-09-05T01:17:07Z
2006-12-12,SPY,141.720001,77451600,2026-09-05T01:17:07Z
2006-12-12,TIP,100.849998,150900,2026-09-05T01:17:07Z
2006-12-12,TLT,90.820000,802800,2026-09-05T01:17:07Z
2006-12-12,VNQ,79.290001,45900,2026-09-05T01:17:07Z
2006-12-12,VWO,75.540001,472000,2026-09-05T01:17:07Z
2006-12-13,DBC,25.110001,126400,2026-09-05T01:17:07Z
2006-12-13,IEF,83.260002,188300,2026-09-05T01:17:07Z
2006-12-13,IWM,78.650002,47296600,2026-09-05T01:17:07Z
2006-12-13,SPY,141.869995,55520200,2026-09-05T01:17:07Z
2006-12-13,TIP,100.449997,219000,2026-09-05T01:17:07Z
2006-12-13,TLT,90.010002,1217900,2026-09-05T01:17:07Z
2006-12-13,VNQ,78.879997,62400,2026-09-05T01:17:07Z
2006-12-13,VWO,75.739998,323200,2026-09-05T01:17:07Z
2006-12-14,DBC,25.400000,190500,2026-09-05T01:17:07Z
2006-12-14,IEF,83.129997,314000,2026-09-05T01:17:07Z
2006-12-14,IWM,78.970001,52286200,2026-09-05T01:17:07Z
2006-12-14,SPY,143.119995,64755200,2026-09-05T01:17:07Z
2006-12-14,TIP,100.349998,188200,2026-09-05T01:17:07Z
2006-12-14,TLT,89.680000,687600,2026-09-05T01:17:07Z
2006-12-14,VNQ,78.940002,55500,2026-09-05T01:17:07Z
2006-12-14,VWO,76.989998,392800,2026-09-05T01:17:07Z
2006-12-15,DBC,25.520000,233700,2026-09-05T01:17:07Z
2006-12-15,IEF,83.150002,215600,2026-09-05T01:17:07Z
2006-12-15,IWM,78.900002,38923800,2026-09-05T01:17:07Z
2006-12-15,SPY,142.339996,70857400,2026-09-05T01:17:07Z
2006-12-15,TIP,99.849998,231200,2026-09-05T01:17:07Z
2006-12-15,TLT,89.730003,1162100,2026-09-05T01:17:07Z
2006-12-15,VNQ,78.349998,134700,2026-09-05T01:17:07Z
2006-12-15,VWO,77.169998,387200,2026-09-05T01:17:07Z
2006-12-18,DBC,24.469999,250200,2026-09-05T01:17:07Z
2006-12-18,IEF,83.190002,111600,2026-09-05T01:17:07Z
2006-12-18,IWM,77.910004,47013800,2026-09-05T01:17:07Z
2006-12-18,SPY,141.949997,48954600,2026-09-05T01:17:07Z
2006-12-18,TIP,99.669998,221500,2026-09-05T01:17:07Z
2006-12-18,TLT,89.760002,441400,2026-09-05T01:17:07Z
2006-12-18,VNQ,77.860001,101100,2026-09-05T01:17:07Z
2006-12-18,VWO,76.750000,360400,2026-09-05T01:17:07Z
2006-12-19,DBC,24.760000,294800,2026-09-05T01:17:07Z
2006-12-19,IEF,83.169998,174000,2026-09-05T01:17:07Z
2006-12-19,IWM,77.860001,54066400,2026-09-05T01:17:07Z
2006-12-19,SPY,142.220001,65023600,2026-09-05T01:17:07Z
2006-12-19,TIP,99.599998,198500,2026-09-05T01:17:07Z
2006-12-19,TLT,89.639999,930700,2026-09-05T01:17:07Z
2006-12-19,VNQ,77.199997,195900,2026-09-05T01:17:07Z
2006-12-19,VWO,76.449997,702200,2026-09-05T01:17:07Z
2006-12-20,DBC,24.809999,313500,2026-09-05T01:17:07Z
2006-12-20,IEF,83.150002,139300,2026-09-05T01:17:07Z
2006-12-20,IWM,77.980003,43288200,2026-09-05T01:17:07Z
2006-12-20,SPY,142.139999,41469600,2026-09-05T01:17:07Z
2006-12-20,TIP,99.540001,200100,2026-09-05T01:17:07Z
2006-12-20,TLT,89.629997,336800,2026-09-05T01:17:07Z
2006-12-20,VNQ,78.010002,219600,2026-09-05T01:17:07Z
2006-12-20,VWO,76.919998,516800,2026-09-05T01:17:07Z
2006-12-21,DBC,24.559999,285100,2026-09-05T01:17:07Z
2006-12-21,IEF,83.449997,624200,2026-09-05T01:17:07Z
2006-12-21,IWM,77.620003,49951400,2026-09-05T01:17:07Z
2006-12-21,SPY,141.619995,48698400,2026-09-05T01:17:07Z
2006-12-21,TIP,99.760002,575700,2026-09-05T01:17:07Z
2006-12-21,TLT,90.080002,770700,2026-09-05T01:17:07Z
2006-12-21,VNQ,77.370003,355700,2026-09-05T01:17:07Z
2006-12-21,VWO,77.099998,504000,2026-09-05T01:17:07Z
2006-12-22,DBC,24.750000,202900,2026-09-05T01:17:07Z
2006-12-22,IEF,83.070000,268500,2026-09-05T01:17:07Z
2006-12-22,IWM,77.110001,31230400,2026-09-05T01:17:07Z
2006-12-22,SPY,140.750000,62069100,2026-09-05T01:17:07Z
2006-12-22,TIP,99.349998,248500,2026-09-05T01:17:07Z
2006-12-22,TLT,89.389999,1433200,2026-09-05T01:17:07Z
2006-12-22,VNQ,75.209999,364700,2026-09-05T01:17:07Z
2006-12-22,VWO,75.809998,503400,2026-09-05T01:17:07Z
2006-12-26,DBC,24.370001,210500,2026-09-05T01:17:07Z
2006-12-26,IEF,83.129997,144500,2026-09-05T01:17:07Z
2006-12-26,IWM,78.209999,21798200,2026-09-05T01:17:07Z
2006-12-26,SPY,141.580002,32696900,2026-09-05T01:17:07Z
2006-12-26,TIP,99.290001,188000,2026-09-05T01:17:07Z
2006-12-26,TLT,89.660004,496200,2026-09-05T01:17:07Z
2006-12-26,VNQ,75.750000,94400,2026-09-05T01:17:07Z
2006-12-26,VWO,76.559998,920800,2026-09-05T01:17:07Z
2006-12-27,DBC,24.299999,152200,2026-09-05T01:17:07Z
2006-12-27,IEF,82.669998,193400,2026-09-05T01:17:07Z
2006-12-27,IWM,79.139999,39294000,2026-09-05T01:17:07Z
2006-12-27,SPY,142.509995,39727100,2026-09-05T01:17:07Z
2006-12-27,TIP,98.930000,386900,2026-09-05T01:17:07Z
2006-12-27,TLT,88.699997,840700,2026-09-05T01:17:07Z
2006-12-27,VNQ,76.430000,58800,2026-09-05T01:17:07Z
2006-12-27,VWO,77.389999,265200,2026-09-05T01:17:07Z
2006-12-28,DBC,24.480000,319600,2026-09-05T01:17:07Z
2006-12-28,IEF,82.480003,185100,2026-09-05T01:17:07Z
2006-12-28,IWM,78.779999,28257400,2026-09-05T01:17:07Z
2006-12-28,SPY,142.210007,37288800,2026-09-05T01:17:07Z
2006-12-28,TIP,98.750000,490700,2026-09-05T01:17:07Z
2006-12-28,TLT,88.500000,1080200,2026-09-05T01:17:07Z
2006-12-28,VNQ,76.639999,95300,2026-09-05T01:17:07Z
2006-12-28,VWO,77.459999,432600,2026-09-05T01:17:07Z
2006-12-29,DBC,24.580000,276300,2026-09-05T01:17:07Z
2006-12-29,IEF,82.440002,272100,2026-09-05T01:17:07Z
2006-12-29,IWM,78.029999,30795200,2026-09-05T01:17:07Z
2006-12-29,SPY,141.619995,45461200,2026-09-05T01:17:07Z
2006-12-29,TIP,98.800003,284200,2026-09-05T01:17:07Z
2006-12-29,TLT,88.430000,775500,2026-09-05T01:17:07Z
2006-12-29,VNQ,77.000000,358400,2026-09-05T01:17:07Z
2006-12-29,VWO,77.389999,566000,2026-09-05T01:17:07Z
