date,symbol,close,volume,fetched_at
2007-01-03,DBC,23.799999,746800,2026-09-05T01:17:07Z
2007-01-03,IEF,82.680000,1210700,2026-09-05T01:17:07Z
2007-01-03,IWM,78.160004,54095400,2026-09-05T01:17:07Z
2007-01-03,SPY,141.369995,94807600,2026-09-05T01:17:07Z
2007-01-03,TIP,99.230003,521800,2026-09-05T01:17:07Z
2007-01-03,TLT,89.059998,1870400,2026-09-05T01:17:07Z
2007-01-03,VNQ,77.120003,525700,2026-09-05T01:17:07Z
2007-01-03,VWO,77.900002,1176000,2026-09-05T01:17:07Z
2007-01-04,DBC,23.180000,428900,2026-09-05T01:17:07Z
2007-01-04,IEF,82.980003,171200,2026-09-05T01:17:07Z
2007-01-04,IWM,78.370003,45577600,2026-09-05T01:17:07Z
2007-01-04,SPY,141.669998,69620600,2026-09-05T01:17:07Z
2007-01-04,TIP,99.300003,274800,2026-09-05T01:17:07Z
2007-01-04,TLT,89.599998,1697000,2026-09-05T01:17:07Z
2007-01-04,VNQ,77.220001,166100,2026-09-05T01:17:07Z
2007-01-04,VWO,77.050003,1115600,2026-09-05T01:17:07Z
2007-01-05,DBC,23.100000,369800,2026-09-05T01:17:07Z
2007-01-05,IEF,82.709999,201000,2026-09-05T01:17:07Z
2007-01-05,IWM,76.730003,57486800,2026-09-05T01:17:07Z
2007-01-05,SPY,140.539993,76645300,2026-09-05T01:17:07Z
2007-01-05,TIP,99.019997,150300,2026-09-05T01:17:07Z
2007-01-05,TLT,89.209999,1298400,2026-09-05T01:17:07Z
2007-01-05,VNQ,75.790001,143700,2026-09-05T01:17:07Z
2007-01-05,VWO,74.900002,1145800,2026-09-05T01:17:07Z
2007-01-08,DBC,23.219999,275200,2026-09-05T01:17:07Z
2007-01-08,IEF,82.769997,163800,2026-09-05T01:17:07Z
2007-01-08,IWM,76.430000,46117200,2026-09-05T01:17:07Z
2007-01-08,SPY,141.190002,71655000,2026-09-05T01:17:07Z
2007-01-08,TIP,99.089996,239500,2026-09-05T01:17:07Z
2007-01-08,TLT,89.370003,414200,2026-09-05T01:17:07Z
2007-01-08,VNQ,75.900002,87000,2026-09-05T01:17:07Z
2007-01-08,VWO,75.720001,496200,2026-09-05T01:17:07Z
2007-01-09,DBC,23.020000,675600,2026-09-05T01:17:07Z
2007-01-09,IEF,82.750000,168600,2026-09-05T01:17:07Z
2007-01-09,IWM,77.150002,62791800,2026-09-05T01:17:07Z
2007-01-09,SPY,141.070007,75680100,2026-09-05T01:17:07Z
2007-01-09,TIP,99.019997,180500,2026-09-05T01:17:07Z
2007-01-09,TLT,89.370003,481500,2026-09-05T01:17:07Z
2007-01-09,VNQ,76.860001,136300,2026-09-05T01:17:07Z
2007-01-09,VWO,73.910004,934600,2026-09-05T01:17:07Z
2007-01-10,DBC,22.680000,285900,2026-09-05T01:17:07Z
2007-01-10,IEF,82.610001,95900,2026-09-05T01:17:07Z
2007-01-10,IWM,77.750000,49239300,2026-09-05T01:17:07Z
2007-01-10,SPY,141.539993,72428000,2026-09-05T01:17:07Z
2007-01-10,TIP,98.769997,237700,2026-09-05T01:17:07Z
2007-01-10,TLT,88.970001,519600,2026-09-05T01:17:07Z
2007-01-10,VNQ,77.849998,138600,2026-09-05T01:17:07Z
2007-01-10,VWO,73.699997,839200,2026-09-05T01:17:07Z
2007-01-11,DBC,22.650000,489700,2026-09-05T01:17:07Z
2007-01-11,IEF,82.389999,361700,2026-09-05T01:17:07Z
2007-01-11,IWM,78.230003,49188300,2026-09-05T01:17:07Z
2007-01-11,SPY,142.160004,54476800,2026-09-05T01:17:07Z
2007-01-11,TIP,98.440002,451500,2026-09-05T01:17:07Z
2007-01-11,TLT,88.449997,1293500,2026-09-05T01:17:07Z
2007-01-11,VNQ,78.860001,186800,2026-09-05T01:17:07Z
2007-01-11,VWO,74.680000,1155600,2026-09-05T01:17:07Z
2007-01-12,DBC,23.180000,324300,2026-09-05T01:17:07Z
2007-01-12,IEF,82.220001,161000,2026-09-05T01:17:07Z
2007-01-12,IWM,78.980003,28392800,2026-09-05T01:17:07Z
2007-01-12,SPY,143.240005,55370600,2026-09-05T01:17:07Z
2007-01-12,TIP,98.040001,259600,2026-09-05T01:17:07Z
2007-01-12,TLT,88.040001,846300,2026-09-05T01:17:07Z
2007-01-12,VNQ,79.110001,185900,2026-09-05T01:17:07Z
2007-01-12,VWO,75.769997,403200,2026-09-05T01:17:07Z
2007-01-16,DBC,22.650000,467900,2026-09-05T01:17:07Z
2007-01-16,IEF,82.379997,162600,2026-09-05T01:17:07Z
2007-01-16,IWM,78.449997,33914700,2026-09-05T01:17:07Z
2007-01-16,SPY,142.960007,44871300,2026-09-05T01:17:07Z
2007-01-16,TIP,98.209999,343100,2026-09-05T01:17:07Z
2007-01-16,TLT,88.230003,702800,2026-09-05T01:17:07Z
2007-01-16,VNQ,80.230003,161800,2026-09-05T01:17:07Z
2007-01-16,VWO,75.800003,1024000,2026-09-05T01:17:07Z
2007-01-17,DBC,22.850000,291200,2026-09-05T01:17:07Z
2007-01-17,IEF,82.220001,141300,2026-09-05T01:17:07Z
2007-01-17,IWM,78.110001,27481200,2026-09-05T01:17:07Z
2007-01-17,SPY,143.020004,50241400,2026-09-05T01:17:07Z
2007-01-17,TIP,98.199997,161800,2026-09-05T01:17:07Z
2007-01-17,TLT,87.959999,724200,2026-09-05T01:17:07Z
2007-01-17,VNQ,80.199997,120000,2026-09-05T01:17:07Z
2007-01-17,VWO,75.599998,1346400,2026-09-05T01:17:07Z
2007-01-18,DBC,22.610001,409700,2026-09-05T01:17:07Z
2007-01-18,IEF,82.330002,225400,2026-09-05T01:17:07Z
2007-01-18,IWM,77.459999,55936200,2026-09-05T01:17:07Z
2007-01-18,SPY,142.539993,68177300,2026-09-05T01:17:07Z
2007-01-18,TIP,98.269997,178300,2026-09-05T01:17:07Z
2007-01-18,TLT,88.230003,918300,2026-09-05T01:17:07Z
2007-01-18,VNQ,80.099998,85200,2026-09-05T01:17:07Z
2007-01-18,VWO,75.199997,724800,2026-09-05T01:17:07Z
2007-01-19,DBC,22.950001,226700,2026-09-05T01:17:07Z
2007-01-19,IEF,82.199997,270800,2026-09-05T01:17:07Z
2007-01-19,IWM,77.760002,49715800,2026-09-05T01:17:07Z
2007-01-19,SPY,142.820007,56973000,2026-09-05T01:17:07Z
2007-01-19,TIP,98.440002,168000,2026-09-05T01:17:07Z
2007-01-19,TLT,87.989998,882500,2026-09-05T01:17:07Z
2007-01-19,VNQ,80.900002,81800,2026-09-05T01:17:07Z
2007-01-19,VWO,76.650002,998000,2026-09-05T01:17:07Z
2007-01-22,DBC,22.969999,303400,2026-09-05T01:17:07Z
2007-01-22,IEF,82.349998,119000,2026-09-05T01:17:07Z
2007-01-22,IWM,77.190002,46305200,2026-09-05T01:17:07Z
2007-01-22,SPY,142.380005,60253600,2026-09-05T01:17:07Z
2007-01-22,TIP,98.599998,152300,2026-09-05T01:17:07Z
2007-01-22,TLT,88.199997,432000,2026-09-05T01:17:07Z
2007-01-22,VNQ,80.220001,76000,2026-09-05T01:17:07Z
2007-01-22,VWO,76.580002,616800,2026-09-05T01:17:07Z
2007-01-23,DBC,23.700001,483800,2026-09-05T01:17:07Z
2007-01-23,IEF,82.110001,412800,2026-09-05T01:17:07Z
2007-01-23,IWM,77.919998,47783000,2026-09-05T01:17:07Z
2007-01-23,SPY,142.800003,54064400,2026-09-05T01:17:07Z
2007-01-23,TIP,98.589996,152400,2026-09-05T01:17:07Z
2007-01-23,TLT,87.620003,1096800,2026-09-05T01:17:07Z
2007-01-23,VNQ,80.599998,114300,2026-09-05T01:17:07Z
2007-01-23,VWO,77.900002,847600,2026-09-05T01:17:07Z
2007-01-24,DBC,23.500000,279000,2026-09-05T01:17:07Z
2007-01-24,IEF,82.120003,138400,2026-09-05T01:17:07Z
2007-01-24,IWM,78.769997,30401400,2026-09-05T01:17:07Z
2007-01-24,SPY,143.949997,55834700,2026-09-05T01:17:07Z
2007-01-24,TIP,98.720001,132400,2026-09-05T01:17:07Z
2007-01-24,TLT,87.610001,463700,2026-09-05T01:17:07Z
2007-01-24,VNQ,81.650002,97500,2026-09-05T01:17:07Z
2007-01-24,VWO,78.610001,652000,2026-09-05T01:17:07Z
2007-01-25,DBC,23.290001,366200,2026-09-05T01:17:07Z
2007-01-25,IEF,81.800003,201700,2026-09-05T01:17:07Z
2007-01-25,IWM,77.779999,57289400,2026-09-05T01:17:07Z
2007-01-25,SPY,142.259995,73583800,2026-09-05T01:17:07Z
2007-01-25,TIP,98.419998,175900,2026-09-05T01:17:07Z
2007-01-25,TLT,86.980003,1397000,2026-09-05T01:17:07Z
2007-01-25,VNQ,82.150002,174500,2026-09-05T01:17:07Z
2007-01-25,VWO,76.209999,1030000,2026-09-05T01:17:07Z
2007-01-26,DBC,23.580000,304000,2026-09-05T01:17:07Z
2007-01-26,IEF,81.790001,441300,2026-09-05T01:17:07Z
2007-01-26,IWM,78.070000,56630200,2026-09-05T01:17:07Z
2007-01-26,SPY,142.130005,67255600,2026-09-05T01:17:07Z
2007-01-26,TIP,98.339996,207200,2026-09-05T01:17:07Z
2007-01-26,TLT,86.910004,1576800,2026-09-05T01:17:07Z
2007-01-26,VNQ,82.419998,117000,2026-09-05T01:17:07Z
2007-01-26,VWO,76.669998,520000,2026-09-05T01:17:07Z
2007-01-29,DBC,23.100000,367400,2026-09-05T01:17:07Z
2007-01-29,IEF,81.730003,161700,2026-09-05T01:17:07Z
2007-01-29,IWM,78.750000,59602200,2026-09-05T01:17:07Z
2007-01-29,SPY,142.050003,66114600,2026-09-05T01:17:07Z
2007-01-29,TIP,98.239998,252900,2026-09-05T01:17:07Z
2007-01-29,TLT,86.720001,1015300,2026-09-05T01:17:07Z
2007-01-29,VNQ,82.690002,145600,2026-09-05T01:17:07Z
2007-01-29,VWO,76.050003,380200,2026-09-05T01:17:07Z
2007-01-30,DBC,23.740000,346900,2026-09-05T01:17:07Z
2007-01-30,IEF,81.809998,200500,2026-09-05T01:17:07Z
2007-01-30,IWM,79.180000,33830600,2026-09-05T01:17:07Z
2007-01-30,SPY,142.789993,70407600,2026-09-05T01:17:07Z
2007-01-30,TIP,98.519997,188200,2026-09-05T01:17:07Z
2007-01-30,TLT,86.820000,1295100,2026-09-05T01:17:07Z
2007-01-30,VNQ,83.099998,87400,2026-09-05T01:17:07Z
2007-01-30,VWO,76.870003,1012600,2026-09-05T01:17:07Z
2007-01-31,DBC,23.990000,298400,2026-09-05T01:17:07Z
2007-01-31,IEF,82.110001,412200,2026-09-05T01:17:07Z
2007-01-31,IWM,79.349998,54267500,2026-09-05T01:17:07Z
2007-01-31,SPY,143.750000,91868600,2026-09-05T01:17:07Z
2007-01-31,TIP,99.029999,131500,2026-09-05T01:17:07Z
2007-01-31,TLT,87.550003,2078000,2026-09-05T01:17:07Z
2007-01-31,VNQ,83.760002,139800,2026-09-05T01:17:07Z
2007-01-31,VWO,77.449997,2860200,2026-09-05T01:17:07Z
2007-02-01,DBC,23.900000,410000,2026-09-05T01:17:07Z
2007-02-01,IEF,81.739998,238600,2026-09-05T01:17:07Z
2007-02-01,IWM,80.199997,50571100,2026-09-05T01:17:07Z
2007-02-01,SPY,144.610001,69312400,2026-09-05T01:17:07Z
2007-02-01,TIP,98.699997,242600,2026-09-05T01:17:07Z
2007-02-01,TLT,87.089996,986200,2026-09-05T01:17:07Z
2007-02-01,VNQ,84.089996,885600,2026-09-05T01:17:07Z
2007-02-01,VWO,78.230003,1995600,2026-09-05T01:17:07Z
2007-02-02,DBC,24.209999,212800,2026-09-05T01:17:07Z
2007-02-02,IEF,81.809998,163500,2026-09-05T01:17:07Z
2007-02-02,IWM,80.250000,26512600,2026-09-05T01:17:07Z
2007-02-02,SPY,144.809998,49607000,2026-09-05T01:17:07Z
2007-02-02,TIP,98.879997,177300,2026-09-05T01:17:07Z
2007-02-02,TLT,87.199997,814700,2026-09-05T01:17:07Z
2007-02-02,VNQ,84.239998,130900,2026-09-05T01:17:07Z
2007-02-02,VWO,78.199997,650800,2026-09-05T01:17:07Z
2007-02-05,DBC,24.129999,271500,2026-09-05T01:17:07Z
2007-02-05,IEF,81.900002,216000,2026-09-05T01:17:07Z
2007-02-05,IWM,80.239998,30893400,2026-09-05T01:17:07Z
2007-02-05,SPY,144.850006,45705300,2026-09-05T01:17:07Z
2007-02-05,TIP,98.930000,164000,2026-09-05T01:17:07Z
2007-02-05,TLT,87.320000,395500,2026-09-05T01:17:07Z
2007-02-05,VNQ,84.239998,168400,2026-09-05T01:17:07Z
2007-02-05,VWO,78.199997,1338200,2026-09-05T01:17:07Z
2007-02-06,DBC,24.010000,473500,2026-09-05T01:17:07Z
2007-02-06,IEF,82.129997,238100,2026-09-05T01:17:07Z
2007-02-06,IWM,80.440002,31445600,2026-09-05T01:17:07Z
2007-02-06,SPY,144.889999,57081300,2026-09-05T01:17:07Z
2007-02-06,TIP,98.930000,147600,2026-09-05T01:17:07Z
2007-02-06,TLT,87.800003,770500,2026-09-05T01:17:07Z
2007-02-06,VNQ,85.480003,139400,2026-09-05T01:17:07Z
2007-02-06,VWO,79.040001,825200,2026-09-05T01:17:07Z
2007-02-07,DBC,23.719999,179500,2026-09-05T01:17:07Z
2007-02-07,IEF,82.309998,155000,2026-09-05T01:17:07Z
2007-02-07,IWM,81.180000,30708600,2026-09-05T01:17:07Z
2007-02-07,SPY,145.210007,55669700,2026-09-05T01:17:07Z
2007-02-07,TIP,99.099998,176300,2026-09-05T01:17:07Z
2007-02-07,TLT,88.059998,836200,2026-09-05T01:17:07Z
2007-02-07,VNQ,87.269997,254600,2026-09-05T01:17:07Z
2007-02-07,VWO,78.900002,1913200,2026-09-05T01:17:07Z
2007-02-08,DBC,24.270000,178200,2026-09-05T01:17:07Z
2007-02-08,IEF,82.330002,447600,2026-09-05T01:17:07Z
2007-02-08,IWM,81.050003,25417000,2026-09-05T01:17:07Z
2007-02-08,SPY,145.020004,70641000,2026-09-05T01:17:07Z
2007-02-08,TIP,99.000000,368600,2026-09-05T01:17:07Z
2007-02-08,TLT,88.129997,980200,2026-09-05T01:17:07Z
2007-02-08,VNQ,86.599998,172600,2026-09-05T01:17:07Z
2007-02-08,VWO,79.050003,1085600,2026-09-05T01:17:07Z
2007-02-09,DBC,24.420000,164000,2026-09-05T01:17:07Z
2007-02-09,IEF,82.080002,237400,2026-09-05T01:17:07Z
2007-02-09,IWM,80.309998,52164700,2026-09-05T01:17:07Z
2007-02-09,SPY,143.940002,79084400,2026-09-05T01:17:07Z
2007-02-09,TIP,98.750000,425300,2026-09-05T01:17:07Z
2007-02-09,TLT,87.629997,878300,2026-09-05T01:17:07Z
2007-02-09,VNQ,85.599998,285800,2026-09-05T01:17:07Z
2007-02-09,VWO,77.669998,1126400,2026-09-05T01:17:07Z
2007-02-12,DBC,23.959999,209200,2026-09-05T01:17:07Z
2007-02-12,IEF,81.970001,146900,2026-09-05T01:17:07Z
2007-02-12,IWM,80.089996,39561300,2026-09-05T01:17:07Z
2007-02-12,SPY,143.449997,65657000,2026-09-05T01:17:07Z
2007-02-12,TIP,98.500000,164200,2026-09-05T01:17:07Z
2007-02-12,TLT,87.430000,467600,2026-09-05T01:17:07Z
2007-02-12,VNQ,84.050003,274400,2026-09-05T01:17:07Z
2007-02-12,VWO,77.099998,557800,2026-09-05T01:17:07Z
2007-02-13,DBC,24.400000,205800,2026-09-05T01:17:07Z
2007-02-13,IEF,81.910004,204800,2026-09-05T01:17:07Z
2007-02-13,IWM,80.680000,41995800,2026-09-05T01:17:07Z
2007-02-13,SPY,144.660004,64081800,2026-09-05T01:17:07Z
2007-02-13,TIP,98.510002,182800,2026-09-05T01:17:07Z
2007-02-13,TLT,87.239998,1310600,2026-09-05T01:17:07Z
2007-02-13,VNQ,85.680000,199300,2026-09-05T01:17:07Z
2007-02-13,VWO,78.419998,563400,2026-09-05T01:17:07Z
2007-02-14,DBC,24.070000,383800,2026-09-05T01:17:07Z
2007-02-14,IEF,82.379997,192600,2026-09-05T01:17:07Z
2007-02-14,IWM,80.800003,64326000,2026-09-05T01:17:07Z
2007-02-14,SPY,145.610001,66039400,2026-09-05T01:17:07Z
2007-02-14,TIP,99.160004,144900,2026-09-05T01:17:07Z
2007-02-14,TLT,88.070000,2262500,2026-09-05T01:17:07Z
2007-02-14,VNQ,85.070000,291800,2026-09-05T01:17:07Z
2007-02-14,VWO,79.800003,588800,2026-09-05T01:17:07Z
2007-02-15,DBC,24.070000,191400,2026-09-05T01:17:07Z
2007-02-15,IEF,82.510002,317000,2026-09-05T01:17:07Z
2007-02-15,IWM,80.860001,44086000,2026-09-05T01:17:07Z
2007-02-15,SPY,145.800003,38715200,2026-09-05T01:17:07Z
2007-02-15,TIP,99.129997,265800,2026-09-05T01:17:07Z
2007-02-15,TLT,88.330002,893800,2026-09-05T01:17:07Z
2007-02-15,VNQ,85.699997,175700,2026-09-05T01:17:07Z
2007-02-15,VWO,79.779999,545600,2026-09-05T01:17:07Z
2007-02-16,DBC,24.490000,155700,2026-09-05T01:17:07Z
2007-02-16,IEF,82.599998,308900,2026-09-05T01:17:07Z
2007-02-16,IWM,81.169998,42160800,2026-09-05T01:17:07Z
2007-02-16,SPY,145.729996,39841800,2026-09-05T01:17:07Z
2007-02-16,TIP,99.459999,227300,2026-09-05T01:17:07Z
2007-02-16,TLT,88.639999,1476700,2026-09-05T01:17:07Z
2007-02-16,VNQ,85.480003,130500,2026-09-05T01:17:07Z
2007-02-16,VWO,79.720001,413800,2026-09-05T01:17:07Z
2007-02-20,DBC,24.219999,201100,2026-09-05T01:17:07Z
2007-02-20,IEF,82.699997,152900,2026-09-05T01:17:07Z
2007-02-20,IWM,81.949997,71903200,2026-09-05T01:17:07Z
2007-02-20,SPY,146.039993,56911800,2026-09-05T01:17:07Z
2007-02-20,TIP,99.470001,173600,2026-09-05T01:17:07Z
2007-02-20,TLT,88.839996,847400,2026-09-05T01:17:07Z
2007-02-20,VNQ,86.139999,106900,2026-09-05T01:17:07Z
2007-02-20,VWO,80.110001,524000,2026-09-05T01:17:07Z
2007-02-21,DBC,24.740000,332500,2026-09-05T01:17:07Z
2007-02-21,IEF,82.690002,173000,2026-09-05T01:17:07Z
2007-02-21,IWM,82.099998,39549600,2026-09-05T01:17:07Z
2007-02-21,SPY,145.979996,63971600,2026-09-05T01:17:07Z
2007-02-21,TIP,99.610001,213200,2026-09-05T01:17:07Z
2007-02-21,TLT,88.690002,379800,2026-09-05T01:17:07Z
2007-02-21,VNQ,85.860001,129900,2026-09-05T01:17:07Z
2007-02-21,VWO,79.949997,530000,2026-09-05T01:17:07Z
2007-02-22,DBC,25.080000,260500,2026-09-05T01:17:07Z
2007-02-22,IEF,82.480003,135000,2026-09-05T01:17:07Z
2007-02-22,IWM,82.389999,58815900,2026-09-05T01:17:07Z
2007-02-22,SPY,145.869995,79067400,2026-09-05T01:17:07Z
2007-02-22,TIP,99.550003,140200,2026-09-05T01:17:07Z
2007-02-22,TLT,88.209999,485200,2026-09-05T01:17:07Z
2007-02-22,VNQ,85.400002,96900,2026-09-05T01:17:07Z
2007-02-22,VWO,80.440002,453000,2026-09-05T01:17:07Z
2007-02-23,DBC,25.240000,527700,2026-09-05T01:17:07Z
2007-02-23,IEF,82.809998,111700,2026-09-05T01:17:07Z
2007-02-23,IWM,81.949997,57987800,2026-09-05T01:17:07Z
2007-02-23,SPY,145.300003,71966200,2026-09-05T01:17:07Z
2007-02-23,TIP,99.839996,170800,2026-09-05T01:17:07Z
2007-02-23,TLT,88.839996,735700,2026-09-05T01:17:07Z
2007-02-23,VNQ,83.910004,166700,2026-09-05T01:17:07Z
2007-02-23,VWO,80.070000,501200,2026-09-05T01:17:07Z
2007-02-26,DBC,25.309999,555500,2026-09-05T01:17:07Z
2007-02-26,IEF,83.070000,160900,2026-09-05T01:17:07Z
2007-02-26,IWM,81.889999,78736400,2026-09-05T01:17:07Z
2007-02-26,SPY,145.169998,69192800,2026-09-05T01:17:07Z
2007-02-26,TIP,100.260002,450700,2026-09-05T01:17:07Z
2007-02-26,TLT,89.430000,763400,2026-09-05T01:17:07Z
2007-02-26,VNQ,83.489998,230500,2026-09-05T01:17:07Z
2007-02-26,VWO,79.919998,491200,2026-09-05T01:17:07Z
2007-02-27,DBC,24.830000,192300,2026-09-05T01:17:07Z
2007-02-27,IEF,83.769997,496500,2026-09-05T01:17:07Z
2007-02-27,IWM,78.050003,136636000,2026-09-05T01:17:07Z
2007-02-27,SPY,139.500000,274466500,2026-09-05T01:17:07Z
2007-02-27,TIP,101.150002,275400,2026-09-05T01:17:07Z
2007-02-27,TLT,90.559998,3243200,2026-09-05T01:17:07Z
2007-02-27,VNQ,80.900002,302000,2026-09-05T01:17:07Z
2007-02-27,VWO,74.089996,2139400,2026-09-05T01:17:07Z
2007-02-28,DBC,25.209999,324900,2026-09-05T01:17:07Z
2007-02-28,IEF,83.480003,228100,2026-09-05T01:17:07Z
2007-02-28,IWM,78.830002,97620200,2026-09-05T01:17:07Z
2007-02-28,SPY,140.929993,177536300,2026-09-05T01:17:07Z
2007-02-28,TIP,100.989998,395900,2026-09-05T01:17:07Z
2007-02-28,TLT,90.150002,1701900,2026-09-05T01:17:07Z
2007-02-28,VNQ,81.500000,949600,2026-09-05T01:17:07Z
2007-02-28,VWO,75.650002,2332200,2026-09-05T01:17:07Z
2007-03-01,DBC,25.030001,169100,2026-09-05T01:17:07Z
2007-03-01,IEF,83.279999,500500,2026-09-05T01:17:07Z
2007-03-01,IWM,78.419998,97674800,2026-09-05T01:17:07Z
2007-03-01,SPY,140.509995,212828600,2026-09-05T01:17:07Z
2007-03-01,TIP,100.860001,280800,2026-09-05T01:17:07Z
2007-03-01,TLT,89.750000,2423900,2026-09-05T01:17:07Z
2007-03-01,VNQ,80.680000,332600,2026-09-05T01:17:07Z
2007-03-01,VWO,74.750000,1349000,2026-09-05T01:17:07Z
2007-03-02,DBC,24.799999,295700,2026-09-05T01:17:07Z
2007-03-02,IEF,83.550003,249000,2026-09-05T01:17:07Z
2007-03-02,IWM,76.860001,96274500,2026-09-05T01:17:07Z
2007-03-02,SPY,138.669998,162574000,2026-09-05T01:17:07Z
2007-03-02,TIP,101.059998,166000,2026-09-05T01:17:07Z
2007-03-02,TLT,90.199997,1619800,2026-09-05T01:17:07Z
2007-03-02,VNQ,79.400002,251600,2026-09-05T01:17:07Z
2007-03-02,VWO,73.199997,1348400,2026-09-05T01:17:07Z
2007-03-05,DBC,24.430000,658600,2026-09-05T01:17:07Z
2007-03-05,IEF,83.599998,298800,2026-09-05T01:17:07Z
2007-03-05,IWM,75.169998,122207900,2026-09-05T01:17:07Z
2007-03-05,SPY,137.350006,143750400,2026-09-05T01:17:07Z
2007-03-05,TIP,100.989998,321900,2026-09-05T01:17:07Z
2007-03-05,TLT,90.349998,1505200,2026-09-05T01:17:07Z
2007-03-05,VNQ,76.309998,300100,2026-09-05T01:17:07Z
2007-03-05,VWO,71.099998,2326200,2026-09-05T01:17:07Z
2007-03-06,DBC,24.660000,143300,2026-09-05T01:17:07Z
2007-03-06,IEF,83.489998,302200,2026-09-05T01:17:07Z
2007-03-06,IWM,77.220001,94041400,2026-09-05T01:17:07Z
2007-03-06,SPY,139.699997,143333300,2026-09-05T01:17:07Z
2007-03-06,TIP,100.849998,172100,2026-09-05T01:17:07Z
2007-03-06,TLT,90.080002,837400,2026-09-05T01:17:07Z
2007-03-06,VNQ,79.110001,163300,2026-09-05T01:17:07Z
2007-03-06,VWO,74.500000,1362800,2026-09-05T01:17:07Z
2007-03-07,DBC,25.000000,533600,2026-09-05T01:17:07Z
2007-03-07,IEF,83.639999,265500,2026-09-05T01:17:07Z
2007-03-07,IWM,76.970001,55408800,2026-09-05T01:17:07Z
2007-03-07,SPY,139.559998,115144900,2026-09-05T01:17:07Z
2007-03-07,TIP,101.000000,166800,2026-09-05T01:17:07Z
2007-03-07,TLT,90.430000,915400,2026-09-05T01:17:07Z
2007-03-07,VNQ,78.000000,95000,2026-09-05T01:17:07Z
2007-03-07,VWO,73.750000,664800,2026-09-05T01:17:07Z
2007-03-08,DBC,25.040001,261400,2026-09-05T01:17:07Z
2007-03-08,IEF,83.629997,170300,2026-09-05T01:17:07Z
2007-03-08,IWM,77.550003,76876500,2026-09-05T01:17:07Z
2007-03-08,SPY,140.740005,117891600,2026-09-05T01:17:07Z
2007-03-08,TIP,100.910004,150600,2026-09-05T01:17:07Z
2007-03-08,TLT,90.349998,574700,2026-09-05T01:17:07Z
2007-03-08,VNQ,79.250000,137100,2026-09-05T01:17:07Z
2007-03-08,VWO,75.230003,1443800,2026-09-05T01:17:07Z
2007-03-09,DBC,24.709999,261700,2026-09-05T01:17:07Z
2007-03-09,IEF,83.160004,333800,2026-09-05T01:17:07Z
2007-03-09,IWM,78.180000,69129900,2026-09-05T01:17:07Z
2007-03-09,SPY,140.779999,107765100,2026-09-05T01:17:07Z
2007-03-09,TIP,100.449997,155400,2026-09-05T01:17:07Z
2007-03-09,TLT,89.400002,1534700,2026-09-05T01:17:07Z
2007-03-09,VNQ,80.300003,132200,2026-09-05T01:17:07Z
2007-03-09,VWO,75.489998,667400,2026-09-05T01:17:07Z
2007-03-12,DBC,24.480000,143700,2026-09-05T01:17:07Z
2007-03-12,IEF,83.389999,253300,2026-09-05T01:17:07Z
2007-03-12,IWM,78.400002,35945400,2026-09-05T01:17:07Z
2007-03-12,SPY,140.990005,80366900,2026-09-05T01:17:07Z
2007-03-12,TIP,100.540001,98600,2026-09-05T01:17:07Z
2007-03-12,TLT,89.750000,594400,2026-09-05T01:17:07Z
2007-03-12,VNQ,80.699997,103800,2026-09-05T01:17:07Z
2007-03-12,VWO,76.239998,447600,2026-09-05T01:17:07Z
2007-03-13,DBC,24.290001,248600,2026-09-05T01:17:07Z
2007-03-13,IEF,83.760002,196000,2026-09-05T01:17:07Z
2007-03-13,IWM,76.389999,96417200,2026-09-05T01:17:07Z
2007-03-13,SPY,138.250000,190605200,2026-09-05T01:17:07Z
2007-03-13,TIP,100.940002,115900,2026-09-05T01:17:07Z
2007-03-13,TLT,90.290001,553800,2026-09-05T01:17:07Z
2007-03-13,VNQ,78.800003,129500,2026-09-05T01:17:07Z
2007-03-13,VWO,73.110001,1809600,2026-09-05T01:17:07Z
2007-03-14,DBC,24.340000,179100,2026-09-05T01:17:07Z
2007-03-14,IEF,83.650002,267900,2026-09-05T01:17:07Z
2007-03-14,IWM,77.199997,129087500,2026-09-05T01:17:07Z
2007-03-14,SPY,139.279999,231853800,2026-09-05T01:17:07Z
2007-03-14,TIP,100.949997,154400,2026-09-05T01:17:07Z
2007-03-14,TLT,89.879997,1698100,2026-09-05T01:17:07Z
2007-03-14,VNQ,79.180000,111900,2026-09-05T01:17:07Z
2007-03-14,VWO,74.470001,988400,2026-09-05T01:17:07Z
2007-03-15,DBC,24.190001,165300,2026-09-05T01:17:07Z
2007-03-15,IEF,83.559998,338900,2026-09-05T01:17:07Z
2007-03-15,IWM,77.800003,84037300,2026-09-05T01:17:07Z
2007-03-15,SPY,139.470001,132435900,2026-09-05T01:17:07Z
2007-03-15,TIP,100.919998,112900,2026-09-05T01:17:07Z
2007-03-15,TLT,89.870003,394900,2026-09-05T01:17:07Z
2007-03-15,VNQ,79.889999,118300,2026-09-05T01:17:07Z
2007-03-15,VWO,75.239998,464200,2026-09-05T01:17:07Z
2007-03-16,DBC,24.250000,242300,2026-09-05T01:17:07Z
2007-03-16,IEF,83.550003,340500,2026-09-05T01:17:07Z
2007-03-16,IWM,77.269997,77107100,2026-09-05T01:17:07Z
2007-03-16,SPY,138.529999,121531600,2026-09-05T01:17:07Z
2007-03-16,TIP,100.980003,108800,2026-09-05T01:17:07Z
2007-03-16,TLT,89.849998,623800,2026-09-05T01:17:07Z
2007-03-16,VNQ,79.000000,131400,2026-09-05T01:17:07Z
2007-03-16,VWO,74.610001,340200,2026-09-05T01:17:07Z
2007-03-19,DBC,24.370001,148000,2026-09-05T01:17:07Z
2007-03-19,IEF,83.440002,238200,2026-09-05T01:17:07Z
2007-03-19,IWM,78.230003,56720800,2026-09-05T01:17:07Z
2007-03-19,SPY,140.199997,96161200,2026-09-05T01:17:07Z
2007-03-19,TIP,100.970001,130600,2026-09-05T01:17:07Z
2007-03-19,TLT,89.660004,693900,2026-09-05T01:17:07Z
2007-03-19,VNQ,79.790001,140300,2026-09-05T01:17:07Z
2007-03-19,VWO,76.040001,488600,2026-09-05T01:17:07Z
2007-03-20,DBC,24.400000,217900,2026-09-05T01:17:07Z
2007-03-20,IEF,83.559998,169400,2026-09-05T01:17:07Z
2007-03-20,IWM,78.849998,46527300,2026-09-05T01:17:07Z
2007-03-20,SPY,140.970001,82147400,2026-09-05T01:17:07Z
2007-03-20,TIP,100.989998,116100,2026-09-05T01:17:07Z
2007-03-20,TLT,89.709999,768400,2026-09-05T01:17:07Z
2007-03-20,VNQ,80.110001,67800,2026-09-05T01:17:07Z
2007-03-20,VWO,76.769997,1240200,2026-09-05T01:17:07Z
2007-03-21,DBC,24.440001,156200,2026-09-05T01:17:07Z
2007-03-21,IEF,83.680000,369800,2026-09-05T01:17:07Z
2007-03-21,IWM,80.269997,77517600,2026-09-05T01:17:07Z
2007-03-21,SPY,143.289993,152368700,2026-09-05T01:17:07Z
2007-03-21,TIP,101.370003,140400,2026-09-05T01:17:07Z
2007-03-21,TLT,89.750000,1513400,2026-09-05T01:17:07Z
2007-03-21,VNQ,81.080002,82300,2026-09-05T01:17:07Z
2007-03-21,VWO,78.970001,729200,2026-09-05T01:17:07Z
2007-03-22,DBC,24.840000,252300,2026-09-05T01:17:07Z
2007-03-22,IEF,83.400002,236500,2026-09-05T01:17:07Z
2007-03-22,IWM,80.269997,40940200,2026-09-05T01:17:07Z
2007-03-22,SPY,143.179993,118942200,2026-09-05T01:17:07Z
2007-03-22,TIP,101.070000,99500,2026-09-05T01:17:07Z
2007-03-22,TLT,89.040001,1484300,2026-09-05T01:17:07Z
2007-03-22,VNQ,81.160004,178900,2026-09-05T01:17:07Z
2007-03-22,VWO,78.580002,510000,2026-09-05T01:17:07Z
2007-03-23,DBC,24.850000,190000,2026-09-05T01:17:07Z
2007-03-23,IEF,83.269997,163400,2026-09-05T01:17:07Z
2007-03-23,IWM,80.239998,37200500,2026-09-05T01:17:07Z
2007-03-23,SPY,143.389999,74416800,2026-09-05T01:17:07Z
2007-03-23,TIP,101.000000,157200,2026-09-05T01:17:07Z
2007-03-23,TLT,88.790001,1679700,2026-09-05T01:17:07Z
2007-03-23,VNQ,81.209999,222000,2026-09-05T01:17:07Z
2007-03-23,VWO,78.739998,636800,2026-09-05T01:17:07Z
2007-03-26,DBC,24.959999,182800,2026-09-05T01:17:07Z
2007-03-26,IEF,83.339996,142100,2026-09-05T01:17:07Z
2007-03-26,IWM,80.070000,46665700,2026-09-05T01:17:07Z
2007-03-26,SPY,143.199997,113787500,2026-09-05T01:17:07Z
2007-03-26,TIP,101.360001,200100,2026-09-05T01:17:07Z
2007-03-26,TLT,88.900002,763600,2026-09-05T01:17:07Z
2007-03-26,VNQ,79.449997,469400,2026-09-05T01:17:07Z
2007-03-26,VWO,78.699997,431200,2026-09-05T01:17:07Z
2007-03-27,DBC,25.030001,418400,2026-09-05T01:17:07Z
2007-03-27,IEF,83.320000,165900,2026-09-05T01:17:07Z
2007-03-27,IWM,79.699997,40734900,2026-09-05T01:17:07Z
2007-03-27,SPY,142.860001,99864600,2026-09-05T01:17:07Z
2007-03-27,TIP,101.330002,190800,2026-09-05T01:17:07Z
2007-03-27,TLT,88.750000,619800,2026-09-05T01:17:07Z
2007-03-27,VNQ,78.620003,103300,2026-09-05T01:17:07Z
2007-03-27,VWO,78.269997,950400,2026-09-05T01:17:07Z
2007-03-28,DBC,25.270000,261300,2026-09-05T01:17:07Z
2007-03-28,IEF,83.309998,240500,2026-09-05T01:17:07Z
2007-03-28,IWM,79.150002,67939400,2026-09-05T01:17:07Z
2007-03-28,SPY,141.820007,152907900,2026-09-05T01:17:07Z
2007-03-28,TIP,101.190002,176800,2026-09-05T01:17:07Z
2007-03-28,TLT,88.570000,816900,2026-09-05T01:17:07Z
2007-03-28,VNQ,78.099998,104800,2026-09-05T01:17:07Z
2007-03-28,VWO,77.580002,498400,2026-09-05T01:17:07Z
2007-03-29,DBC,25.760000,348800,2026-09-05T01:17:07Z
2007-03-29,IEF,83.190002,121400,2026-09-05T01:17:07Z
2007-03-29,IWM,79.250000,49841400,2026-09-05T01:17:07Z
2007-03-29,SPY,141.970001,139432700,2026-09-05T01:17:07Z
2007-03-29,TIP,101.059998,96800,2026-09-05T01:17:07Z
2007-03-29,TLT,88.449997,823000,2026-09-05T01:17:07Z
2007-03-29,VNQ,78.230003,115900,2026-09-05T01:17:07Z
2007-03-29,VWO,79.070000,374400,2026-09-05T01:17:07Z
2007-03-30,DBC,25.379999,171000,2026-09-05T01:17:07Z
2007-03-30,IEF,83.089996,464400,2026-09-05T01:17:07Z
2007-03-30,IWM,79.449997,54280000,2026-09-05T01:17:07Z
2007-03-30,SPY,142.000000,128194100,2026-09-05T01:17:07Z
2007-03-30,TIP,101.040001,139500,2026-09-05T01:17:07Z
2007-03-30,TLT,88.279999,2015100,2026-09-05T01:17:07Z
2007-03-30,VNQ,79.349998,231300,2026-09-05T01:17:07Z
2007-03-30,VWO,78.870003,972400,2026-09-05T01:17:07Z
2007-04-02,DBC,25.129999,296700,2026-09-05T01:17:07Z
2007-04-02,IEF,82.860001,156600,2026-09-05T01:17:07Z
2007-04-02,IWM,79.650002,36558700,2026-09-05T01:17:07Z
2007-04-02,SPY,142.160004,79416400,2026-09-05T01:17:07Z
2007-04-02,TIP,100.709999,168400,2026-09-05T01:17:07Z
2007-04-02,TLT,88.099998,579600,2026-09-05T01:17:07Z
2007-04-02,VNQ,79.849998,151100,2026-09-05T01:17:07Z
2007-04-02,VWO,79.559998,761800,2026-09-05T01:17:07Z
2007-04-03,DBC,25.030001,370600,2026-09-05T01:17:07Z
2007-04-03,IEF,82.790001,257400,2026-09-05T01:17:07Z
2007-04-03,IWM,80.500000,44410200,2026-09-05T01:17:07Z
2007-04-03,SPY,143.690002,82417800,2026-09-05T01:17:07Z
2007-04-03,TIP,100.269997,181600,2026-09-05T01:17:07Z
2007-04-03,TLT,87.989998,617000,2026-09-05T01:17:07Z
2007-04-03,VNQ,80.550003,186400,2026-09-05T01:17:07Z
2007-04-03,VWO,80.750000,572800,2026-09-05T01:17:07Z
2007-04-04,DBC,25.309999,122000,2026-09-05T01:17:07Z
2007-04-04,IEF,82.919998,182300,2026-09-05T01:17:07Z
2007-04-04,IWM,80.489998,35754200,2026-09-05T01:17:07Z
2007-04-04,SPY,143.850006,63995200,2026-09-05T01:17:07Z
2007-04-04,TIP,100.589996,129500,2026-09-05T01:17:07Z
2007-04-04,TLT,88.080002,576900,2026-09-05T01:17:07Z
2007-04-04,VNQ,80.150002,88500,2026-09-05T01:17:07Z
2007-04-04,VWO,81.019997,972000,2026-09-05T01:17:07Z
2007-04-05,DBC,25.360001,219100,2026-09-05T01:17:07Z
2007-04-05,IEF,82.709999,161200,2026-09-05T01:17:07Z
2007-04-05,IWM,80.440002,24666800,2026-09-05T01:17:07Z
2007-04-05,SPY,144.240005,46822800,2026-09-05T01:17:07Z
2007-04-05,TIP,100.570000,79700,2026-09-05T01:17:07Z
2007-04-05,TLT,87.750000,436400,2026-09-05T01:17:07Z
2007-04-05,VNQ,80.070000,66900,2026-09-05T01:17:07Z
2007-04-05,VWO,81.239998,1741600,2026-09-05T01:17:07Z
2007-04-09,DBC,25.100000,301000,2026-09-05T01:17:07Z
2007-04-09,IEF,82.330002,198900,2026-09-05T01:17:07Z
2007-04-09,IWM,80.550003,38545000,2026-09-05T01:17:07Z
2007-04-09,SPY,144.440002,50967400,2026-09-05T01:17:07Z
2007-04-09,TIP,100.120003,128000,2026-09-05T01:17:07Z
2007-04-09,TLT,87.169998,1283900,2026-09-05T01:17:07Z
2007-04-09,VNQ,80.220001,97800,2026-09-05T01:17:07Z
2007-04-09,VWO,81.720001,530000,2026-09-05T01:17:07Z
2007-04-10,DBC,25.450001,231300,2026-09-05T01:17:07Z
2007-04-10,IEF,82.500000,97600,2026-09-05T01:17:07Z
2007-04-10,IWM,80.800003,48521000,2026-09-05T01:17:07Z
2007-04-10,SPY,144.610001,56620000,2026-09-05T01:17:07Z
2007-04-10,TIP,100.360001,120700,2026-09-05T01:17:07Z
2007-04-10,TLT,87.430000,674400,2026-09-05T01:17:07Z
2007-04-10,VNQ,80.550003,82500,2026-09-05T01:17:07Z
2007-04-10,VWO,81.970001,382000,2026-09-05T01:17:07Z
2007-04-11,DBC,25.410000,340600,2026-09-05T01:17:07Z
2007-04-11,IEF,82.400002,150700,2026-09-05T01:17:07Z
2007-04-11,IWM,80.300003,59019200,2026-09-05T01:17:07Z
2007-04-11,SPY,144.020004,106365700,2026-09-05T01:17:07Z
2007-04-11,TIP,100.199997,154400,2026-09-05T01:17:07Z
2007-04-11,TLT,87.370003,476200,2026-09-05T01:17:07Z
2007-04-11,VNQ,79.349998,137800,2026-09-05T01:17:07Z
2007-04-11,VWO,81.739998,890200,2026-09-05T01:17:07Z
2007-04-12,DBC,25.559999,100400,2026-09-05T01:17:07Z
2007-04-12,IEF,82.480003,111200,2026-09-05T01:17:07Z
2007-04-12,IWM,80.839996,45075400,2026-09-05T01:17:07Z
2007-04-12,SPY,144.660004,115534400,2026-09-05T01:17:07Z
2007-04-12,TIP,100.199997,210100,2026-09-05T01:17:07Z
2007-04-12,TLT,87.389999,495100,2026-09-05T01:17:07Z
2007-04-12,VNQ,78.809998,71600,2026-09-05T01:17:07Z
2007-04-12,VWO,82.779999,434800,2026-09-05T01:17:07Z
2007-04-13,DBC,25.700001,230500,2026-09-05T01:17:07Z
2007-04-13,IEF,82.339996,139100,2026-09-05T01:17:07Z
2007-04-13,IWM,81.360001,31467000,2026-09-05T01:17:07Z
2007-04-13,SPY,145.320007,84287000,2026-09-05T01:17:07Z
2007-04-13,TIP,99.949997,109800,2026-09-05T01:17:07Z
2007-04-13,TLT,87.120003,557800,2026-09-05T01:17:07Z
2007-04-13,VNQ,79.699997,82700,2026-09-05T01:17:07Z
2007-04-13,VWO,83.050003,277400,2026-09-05T01:17:07Z
2007-04-16,DBC,25.500000,161100,2026-09-05T01:17:07Z
2007-04-16,IEF,82.430000,262300,2026-09-05T01:17:07Z
2007-04-16,IWM,82.480003,43967100,2026-09-05T01:17:07Z
2007-04-16,SPY,146.699997,83064600,2026-09-05T01:17:07Z
2007-04-16,TIP,100.269997,216400,2026-09-05T01:17:07Z
2007-04-16,TLT,87.599998,833600,2026-09-05T01:17:07Z
2007-04-16,VNQ,79.800003,160900,2026-09-05T01:17:07Z
2007-04-16,VWO,84.089996,456600,2026-09-05T01:17:07Z
2007-04-17,DBC,25.240000,196900,2026-09-05T01:17:07Z
2007-04-17,IEF,82.779999,1080400,2026-09-05T01:17:07Z
2007-04-17,IWM,82.230003,51536000,2026-09-05T01:17:07Z
2007-04-17,SPY,147.089996,108424100,2026-09-05T01:17:07Z
2007-04-17,TIP,100.330002,145700,2026-09-05T01:17:07Z
2007-04-17,TLT,88.089996,1254200,2026-09-05T01:17:07Z
2007-04-17,VNQ,80.839996,95200,2026-09-05T01:17:07Z
2007-04-17,VWO,83.790001,1060800,2026-09-05T01:17:07Z
2007-04-18,DBC,25.250000,173400,2026-09-05T01:17:07Z
2007-04-18,IEF,82.970001,252500,2026-09-05T01:17:07Z
2007-04-18,IWM,81.750000,48993700,2026-09-05T01:17:07Z
2007-04-18,SPY,147.270004,88345300,2026-09-05T01:17:07Z
2007-04-18,TIP,100.660004,169600,2026-09-05T01:17:07Z
2007-04-18,TLT,88.529999,450800,2026-09-05T01:17:07Z
2007-04-18,VNQ,80.339996,75300,2026-09-05T01:17:07Z
2007-04-18,VWO,83.400002,429000,2026-09-05T01:17:07Z
2007-04-19,DBC,25.180000,271500,2026-09-05T01:17:07Z
2007-04-19,IEF,82.959999,153600,2026-09-05T01:17:07Z
2007-04-19,IWM,81.360001,69360400,2026-09-05T01:17:07Z
2007-04-19,SPY,147.229996,102947700,2026-09-05T01:17:07Z
2007-04-19,TIP,100.610001,121500,2026-09-05T01:17:07Z
2007-04-19,TLT,88.379997,1305900,2026-09-05T01:17:07Z
2007-04-19,VNQ,79.800003,66700,2026-09-05T01:17:07Z
2007-04-19,VWO,82.839996,534400,2026-09-05T01:17:07Z
2007-04-20,DBC,25.530001,199400,2026-09-05T01:17:07Z
2007-04-20,IEF,82.870003,88800,2026-09-05T01:17:07Z
2007-04-20,IWM,82.309998,68702200,2026-09-05T01:17:07Z
2007-04-20,SPY,148.619995,124114100,2026-09-05T01:17:07Z
2007-04-20,TIP,100.650002,150300,2026-09-05T01:17:07Z
2007-04-20,TLT,88.150002,664500,2026-09-05T01:17:07Z
2007-04-20,VNQ,80.400002,139200,2026-09-05T01:17:07Z
2007-04-20,VWO,84.080002,426000,2026-09-05T01:17:07Z
2007-04-23,DBC,25.700001,252700,2026-09-05T01:17:07Z
2007-04-23,IEF,83.040001,90500,2026-09-05T01:17:07Z
2007-04-23,IWM,82.220001,34858200,2026-09-05T01:17:07Z
2007-04-23,SPY,148.059998,77270800,2026-09-05T01:17:07Z
2007-04-23,TIP,100.879997,127000,2026-09-05T01:17:07Z
2007-04-23,TLT,88.470001,419000,2026-09-05T01:17:07Z
2007-04-23,VNQ,81.300003,182400,2026-09-05T01:17:07Z
2007-04-23,VWO,83.730003,429200,2026-09-05T01:17:07Z
2007-04-24,DBC,25.350000,204700,2026-09-05T01:17:07Z
2007-04-24,IEF,83.199997,660500,2026-09-05T01:17:07Z
2007-04-24,IWM,82.180000,56640600,2026-09-05T01:17:07Z
2007-04-24,SPY,148.119995,114471000,2026-09-05T01:17:07Z
2007-04-24,TIP,101.050003,149100,2026-09-05T01:17:07Z
2007-04-24,TLT,88.800003,881300,2026-09-05T01:17:07Z
2007-04-24,VNQ,80.750000,74800,2026-09-05T01:17:07Z
2007-04-24,VWO,83.790001,437200,2026-09-05T01:17:07Z
2007-04-25,DBC,25.850000,207000,2026-09-05T01:17:07Z
2007-04-25,IEF,83.150002,537400,2026-09-05T01:17:07Z
2007-04-25,IWM,82.410004,51964600,2026-09-05T01:17:07Z
2007-04-25,SPY,149.479996,108418800,2026-09-05T01:17:07Z
2007-04-25,TIP,101.059998,226800,2026-09-05T01:17:07Z
2007-04-25,TLT,88.489998,569000,2026-09-05T01:17:07Z
2007-04-25,VNQ,80.699997,152000,2026-09-05T01:17:07Z
2007-04-25,VWO,84.980003,1247200,2026-09-05T01:17:07Z
2007-04-26,DBC,25.670000,635300,2026-09-05T01:17:07Z
2007-04-26,IEF,82.910004,307600,2026-09-05T01:17:07Z
2007-04-26,IWM,82.870003,47381600,2026-09-05T01:17:07Z
2007-04-26,SPY,149.649994,88741600,2026-09-05T01:17:07Z
2007-04-26,TIP,100.779999,188200,2026-09-05T01:17:07Z
2007-04-26,TLT,87.849998,2048400,2026-09-05T01:17:07Z
2007-04-26,VNQ,80.750000,57800,2026-09-05T01:17:07Z
2007-04-26,VWO,83.839996,761000,2026-09-05T01:17:07Z
2007-04-27,DBC,25.799999,216900,2026-09-05T01:17:07Z
2007-04-27,IEF,82.910004,180000,2026-09-05T01:17:07Z
2007-04-27,IWM,82.519997,56761000,2026-09-05T01:17:07Z
2007-04-27,SPY,149.529999,108191100,2026-09-05T01:17:07Z
2007-04-27,TIP,100.800003,144700,2026-09-05T01:17:07Z
2007-04-27,TLT,87.830002,428700,2026-09-05T01:17:07Z
2007-04-27,VNQ,80.550003,56500,2026-09-05T01:17:07Z
2007-04-27,VWO,83.500000,507600,2026-09-05T01:17:07Z
2007-04-30,DBC,25.570000,172200,2026-09-05T01:17:07Z
2007-04-30,IEF,83.269997,171500,2026-09-05T01:17:07Z
2007-04-30,IWM,80.739998,86447400,2026-09-05T01:17:07Z
2007-04-30,SPY,148.289993,100874100,2026-09-05T01:17:07Z
2007-04-30,TIP,101.339996,422600,2026-09-05T01:17:07Z
2007-04-30,TLT,88.750000,485700,2026-09-05T01:17:07Z
2007-04-30,VNQ,79.250000,152300,2026-09-05T01:17:07Z
2007-04-30,VWO,81.870003,484600,2026-09-05T01:17:07Z
2007-05-01,DBC,25.620001,178400,2026-09-05T01:17:07Z
2007-05-01,IEF,82.959999,158900,2026-09-05T01:17:07Z
2007-05-01,IWM,81.070000,88311800,2026-09-05T01:17:07Z
2007-05-01,SPY,148.669998,134342700,2026-09-05T01:17:07Z
2007-05-01,TIP,100.940002,178800,2026-09-05T01:17:07Z
2007-05-01,TLT,88.489998,487200,2026-09-05T01:17:07Z
2007-05-01,VNQ,78.559998,171500,2026-09-05T01:17:07Z
2007-05-01,VWO,82.449997,662800,2026-09-05T01:17:07Z
2007-05-02,DBC,25.420000,303600,2026-09-05T01:17:07Z
2007-05-02,IEF,82.860001,167000,2026-09-05T01:17:07Z
2007-05-02,IWM,82.150002,49850600,2026-09-05T01:17:07Z
2007-05-02,SPY,149.539993,87129800,2026-09-05T01:17:07Z
2007-05-02,TIP,100.930000,283500,2026-09-05T01:17:07Z
2007-05-02,TLT,88.440002,443900,2026-09-05T01:17:07Z
2007-05-02,VNQ,79.180000,90800,2026-09-05T01:17:07Z
2007-05-02,VWO,84.040001,1061600,2026-09-05T01:17:07Z
2007-05-03,DBC,25.540001,210800,2026-09-05T01:17:07Z
2007-05-03,IEF,82.769997,113200,2026-09-05T01:17:07Z
2007-05-03,IWM,82.300003,57008800,2026-09-05T01:17:07Z
2007-05-03,SPY,150.350006,86569700,2026-09-05T01:17:07Z
2007-05-03,TIP,100.680000,110200,2026-09-05T01:17:07Z
2007-05-03,TLT,88.239998,427000,2026-09-05T01:17:07Z
2007-05-03,VNQ,79.389999,48800,2026-09-05T01:17:07Z
2007-05-03,VWO,84.870003,457200,2026-09-05T01:17:07Z
2007-05-04,DBC,25.490000,166800,2026-09-05T01:17:07Z
2007-05-04,IEF,82.980003,144800,2026-09-05T01:17:07Z
2007-05-04,IWM,82.820000,47940900,2026-09-05T01:17:07Z
2007-05-04,SPY,150.919998,96409000,2026-09-05T01:17:07Z
2007-05-04,TIP,100.730003,115200,2026-09-05T01:17:07Z
2007-05-04,TLT,88.599998,262000,2026-09-05T01:17:07Z
2007-05-04,VNQ,78.699997,87500,2026-09-05T01:17:07Z
2007-05-04,VWO,85.190002,387200,2026-09-05T01:17:07Z
2007-05-07,DBC,25.370001,226100,2026-09-05T01:17:07Z
2007-05-07,IEF,83.050003,104500,2026-09-05T01:17:07Z
2007-05-07,IWM,82.580002,40421400,2026-09-05T01:17:07Z
2007-05-07,SPY,150.949997,63461400,2026-09-05T01:17:07Z
2007-05-07,TIP,100.660004,140200,2026-09-05T01:17:07Z
2007-05-07,TLT,88.839996,210200,2026-09-05T01:17:07Z
2007-05-07,VNQ,78.919998,164000,2026-09-05T01:17:07Z
2007-05-07,VWO,85.489998,830200,2026-09-05T01:17:07Z
2007-05-08,DBC,25.209999,189100,2026-09-05T01:17:07Z
2007-05-08,IEF,83.050003,158900,2026-09-05T01:17:07Z
2007-05-08,IWM,82.290001,59329800,2026-09-05T01:17:07Z
2007-05-08,SPY,150.750000,80584000,2026-09-05T01:17:07Z
2007-05-08,TIP,100.779999,164100,2026-09-05T01:17:07Z
2007-05-08,TLT,88.639999,488400,2026-09-05T01:17:07Z
2007-05-08,VNQ,78.400002,81900,2026-09-05T01:17:07Z
2007-05-08,VWO,84.720001,856600,2026-09-05T01:17:07Z
2007-05-09,DBC,25.080000,252300,2026-09-05T01:17:07Z
2007-05-09,IEF,82.779999,201600,2026-09-05T01:17:07Z
2007-05-09,IWM,82.620003,66106100,2026-09-05T01:17:07Z
2007-05-09,SPY,151.160004,102070100,2026-09-05T01:17:07Z
2007-05-09,TIP,100.459999,129800,2026-09-05T01:17:07Z
2007-05-09,TLT,88.290001,634900,2026-09-05T01:17:07Z
2007-05-09,VNQ,79.250000,76800,2026-09-05T01:17:07Z
2007-05-09,VWO,85.739998,452600,2026-09-05T01:17:07Z
2007-05-10,DBC,24.980000,245400,2026-09-05T01:17:07Z
2007-05-10,IEF,82.989998,153100,2026-09-05T01:17:07Z
2007-05-10,IWM,81.599998,92481400,2026-09-05T01:17:07Z
2007-05-10,SPY,149.580002,153617800,2026-09-05T01:17:07Z
2007-05-10,TIP,100.680000,130500,2026-09-05T01:17:07Z
2007-05-10,TLT,88.500000,519500,2026-09-05T01:17:07Z
2007-05-10,VNQ,78.190002,103300,2026-09-05T01:17:07Z
2007-05-10,VWO,83.610001,591200,2026-09-05T01:17:07Z
2007-05-11,DBC,25.350000,204600,2026-09-05T01:17:07Z
2007-05-11,IEF,82.820000,178000,2026-09-05T01:17:07Z
2007-05-11,IWM,82.339996,57249600,2026-09-05T01:17:07Z
2007-05-11,SPY,150.860001,113408900,2026-09-05T01:17:07Z
2007-05-11,TIP,100.500000,115300,2026-09-05T01:17:07Z
2007-05-11,TLT,88.190002,1238400,2026-09-05T01:17:07Z
2007-05-11,VNQ,79.250000,65600,2026-09-05T01:17:07Z
2007-05-11,VWO,85.800003,508600,2026-09-05T01:17:07Z
2007-05-14,DBC,25.260000,443700,2026-09-05T01:17:07Z
2007-05-14,IEF,82.699997,142400,2026-09-05T01:17:07Z
2007-05-14,IWM,81.620003,71975000,2026-09-05T01:17:07Z
2007-05-14,SPY,150.529999,108027500,2026-09-05T01:17:07Z
2007-05-14,TIP,100.339996,129000,2026-09-05T01:17:07Z
2007-05-14,TLT,87.959999,315200,2026-09-05T01:17:07Z
2007-05-14,VNQ,78.800003,82500,2026-09-05T01:17:07Z
2007-05-14,VWO,85.260002,556800,2026-09-05T01:17:07Z
2007-05-15,DBC,25.510000,448800,2026-09-05T01:17:07Z
2007-05-15,IEF,82.690002,168400,2026-09-05T01:17:07Z
2007-05-15,IWM,80.970001,115258700,2026-09-05T01:17:07Z
2007-05-15,SPY,150.570007,180673300,2026-09-05T01:17:07Z
2007-05-15,TIP,100.070000,167200,2026-09-05T01:17:07Z
2007-05-15,TLT,87.930000,382400,2026-09-05T01:17:07Z
2007-05-15,VNQ,77.599998,422900,2026-09-05T01:17:07Z
2007-05-15,VWO,85.300003,646200,2026-09-05T01:17:07Z
2007-05-16,DBC,25.260000,287400,2026-09-05T01:17:07Z
2007-05-16,IEF,82.639999,191300,2026-09-05T01:17:07Z
2007-05-16,IWM,81.410004,95727600,2026-09-05T01:17:07Z
2007-05-16,SPY,151.600006,114166500,2026-09-05T01:17:07Z
2007-05-16,TIP,99.970001,232900,2026-09-05T01:17:07Z
2007-05-16,TLT,87.870003,599500,2026-09-05T01:17:07Z
2007-05-16,VNQ,76.639999,136700,2026-09-05T01:17:07Z
2007-05-16,VWO,86.669998,929600,2026-09-05T01:17:07Z
2007-05-17,DBC,25.469999,197800,2026-09-05T01:17:07Z
2007-05-17,IEF,82.419998,263500,2026-09-05T01:17:07Z
2007-05-17,IWM,80.779999,71780400,2026-09-05T01:17:07Z
2007-05-17,SPY,151.300003,101132800,2026-09-05T01:17:07Z
2007-05-17,TIP,99.930000,111500,2026-09-05T01:17:07Z
2007-05-17,TLT,87.510002,397000,2026-09-05T01:17:07Z
2007-05-17,VNQ,75.309998,154700,2026-09-05T01:17:07Z
2007-05-17,VWO,86.169998,958200,2026-09-05T01:17:07Z
2007-05-18,DBC,25.430000,186600,2026-09-05T01:17:07Z
2007-05-18,IEF,82.180000,236400,2026-09-05T01:17:07Z
2007-05-18,IWM,81.730003,80552700,2026-09-05T01:17:07Z
2007-05-18,SPY,152.619995,99182000,2026-09-05T01:17:07Z
2007-05-18,TIP,99.669998,116300,2026-09-05T01:17:07Z
2007-05-18,TLT,86.930000,856500,2026-09-05T01:17:07Z
2007-05-18,VNQ,74.550003,373200,2026-09-05T01:17:07Z
2007-05-18,VWO,86.779999,382800,2026-09-05T01:17:07Z
2007-05-21,DBC,25.680000,281100,2026-09-05T01:17:07Z
2007-05-21,IEF,82.290001,222000,2026-09-05T01:17:07Z
2007-05-21,IWM,82.760002,148866800,2026-09-05T01:17:07Z
2007-05-21,SPY,152.539993,174664600,2026-09-05T01:17:07Z
2007-05-21,TIP,99.919998,139100,2026-09-05T01:17:07Z
2007-05-21,TLT,87.190002,821100,2026-09-05T01:17:07Z
2007-05-21,VNQ,74.849998,597400,2026-09-05T01:17:07Z
2007-05-21,VWO,86.970001,1299600,2026-09-05T01:17:07Z
2007-05-22,DBC,25.309999,181200,2026-09-05T01:17:07Z
2007-05-22,IEF,82.059998,217000,2026-09-05T01:17:07Z
2007-05-22,IWM,83.269997,69634200,2026-09-05T01:17:07Z
2007-05-22,SPY,152.419998,82148800,2026-09-05T01:17:07Z
2007-05-22,TIP,99.529999,195100,2026-09-05T01:17:07Z
2007-05-22,TLT,86.739998,920200,2026-09-05T01:17:07Z
2007-05-22,VNQ,75.959999,179700,2026-09-05T01:17:07Z
2007-05-22,VWO,87.199997,500400,2026-09-05T01:17:07Z
2007-05-23,DBC,25.430000,251500,2026-09-05T01:17:07Z
2007-05-23,IEF,81.900002,228100,2026-09-05T01:17:07Z
2007-05-23,IWM,83.050003,59384400,2026-09-05T01:17:07Z
2007-05-23,SPY,152.440002,133786600,2026-09-05T01:17:07Z
2007-05-23,TIP,99.519997,233800,2026-09-05T01:17:07Z
2007-05-23,TLT,86.489998,914500,2026-09-05T01:17:07Z
2007-05-23,VNQ,75.379997,193000,2026-09-05T01:17:07Z
2007-05-23,VWO,86.629997,744600,2026-09-05T01:17:07Z
2007-05-24,DBC,25.290001,258000,2026-09-05T01:17:07Z
2007-05-24,IEF,82.010002,153300,2026-09-05T01:17:07Z
2007-05-24,IWM,81.959999,89560000,2026-09-05T01:17:07Z
2007-05-24,SPY,151.059998,187593000,2026-09-05T01:17:07Z
2007-05-24,TIP,99.639999,247800,2026-09-05T01:17:07Z
2007-05-24,TLT,86.570000,1598200,2026-09-05T01:17:07Z
2007-05-24,VNQ,74.120003,208700,2026-09-05T01:17:07Z
2007-05-24,VWO,84.750000,1026800,2026-09-05T01:17:07Z
2007-05-25,DBC,25.600000,162600,2026-09-05T01:17:07Z
2007-05-25,IEF,81.919998,183900,2026-09-05T01:17:07Z
2007-05-25,IWM,82.489998,44083500,2026-09-05T01:17:07Z
2007-05-25,SPY,151.690002,83309200,2026-09-05T01:17:07Z
2007-05-25,TIP,99.779999,194500,2026-09-05T01:17:07Z
2007-05-25,TLT,86.370003,754900,2026-09-05T01:17:07Z
2007-05-25,VNQ,74.540001,158400,2026-09-05T01:17:07Z
2007-05-25,VWO,86.419998,1171000,2026-09-05T01:17:07Z
2007-05-29,DBC,25.040001,211600,2026-09-05T01:17:07Z
2007-05-29,IEF,81.750000,152800,2026-09-05T01:17:07Z
2007-05-29,IWM,83.250000,59397200,2026-09-05T01:17:07Z
2007-05-29,SPY,152.240005,82020000,2026-09-05T01:17:07Z
2007-05-29,TIP,99.480003,249600,2026-09-05T01:17:07Z
2007-05-29,TLT,86.360001,1055700,2026-09-05T01:17:07Z
2007-05-29,VNQ,77.199997,164500,2026-09-05T01:17:07Z
2007-05-29,VWO,86.150002,412200,2026-09-05T01:17:07Z
2007-05-30,BIL,45.799999,1550,2026-09-05T01:17:07Z
2007-05-30,DBC,25.280001,292800,2026-09-05T01:17:07Z
2007-05-30,IEF,81.830002,245600,2026-09-05T01:17:07Z
2007-05-30,IWM,83.809998,64383000,2026-09-05T01:17:07Z
2007-05-30,SPY,153.479996,129013600,2026-09-05T01:17:07Z
2007-05-30,TIP,99.570000,137000,2026-09-05T01:17:07Z
2007-05-30,TLT,86.540001,612000,2026-09-05T01:17:07Z
2007-05-30,VNQ,79.269997,574700,2026-09-05T01:17:07Z
2007-05-30,VWO,87.000000,576800,2026-09-05T01:17:07Z
2007-05-31,BIL,45.799999,11200,2026-09-05T01:17:07Z
2007-05-31,DBC,25.510000,323700,2026-09-05T01:17:07Z
2007-05-31,IEF,81.800003,235100,2026-09-05T01:17:07Z
2007-05-31,IWM,84.269997,68767400,2026-09-05T01:17:07Z
2007-05-31,SPY,153.320007,114866700,2026-09-05T01:17:07Z
2007-05-31,TIP,99.629997,181100,2026-09-05T01:17:07Z
2007-05-31,TLT,86.379997,1725900,2026-09-05T01:17:07Z
2007-05-31,VNQ,78.949997,198100,2026-09-05T01:17:07Z
2007-05-31,VWO,87.320000,433600,2026-09-05T01:17:07Z
2007-06-01,BIL,45.810001,1450,2026-09-05T01:17:07Z
2007-06-01,DBC,25.700001,294500,2026-09-05T01:17:07Z
2007-06-01,IEF,81.120003,230300,2026-09-05T01:17:07Z
2007-06-01,IWM,84.699997,71003000,2026-09-05T01:17:07Z
2007-06-01,SPY,154.080002,107771700,2026-09-05T01:17:07Z
2007-06-01,TIP,98.849998,207300,2026-09-05T01:17:07Z
2007-06-01,TLT,85.589996,1694300,2026-09-05T01:17:07Z
2007-06-01,VNQ,79.059998,128100,2026-09-05T01:17:07Z
2007-06-01,VWO,89.290001,653800,2026-09-05T01:17:07Z
2007-06-04,BIL,45.820000,1050,2026-09-05T01:17:07Z
2007-06-04,DBC,25.930000,408200,2026-09-05T01:17:07Z
2007-06-04,IEF,81.250000,139200,2026-09-05T01:17:07Z
2007-06-04,IWM,84.790001,52419900,2026-09-05T01:17:07Z
2007-06-04,SPY,154.100006,78008800,2026-09-05T01:17:07Z
2007-06-04,TIP,99.110001,174500,2026-09-05T01:17:07Z
2007-06-04,TLT,85.980003,877700,2026-09-05T01:17:07Z
2007-06-04,VNQ,79.379997,222700,2026-09-05T01:17:07Z
2007-06-04,VWO,89.019997,620200,2026-09-05T01:17:07Z
2007-06-05,BIL,45.820000,3750,2026-09-05T01:17:07Z
2007-06-05,DBC,25.830000,325000,2026-09-05T01:17:07Z
2007-06-05,IEF,80.989998,351500,2026-09-05T01:17:07Z
2007-06-05,IWM,84.449997,84623400,2026-09-05T01:17:07Z
2007-06-05,SPY,153.490005,126917900,2026-09-05T01:17:07Z
2007-06-05,TIP,98.750000,156200,2026-09-05T01:17:07Z
2007-06-05,TLT,85.440002,1145400,2026-09-05T01:17:07Z
2007-06-05,VNQ,78.120003,126300,2026-09-05T01:17:07Z
2007-06-05,VWO,88.529999,354000,2026-09-05T01:17:07Z
2007-06-06,BIL,45.840000,9750,2026-09-05T01:17:07Z
2007-06-06,DBC,25.820000,208200,2026-09-05T01:17:07Z
2007-06-06,IEF,81.029999,266800,2026-09-05T01:17:07Z
2007-06-06,IWM,83.510002,95052800,2026-09-05T01:17:07Z
2007-06-06,SPY,151.839996,164096800,2026-09-05T01:17:07Z
2007-06-06,TIP,98.830002,143200,2026-09-05T01:17:07Z
2007-06-06,TLT,85.400002,1129200,2026-09-05T01:17:07Z
2007-06-06,VNQ,77.589996,74000,2026-09-05T01:17:07Z
2007-06-06,VWO,87.070000,504000,2026-09-05T01:17:07Z
2007-06-07,BIL,45.830002,12150,2026-09-05T01:17:07Z
2007-06-07,DBC,25.950001,291800,2026-09-05T01:17:07Z
2007-06-07,IEF,80.220001,472300,2026-09-05T01:17:07Z
2007-06-07,IWM,81.779999,113824100,2026-09-05T01:17:07Z
2007-06-07,SPY,149.100006,232414600,2026-09-05T01:17:07Z
2007-06-07,TIP,97.970001,396800,2026-09-05T01:17:07Z
2007-06-07,TLT,83.870003,5010400,2026-09-05T01:17:07Z
2007-06-07,VNQ,75.150002,206300,2026-09-05T01:17:07Z
2007-06-07,VWO,85.529999,834800,2026-09-05T01:17:07Z
2007-06-08,BIL,45.840000,7850,2026-09-05T01:17:07Z
2007-06-08,DBC,25.490000,909800,2026-09-05T01:17:07Z
2007-06-08,IEF,80.370003,409900,2026-09-05T01:17:07Z
2007-06-08,IWM,82.849998,86239400,2026-09-05T01:17:07Z
2007-06-08,SPY,151.039993,175886000,2026-09-05T01:17:07Z
2007-06-08,TIP,98.150002,287400,2026-09-05T01:17:07Z
2007-06-08,TLT,83.800003,5307600,2026-09-05T01:17:07Z
2007-06-08,VNQ,76.050003,160900,2026-09-05T01:17:07Z
2007-06-08,VWO,87.540001,716000,2026-09-05T01:17:07Z
2007-06-11,BIL,45.860001,2400,2026-09-05T01:17:07Z
2007-06-11,DBC,25.980000,138100,2026-09-05T01:17:07Z
2007-06-11,IEF,80.160004,198300,2026-09-05T01:17:07Z
2007-06-11,IWM,82.870003,68082100,2026-09-05T01:17:07Z
2007-06-11,SPY,151.300003,102015600,2026-09-05T01:17:07Z
2007-06-11,TIP,97.940002,185800,2026-09-05T01:17:07Z
2007-06-11,TLT,83.559998,2043800,2026-09-05T01:17:07Z
2007-06-11,VNQ,74.910004,172200,2026-09-05T01:17:07Z
2007-06-11,VWO,87.800003,492600,2026-09-05T01:17:07Z
2007-06-12,BIL,45.820000,3900,2026-09-05T01:17:07Z
2007-06-12,DBC,25.910000,124400,2026-09-05T01:17:07Z
2007-06-12,IEF,79.589996,698800,2026-09-05T01:17:07Z
2007-06-12,IWM,81.500000,115376300,2026-09-05T01:17:07Z
2007-06-12,SPY,149.649994,233898000,2026-09-05T01:17:07Z
2007-06-12,TIP,97.330002,313100,2026-09-05T01:17:07Z
2007-06-12,TLT,82.349998,9043900,2026-09-05T01:17:07Z
2007-06-12,VNQ,73.610001,273900,2026-09-05T01:17:07Z
2007-06-12,VWO,86.370003,539600,2026-09-05T01:17:07Z
2007-06-13,BIL,45.860001,3750,2026-09-05T01:17:07Z
2007-06-13,DBC,26.240000,395000,2026-09-05T01:17:07Z
2007-06-13,IEF,79.849998,514600,2026-09-05T01:17:07Z
2007-06-13,IWM,82.589996,118706700,2026-09-05T01:17:07Z
2007-06-13,SPY,151.889999,193208200,2026-09-05T01:17:07Z
2007-06-13,TIP,97.690002,362200,2026-09-05T01:17:07Z
2007-06-13,TLT,83.330002,8751200,2026-09-05T01:17:07Z
2007-06-13,VNQ,75.239998,105100,2026-09-05T01:17:07Z
2007-06-13,VWO,88.290001,606000,2026-09-05T01:17:07Z
2007-06-14,BIL,45.880001,13400,2026-09-05T01:17:07Z
2007-06-14,DBC,26.490000,2681200,2026-09-05T01:17:07Z
2007-06-14,IEF,79.870003,207300,2026-09-05T01:17:07Z
2007-06-14,IWM,83.339996,79451800,2026-09-05T01:17:07Z
2007-06-14,SPY,152.860001,146396500,2026-09-05T01:17:07Z
2007-06-14,TIP,97.750000,235900,2026-09-05T01:17:07Z
2007-06-14,TLT,83.120003,3384700,2026-09-05T01:17:07Z
2007-06-14,VNQ,74.430000,71600,2026-09-05T01:17:07Z
2007-06-14,VWO,89.660004,1722800,2026-09-05T01:17:07Z
2007-06-15,BIL,45.919998,1050,2026-09-05T01:17:07Z
2007-06-15,DBC,26.650000,321500,2026-09-05T01:17:07Z
2007-06-15,IEF,80.220001,594800,2026-09-05T01:17:07Z
2007-06-15,IWM,84.330002,83706500,2026-09-05T01:17:07Z
2007-06-15,SPY,153.070007,154030800,2026-09-05T01:17:07Z
2007-06-15,TIP,98.040001,262600,2026-09-05T01:17:07Z
2007-06-15,TLT,83.690002,5827200,2026-09-05T01:17:07Z
2007-06-15,VNQ,75.250000,178100,2026-09-05T01:17:07Z
2007-06-15,VWO,91.199997,498600,2026-09-05T01:17:07Z
2007-06-18,BIL,45.930000,28000,2026-09-05T01:17:07Z
2007-06-18,DBC,26.650000,259600,2026-09-05T01:17:07Z
2007-06-18,IEF,80.180000,413500,2026-09-05T01:17:07Z
2007-06-18,IWM,84.169998,60117800,2026-09-05T01:17:07Z
2007-06-18,SPY,152.889999,88537500,2026-09-05T01:17:07Z
2007-06-18,TIP,97.959999,185900,2026-09-05T01:17:07Z
2007-06-18,TLT,83.519997,17704600,2026-09-05T01:17:07Z
2007-06-18,VNQ,74.089996,154200,2026-09-05T01:17:07Z
2007-06-18,VWO,91.930000,497200,2026-09-05T01:17:07Z
2007-06-19,BIL,45.930000,850,2026-09-05T01:17:07Z
2007-06-19,DBC,26.389999,347400,2026-09-05T01:17:07Z
2007-06-19,IEF,80.570000,460100,2026-09-05T01:17:07Z
2007-06-19,IWM,84.389999,65541300,2026-09-05T01:17:07Z
2007-06-19,SPY,153.270004,110851700,2026-09-05T01:17:07Z
2007-06-19,TIP,98.480003,483200,2026-09-05T01:17:07Z
2007-06-19,TLT,84.300003,4620100,2026-09-05T01:17:07Z
2007-06-19,VNQ,74.230003,175900,2026-09-05T01:17:07Z
2007-06-19,VWO,92.110001,480600,2026-09-05T01:17:07Z
2007-06-20,BIL,45.939999,3100,2026-09-05T01:17:07Z
2007-06-20,DBC,26.420000,247600,2026-09-05T01:17:07Z
2007-06-20,IEF,80.309998,152900,2026-09-05T01:17:07Z
2007-06-20,IWM,82.930000,86929200,2026-09-05T01:17:07Z
2007-06-20,SPY,151.139999,177119700,2026-09-05T01:17:07Z
2007-06-20,TIP,98.110001,247600,2026-09-05T01:17:07Z
2007-06-20,TLT,83.620003,3031700,2026-09-05T01:17:07Z
2007-06-20,VNQ,72.000000,73500,2026-09-05T01:17:07Z
2007-06-20,VWO,91.470001,882000,2026-09-05T01:17:07Z
2007-06-21,BIL,45.939999,850,2026-09-05T01:17:07Z
2007-06-21,DBC,26.299999,238100,2026-09-05T01:17:07Z
2007-06-21,IEF,80.209999,276700,2026-09-05T01:17:07Z
2007-06-21,IWM,83.580002,97110200,2026-09-05T01:17:07Z
2007-06-21,SPY,151.979996,205262000,2026-09-05T01:17:07Z
2007-06-21,TIP,98.070000,149500,2026-09-05T01:17:07Z
2007-06-21,TLT,83.220001,850400,2026-09-05T01:17:07Z
2007-06-21,VNQ,72.400002,346500,2026-09-05T01:17:07Z
2007-06-21,VWO,92.500000,828400,2026-09-05T01:17:07Z
2007-06-22,BIL,45.980000,2200,2026-09-05T01:17:07Z
2007-06-22,DBC,26.240000,783200,2026-09-05T01:17:07Z
2007-06-22,IEF,80.449997,246000,2026-09-05T01:17:07Z
2007-06-22,IWM,82.919998,93984100,2026-09-05T01:17:07Z
2007-06-22,SPY,150.550003,204964700,2026-09-05T01:17:07Z
2007-06-22,TIP,98.470001,183200,2026-09-05T01:17:07Z
2007-06-22,TLT,83.760002,2118900,2026-09-05T01:17:07Z
2007-06-22,VNQ,72.129997,110800,2026-09-05T01:17:07Z
2007-06-22,VWO,91.199997,653800,2026-09-05T01:17:07Z
2007-06-25,BIL,45.959999,29700,2026-09-05T01:17:07Z
2007-06-25,DBC,26.139999,397300,2026-09-05T01:17:07Z
2007-06-25,IEF,80.709999,253200,2026-09-05T01:17:07Z
2007-06-25,IWM,82.489998,108393200,2026-09-05T01:17:07Z
2007-06-25,SPY,149.830002,232014400,2026-09-05T01:17:07Z
2007-06-25,TIP,98.699997,253700,2026-09-05T01:17:07Z
2007-06-25,TLT,84.220001,1323500,2026-09-05T01:17:07Z
2007-06-25,VNQ,70.070000,381600,2026-09-05T01:17:07Z
2007-06-25,VWO,90.440002,464400,2026-09-05T01:17:07Z
2007-06-26,BIL,45.970001,5100,2026-09-05T01:17:07Z
2007-06-26,DBC,25.840000,283000,2026-09-05T01:17:07Z
2007-06-26,IEF,80.730003,141000,2026-09-05T01:17:07Z
2007-06-26,IWM,81.879997,91436900,2026-09-05T01:17:07Z
2007-06-26,SPY,148.289993,198445700,2026-09-05T01:17:07Z
2007-06-26,TIP,98.500000,173800,2026-09-05T01:17:07Z
2007-06-26,TLT,84.239998,2187800,2026-09-05T01:17:07Z
2007-06-26,VNQ,69.800003,210800,2026-09-05T01:17:07Z
2007-06-26,VWO,90.000000,527400,2026-09-05T01:17:07Z
2007-06-27,BIL,45.959999,8200,2026-09-05T01:17:07Z
2007-06-27,DBC,25.799999,219300,2026-09-05T01:17:07Z
2007-06-27,IEF,80.720001,218600,2026-09-05T01:17:07Z
2007-06-27,IWM,83.589996,127640800,2026-09-05T01:17:07Z
2007-06-27,SPY,150.399994,213638000,2026-09-05T01:17:07Z
2007-06-27,TIP,98.550003,112500,2026-09-05T01:17:07Z
2007-06-27,TLT,84.320000,6109300,2026-09-05T01:17:07Z
2007-06-27,VNQ,71.589996,196400,2026-09-05T01:17:07Z
2007-06-27,VWO,91.169998,497600,2026-09-05T01:17:07Z
2007-06-28,BIL,45.980000,900,2026-09-05T01:17:07Z
2007-06-28,DBC,25.719999,280700,2026-09-05T01:17:07Z
2007-06-28,IEF,80.669998,436800,2026-09-05T01:17:07Z
2007-06-28,IWM,83.419998,87866200,2026-09-05T01:17:07Z
2007-06-28,SPY,150.380005,157705000,2026-09-05T01:17:07Z
2007-06-28,TIP,98.389999,162800,2026-09-05T01:17:07Z
2007-06-28,TLT,84.300003,3612500,2026-09-05T01:17:07Z
2007-06-28,VNQ,71.220001,117100,2026-09-05T01:17:07Z
2007-06-28,VWO,91.180000,424400,2026-09-05T01:17:07Z
2007-06-29,BIL,46.000000,5650,2026-09-05T01:17:07Z
2007-06-29,DBC,25.700001,258100,2026-09-05T01:17:07Z
2007-06-29,IEF,81.089996,374700,2026-09-05T01:17:07Z
2007-06-29,IWM,82.900002,110203200,2026-09-05T01:17:07Z
2007-06-29,SPY,150.429993,199701800,2026-09-05T01:17:07Z
2007-06-29,TIP,98.970001,147200,2026-09-05T01:17:07Z
2007-06-29,TLT,85.169998,1962200,2026-09-05T01:17:07Z
2007-06-29,VNQ,70.949997,195300,2026-09-05T01:17:07Z
2007-06-29,VWO,91.290001,455200,2026-09-05T01:17:07Z
2007-07-02,BIL,45.810001,13050,2026-09-05T01:17:07Z
2007-07-02,DBC,25.860001,810100,2026-09-05T01:17:07Z
2007-07-02,IEF,80.900002,1030600,2026-09-05T01:17:07Z
2007-07-02,IWM,83.970001,56318400,2026-09-05T01:17:07Z
2007-07-02,SPY,151.789993,103357000,2026-09-05T01:17:07Z
2007-07-02,TIP,98.830002,239400,2026-09-05T01:17:07Z
2007-07-02,TLT,85.290001,2811700,2026-09-05T01:17:07Z
2007-07-02,VNQ,72.589996,217100,2026-09-05T01:17:07Z
2007-07-02,VWO,93.180000,3319200,2026-09-05T01:17:07Z
2007-07-03,BIL,45.810001,3000,2026-09-05T01:17:07Z
2007-07-03,DBC,25.889999,185500,2026-09-05T01:17:07Z
2007-07-03,IEF,80.660004,169200,2026-09-05T01:17:07Z
2007-07-03,IWM,84.370003,34591600,2026-09-05T01:17:07Z
2007-07-03,SPY,152.339996,54048400,2026-09-05T01:17:07Z
2007-07-03,TIP,98.430000,176300,2026-09-05T01:17:07Z
2007-07-03,TLT,84.769997,1387500,2026-09-05T01:17:07Z
2007-07-03,VNQ,72.389999,92000,2026-09-05T01:17:07Z
2007-07-03,VWO,94.190002,866000,2026-09-05T01:17:07Z
2007-07-05,BIL,45.810001,5450,2026-09-05T01:17:07Z
2007-07-05,DBC,26.129999,250500,2026-09-05T01:17:07Z
2007-07-05,IEF,80.209999,269000,2026-09-05T01:17:07Z
2007-07-05,IWM,84.510002,47326500,2026-09-05T01:17:07Z
2007-07-05,SPY,152.179993,89279000,2026-09-05T01:17:07Z
2007-07-05,TIP,98.019997,149400,2026-09-05T01:17:07Z
2007-07-05,TLT,83.820000,4586800,2026-09-05T01:17:07Z
2007-07-05,VNQ,73.480003,129100,2026-09-05T01:17:07Z
2007-07-05,VWO,94.919998,3051200,2026-09-05T01:17:07Z
2007-07-06,BIL,45.830002,3800,2026-09-05T01:17:07Z
2007-07-06,DBC,26.350000,332500,2026-09-05T01:17:07Z
2007-07-06,IEF,80.019997,468100,2026-09-05T01:17:07Z
2007-07-06,IWM,84.800003,40975100,2026-09-05T01:17:07Z
2007-07-06,SPY,152.979996,81109000,2026-09-05T01:17:07Z
2007-07-06,TIP,97.809998,103500,2026-09-05T01:17:07Z
2007-07-06,TLT,83.480003,1437800,2026-09-05T01:17:07Z
2007-07-06,VNQ,73.389999,110800,2026-09-05T01:17:07Z
2007-07-06,VWO,96.209999,693000,2026-09-05T01:17:07Z
2007-07-09,BIL,45.840000,3950,2026-09-05T01:17:07Z
2007-07-09,DBC,26.290001,156000,2026-09-05T01:17:07Z
2007-07-09,IEF,80.309998,118900,2026-09-05T01:17:07Z
2007-07-09,IWM,84.720001,56954300,2026-09-05T01:17:07Z
2007-07-09,SPY,153.100006,72348100,2026-09-05T01:17:07Z
2007-07-09,TIP,98.120003,126300,2026-09-05T01:17:07Z
2007-07-09,TLT,83.779999,795400,2026-09-05T01:17:07Z
2007-07-09,VNQ,73.339996,64600,2026-09-05T01:17:07Z
2007-07-09,VWO,96.949997,857600,2026-09-05T01:17:07Z
2007-07-10,BIL,45.849998,5250,2026-09-05T01:17:07Z
2007-07-10,DBC,26.480000,228400,2026-09-05T01:17:07Z
2007-07-10,IEF,80.860001,191300,2026-09-05T01:17:07Z
2007-07-10,IWM,83.330002,101069100,2026-09-05T01:17:07Z
2007-07-10,SPY,150.919998,180362600,2026-09-05T01:17:07Z
2007-07-10,TIP,98.900002,166300,2026-09-05T01:17:07Z
2007-07-10,TLT,85.199997,2258000,2026-09-05T01:17:07Z
2007-07-10,VNQ,71.480003,119300,2026-09-05T01:17:07Z
2007-07-10,VWO,95.250000,742600,2026-09-05T01:17:07Z
2007-07-11,BIL,45.849998,9100,2026-09-05T01:17:07Z
2007-07-11,DBC,26.540001,194400,2026-09-05T01:17:07Z
2007-07-11,IEF,80.580002,218100,2026-09-05T01:17:07Z
2007-07-11,IWM,83.830002,82880600,2026-09-05T01:17:07Z
2007-07-11,SPY,151.990005,175607600,2026-09-05T01:17:07Z
2007-07-11,TIP,98.470001,100300,2026-09-05T01:17:07Z
2007-07-11,TLT,84.320000,1191300,2026-09-05T01:17:07Z
2007-07-11,VNQ,71.339996,138700,2026-09-05T01:17:07Z
2007-07-11,VWO,95.970001,963400,2026-09-05T01:17:07Z
2007-07-12,BIL,45.860001,14700,2026-09-05T01:17:07Z
2007-07-12,DBC,26.610001,282400,2026-09-05T01:17:07Z
2007-07-12,IEF,80.349998,309700,2026-09-05T01:17:07Z
2007-07-12,IWM,84.820000,71638400,2026-09-05T01:17:07Z
2007-07-12,SPY,154.389999,133882500,2026-09-05T01:17:07Z
2007-07-12,TIP,98.139999,221400,2026-09-05T01:17:07Z
2007-07-12,TLT,84.029999,1941200,2026-09-05T01:17:07Z
2007-07-12,VNQ,72.260002,92000,2026-09-05T01:17:07Z
2007-07-12,VWO,98.480003,552200,2026-09-05T01:17:07Z
2007-07-13,BIL,45.869999,13050,2026-09-05T01:17:07Z
2007-07-13,DBC,26.650000,168200,2026-09-05T01:17:07Z
2007-07-13,IEF,80.529999,157400,2026-09-05T01:17:07Z
2007-07-13,IWM,84.900002,43138400,2026-09-05T01:17:07Z
2007-07-13,SPY,154.850006,111794300,2026-09-05T01:17:07Z
2007-07-13,TIP,98.290001,143600,2026-09-05T01:17:07Z
2007-07-13,TLT,84.260002,725900,2026-09-05T01:17:07Z
2007-07-13,VNQ,72.949997,107200,2026-09-05T01:17:07Z
2007-07-13,VWO,99.160004,478000,2026-09-05T01:17:07Z
2007-07-16,BIL,45.880001,16150,2026-09-05T01:17:07Z
2007-07-16,DBC,26.180000,316800,2026-09-05T01:17:07Z
2007-07-16,IEF,80.849998,154100,2026-09-05T01:17:07Z
2007-07-16,IWM,84.480003,77268800,2026-09-05T01:17:07Z
2007-07-16,SPY,154.830002,98378700,2026-09-05T01:17:07Z
2007-07-16,TIP,98.589996,100200,2026-09-05T01:17:07Z
2007-07-16,TLT,85.070000,952000,2026-09-05T01:17:07Z
2007-07-16,VNQ,72.339996,88200,2026-09-05T01:17:07Z
2007-07-16,VWO,97.720001,1174600,2026-09-05T01:17:07Z
2007-07-17,BIL,45.900002,46500,2026-09-05T01:17:07Z
2007-07-17,DBC,26.020000,423200,2026-09-05T01:17:07Z
2007-07-17,IEF,80.680000,136600,2026-09-05T01:17:07Z
2007-07-17,IWM,84.540001,57654400,2026-09-05T01:17:07Z
2007-07-17,SPY,154.750000,126201300,2026-09-05T01:17:07Z
2007-07-17,TIP,98.510002,152000,2026-09-05T01:17:07Z
2007-07-17,TLT,84.889999,734200,2026-09-05T01:17:07Z
2007-07-17,VNQ,72.080002,123700,2026-09-05T01:17:07Z
2007-07-17,VWO,97.949997,960800,2026-09-05T01:17:07Z
2007-07-18,BIL,45.889999,5450,2026-09-05T01:17:07Z
2007-07-18,DBC,26.320000,230600,2026-09-05T01:17:07Z
2007-07-18,IEF,80.970001,215700,2026-09-05T01:17:07Z
2007-07-18,IWM,84.269997,97201600,2026-09-05T01:17:07Z
2007-07-18,SPY,154.470001,237887400,2026-09-05T01:17:07Z
2007-07-18,TIP,98.889999,150600,2026-09-05T01:17:07Z
2007-07-18,TLT,85.209999,1836800,2026-09-05T01:17:07Z
2007-07-18,VNQ,71.919998,136500,2026-09-05T01:17:07Z
2007-07-18,VWO,97.589996,819800,2026-09-05T01:17:07Z
2007-07-19,BIL,45.900002,13900,2026-09-05T01:17:07Z
2007-07-19,DBC,26.410000,107600,2026-09-05T01:17:07Z
2007-07-19,IEF,80.959999,200600,2026-09-05T01:17:07Z
2007-07-19,IWM,84.510002,61461700,2026-09-05T01:17:07Z
2007-07-19,SPY,155.070007,145212700,2026-09-05T01:17:07Z
2007-07-19,TIP,99.010002,121600,2026-09-05T01:17:07Z
2007-07-19,TLT,85.190002,1021000,2026-09-05T01:17:07Z
2007-07-19,VNQ,72.190002,76900,2026-09-05T01:17:07Z
2007-07-19,VWO,98.500000,589200,2026-09-05T01:17:07Z
2007-07-20,BIL,45.919998,8000,2026-09-05T01:17:07Z
2007-07-20,DBC,26.400000,252200,2026-09-05T01:17:07Z
2007-07-20,IEF,81.360001,463300,2026-09-05T01:17:07Z
2007-07-20,IWM,83.250000,154037700,2026-09-05T01:17:07Z
2007-07-20,SPY,153.500000,245502500,2026-09-05T01:17:07Z
2007-07-20,TIP,99.389999,145600,2026-09-05T01:17:07Z
2007-07-20,TLT,85.959999,1459900,2026-09-05T01:17:07Z
2007-07-20,VNQ,70.930000,157100,2026-09-05T01:17:07Z
2007-07-20,VWO,98.239998,841400,2026-09-05T01:17:07Z
2007-07-23,BIL,45.919998,6950,2026-09-05T01:17:07Z
2007-07-23,DBC,26.280001,220300,2026-09-05T01:17:07Z
2007-07-23,IEF,81.330002,327500,2026-09-05T01:17:07Z
2007-07-23,IWM,82.940002,67737500,2026-09-05T01:17:07Z
2007-07-23,SPY,153.970001,121183900,2026-09-05T01:17:07Z
2007-07-23,TIP,99.180000,380300,2026-09-05T01:17:07Z
2007-07-23,TLT,85.820000,777900,2026-09-05T01:17:07Z
2007-07-23,VNQ,69.699997,134300,2026-09-05T01:17:07Z
2007-07-23,VWO,100.550003,547800,2026-09-05T01:17:07Z
2007-07-24,BIL,45.919998,9350,2026-09-05T01:17:07Z
2007-07-24,DBC,26.080000,189600,2026-09-05T01:17:07Z
2007-07-24,IEF,81.550003,251200,2026-09-05T01:17:07Z
2007-07-24,IWM,81.000000,158240800,2026-09-05T01:17:07Z
2007-07-24,SPY,151.300003,256732400,2026-09-05T01:17:07Z
2007-07-24,TIP,99.489998,252400,2026-09-05T01:17:07Z
2007-07-24,TLT,86.139999,1351600,2026-09-05T01:17:07Z
2007-07-24,VNQ,68.290001,128900,2026-09-05T01:17:07Z
2007-07-24,VWO,97.570000,845200,2026-09-05T01:17:07Z
2007-07-25,BIL,45.930000,9800,2026-09-05T01:17:07Z
2007-07-25,DBC,26.309999,274200,2026-09-05T01:17:07Z
2007-07-25,IEF,81.660004,409500,2026-09-05T01:17:07Z
2007-07-25,IWM,80.699997,164307600,2026-09-05T01:17:07Z
2007-07-25,SPY,151.610001,265214500,2026-09-05T01:17:07Z
2007-07-25,TIP,99.790001,135100,2026-09-05T01:17:07Z
2007-07-25,TLT,86.309998,881100,2026-09-05T01:17:07Z
2007-07-25,VNQ,67.550003,262800,2026-09-05T01:17:07Z
2007-07-25,VWO,98.760002,777000,2026-09-05T01:17:07Z
2007-07-26,BIL,45.939999,41050,2026-09-05T01:17:07Z
2007-07-26,DBC,26.030001,227400,2026-09-05T01:17:07Z
2007-07-26,IEF,82.309998,391800,2026-09-05T01:17:07Z
2007-07-26,IWM,78.540001,244724700,2026-09-05T01:17:07Z
2007-07-26,SPY,148.020004,467592500,2026-09-05T01:17:07Z
2007-07-26,TIP,100.260002,444900,2026-09-05T01:17:07Z
2007-07-26,TLT,87.029999,2866400,2026-09-05T01:17:07Z
2007-07-26,VEA,47.900002,101000,2026-09-05T01:17:07Z
2007-07-26,VNQ,66.309998,317500,2026-09-05T01:17:07Z
2007-07-26,VWO,93.320000,2002800,2026-09-05T01:17:07Z
2007-07-27,BIL,45.959999,153800,2026-09-05T01:17:07Z
2007-07-27,DBC,26.280001,283200,2026-09-05T01:17:07Z
2007-07-27,IEF,82.470001,305800,2026-09-05T01:17:07Z
2007-07-27,IWM,76.629997,202037300,2026-09-05T01:17:07Z
2007-07-27,SPY,145.110001,422987600,2026-09-05T01:17:07Z
2007-07-27,TIP,100.410004,308600,2026-09-05T01:17:07Z
2007-07-27,TLT,87.279999,5367800,2026-09-05T01:17:07Z
2007-07-27,VEA,47.169998,579000,2026-09-05T01:17:07Z
2007-07-27,VNQ,64.110001,252000,2026-09-05T01:17:07Z
2007-07-27,VWO,92.300003,1201200,2026-09-05T01:17:07Z
2007-07-30,BIL,45.919998,10300,2026-09-05T01:17:07Z
2007-07-30,DBC,25.980000,181900,2026-09-05T01:17:07Z
2007-07-30,IEF,82.260002,279600,2026-09-05T01:17:07Z
2007-07-30,IWM,77.959999,149169600,2026-09-05T01:17:07Z
2007-07-30,SPY,147.380005,283017500,2026-09-05T01:17:07Z
2007-07-30,TIP,100.300003,260900,2026-09-05T01:17:07Z
2007-07-30,TLT,87.029999,1803900,2026-09-05T01:17:07Z
2007-07-30,VEA,47.959999,298400,2026-09-05T01:17:07Z
2007-07-30,VNQ,65.349998,197200,2026-09-05T01:17:07Z
2007-07-30,VWO,95.849998,1130800,2026-09-05T01:17:07Z
2007-07-31,BIL,45.980000,54000,2026-09-05T01:17:07Z
2007-07-31,DBC,26.190001,388600,2026-09-05T01:17:07Z
2007-07-31,IEF,82.599998,417200,2026-09-05T01:17:07Z
2007-07-31,IWM,77.099998,187777400,2026-09-05T01:17:07Z
2007-07-31,SPY,145.720001,316976700,2026-09-05T01:17:07Z
2007-07-31,TIP,100.800003,327600,2026-09-05T01:17:07Z
2007-07-31,TLT,87.660004,2467600,2026-09-05T01:17:07Z
2007-07-31,VEA,47.900002,210400,2026-09-05T01:17:07Z
2007-07-31,VNQ,65.089996,552700,2026-09-05T01:17:07Z
2007-07-31,VWO,94.500000,1339200,2026-09-05T01:17:07Z
2007-08-01,BIL,45.779999,18650,2026-09-05T01:17:07Z
2007-08-01,DBC,26.150000,465000,2026-09-05T01:17:07Z
2007-08-01,IEF,82.050003,195100,2026-09-05T01:17:07Z
2007-08-01,IWM,77.519997,185942500,2026-09-05T01:17:07Z
2007-08-01,SPY,146.429993,467670000,2026-09-05T01:17:07Z
2007-08-01,TIP,99.940002,261700,2026-09-05T01:17:07Z
2007-08-01,TLT,87.129997,2154700,2026-09-05T01:17:07Z
2007-08-01,VEA,48.099998,353900,2026-09-05T01:17:07Z
2007-08-01,VNQ,65.949997,202500,2026-09-05T01:17:07Z
2007-08-01,VWO,93.000000,1999200,2026-09-05T01:17:07Z
2007-08-02,BIL,45.790001,49750,2026-09-05T01:17:07Z
2007-08-02,DBC,26.190001,188200,2026-09-05T01:17:07Z
2007-08-02,IEF,82.110001,212100,2026-09-05T01:17:07Z
2007-08-02,IWM,78.129997,105762800,2026-09-05T01:17:07Z
2007-08-02,SPY,147.600006,294758400,2026-09-05T01:17:07Z
2007-08-02,TIP,99.989998,122500,2026-09-05T01:17:07Z
2007-08-02,TLT,87.349998,2079400,2026-09-05T01:17:07Z
2007-08-02,VEA,47.959999,251800,2026-09-05T01:17:07Z
2007-08-02,VNQ,67.040001,545600,2026-09-05T01:17:07Z
2007-08-02,VWO,93.989998,522400,2026-09-05T01:17:07Z
2007-08-03,BIL,45.770000,26200,2026-09-05T01:17:07Z
2007-08-03,DBC,25.900000,141400,2026-09-05T01:17:07Z
2007-08-03,IEF,82.639999,950100,2026-09-05T01:17:07Z
2007-08-03,IWM,75.349998,158340000,2026-09-05T01:17:07Z
2007-08-03,SPY,143.800003,359398200,2026-09-05T01:17:07Z
2007-08-03,TIP,100.300003,161000,2026-09-05T01:17:07Z
2007-08-03,TLT,87.930000,1577600,2026-09-05T01:17:07Z
2007-08-03,VEA,47.169998,309600,2026-09-05T01:17:07Z
2007-08-03,VNQ,64.449997,169300,2026-09-05T01:17:07Z
2007-08-03,VWO,90.199997,921600,2026-09-05T01:17:07Z
2007-08-06,BIL,45.820000,22300,2026-09-05T01:17:07Z
2007-08-06,DBC,25.540001,267900,2026-09-05T01:17:07Z
2007-08-06,IEF,82.309998,267900,2026-09-05T01:17:07Z
2007-08-06,IWM,76.029999,208307700,2026-09-05T01:17:07Z
2007-08-06,SPY,146.210007,324980000,2026-09-05T01:17:07Z
2007-08-06,TIP,99.639999,238600,2026-09-05T01:17:07Z
2007-08-06,TLT,87.290001,1298400,2026-09-05T01:17:07Z
2007-08-06,VEA,47.889999,232100,2026-09-05T01:17:07Z
2007-08-06,VNQ,66.699997,333300,2026-09-05T01:17:07Z
2007-08-06,VWO,92.500000,888000,2026-09-05T01:17:07Z
2007-08-07,BIL,45.830002,13950,2026-09-05T01:17:07Z
2007-08-07,DBC,25.680000,168600,2026-09-05T01:17:07Z
2007-08-07,IEF,82.300003,567300,2026-09-05T01:17:07Z
2007-08-07,IWM,77.199997,179153900,2026-09-05T01:17:07Z
2007-08-07,SPY,147.770004,232568700,2026-09-05T01:17:07Z
2007-08-07,TIP,99.650002,130200,2026-09-05T01:17:07Z
2007-08-07,TLT,87.220001,1890800,2026-09-05T01:17:07Z
2007-08-07,VEA,47.959999,181800,2026-09-05T01:17:07Z
2007-08-07,VNQ,67.070000,233700,2026-09-05T01:17:07Z
2007-08-07,VWO,92.839996,552800,2026-09-05T01:17:07Z
2007-08-08,BIL,45.810001,19750,2026-09-05T01:17:07Z
2007-08-08,DBC,25.639999,174000,2026-09-05T01:17:07Z
2007-08-08,IEF,81.730003,314600,2026-09-05T01:17:07Z
2007-08-08,IWM,79.519997,259607000,2026-09-05T01:17:07Z
2007-08-08,SPY,149.830002,274930600,2026-09-05T01:17:07Z
2007-08-08,TIP,99.279999,237600,2026-09-05T01:17:07Z
2007-08-08,TLT,86.160004,6453000,2026-09-05T01:17:07Z
2007-08-08,VEA,48.680000,135700,2026-09-05T01:17:07Z
2007-08-08,VNQ,69.720001,293500,2026-09-05T01:17:07Z
2007-08-08,VWO,95.400002,1116000,2026-09-05T01:17:07Z
2007-08-09,BIL,45.849998,103150,2026-09-05T01:17:07Z
2007-08-09,DBC,25.440001,287500,2026-09-05T01:17:07Z
2007-08-09,IEF,82.190002,235600,2026-09-05T01:17:07Z
2007-08-09,IWM,77.690002,204699000,2026-09-05T01:17:07Z
2007-08-09,SPY,145.389999,357622100,2026-09-05T01:17:07Z
2007-08-09,TIP,99.599998,338600,2026-09-05T01:17:07Z
2007-08-09,TLT,86.279999,2637500,2026-09-05T01:17:07Z
2007-08-09,VEA,47.220001,195800,2026-09-05T01:17:07Z
2007-08-09,VNQ,68.949997,453700,2026-09-05T01:17:07Z
2007-08-09,VWO,91.440002,2677600,2026-09-05T01:17:07Z
2007-08-10,BIL,45.880001,112100,2026-09-05T01:17:07Z
2007-08-10,DBC,25.530001,462400,2026-09-05T01:17:07Z
2007-08-10,IEF,82.070000,685000,2026-09-05T01:17:07Z
2007-08-10,IWM,78.059998,267042500,2026-09-05T01:17:07Z
2007-08-10,SPY,144.710007,411018400,2026-09-05T01:17:07Z
2007-08-10,TIP,99.379997,179900,2026-09-05T01:17:07Z
2007-08-10,TLT,86.080002,1496400,2026-09-05T01:17:07Z
2007-08-10,VEA,46.590000,291300,2026-09-05T01:17:07Z
2007-08-10,VNQ,66.870003,193700,2026-09-05T01:17:07Z
2007-08-10,VWO,90.449997,1653800,2026-09-05T01:17:07Z
2007-08-13,BIL,45.889999,71800,2026-09-05T01:17:07Z
2007-08-13,DBC,25.350000,162200,2026-09-05T01:17:07Z
2007-08-13,IEF,82.199997,154400,2026-09-05T01:17:07Z
2007-08-13,IWM,77.639999,116492000,2026-09-05T01:17:07Z
2007-08-13,SPY,145.229996,181917200,2026-09-05T01:17:07Z
2007-08-13,TIP,99.820000,287700,2026-09-05T01:17:07Z
2007-08-13,TLT,86.330002,1312600,2026-09-05T01:17:07Z
2007-08-13,VEA,46.669998,133700,2026-09-05T01:17:07Z
2007-08-13,VNQ,66.550003,178000,2026-09-05T01:17:07Z
2007-08-13,VWO,91.000000,738400,2026-09-05T01:17:07Z
2007-08-14,BIL,45.880001,130650,2026-09-05T01:17:07Z
2007-08-14,DBC,25.430000,169800,2026-09-05T01:17:07Z
2007-08-14,IEF,82.500000,530100,2026-09-05T01:17:07Z
2007-08-14,IWM,76.309998,113169000,2026-09-05T01:17:07Z
2007-08-14,SPY,143.009995,264134500,2026-09-05T01:17:07Z
2007-08-14,TIP,99.940002,318800,2026-09-05T01:17:07Z
2007-08-14,TLT,86.559998,1314700,2026-09-05T01:17:07Z
2007-08-14,VEA,46.070000,64200,2026-09-05T01:17:07Z
2007-08-14,VNQ,64.639999,440600,2026-09-05T01:17:07Z
2007-08-14,VWO,88.150002,1273000,2026-09-05T01:17:07Z
2007-08-15,BIL,45.889999,40400,2026-09-05T01:17:07Z
2007-08-15,DBC,25.620001,313100,2026-09-05T01:17:07Z
2007-08-15,IEF,82.650002,902100,2026-09-05T01:17:07Z
2007-08-15,IWM,75.199997,145850300,2026-09-05T01:17:07Z
2007-08-15,SPY,141.039993,323834000,2026-09-05T01:17:07Z
2007-08-15,TIP,99.940002,178600,2026-09-05T01:17:07Z
2007-08-15,TLT,86.250000,1101700,2026-09-05T01:17:07Z
2007-08-15,VEA,44.980000,345800,2026-09-05T01:17:07Z
2007-08-15,VNQ,63.549999,629200,2026-09-05T01:17:07Z
2007-08-15,VWO,83.809998,1479800,2026-09-05T01:17:07Z
2007-08-16,BIL,45.950001,122850,2026-09-05T01:17:07Z
2007-08-16,DBC,25.180000,455900,2026-09-05T01:17:07Z
2007-08-16,IEF,82.970001,900500,2026-09-05T01:17:07Z
2007-08-16,IWM,76.870003,347851600,2026-09-05T01:17:07Z
2007-08-16,SPY,142.100006,546743700,2026-09-05T01:17:07Z
2007-08-16,TIP,100.160004,268900,2026-09-05T01:17:07Z
2007-08-16,TLT,87.139999,2410200,2026-09-05T01:17:07Z
2007-08-16,VEA,44.770000,552000,2026-09-05T01:17:07Z
2007-08-16,VNQ,66.099998,472100,2026-09-05T01:17:07Z
2007-08-16,VWO,82.400002,2274600,2026-09-05T01:17:07Z
2007-08-17,BIL,45.980000,84750,2026-09-05T01:17:07Z
2007-08-17,DBC,25.160000,375000,2026-09-05T01:17:07Z
2007-08-17,IEF,83.029999,308400,2026-09-05T01:17:07Z
2007-08-17,IWM,78.410004,215542300,2026-09-05T01:17:07Z
2007-08-17,SPY,144.710007,388218100,2026-09-05T01:17:07Z
2007-08-17,TIP,100.489998,206300,2026-09-05T01:17:07Z
2007-08-17,TLT,86.790001,2114400,2026-09-05T01:17:07Z
2007-08-17,VEA,45.400002,403200,2026-09-05T01:17:07Z
2007-08-17,VNQ,67.599998,517700,2026-09-05T01:17:07Z
2007-08-17,VWO,85.559998,1384800,2026-09-05T01:17:07Z
2007-08-20,BIL,46.020000,19750,2026-09-05T01:17:07Z
2007-08-20,DBC,25.230000,269900,2026-09-05T01:17:07Z
2007-08-20,IEF,83.209999,926600,2026-09-05T01:17:07Z
2007-08-20,IWM,78.470001,126893400,2026-09-05T01:17:07Z
2007-08-20,SPY,144.639999,187320400,2026-09-05T01:17:07Z
2007-08-20,TIP,100.480003,181700,2026-09-05T01:17:07Z
2007-08-20,TLT,86.839996,1048700,2026-09-05T01:17:07Z
2007-08-20,VEA,45.459999,672200,2026-09-05T01:17:07Z
2007-08-20,VNQ,68.839996,367800,2026-09-05T01:17:07Z
2007-08-20,VWO,86.050003,1300800,2026-09-05T01:17:07Z
2007-08-21,BIL,46.009998,157700,2026-09-05T01:17:07Z
2007-08-21,DBC,25.190001,315800,2026-09-05T01:17:07Z
2007-08-21,IEF,83.570000,459200,2026-09-05T01:17:07Z
2007-08-21,IWM,78.690002,92754900,2026-09-05T01:17:07Z
2007-08-21,SPY,144.929993,157066400,2026-09-05T01:17:07Z
2007-08-21,TIP,100.830002,171200,2026-09-05T01:17:07Z
2007-08-21,TLT,87.260002,1517200,2026-09-05T01:17:07Z
2007-08-21,VEA,45.450001,41200,2026-09-05T01:17:07Z
2007-08-21,VNQ,69.160004,250600,2026-09-05T01:17:07Z
2007-08-21,VWO,85.389999,953600,2026-09-05T01:17:07Z
2007-08-22,BIL,46.009998,30000,2026-09-05T01:17:07Z
2007-08-22,DBC,25.250000,190200,2026-09-05T01:17:07Z
2007-08-22,IEF,83.300003,197000,2026-09-05T01:17:07Z
2007-08-22,IWM,79.629997,70351700,2026-09-05T01:17:07Z
2007-08-22,SPY,146.649994,173156700,2026-09-05T01:17:07Z
2007-08-22,TIP,100.599998,113400,2026-09-05T01:17:07Z
2007-08-22,TLT,87.120003,1137800,2026-09-05T01:17:07Z
2007-08-22,VEA,46.590000,96800,2026-09-05T01:17:07Z
2007-08-22,VNQ,70.000000,274700,2026-09-05T01:17:07Z
2007-08-22,VWO,88.860001,1246600,2026-09-05T01:17:07Z
2007-08-23,BIL,45.980000,40250,2026-09-05T01:17:07Z
2007-08-23,DBC,25.330000,281600,2026-09-05T01:17:07Z
2007-08-23,IEF,83.330002,234900,2026-09-05T01:17:07Z
2007-08-23,IWM,78.610001,105471500,2026-09-05T01:17:07Z
2007-08-23,SPY,146.520004,203915300,2026-09-05T01:17:07Z
2007-08-23,TIP,100.650002,117600,2026-09-05T01:17:07Z
2007-08-23,TLT,87.419998,1618800,2026-09-05T01:17:07Z
2007-08-23,VEA,46.790001,329600,2026-09-05T01:17:07Z
2007-08-23,VNQ,68.800003,277300,2026-09-05T01:17:07Z
2007-08-23,VWO,89.599998,1423400,2026-09-05T01:17:07Z
2007-08-24,BIL,45.970001,14050,2026-09-05T01:17:07Z
2007-08-24,DBC,25.629999,175100,2026-09-05T01:17:07Z
2007-08-24,IEF,83.360001,123400,2026-09-05T01:17:07Z
2007-08-24,IWM,79.629997,64735000,2026-09-05T01:17:07Z
2007-08-24,SPY,148.330002,128901900,2026-09-05T01:17:07Z
2007-08-24,TIP,100.779999,109900,2026-09-05T01:17:07Z
2007-08-24,TLT,87.849998,1614600,2026-09-05T01:17:07Z
2007-08-24,VEA,47.540001,112700,2026-09-05T01:17:07Z
2007-08-24,VNQ,69.169998,240900,2026-09-05T01:17:07Z
2007-08-24,VWO,91.620003,725600,2026-09-05T01:17:07Z
2007-08-27,BIL,45.910000,36050,2026-09-05T01:17:07Z
2007-08-27,DBC,25.660000,102300,2026-09-05T01:17:07Z
2007-08-27,IEF,83.589996,120000,2026-09-05T01:17:07Z
2007-08-27,IWM,78.529999,60380700,2026-09-05T01:17:07Z
2007-08-27,SPY,146.949997,113024300,2026-09-05T01:17:07Z
2007-08-27,TIP,100.900002,98800,2026-09-05T01:17:07Z
2007-08-27,TLT,88.309998,1585400,2026-09-05T01:17:07Z
2007-08-27,VEA,47.070000,111200,2026-09-05T01:17:07Z
2007-08-27,VNQ,67.669998,205100,2026-09-05T01:17:07Z
2007-08-27,VWO,92.050003,911000,2026-09-05T01:17:07Z
2007-08-28,BIL,45.959999,29250,2026-09-05T01:17:07Z
2007-08-28,DBC,25.389999,112200,2026-09-05T01:17:07Z
2007-08-28,IEF,84.019997,274400,2026-09-05T01:17:07Z
2007-08-28,IWM,76.550003,86275800,2026-09-05T01:17:07Z
2007-08-28,SPY,143.720001,219790700,2026-09-05T01:17:07Z
2007-08-28,TIP,101.199997,139700,2026-09-05T01:17:07Z
2007-08-28,TLT,88.459999,1298900,2026-09-05T01:17:07Z
2007-08-28,VEA,45.919998,256100,2026-09-05T01:17:07Z
2007-08-28,VNQ,65.599998,195400,2026-09-05T01:17:07Z
2007-08-28,VWO,88.400002,1122800,2026-09-05T01:17:07Z
2007-08-29,BIL,45.990002,10550,2026-09-05T01:17:07Z
2007-08-29,DBC,25.629999,264700,2026-09-05T01:17:07Z
2007-08-29,IEF,83.699997,507600,2026-09-05T01:17:07Z
2007-08-29,IWM,78.559998,70723200,2026-09-05T01:17:07Z
2007-08-29,SPY,146.539993,207654200,2026-09-05T01:17:07Z
2007-08-29,TIP,100.779999,119100,2026-09-05T01:17:07Z
2007-08-29,TLT,88.220001,2686700,2026-09-05T01:17:07Z
2007-08-29,VEA,47.139999,177400,2026-09-05T01:17:07Z
2007-08-29,VNQ,68.000000,239200,2026-09-05T01:17:07Z
2007-08-29,VWO,92.580002,658000,2026-09-05T01:17:07Z
2007-08-30,BIL,46.000000,31650,2026-09-05T01:17:07Z
2007-08-30,DBC,25.680000,182500,2026-09-05T01:17:07Z
2007-08-30,IEF,84.120003,201800,2026-09-05T01:17:07Z
2007-08-30,IWM,78.029999,63330500,2026-09-05T01:17:07Z
2007-08-30,SPY,146.149994,191817300,2026-09-05T01:17:07Z
2007-08-30,TIP,101.220001,142900,2026-09-05T01:17:07Z
2007-08-30,TLT,88.809998,1806800,2026-09-05T01:17:07Z
2007-08-30,VEA,46.799999,173300,2026-09-05T01:17:07Z
2007-08-30,VNQ,68.349998,269100,2026-09-05T01:17:07Z
2007-08-30,VWO,91.650002,734200,2026-09-05T01:17:07Z
2007-08-31,BIL,45.990002,9650,2026-09-05T01:17:07Z
2007-08-31,DBC,25.690001,122500,2026-09-05T01:17:07Z
2007-08-31,IEF,84.139999,261500,2026-09-05T01:17:07Z
2007-08-31,IWM,78.739998,47035900,2026-09-05T01:17:07Z
2007-08-31,SPY,147.589996,185477500,2026-09-05T01:17:07Z
2007-08-31,TIP,101.180000,127700,2026-09-05T01:17:07Z
2007-08-31,TLT,88.879997,2763200,2026-09-05T01:17:07Z
2007-08-31,VEA,47.860001,684900,2026-09-05T01:17:07Z
2007-08-31,VNQ,69.480003,1092000,2026-09-05T01:17:07Z
2007-08-31,VWO,94.489998,1209000,2026-09-05T01:17:07Z
2007-09-04,BIL,45.820000,10900,2026-09-05T01:17:07Z
2007-09-04,DBC,25.980000,305200,2026-09-05T01:17:07Z
2007-09-04,IEF,83.650002,281800,2026-09-05T01:17:07Z
2007-09-04,IWM,79.750000,61375400,2026-09-05T01:17:07Z
2007-09-04,SPY,149.080002,120062000,2026-09-05T01:17:07Z
2007-09-04,TIP,100.820000,154200,2026-09-05T01:17:07Z
2007-09-04,TLT,88.559998,931000,2026-09-05T01:17:07Z
2007-09-04,VEA,48.090000,136700,2026-09-05T01:17:07Z
2007-09-04,VNQ,70.400002,359600,2026-09-05T01:17:07Z
2007-09-04,VWO,95.809998,906200,2026-09-05T01:17:07Z
2007-09-05,BIL,45.830002,21400,2026-09-05T01:17:07Z
2007-09-05,DBC,26.030001,222100,2026-09-05T01:17:07Z
2007-09-05,IEF,84.169998,313300,2026-09-05T01:17:07Z
2007-09-05,IWM,79.010002,67145300,2026-09-05T01:17:07Z
2007-09-05,SPY,147.789993,166261800,2026-09-05T01:17:07Z
2007-09-05,TIP,101.290001,128300,2026-09-05T01:17:07Z
2007-09-05,TLT,89.269997,1271500,2026-09-05T01:17:07Z
2007-09-05,VEA,47.259998,90600,2026-09-05T01:17:07Z
2007-09-05,VNQ,68.709999,255600,2026-09-05T01:17:07Z
2007-09-05,VWO,93.589996,1693000,2026-09-05T01:17:07Z
2007-09-06,BIL,45.830002,14500,2026-09-05T01:17:07Z
2007-09-06,DBC,25.930000,214500,2026-09-05T01:17:07Z
2007-09-06,IEF,83.989998,267100,2026-09-05T01:17:07Z
2007-09-06,IWM,79.029999,65069100,2026-09-05T01:17:07Z
2007-09-06,SPY,148.130005,127878400,2026-09-05T01:17:07Z
2007-09-06,TIP,101.070000,90700,2026-09-05T01:17:07Z
2007-09-06,TLT,89.040001,1768400,2026-09-05T01:17:07Z
2007-09-06,VEA,47.540001,278000,2026-09-05T01:17:07Z
2007-09-06,VNQ,69.320000,181800,2026-09-05T01:17:07Z
2007-09-06,VWO,94.989998,844200,2026-09-05T01:17:07Z
2007-09-07,BIL,45.860001,16150,2026-09-05T01:17:07Z
2007-09-07,DBC,26.100000,149200,2026-09-05T01:17:07Z
2007-09-07,IEF,84.889999,410800,2026-09-05T01:17:07Z
2007-09-07,IWM,77.730003,107970400,2026-09-05T01:17:07Z
2007-09-07,SPY,146.070007,235447600,2026-09-05T01:17:07Z
2007-09-07,TIP,102.230003,174200,2026-09-05T01:17:07Z
2007-09-07,TLT,90.300003,2852200,2026-09-05T01:17:07Z
2007-09-07,VEA,46.880001,197200,2026-09-05T01:17:07Z
2007-09-07,VNQ,67.650002,330200,2026-09-05T01:17:07Z
2007-09-07,VWO,93.110001,774000,2026-09-05T01:17:07Z
2007-09-10,BIL,45.869999,35100,2026-09-05T01:17:07Z
2007-09-10,DBC,26.280001,154200,2026-09-05T01:17:07Z
2007-09-10,IEF,85.080002,238000,2026-09-05T01:17:07Z
2007-09-10,IWM,76.650002,99748500,2026-09-05T01:17:07Z
2007-09-10,SPY,145.789993,192305900,2026-09-05T01:17:07Z
2007-09-10,TIP,102.610001,362700,2026-09-05T01:17:07Z
2007-09-10,TLT,91.000000,2495200,2026-09-05T01:17:07Z
2007-09-10,VEA,46.689999,176800,2026-09-05T01:17:07Z
2007-09-10,VNQ,66.949997,188200,2026-09-05T01:17:07Z
2007-09-10,VWO,92.470001,691800,2026-09-05T01:17:07Z
2007-09-11,BIL,45.820000,10300,2026-09-05T01:17:07Z
2007-09-11,DBC,26.340000,117200,2026-09-05T01:17:07Z
2007-09-11,IEF,84.900002,123200,2026-09-05T01:17:07Z
2007-09-11,IWM,77.989998,84890600,2026-09-05T01:17:07Z
2007-09-11,SPY,147.490005,162081900,2026-09-05T01:17:07Z
2007-09-11,TIP,102.610001,136200,2026-09-05T01:17:07Z
2007-09-11,TLT,90.930000,3925400,2026-09-05T01:17:07Z
2007-09-11,VEA,47.529999,685900,2026-09-05T01:17:07Z
2007-09-11,VNQ,68.339996,369400,2026-09-05T01:17:07Z
2007-09-11,VWO,95.120003,545000,2026-09-05T01:17:07Z
2007-09-12,BIL,45.889999,3450,2026-09-05T01:17:07Z
2007-09-12,DBC,26.620001,207600,2026-09-05T01:17:07Z
2007-09-12,IEF,84.690002,147900,2026-09-05T01:17:07Z
2007-09-12,IWM,77.500000,62793300,2026-09-05T01:17:07Z
2007-09-12,SPY,147.869995,149554600,2026-09-05T01:17:07Z
2007-09-12,TIP,102.570000,108700,2026-09-05T01:17:07Z
2007-09-12,TLT,90.589996,4458300,2026-09-05T01:17:07Z
2007-09-12,VEA,47.490002,56200,2026-09-05T01:17:07Z
2007-09-12,VNQ,67.940002,107200,2026-09-05T01:17:07Z
2007-09-12,VWO,94.839996,832800,2026-09-05T01:17:07Z
2007-09-13,BIL,45.880001,25300,2026-09-05T01:17:07Z
2007-09-13,DBC,26.420000,468600,2026-09-05T01:17:07Z
2007-09-13,IEF,84.190002,178500,2026-09-05T01:17:07Z
2007-09-13,IWM,77.690002,72390100,2026-09-05T01:17:07Z
2007-09-13,SPY,148.910004,154079000,2026-09-05T01:17:07Z
2007-09-13,TIP,102.029999,132300,2026-09-05T01:17:07Z
2007-09-13,TLT,89.779999,2020600,2026-09-05T01:17:07Z
2007-09-13,VEA,47.750000,137700,2026-09-05T01:17:07Z
2007-09-13,VNQ,69.470001,133700,2026-09-05T01:17:07Z
2007-09-13,VWO,95.779999,796800,2026-09-05T01:17:07Z
2007-09-14,BIL,45.910000,32650,2026-09-05T01:17:07Z
2007-09-14,DBC,26.440001,191900,2026-09-05T01:17:07Z
2007-09-14,IEF,84.300003,160700,2026-09-05T01:17:07Z
2007-09-14,IWM,78.089996,61830800,2026-09-05T01:17:07Z
2007-09-14,SPY,148.899994,121911000,2026-09-05T01:17:07Z
2007-09-14,TIP,102.199997,139800,2026-09-05T01:17:07Z
2007-09-14,TLT,89.910004,1357200,2026-09-05T01:17:07Z
2007-09-14,VEA,47.529999,164700,2026-09-05T01:17:07Z
2007-09-14,VNQ,69.919998,427500,2026-09-05T01:17:07Z
2007-09-14,VWO,95.919998,596800,2026-09-05T01:17:07Z
2007-09-17,BIL,45.930000,17350,2026-09-05T01:17:07Z
2007-09-17,DBC,26.750000,124300,2026-09-05T01:17:07Z
2007-09-17,IEF,84.349998,237900,2026-09-05T01:17:07Z
2007-09-17,IWM,77.230003,53416800,2026-09-05T01:17:07Z
2007-09-17,SPY,148.100006,109870800,2026-09-05T01:17:07Z
2007-09-17,TIP,102.570000,144500,2026-09-05T01:17:07Z
2007-09-17,TLT,90.339996,1285400,2026-09-05T01:17:07Z
2007-09-17,VEA,46.860001,99400,2026-09-05T01:17:07Z
2007-09-17,VNQ,69.410004,107500,2026-09-05T01:17:07Z
2007-09-17,VWO,95.040001,639200,2026-09-05T01:17:07Z
2007-09-18,BIL,45.900002,232950,2026-09-05T01:17:07Z
2007-09-18,DBC,26.850000,229600,2026-09-05T01:17:07Z
2007-09-18,IEF,84.260002,344700,2026-09-05T01:17:07Z
2007-09-18,IWM,80.519997,138693800,2026-09-05T01:17:07Z
2007-09-18,SPY,152.460007,263759500,2026-09-05T01:17:07Z
2007-09-18,TIP,102.639999,225700,2026-09-05T01:17:07Z
2007-09-18,TLT,89.660004,3132800,2026-09-05T01:17:07Z
2007-09-18,VEA,48.349998,147200,2026-09-05T01:17:07Z
2007-09-18,VNQ,71.879997,154600,2026-09-05T01:17:07Z
2007-09-18,VWO,99.500000,1107600,2026-09-05T01:17:07Z
2007-09-19,BIL,45.919998,66750,2026-09-05T01:17:07Z
2007-09-19,DBC,27.080000,243600,2026-09-05T01:17:07Z
2007-09-19,IEF,83.959999,1369300,2026-09-05T01:17:07Z
2007-09-19,IWM,81.599998,114738300,2026-09-05T01:17:07Z
2007-09-19,SPY,153.360001,193779900,2026-09-05T01:17:07Z
2007-09-19,TIP,102.349998,313100,2026-09-05T01:17:07Z
2007-09-19,TLT,88.830002,3854700,2026-09-05T01:17:07Z
2007-09-19,VEA,48.860001,115100,2026-09-05T01:17:07Z
2007-09-19,VNQ,73.230003,200400,2026-09-05T01:17:07Z
2007-09-19,VWO,99.720001,1958600,2026-09-05T01:17:07Z
2007-09-20,BIL,45.889999,22250,2026-09-05T01:17:07Z
2007-09-20,DBC,27.500000,519300,2026-09-05T01:17:07Z
2007-09-20,IEF,83.010002,685800,2026-09-05T01:17:07Z
2007-09-20,IWM,80.790001,128460700,2026-09-05T01:17:07Z
2007-09-20,SPY,152.279999,175186800,2026-09-05T01:17:07Z
2007-09-20,TIP,101.199997,154000,2026-09-05T01:17:07Z
2007-09-20,TLT,87.150002,5903200,2026-09-05T01:17:07Z
2007-09-20,VEA,48.759998,378600,2026-09-05T01:17:07Z
2007-09-20,VNQ,71.330002,498400,2026-09-05T01:17:07Z
2007-09-20,VWO,99.059998,925200,2026-09-05T01:17:07Z
2007-09-21,BIL,45.910000,23450,2026-09-05T01:17:07Z
2007-09-21,DBC,27.690001,255500,2026-09-05T01:17:07Z
2007-09-21,IEF,83.430000,754900,2026-09-05T01:17:07Z
2007-09-21,IWM,80.959999,57473900,2026-09-05T01:17:07Z
2007-09-21,SPY,151.970001,141457500,2026-09-05T01:17:07Z
2007-09-21,TIP,101.599998,158600,2026-09-05T01:17:07Z
2007-09-21,TLT,87.889999,2217600,2026-09-05T01:17:07Z
2007-09-21,VEA,49.110001,212800,2026-09-05T01:17:07Z
2007-09-21,VNQ,71.839996,82600,2026-09-05T01:17:07Z
2007-09-21,VWO,100.750000,1333000,2026-09-05T01:17:07Z
2007-09-24,BIL,45.950001,57850,2026-09-05T01:17:07Z
2007-09-24,DBC,27.639999,181800,2026-09-05T01:17:07Z
2007-09-24,IEF,83.540001,236300,2026-09-05T01:17:07Z
2007-09-24,IWM,80.339996,87072300,2026-09-05T01:17:07Z
2007-09-24,SPY,151.690002,139450200,2026-09-05T01:17:07Z
2007-09-24,TIP,101.440002,201300,2026-09-05T01:17:07Z
2007-09-24,TLT,88.139999,1943600,2026-09-05T01:17:07Z
2007-09-24,VEA,49.060001,165400,2026-09-05T01:17:07Z
2007-09-24,VNQ,72.449997,131500,2026-09-05T01:17:07Z
2007-09-24,VWO,102.000000,2047000,2026-09-05T01:17:07Z
2007-09-25,BIL,45.959999,59000,2026-09-05T01:17:07Z
2007-09-25,DBC,27.440001,177500,2026-09-05T01:17:07Z
2007-09-25,IEF,83.550003,225500,2026-09-05T01:17:07Z
2007-09-25,IWM,79.820000,54940900,2026-09-05T01:17:07Z
2007-09-25,SPY,151.389999,142289900,2026-09-05T01:17:07Z
2007-09-25,TIP,101.250000,221100,2026-09-05T01:17:07Z
2007-09-25,TLT,87.830002,2513500,2026-09-05T01:17:07Z
2007-09-25,VEA,49.299999,56100,2026-09-05T01:17:07Z
2007-09-25,VNQ,70.650002,380800,2026-09-05T01:17:07Z
2007-09-25,VWO,102.089996,846000,2026-09-05T01:17:07Z
2007-09-26,BIL,45.910000,21250,2026-09-05T01:17:07Z
2007-09-26,DBC,27.480000,217500,2026-09-05T01:17:07Z
2007-09-26,IEF,83.580002,151100,2026-09-05T01:17:07Z
2007-09-26,IWM,80.519997,65425300,2026-09-05T01:17:07Z
2007-09-26,SPY,152.190002,135547000,2026-09-05T01:17:07Z
2007-09-26,TIP,101.349998,157500,2026-09-05T01:17:07Z
2007-09-26,TLT,87.910004,2646400,2026-09-05T01:17:07Z
2007-09-26,VEA,49.480000,94000,2026-09-05T01:17:07Z
2007-09-26,VNQ,71.680000,155900,2026-09-05T01:17:07Z
2007-09-26,VWO,102.849998,1196200,2026-09-05T01:17:07Z
2007-09-27,BIL,45.919998,30100,2026-09-05T01:17:07Z
2007-09-27,DBC,28.200001,249200,2026-09-05T01:17:07Z
2007-09-27,IEF,83.849998,437100,2026-09-05T01:17:07Z
2007-09-27,IWM,81.000000,63248800,2026-09-05T01:17:07Z
2007-09-27,SPY,153.089996,102713300,2026-09-05T01:17:07Z
2007-09-27,TIP,101.949997,133700,2026-09-05T01:17:07Z
2007-09-27,TLT,88.519997,1802900,2026-09-05T01:17:07Z
2007-09-27,VEA,50.070000,191900,2026-09-05T01:17:07Z
2007-09-27,VNQ,72.230003,141200,2026-09-05T01:17:07Z
2007-09-27,VWO,104.610001,1423600,2026-09-05T01:17:07Z
2007-09-28,BIL,45.900002,122600,2026-09-05T01:17:07Z
2007-09-28,DBC,28.110001,467400,2026-09-05T01:17:07Z
2007-09-28,IEF,83.879997,185600,2026-09-05T01:17:07Z
2007-09-28,IWM,80.040001,90453200,2026-09-05T01:17:07Z
2007-09-28,SPY,152.580002,133372100,2026-09-05T01:17:07Z
2007-09-28,TIP,102.029999,203100,2026-09-05T01:17:07Z
2007-09-28,TLT,88.720001,1254700,2026-09-05T01:17:07Z
2007-09-28,VEA,50.139999,258000,2026-09-05T01:17:07Z
2007-09-28,VNQ,71.459999,174800,2026-09-05T01:17:07Z
2007-09-28,VWO,103.779999,1326400,2026-09-05T01:17:07Z
2007-10-01,BIL,45.790001,21900,2026-09-05T01:17:07Z
2007-10-01,DBC,27.820000,196500,2026-09-05T01:17:07Z
2007-10-01,IEF,83.669998,510600,2026-09-05T01:17:07Z
2007-10-01,IWM,82.029999,98833600,2026-09-05T01:17:07Z
2007-10-01,SPY,154.300003,148162300,2026-09-05T01:17:07Z
2007-10-01,TIP,101.839996,240200,2026-09-05T01:17:07Z
2007-10-01,TLT,88.879997,1399400,2026-09-05T01:17:07Z
2007-10-01,VEA,50.860001,640000,2026-09-05T01:17:07Z
2007-10-01,VNQ,73.199997,884900,2026-09-05T01:17:07Z
2007-10-01,VWO,107.769997,2959600,2026-09-05T01:17:07Z
2007-10-02,BIL,45.759998,78200,2026-09-05T01:17:07Z
2007-10-02,DBC,27.260000,218300,2026-09-05T01:17:07Z
2007-10-02,IEF,83.849998,205900,2026-09-05T01:17:07Z
2007-10-02,IWM,82.559998,53654700,2026-09-05T01:17:07Z
2007-10-02,SPY,154.089996,112978800,2026-09-05T01:17:07Z
2007-10-02,TIP,101.940002,199000,2026-09-05T01:17:07Z
2007-10-02,TLT,89.160004,887800,2026-09-05T01:17:07Z
2007-10-02,VEA,50.700001,375000,2026-09-05T01:17:07Z
2007-10-02,VNQ,74.529999,205200,2026-09-05T01:17:07Z
2007-10-02,VWO,107.400002,1406200,2026-09-05T01:17:07Z
2007-10-03,BIL,45.770000,131200,2026-09-05T01:17:07Z
2007-10-03,DBC,27.290001,159400,2026-09-05T01:17:07Z
2007-10-03,IEF,83.790001,1232800,2026-09-05T01:17:07Z
2007-10-03,IWM,82.330002,56474400,2026-09-05T01:17:07Z
2007-10-03,SPY,153.779999,119055900,2026-09-05T01:17:07Z
2007-10-03,TIP,101.750000,139000,2026-09-05T01:17:07Z
2007-10-03,TLT,88.900002,1164600,2026-09-05T01:17:07Z
2007-10-03,VEA,50.419998,581100,2026-09-05T01:17:07Z
2007-10-03,VNQ,74.169998,168300,2026-09-05T01:17:07Z
2007-10-03,VWO,105.760002,844200,2026-09-05T01:17:07Z
2007-10-04,BIL,45.820000,4700,2026-09-05T01:17:07Z
2007-10-04,DBC,27.670000,273800,2026-09-05T01:17:07Z
2007-10-04,IEF,83.940002,120300,2026-09-05T01:17:07Z
2007-10-04,IWM,82.459999,35783300,2026-09-05T01:17:07Z
2007-10-04,SPY,154.020004,76864400,2026-09-05T01:17:07Z
2007-10-04,TIP,101.900002,123300,2026-09-05T01:17:07Z
2007-10-04,TLT,89.239998,1128700,2026-09-05T01:17:07Z
2007-10-04,VEA,50.639999,815600,2026-09-05T01:17:07Z
2007-10-04,VNQ,74.930000,136300,2026-09-05T01:17:07Z
2007-10-04,VWO,106.699997,787400,2026-09-05T01:17:07Z
2007-10-05,BIL,45.770000,22200,2026-09-05T01:17:07Z
2007-10-05,DBC,27.750000,167800,2026-09-05T01:17:07Z
2007-10-05,IEF,83.199997,1173000,2026-09-05T01:17:07Z
2007-10-05,IWM,84.129997,92101800,2026-09-05T01:17:07Z
2007-10-05,SPY,155.850006,134579700,2026-09-05T01:17:07Z
2007-10-05,TIP,101.300003,230100,2026-09-05T01:17:07Z
2007-10-05,TLT,88.279999,2184700,2026-09-05T01:17:07Z
2007-10-05,VEA,51.130001,405800,2026-09-05T01:17:07Z
2007-10-05,VNQ,76.690002,266300,2026-09-05T01:17:07Z
2007-10-05,VWO,109.599998,1721000,2026-09-05T01:17:07Z
2007-10-08,BIL,45.840000,8300,2026-09-05T01:17:07Z
2007-10-08,DBC,27.170000,193100,2026-09-05T01:17:07Z
2007-10-08,IEF,83.500000,129100,2026-09-05T01:17:07Z
2007-10-08,IWM,83.500000,34535400,2026-09-05T01:17:07Z
2007-10-08,SPY,155.020004,71280400,2026-09-05T01:17:07Z
2007-10-08,TIP,101.480003,127200,2026-09-05T01:17:07Z
2007-10-08,TLT,88.209999,280100,2026-09-05T01:17:07Z
2007-10-08,VEA,50.639999,245200,2026-09-05T01:17:07Z
2007-10-08,VNQ,75.239998,140900,2026-09-05T01:17:07Z
2007-10-08,VWO,108.599998,1110600,2026-09-05T01:17:07Z
2007-10-09,BIL,45.810001,364450,2026-09-05T01:17:07Z
2007-10-09,DBC,27.360001,242600,2026-09-05T01:17:07Z
2007-10-09,IEF,83.239998,184000,2026-09-05T01:17:07Z
2007-10-09,IWM,84.180000,57974000,2026-09-05T01:17:07Z
2007-10-09,SPY,156.479996,94054300,2026-09-05T01:17:07Z
2007-10-09,TIP,101.129997,141900,2026-09-05T01:17:07Z
2007-10-09,TLT,88.099998,901000,2026-09-05T01:17:07Z
2007-10-09,VEA,51.270000,183200,2026-09-05T01:17:07Z
2007-10-09,VNQ,76.080002,159300,2026-09-05T01:17:07Z
2007-10-09,VWO,109.769997,1268600,2026-09-05T01:17:07Z
2007-10-10,BIL,45.849998,21400,2026-09-05T01:17:07Z
2007-10-10,DBC,27.680000,307200,2026-09-05T01:17:07Z
2007-10-10,IEF,83.320000,298700,2026-09-05T01:17:07Z
2007-10-10,IWM,84.110001,50123200,2026-09-05T01:17:07Z
2007-10-10,SPY,156.220001,101711100,2026-09-05T01:17:07Z
2007-10-10,TIP,101.199997,224500,2026-09-05T01:17:07Z
2007-10-10,TLT,88.150002,855500,2026-09-05T01:17:07Z
2007-10-10,VEA,51.119999,202700,2026-09-05T01:17:07Z
2007-10-10,VNQ,75.550003,187600,2026-09-05T01:17:07Z
2007-10-10,VWO,110.500000,1273000,2026-09-05T01:17:07Z
2007-10-11,BIL,45.840000,10200,2026-09-05T01:17:07Z
2007-10-11,DBC,27.990000,204300,2026-09-05T01:17:07Z
2007-10-11,IEF,83.330002,264100,2026-09-05T01:17:07Z
2007-10-11,IWM,83.160004,93750000,2026-09-05T01:17:07Z
2007-10-11,SPY,155.470001,233529100,2026-09-05T01:17:07Z
2007-10-11,TIP,101.029999,135000,2026-09-05T01:17:07Z
2007-10-11,TLT,88.059998,1533400,2026-09-05T01:17:07Z
2007-10-11,VEA,51.369999,154000,2026-09-05T01:17:07Z
2007-10-11,VNQ,75.250000,111800,2026-09-05T01:17:07Z
2007-10-11,VWO,109.989998,1936800,2026-09-05T01:17:07Z
2007-10-12,BIL,45.849998,14250,2026-09-05T01:17:07Z
2007-10-12,DBC,28.120001,164900,2026-09-05T01:17:07Z
2007-10-12,IEF,83.050003,151400,2026-09-05T01:17:07Z
2007-10-12,IWM,83.820000,60997500,2026-09-05T01:17:07Z
2007-10-12,SPY,156.330002,124546700,2026-09-05T01:17:07Z
2007-10-12,TIP,100.900002,139500,2026-09-05T01:17:07Z
2007-10-12,TLT,87.629997,1133900,2026-09-05T01:17:07Z
2007-10-12,VEA,51.520000,180400,2026-09-05T01:17:07Z
2007-10-12,VNQ,74.540001,129500,2026-09-05T01:17:07Z
2007-10-12,VWO,111.650002,859200,2026-09-05T01:17:07Z
2007-10-15,BIL,45.830002,32450,2026-09-05T01:17:07Z
2007-10-15,DBC,28.600000,156700,2026-09-05T01:17:07Z
2007-10-15,IEF,83.129997,196200,2026-09-05T01:17:07Z
2007-10-15,IWM,82.849998,80770400,2026-09-05T01:17:07Z
2007-10-15,SPY,155.009995,161151900,2026-09-05T01:17:07Z
2007-10-15,TIP,100.900002,163000,2026-09-05T01:17:07Z
2007-10-15,TLT,87.650002,553300,2026-09-05T01:17:07Z
2007-10-15,VEA,51.080002,299500,2026-09-05T01:17:07Z
2007-10-15,VNQ,73.139999,205100,2026-09-05T01:17:07Z
2007-10-15,VWO,110.900002,1528400,2026-09-05T01:17:07Z
2007-10-16,BIL,45.860001,14350,2026-09-05T01:17:07Z
2007-10-16,DBC,28.629999,290400,2026-09-05T01:17:07Z
2007-10-16,IEF,83.360001,205200,2026-09-05T01:17:07Z
2007-10-16,IWM,81.900002,59345400,2026-09-05T01:17:07Z
2007-10-16,SPY,153.779999,166525700,2026-09-05T01:17:07Z
2007-10-16,TIP,101.190002,156600,2026-09-05T01:17:07Z
2007-10-16,TLT,87.680000,855500,2026-09-05T01:17:07Z
2007-10-16,VEA,50.380001,476200,2026-09-05T01:17:07Z
2007-10-16,VNQ,72.250000,205800,2026-09-05T01:17:07Z
2007-10-16,VWO,108.449997,1376400,2026-09-05T01:17:07Z
2007-10-17,BIL,45.880001,59350,2026-09-05T01:17:07Z
2007-10-17,DBC,28.480000,254100,2026-09-05T01:17:07Z
2007-10-17,IEF,83.870003,201200,2026-09-05T01:17:07Z
2007-10-17,IWM,82.220001,90253500,2026-09-05T01:17:07Z
2007-10-17,SPY,154.250000,216687300,2026-09-05T01:17:07Z
2007-10-17,TIP,101.800003,106600,2026-09-05T01:17:07Z
2007-10-17,TLT,88.639999,2377000,2026-09-05T01:17:07Z
2007-10-17,VEA,50.900002,266400,2026-09-05T01:17:07Z
2007-10-17,VNQ,72.139999,263900,2026-09-05T01:17:07Z
2007-10-17,VWO,111.650002,1691800,2026-09-05T01:17:07Z
2007-10-18,BIL,45.880001,12400,2026-09-05T01:17:07Z
2007-10-18,DBC,28.990000,337500,2026-09-05T01:17:07Z
2007-10-18,IEF,84.190002,193200,2026-09-05T01:17:07Z
2007-10-18,IWM,82.019997,68562200,2026-09-05T01:17:07Z
2007-10-18,SPY,153.690002,148367500,2026-09-05T01:17:07Z
2007-10-18,TIP,102.099998,188300,2026-09-05T01:17:07Z
2007-10-18,TLT,89.129997,1374100,2026-09-05T01:17:07Z
2007-10-18,VEA,51.020000,165100,2026-09-05T01:17:07Z
2007-10-18,VNQ,72.160004,134000,2026-09-05T01:17:07Z
2007-10-18,VWO,112.139999,1545600,2026-09-05T01:17:07Z
2007-10-19,BIL,45.919998,100550,2026-09-05T01:17:07Z
2007-10-19,DBC,28.910000,228600,2026-09-05T01:17:07Z
2007-10-19,IEF,84.910004,270500,2026-09-05T01:17:07Z
2007-10-19,IWM,79.089996,128571100,2026-09-05T01:17:07Z
2007-10-19,SPY,149.669998,297169900,2026-09-05T01:17:07Z
2007-10-19,TIP,102.970001,193600,2026-09-05T01:17:07Z
2007-10-19,TLT,90.459999,2561800,2026-09-05T01:17:07Z
2007-10-19,VEA,49.950001,365600,2026-09-05T01:17:07Z
2007-10-19,VNQ,69.089996,184500,2026-09-05T01:17:07Z
2007-10-19,VWO,106.589996,2312000,2026-09-05T01:17:07Z
2007-10-22,BIL,45.900002,185050,2026-09-05T01:17:07Z
2007-10-22,DBC,28.830000,293700,2026-09-05T01:17:07Z
2007-10-22,IEF,84.750000,218900,2026-09-05T01:17:07Z
2007-10-22,IWM,80.760002,138153000,2026-09-05T01:17:07Z
2007-10-22,SPY,150.539993,261989800,2026-09-05T01:17:07Z
2007-10-22,TIP,102.720001,139800,2026-09-05T01:17:07Z
2007-10-22,TLT,90.470001,1866500,2026-09-05T01:17:07Z
2007-10-22,VEA,49.779999,493200,2026-09-05T01:17:07Z
2007-10-22,VNQ,70.900002,246600,2026-09-05T01:17:07Z
2007-10-22,VWO,108.000000,2213200,2026-09-05T01:17:07Z
2007-10-23,BIL,45.900002,12800,2026-09-05T01:17:07Z
2007-10-23,DBC,28.629999,1101600,2026-09-05T01:17:07Z
2007-10-23,IEF,84.730003,368300,2026-09-05T01:17:07Z
2007-10-23,IWM,81.379997,84843000,2026-09-05T01:17:07Z
2007-10-23,SPY,151.759995,180085100,2026-09-05T01:17:07Z
2007-10-23,TIP,102.760002,183200,2026-09-05T01:17:07Z
2007-10-23,TLT,90.349998,1046600,2026-09-05T01:17:07Z
2007-10-23,VEA,50.599998,408300,2026-09-05T01:17:07Z
2007-10-23,VNQ,71.650002,185500,2026-09-05T01:17:07Z
2007-10-23,VWO,110.599998,1494600,2026-09-05T01:17:07Z
2007-10-24,BIL,45.919998,27500,2026-09-05T01:17:07Z
2007-10-24,DBC,28.730000,212900,2026-09-05T01:17:07Z
2007-10-24,IEF,85.160004,273300,2026-09-05T01:17:07Z
2007-10-24,IWM,80.860001,126810300,2026-09-05T01:17:07Z
2007-10-24,SPY,151.479996,326694200,2026-09-05T01:17:07Z
2007-10-24,TIP,103.150002,138700,2026-09-05T01:17:07Z
2007-10-24,TLT,91.019997,2829300,2026-09-05T01:17:07Z
2007-10-24,VEA,50.439999,197500,2026-09-05T01:17:07Z
2007-10-24,VNQ,70.449997,370600,2026-09-05T01:17:07Z
2007-10-24,VWO,109.610001,1649400,2026-09-05T01:17:07Z
2007-10-25,BIL,45.910000,12100,2026-09-05T01:17:07Z
2007-10-25,DBC,29.400000,332500,2026-09-05T01:17:07Z
2007-10-25,IEF,85.089996,169800,2026-09-05T01:17:07Z
2007-10-25,IWM,80.660004,116690000,2026-09-05T01:17:07Z
2007-10-25,SPY,151.839996,237374500,2026-09-05T01:17:07Z
2007-10-25,TIP,103.440002,143200,2026-09-05T01:17:07Z
2007-10-25,TLT,90.709999,3062200,2026-09-05T01:17:07Z
2007-10-25,VEA,50.619999,513000,2026-09-05T01:17:07Z
2007-10-25,VNQ,70.599998,310000,2026-09-05T01:17:07Z
2007-10-25,VWO,110.900002,1326800,2026-09-05T01:17:07Z
2007-10-26,BIL,45.889999,15900,2026-09-05T01:17:07Z
2007-10-26,DBC,29.850000,633700,2026-09-05T01:17:07Z
2007-10-26,IEF,84.879997,189500,2026-09-05T01:17:07Z
2007-10-26,IWM,82.010002,79290000,2026-09-05T01:17:07Z
2007-10-26,SPY,153.619995,176484000,2026-09-05T01:17:07Z
2007-10-26,TIP,103.349998,138100,2026-09-05T01:17:07Z
2007-10-26,TLT,90.500000,1366500,2026-09-05T01:17:07Z
2007-10-26,VEA,51.570000,79500,2026-09-05T01:17:07Z
2007-10-26,VNQ,71.669998,144600,2026-09-05T01:17:07Z
2007-10-26,VWO,115.139999,1150000,2026-09-05T01:17:07Z
2007-10-29,BIL,45.930000,7600,2026-09-05T01:17:07Z
2007-10-29,DBC,30.340000,435700,2026-09-05T01:17:07Z
2007-10-29,IEF,84.949997,171500,2026-09-05T01:17:07Z
2007-10-29,IWM,81.919998,56217000,2026-09-05T01:17:07Z
2007-10-29,SPY,154.130005,106841000,2026-09-05T01:17:07Z
2007-10-29,TIP,103.800003,199800,2026-09-05T01:17:07Z
2007-10-29,TLT,90.849998,881000,2026-09-05T01:17:07Z
2007-10-29,VEA,52.040001,135500,2026-09-05T01:17:07Z
2007-10-29,VNQ,70.500000,133200,2026-09-05T01:17:07Z
2007-10-29,VWO,117.089996,1794200,2026-09-05T01:17:07Z
2007-10-30,BIL,45.910000,5250,2026-09-05T01:17:07Z
2007-10-30,DBC,29.660000,283000,2026-09-05T01:17:07Z
2007-10-30,IEF,85.040001,118400,2026-09-05T01:17:07Z
2007-10-30,IWM,81.269997,59967000,2026-09-05T01:17:07Z
2007-10-30,SPY,153.059998,132981600,2026-09-05T01:17:07Z
2007-10-30,TIP,103.290001,160300,2026-09-05T01:17:07Z
2007-10-30,TLT,90.800003,1439600,2026-09-05T01:17:07Z
2007-10-30,VEA,51.660000,126000,2026-09-05T01:17:07Z
2007-10-30,VNQ,71.470001,178600,2026-09-05T01:17:07Z
2007-10-30,VWO,114.949997,1649200,2026-09-05T01:17:07Z
2007-10-31,BIL,45.919998,13200,2026-09-05T01:17:07Z
2007-10-31,DBC,30.500000,401400,2026-09-05T01:17:07Z
2007-10-31,IEF,84.470001,313300,2026-09-05T01:17:07Z
2007-10-31,IWM,82.320000,107684000,2026-09-05T01:17:07Z
2007-10-31,SPY,154.649994,220954400,2026-09-05T01:17:07Z
2007-10-31,TIP,102.800003,224900,2026-09-05T01:17:07Z
2007-10-31,TLT,89.980003,2498500,2026-09-05T01:17:07Z
2007-10-31,VEA,52.360001,247300,2026-09-05T01:17:07Z
2007-10-31,VNQ,72.959999,263600,2026-09-05T01:17:07Z
2007-10-31,VWO,117.279999,1584600,2026-09-05T01:17:07Z
2007-11-01,BIL,45.799999,32750,2026-09-05T01:17:07Z
2007-11-01,DBC,30.110001,378300,2026-09-05T01:17:07Z
2007-11-01,IEF,84.860001,219100,2026-09-05T01:17:07Z
2007-11-01,IWM,79.139999,171158000,2026-09-05T01:17:07Z
2007-11-01,SPY,151.029999,333040800,2026-09-05T01:17:07Z
2007-11-01,TIP,103.419998,160800,2026-09-05T01:17:07Z
2007-11-01,TLT,90.750000,2563400,2026-09-05T01:17:07Z
2007-11-01,VEA,51.049999,514500,2026-09-05T01:17:07Z
2007-11-01,VNQ,69.550003,278700,2026-09-05T01:17:07Z
2007-11-01,VWO,113.150002,1592600,2026-09-05T01:17:07Z
2007-11-02,BIL,45.830002,8750,2026-09-05T01:17:07Z
2007-11-02,DBC,30.760000,205100,2026-09-05T01:17:07Z
2007-11-02,IEF,85.089996,337600,2026-09-05T01:17:07Z
2007-11-02,IWM,79.529999,130182000,2026-09-05T01:17:07Z
2007-11-02,SPY,151.199997,331228200,2026-09-05T01:17:07Z
2007-11-02,TIP,104.000000,177100,2026-09-05T01:17:07Z
2007-11-02,TLT,91.040001,1927700,2026-09-05T01:17:07Z
2007-11-02,VEA,51.349998,390400,2026-09-05T01:17:07Z
2007-11-02,VNQ,68.559998,306500,2026-09-05T01:17:07Z
2007-11-02,VWO,113.750000,1562800,2026-09-05T01:17:07Z
2007-11-05,BIL,45.830002,16800,2026-09-05T01:17:07Z
2007-11-05,DBC,30.559999,368800,2026-09-05T01:17:07Z
2007-11-05,IEF,84.989998,172100,2026-09-05T01:17:07Z
2007-11-05,IWM,78.480003,98542900,2026-09-05T01:17:07Z
2007-11-05,SPY,150.050003,226841000,2026-09-05T01:17:07Z
2007-11-05,TIP,104.050003,124400,2026-09-05T01:17:07Z
2007-11-05,TLT,91.000000,1021500,2026-09-05T01:17:07Z
2007-11-05,VEA,50.759998,268000,2026-09-05T01:17:07Z
2007-11-05,VNQ,67.570000,309000,2026-09-05T01:17:07Z
2007-11-05,VWO,111.000000,1457200,2026-09-05T01:17:07Z
2007-11-06,BIL,45.830002,16800,2026-09-05T01:17:07Z
2007-11-06,DBC,31.360001,447600,2026-09-05T01:17:07Z
2007-11-06,IEF,84.839996,184100,2026-09-05T01:17:07Z
2007-11-06,IWM,79.959999,94974000,2026-09-05T01:17:07Z
2007-11-06,SPY,152.070007,177800500,2026-09-05T01:17:07Z
2007-11-06,TIP,104.059998,179900,2026-09-05T01:17:07Z
2007-11-06,TLT,90.559998,575800,2026-09-05T01:17:07Z
2007-11-06,VEA,51.480000,191100,2026-09-05T01:17:07Z
2007-11-06,VNQ,68.419998,212600,2026-09-05T01:17:07Z
2007-11-06,VWO,114.400002,1576000,2026-09-05T01:17:07Z
2007-11-07,BIL,45.860001,218850,2026-09-05T01:17:07Z
2007-11-07,DBC,31.200001,510100,2026-09-05T01:17:07Z
2007-11-07,IEF,85.150002,299700,2026-09-05T01:17:07Z
2007-11-07,IWM,77.480003,112492300,2026-09-05T01:17:07Z
2007-11-07,SPY,147.910004,306639700,2026-09-05T01:17:07Z
2007-11-07,TIP,104.120003,212500,2026-09-05T01:17:07Z
2007-11-07,TLT,90.720001,1456100,2026-09-05T01:17:07Z
2007-11-07,VEA,50.490002,634900,2026-09-05T01:17:07Z
2007-11-07,VNQ,66.290001,495200,2026-09-05T01:17:07Z
2007-11-07,VWO,110.040001,1562200,2026-09-05T01:17:07Z
2007-11-08,BIL,45.830002,147400,2026-09-05T01:17:07Z
2007-11-08,DBC,31.120001,471700,2026-09-05T01:17:07Z
2007-11-08,IEF,85.339996,1078400,2026-09-05T01:17:07Z
2007-11-08,IWM,77.709999,120883000,2026-09-05T01:17:07Z
2007-11-08,SPY,147.160004,374509900,2026-09-05T01:17:07Z
2007-11-08,TIP,104.440002,1582500,2026-09-05T01:17:07Z
2007-11-08,TLT,90.559998,2179600,2026-09-05T01:17:07Z
2007-11-08,VEA,50.830002,358900,2026-09-05T01:17:07Z
2007-11-08,VNQ,66.489998,294100,2026-09-05T01:17:07Z
2007-11-08,VWO,111.040001,3526400,2026-09-05T01:17:07Z
2007-11-09,BIL,45.869999,9400,2026-09-05T01:17:07Z
2007-11-09,DBC,31.110001,371300,2026-09-05T01:17:07Z
2007-11-09,IEF,85.849998,276700,2026-09-05T01:17:07Z
2007-11-09,IWM,76.849998,104492000,2026-09-05T01:17:07Z
2007-11-09,SPY,145.139999,277745100,2026-09-05T01:17:07Z
2007-11-09,TIP,105.349998,342700,2026-09-05T01:17:07Z
2007-11-09,TLT,91.330002,887200,2026-09-05T01:17:07Z
2007-11-09,VEA,49.639999,221900,2026-09-05T01:17:07Z
2007-11-09,VNQ,65.949997,247200,2026-09-05T01:17:07Z
2007-11-09,VWO,108.639999,1681600,2026-09-05T01:17:07Z
2007-11-12,BIL,45.889999,72400,2026-09-05T01:17:07Z
2007-11-12,DBC,30.430000,981100,2026-09-05T01:17:07Z
2007-11-12,IEF,86.000000,117900,2026-09-05T01:17:07Z
2007-11-12,IWM,76.110001,106800000,2026-09-05T01:17:07Z
2007-11-12,SPY,143.699997,243087800,2026-09-05T01:17:07Z
2007-11-12,TIP,105.690002,195400,2026-09-05T01:17:07Z
2007-11-12,TLT,91.660004,460600,2026-09-05T01:17:07Z
2007-11-12,VEA,48.849998,254500,2026-09-05T01:17:07Z
2007-11-12,VNQ,66.709999,277800,2026-09-05T01:17:07Z
2007-11-12,VWO,102.820000,2033600,2026-09-05T01:17:07Z
2007-11-13,BIL,45.880001,31400,2026-09-05T01:17:07Z
2007-11-13,DBC,29.850000,3017500,2026-09-05T01:17:07Z
2007-11-13,IEF,85.559998,125300,2026-09-05T01:17:07Z
2007-11-13,IWM,78.500000,105192100,2026-09-05T01:17:07Z
2007-11-13,SPY,148.080002,191117400,2026-09-05T01:17:07Z
2007-11-13,TIP,104.680000,251000,2026-09-05T01:17:07Z
2007-11-13,TLT,91.320000,1116600,2026-09-05T01:17:07Z
2007-11-13,VEA,50.290001,346200,2026-09-05T01:17:07Z
2007-11-13,VNQ,68.919998,175900,2026-09-05T01:17:07Z
2007-11-13,VWO,109.800003,2019200,2026-09-05T01:17:07Z
2007-11-14,BIL,45.860001,100950,2026-09-05T01:17:07Z
2007-11-14,DBC,30.520000,260300,2026-09-05T01:17:07Z
2007-11-14,IEF,85.620003,96400,2026-09-05T01:17:07Z
2007-11-14,IWM,78.050003,76347400,2026-09-05T01:17:07Z
2007-11-14,SPY,147.669998,230558800,2026-09-05T01:17:07Z
2007-11-14,TIP,104.690002,350100,2026-09-05T01:17:07Z
2007-11-14,TLT,91.419998,684400,2026-09-05T01:17:07Z
2007-11-14,VEA,50.110001,118900,2026-09-05T01:17:07Z
2007-11-14,VNQ,67.519997,311500,2026-09-05T01:17:07Z
2007-11-14,VWO,110.300003,1260200,2026-09-05T01:17:07Z
2007-11-15,BIL,45.889999,230900,2026-09-05T01:17:07Z
2007-11-15,DBC,30.219999,340300,2026-09-05T01:17:07Z
2007-11-15,IEF,86.099998,210400,2026-09-05T01:17:07Z
2007-11-15,IWM,76.940002,114145000,2026-09-05T01:17:07Z
2007-11-15,SPY,145.539993,263111100,2026-09-05T01:17:07Z
2007-11-15,TIP,104.910004,250500,2026-09-05T01:17:07Z
2007-11-15,TLT,92.279999,1312900,2026-09-05T01:17:07Z
2007-11-15,VEA,49.200001,363100,2026-09-05T01:17:07Z
2007-11-15,VNQ,67.400002,342800,2026-09-05T01:17:07Z
2007-11-15,VWO,107.800003,1619600,2026-09-05T01:17:07Z
2007-11-16,BIL,45.889999,24450,2026-09-05T01:17:07Z
2007-11-16,DBC,30.320000,179600,2026-09-05T01:17:07Z
2007-11-16,IEF,86.099998,742300,2026-09-05T01:17:07Z
2007-11-16,IWM,76.290001,123470600,2026-09-05T01:17:07Z
2007-11-16,SPY,145.789993,308770600,2026-09-05T01:17:07Z
2007-11-16,TIP,105.120003,215100,2026-09-05T01:17:07Z
2007-11-16,TLT,92.410004,1333800,2026-09-05T01:17:07Z
2007-11-16,VEA,49.389999,518900,2026-09-05T01:17:07Z
2007-11-16,VNQ,66.139999,361500,2026-09-05T01:17:07Z
2007-11-16,VWO,107.980003,1038000,2026-09-05T01:17:07Z
2007-11-19,BIL,45.910000,59150,2026-09-05T01:17:07Z
2007-11-19,DBC,30.549999,527300,2026-09-05T01:17:07Z
2007-11-19,IEF,86.720001,503500,2026-09-05T01:17:07Z
2007-11-19,IWM,74.639999,116186400,2026-09-05T01:17:07Z
2007-11-19,SPY,143.759995,267746000,2026-09-05T01:17:07Z
2007-11-19,TIP,105.980003,222400,2026-09-05T01:17:07Z
2007-11-19,TLT,93.010002,1343900,2026-09-05T01:17:07Z
2007-11-19,VEA,48.150002,341900,2026-09-05T01:17:07Z
2007-11-19,VNQ,64.699997,316900,2026-09-05T01:17:07Z
2007-11-19,VWO,105.000000,1038800,2026-09-05T01:17:07Z
2007-11-20,BIL,45.919998,40950,2026-09-05T01:17:07Z
2007-11-20,DBC,31.309999,569100,2026-09-05T01:17:07Z
2007-11-20,IEF,86.489998,378500,2026-09-05T01:17:07Z
2007-11-20,IWM,75.070000,129813600,2026-09-05T01:17:07Z
2007-11-20,SPY,144.639999,414767500,2026-09-05T01:17:07Z
2007-11-20,TIP,105.870003,342500,2026-09-05T01:17:07Z
2007-11-20,TLT,92.910004,1367800,2026-09-05T01:17:07Z
2007-11-20,VEA,49.139999,321100,2026-09-05T01:17:07Z
2007-11-20,VNQ,63.450001,482500,2026-09-05T01:17:07Z
2007-11-20,VWO,106.400002,1361000,2026-09-05T01:17:07Z
2007-11-21,BIL,45.939999,33550,2026-09-05T01:17:07Z
2007-11-21,DBC,31.350000,734500,2026-09-05T01:17:07Z
2007-11-21,IEF,87.169998,317600,2026-09-05T01:17:07Z
2007-11-21,IWM,73.500000,94961400,2026-09-05T01:17:07Z
2007-11-21,SPY,141.679993,259012400,2026-09-05T01:17:07Z
2007-11-21,TIP,106.760002,250100,2026-09-05T01:17:07Z
2007-11-21,TLT,93.449997,1297800,2026-09-05T01:17:07Z
2007-11-21,VEA,48.139999,212800,2026-09-05T01:17:07Z
2007-11-21,VNQ,63.009998,339000,2026-09-05T01:17:07Z
2007-11-21,VWO,101.410004,1948200,2026-09-05T01:17:07Z
2007-11-23,BIL,45.950001,7650,2026-09-05T01:17:07Z
2007-11-23,DBC,31.639999,499300,2026-09-05T01:17:07Z
2007-11-23,IEF,86.910004,216700,2026-09-05T01:17:07Z
2007-11-23,IWM,75.059998,50849400,2026-09-05T01:17:07Z
2007-11-23,SPY,144.130005,77688400,2026-09-05T01:17:07Z
2007-11-23,TIP,106.690002,201400,2026-09-05T01:17:07Z
2007-11-23,TLT,93.730003,437400,2026-09-05T01:17:07Z
2007-11-23,VEA,49.180000,137500,2026-09-05T01:17:07Z
2007-11-23,VNQ,64.250000,164500,2026-09-05T01:17:07Z
2007-11-23,VWO,103.260002,1549800,2026-09-05T01:17:07Z
2007-11-26,BIL,45.919998,24350,2026-09-05T01:17:07Z
2007-11-26,DBC,31.250000,400800,2026-09-05T01:17:07Z
2007-11-26,IEF,88.099998,637600,2026-09-05T01:17:07Z
2007-11-26,IWM,73.099998,96764900,2026-09-05T01:17:07Z
2007-11-26,SPY,140.949997,214232000,2026-09-05T01:17:07Z
2007-11-26,TIP,107.900002,672900,2026-09-05T01:17:07Z
2007-11-26,TLT,95.580002,4427000,2026-09-05T01:17:07Z
2007-11-26,VEA,48.430000,352100,2026-09-05T01:17:07Z
2007-11-26,VNQ,61.169998,221400,2026-09-05T01:17:07Z
2007-11-26,VWO,98.300003,1447000,2026-09-05T01:17:07Z
2007-11-27,BIL,45.959999,21100,2026-09-05T01:17:07Z
2007-11-27,DBC,31.000000,370600,2026-09-05T01:17:07Z
2007-11-27,IEF,87.279999,353300,2026-09-05T01:17:07Z
2007-11-27,IWM,73.949997,80871400,2026-09-05T01:17:07Z
2007-11-27,SPY,142.570007,293897900,2026-09-05T01:17:07Z
2007-11-27,TIP,106.930000,405600,2026-09-05T01:17:07Z
2007-11-27,TLT,94.669998,3100300,2026-09-05T01:17:07Z
2007-11-27,VEA,49.250000,254800,2026-09-05T01:17:07Z
2007-11-27,VNQ,62.599998,291100,2026-09-05T01:17:07Z
2007-11-27,VWO,103.110001,1844000,2026-09-05T01:17:07Z
2007-11-28,BIL,45.970001,52700,2026-09-05T01:17:07Z
2007-11-28,DBC,30.620001,766000,2026-09-05T01:17:07Z
2007-11-28,IEF,86.970001,159600,2026-09-05T01:17:07Z
2007-11-28,IWM,76.870003,112697000,2026-09-05T01:17:07Z
2007-11-28,SPY,147.130005,258596900,2026-09-05T01:17:07Z
2007-11-28,TIP,106.129997,220900,2026-09-05T01:17:07Z
2007-11-28,TLT,94.029999,2088100,2026-09-05T01:17:07Z
2007-11-28,VEA,50.529999,280400,2026-09-05T01:17:07Z
2007-11-28,VNQ,65.349998,302100,2026-09-05T01:17:07Z
2007-11-28,VWO,108.199997,1972200,2026-09-05T01:17:07Z
2007-11-29,BIL,45.939999,36550,2026-09-05T01:17:07Z
2007-11-29,DBC,30.690001,195800,2026-09-05T01:17:07Z
2007-11-29,IEF,87.459999,145300,2026-09-05T01:17:07Z
2007-11-29,IWM,76.209999,57418400,2026-09-05T01:17:07Z
2007-11-29,SPY,147.179993,199409900,2026-09-05T01:17:07Z
2007-11-29,TIP,106.779999,168400,2026-09-05T01:17:07Z
2007-11-29,TLT,94.839996,1594500,2026-09-05T01:17:07Z
2007-11-29,VEA,50.209999,177000,2026-09-05T01:17:07Z
2007-11-29,VNQ,64.300003,152400,2026-09-05T01:17:07Z
2007-11-29,VWO,107.300003,2063200,2026-09-05T01:17:07Z
2007-11-30,BIL,45.950001,274300,2026-09-05T01:17:07Z
2007-11-30,DBC,30.309999,352300,2026-09-05T01:17:07Z
2007-11-30,IEF,87.580002,395100,2026-09-05T01:17:07Z
2007-11-30,IWM,76.650002,84981400,2026-09-05T01:17:07Z
2007-11-30,SPY,148.660004,222908000,2026-09-05T01:17:07Z
2007-11-30,TIP,106.699997,384600,2026-09-05T01:17:07Z
2007-11-30,TLT,94.379997,1952100,2026-09-05T01:17:07Z
2007-11-30,VEA,50.389999,346200,2026-09-05T01:17:07Z
2007-11-30,VNQ,66.050003,275600,2026-09-05T01:17:07Z
2007-11-30,VWO,107.279999,2707600,2026-09-05T01:17:07Z
2007-12-03,BIL,45.799999,120050,2026-09-05T01:17:07Z
2007-12-03,DBC,30.530001,320900,2026-09-05T01:17:07Z
2007-12-03,IEF,87.629997,214700,2026-09-05T01:17:07Z
2007-12-03,IWM,75.750000,61964100,2026-09-05T01:17:07Z
2007-12-03,SPY,147.679993,146430400,2026-09-05T01:17:07Z
2007-12-03,TIP,106.629997,144800,2026-09-05T01:17:07Z
2007-12-03,TLT,94.750000,1272700,2026-09-05T01:17:07Z
2007-12-03,VEA,50.200001,245800,2026-09-05T01:17:07Z
2007-12-03,VNQ,65.339996,423300,2026-09-05T01:17:07Z
2007-12-03,VWO,107.519997,1260400,2026-09-05T01:17:07Z
2007-12-04,BIL,45.810001,90750,2026-09-05T01:17:07Z
2007-12-04,DBC,30.670000,494200,2026-09-05T01:17:07Z
2007-12-04,IEF,87.709999,196800,2026-09-05T01:17:07Z
2007-12-04,IWM,74.949997,57670000,2026-09-05T01:17:07Z
2007-12-04,SPY,146.360001,136533900,2026-09-05T01:17:07Z
2007-12-04,TIP,106.440002,243100,2026-09-05T01:17:07Z
2007-12-04,TLT,94.739998,1721200,2026-09-05T01:17:07Z
2007-12-04,VEA,49.849998,319400,2026-09-05T01:17:07Z
2007-12-04,VNQ,63.580002,299200,2026-09-05T01:17:07Z
2007-12-04,VWO,107.330002,1549600,2026-09-05T01:17:07Z
2007-12-05,BIL,45.810001,27900,2026-09-05T01:17:07Z
2007-12-05,DBC,30.440001,437800,2026-09-05T01:17:07Z
2007-12-05,IEF,87.379997,284600,2026-09-05T01:17:07Z
2007-12-05,IWM,76.440002,70221700,2026-09-05T01:17:07Z
2007-12-05,SPY,148.809998,171130000,2026-09-05T01:17:07Z
2007-12-05,TIP,105.309998,283900,2026-09-05T01:17:07Z
2007-12-05,TLT,93.610001,1866000,2026-09-05T01:17:07Z
2007-12-05,VEA,50.549999,214700,2026-09-05T01:17:07Z
2007-12-05,VNQ,65.720001,223800,2026-09-05T01:17:07Z
2007-12-05,VWO,111.339996,1479400,2026-09-05T01:17:07Z
2007-12-06,BIL,45.820000,288200,2026-09-05T01:17:07Z
2007-12-06,DBC,30.990000,293200,2026-09-05T01:17:07Z
2007-12-06,IEF,86.919998,217900,2026-09-05T01:17:07Z
2007-12-06,IWM,78.250000,93204000,2026-09-05T01:17:07Z
2007-12-06,SPY,150.940002,154457400,2026-09-05T01:17:07Z
2007-12-06,TIP,104.989998,527800,2026-09-05T01:17:07Z
2007-12-06,TLT,92.790001,2270200,2026-09-05T01:17:07Z
2007-12-06,VEA,51.020000,375500,2026-09-05T01:17:07Z
2007-12-06,VNQ,67.809998,180600,2026-09-05T01:17:07Z
2007-12-06,VWO,112.349998,1472800,2026-09-05T01:17:07Z
2007-12-07,BIL,45.860001,43900,2026-09-05T01:17:07Z
2007-12-07,DBC,30.889999,401100,2026-09-05T01:17:07Z
2007-12-07,IEF,86.360001,193000,2026-09-05T01:17:07Z
2007-12-07,IWM,78.489998,59125400,2026-09-05T01:17:07Z
2007-12-07,SPY,150.910004,148980100,2026-09-05T01:17:07Z
2007-12-07,TIP,104.449997,335000,2026-09-05T01:17:07Z
2007-12-07,TLT,91.750000,2171000,2026-09-05T01:17:07Z
2007-12-07,VEA,50.820000,533500,2026-09-05T01:17:07Z
2007-12-07,VNQ,67.570000,264100,2026-09-05T01:17:07Z
2007-12-07,VWO,111.669998,1295400,2026-09-05T01:17:07Z
2007-12-10,BIL,45.830002,206050,2026-09-05T01:17:07Z
2007-12-10,DBC,30.870001,539500,2026-09-05T01:17:07Z
2007-12-10,IEF,86.160004,257800,2026-09-05T01:17:07Z
2007-12-10,IWM,79.110001,49937400,2026-09-05T01:17:07Z
2007-12-10,SPY,152.080002,123914300,2026-09-05T01:17:07Z
2007-12-10,TIP,104.309998,147900,2026-09-05T01:17:07Z
2007-12-10,TLT,91.199997,2242500,2026-09-05T01:17:07Z
2007-12-10,VEA,51.310001,230500,2026-09-05T01:17:07Z
2007-12-10,VNQ,69.019997,248200,2026-09-05T01:17:07Z
2007-12-10,VWO,111.610001,1065200,2026-09-05T01:17:07Z
2007-12-11,BIL,45.889999,41800,2026-09-05T01:17:07Z
2007-12-11,DBC,31.139999,275100,2026-09-05T01:17:07Z
2007-12-11,IEF,87.339996,318800,2026-09-05T01:17:07Z
2007-12-11,IWM,76.349998,120369300,2026-09-05T01:17:07Z
2007-12-11,SPY,147.910004,250346400,2026-09-05T01:17:07Z
2007-12-11,TIP,105.449997,288800,2026-09-05T01:17:07Z
2007-12-11,TLT,92.989998,2892400,2026-09-05T01:17:07Z
2007-12-11,VEA,50.060001,212500,2026-09-05T01:17:07Z
2007-12-11,VNQ,65.379997,280600,2026-09-05T01:17:07Z
2007-12-11,VWO,106.949997,1857200,2026-09-05T01:17:07Z
2007-12-12,BIL,45.880001,24700,2026-09-05T01:17:07Z
2007-12-12,DBC,31.990000,444500,2026-09-05T01:17:07Z
2007-12-12,IEF,86.610001,470500,2026-09-05T01:17:07Z
2007-12-12,IWM,76.910004,112505300,2026-09-05T01:17:07Z
2007-12-12,SPY,149.369995,322435600,2026-09-05T01:17:07Z
2007-12-12,TIP,105.040001,254300,2026-09-05T01:17:07Z
2007-12-12,TLT,92.029999,2225400,2026-09-05T01:17:07Z
2007-12-12,VEA,50.849998,511500,2026-09-05T01:17:07Z
2007-12-12,VNQ,65.160004,416500,2026-09-05T01:17:07Z
2007-12-12,VWO,110.029999,1347600,2026-09-05T01:17:07Z
2007-12-13,BIL,45.900002,27300,2026-09-05T01:17:07Z
2007-12-13,DBC,31.650000,274900,2026-09-05T01:17:07Z
2007-12-13,IEF,85.970001,221000,2026-09-05T01:17:07Z
2007-12-13,IWM,76.489998,89826800,2026-09-05T01:17:07Z
2007-12-13,SPY,149.059998,237551300,2026-09-05T01:17:07Z
2007-12-13,TIP,104.400002,207800,2026-09-05T01:17:07Z
2007-12-13,TLT,91.029999,1222100,2026-09-05T01:17:07Z
2007-12-13,VEA,49.990002,512600,2026-09-05T01:17:07Z
2007-12-13,VNQ,64.419998,318400,2026-09-05T01:17:07Z
2007-12-13,VWO,108.059998,1423800,2026-09-05T01:17:07Z
2007-12-14,BIL,45.869999,33000,2026-09-05T01:17:07Z
2007-12-14,DBC,31.430000,294300,2026-09-05T01:17:07Z
2007-12-14,IEF,85.720001,240100,2026-09-05T01:17:07Z
2007-12-14,IWM,75.000000,75866900,2026-09-05T01:17:07Z
2007-12-14,SPY,147.169998,159152900,2026-09-05T01:17:07Z
2007-12-14,TIP,104.330002,329200,2026-09-05T01:17:07Z
2007-12-14,TLT,90.610001,1354900,2026-09-05T01:17:07Z
2007-12-14,VEA,48.639999,399900,2026-09-05T01:17:07Z
2007-12-14,VNQ,62.799999,922900,2026-09-05T01:17:07Z
2007-12-14,VWO,105.040001,1419800,2026-09-05T01:17:07Z
2007-12-17,BIL,45.889999,44750,2026-09-05T01:17:07Z
2007-12-17,DBC,30.520000,294000,2026-09-05T01:17:07Z
2007-12-17,IEF,86.230003,191000,2026-09-05T01:17:07Z
2007-12-17,IWM,73.849998,71635600,2026-09-05T01:17:07Z
2007-12-17,SPY,145.070007,177269400,2026-09-05T01:17:07Z
2007-12-17,TIP,105.089996,209900,2026-09-05T01:17:07Z
2007-12-17,TLT,91.419998,2046200,2026-09-05T01:17:07Z
2007-12-17,VEA,47.590000,349100,2026-09-05T01:17:07Z
2007-12-17,VNQ,60.860001,509100,2026-09-05T01:17:07Z
2007-12-17,VWO,100.260002,1742800,2026-09-05T01:17:07Z
2007-12-18,BIL,45.889999,26500,2026-09-05T01:17:07Z
2007-12-18,DBC,30.389999,311200,2026-09-05T01:17:07Z
2007-12-18,IEF,86.400002,644300,2026-09-05T01:17:07Z
2007-12-18,IWM,75.169998,114501900,2026-09-05T01:17:07Z
2007-12-18,SPY,145.880005,245569300,2026-09-05T01:17:07Z
2007-12-18,TIP,105.199997,321100,2026-09-05T01:17:07Z
2007-12-18,TLT,92.010002,1417100,2026-09-05T01:17:07Z
2007-12-18,VEA,48.110001,462100,2026-09-05T01:17:07Z
2007-12-18,VNQ,61.799999,494100,2026-09-05T01:17:07Z
2007-12-18,VWO,102.900002,2066800,2026-09-05T01:17:07Z
2007-12-19,BIL,45.910000,25800,2026-09-05T01:17:07Z
2007-12-19,DBC,30.680000,269600,2026-09-05T01:17:07Z
2007-12-19,IEF,87.089996,411600,2026-09-05T01:17:07Z
2007-12-19,IWM,75.699997,85850100,2026-09-05T01:17:07Z
2007-12-19,SPY,145.880005,198917200,2026-09-05T01:17:07Z
2007-12-19,TIP,105.860001,363700,2026-09-05T01:17:07Z
2007-12-19,TLT,93.230003,2252400,2026-09-05T01:17:07Z
2007-12-19,VEA,47.779999,387800,2026-09-05T01:17:07Z
2007-12-19,VNQ,62.430000,370500,2026-09-05T01:17:07Z
2007-12-19,VWO,103.349998,1370800,2026-09-05T01:17:07Z
2007-12-20,BIL,45.930000,14700,2026-09-05T01:17:07Z
2007-12-20,DBC,30.549999,334900,2026-09-05T01:17:07Z
2007-12-20,IEF,86.949997,308600,2026-09-05T01:17:07Z
2007-12-20,IWM,76.839996,121965700,2026-09-05T01:17:07Z
2007-12-20,SPY,146.800003,214813800,2026-09-05T01:17:07Z
2007-12-20,TIP,105.739998,211800,2026-09-05T01:17:07Z
2007-12-20,TLT,93.029999,1659400,2026-09-05T01:17:07Z
2007-12-20,VEA,47.939999,284100,2026-09-05T01:17:07Z
2007-12-20,VNQ,61.160000,998500,2026-09-05T01:17:07Z
2007-12-20,VWO,103.699997,1711600,2026-09-05T01:17:07Z
2007-12-21,BIL,45.930000,64050,2026-09-05T01:17:07Z
2007-12-21,DBC,30.910000,280300,2026-09-05T01:17:07Z
2007-12-21,IEF,86.320000,560200,2026-09-05T01:17:07Z
2007-12-21,IWM,78.599998,83426900,2026-09-05T01:17:07Z
2007-12-21,SPY,148.130005,146084400,2026-09-05T01:17:07Z
2007-12-21,TIP,105.099998,271800,2026-09-05T01:17:07Z
2007-12-21,TLT,91.669998,1767600,2026-09-05T01:17:07Z
2007-12-21,VEA,48.730000,743100,2026-09-05T01:17:07Z
2007-12-21,VNQ,62.360001,374200,2026-09-05T01:17:07Z
2007-12-21,VWO,106.449997,1102800,2026-09-05T01:17:07Z
2007-12-24,BIL,45.930000,2900,2026-09-05T01:17:07Z
2007-12-24,DBC,31.139999,472000,2026-09-05T01:17:07Z
2007-12-24,IEF,86.070000,197400,2026-09-05T01:17:07Z
2007-12-24,IWM,79.169998,29867000,2026-09-05T01:17:07Z
2007-12-24,SPY,149.229996,45601400,2026-09-05T01:17:07Z
2007-12-24,TIP,104.779999,97300,2026-09-05T01:17:07Z
2007-12-24,TLT,91.239998,550300,2026-09-05T01:17:07Z
2007-12-24,VEA,47.950001,307400,2026-09-05T01:17:07Z
2007-12-24,VNQ,64.379997,121700,2026-09-05T01:17:07Z
2007-12-24,VWO,106.449997,701600,2026-09-05T01:17:07Z
2007-12-26,BIL,45.910000,17750,2026-09-05T01:17:07Z
2007-12-26,DBC,31.510000,188500,2026-09-05T01:17:07Z
2007-12-26,IEF,85.660004,135700,2026-09-05T01:17:07Z
2007-12-26,IWM,79.540001,65572400,2026-09-05T01:17:07Z
2007-12-26,SPY,149.550003,67093100,2026-09-05T01:17:07Z
2007-12-26,TIP,104.320000,192300,2026-09-05T01:17:07Z
2007-12-26,TLT,90.440002,674700,2026-09-05T01:17:07Z
2007-12-26,VEA,48.220001,219900,2026-09-05T01:17:07Z
2007-12-26,VNQ,63.310001,371900,2026-09-05T01:17:07Z
2007-12-26,VWO,107.230003,1081400,2026-09-05T01:17:07Z
2007-12-27,BIL,45.930000,7150,2026-09-05T01:17:07Z
2007-12-27,DBC,31.620001,880700,2026-09-05T01:17:07Z
2007-12-27,IEF,85.919998,211000,2026-09-05T01:17:07Z
2007-12-27,IWM,77.389999,71490100,2026-09-05T01:17:07Z
2007-12-27,SPY,147.669998,122981700,2026-09-05T01:17:07Z
2007-12-27,TIP,104.480003,369900,2026-09-05T01:17:07Z
2007-12-27,TLT,91.059998,468600,2026-09-05T01:17:07Z
2007-12-27,VEA,47.779999,387000,2026-09-05T01:17:07Z
2007-12-27,VNQ,62.049999,353800,2026-09-05T01:17:07Z
2007-12-27,VWO,105.010002,782400,2026-09-05T01:17:07Z
2007-12-28,BIL,45.799999,59700,2026-09-05T01:17:07Z
2007-12-28,DBC,31.520000,264300,2026-09-05T01:17:07Z
2007-12-28,IEF,86.610001,302900,2026-09-05T01:17:07Z
2007-12-28,IWM,76.559998,48207400,2026-09-05T01:17:07Z
2007-12-28,SPY,147.300003,116398100,2026-09-05T01:17:07Z
2007-12-28,TIP,105.110001,314000,2026-09-05T01:17:07Z
2007-12-28,TLT,92.480003,1967800,2026-09-05T01:17:07Z
2007-12-28,VEA,48.290001,388500,2026-09-05T01:17:07Z
2007-12-28,VNQ,60.959999,395000,2026-09-05T01:17:07Z
2007-12-28,VWO,105.419998,1095200,2026-09-05T01:17:07Z
2007-12-31,BIL,45.790001,31700,2026-09-05T01:17:07Z
2007-12-31,DBC,31.559999,244000,2026-09-05T01:17:07Z
2007-12-31,IEF,87.010002,181100,2026-09-05T01:17:07Z
2007-12-31,IWM,75.900002,73932400,2026-09-05T01:17:07Z
2007-12-31,SPY,146.210007,108126800,2026-09-05T01:17:07Z
2007-12-31,TIP,105.800003,303700,2026-09-05T01:17:07Z
2007-12-31,TLT,93.040001,1647600,2026-09-05T01:17:07Z
2007-12-31,VEA,47.919998,528900,2026-09-05T01:17:07Z
2007-12-31,VNQ,61.459999,335800,2026-09-05T01:17:07Z
2007-12-31,VWO,104.300003,1039000,2026-09-05T01:17:07Z
