date,symbol,close,volume,fetched_at
2008-01-02,BIL,45.830002,29450,2026-09-05T01:17:07Z
2008-01-02,DBC,32.430000,718900,2026-09-05T01:17:07Z
2008-01-02,IEF,87.629997,564700,2026-09-05T01:17:07Z
2008-01-02,IWM,75.160004,94259600,2026-09-05T01:17:07Z
2008-01-02,SPY,144.929993,204935600,2026-09-05T01:17:07Z
2008-01-02,TIP,106.639999,379500,2026-09-05T01:17:07Z
2008-01-02,TLT,94.379997,2959600,2026-09-05T01:17:07Z
2008-01-02,VEA,47.810001,688200,2026-09-05T01:17:07Z
2008-01-02,VNQ,61.270000,5341700,2026-09-05T01:17:07Z
2008-01-02,VWO,104.000000,1454800,2026-09-05T01:17:07Z
2008-01-03,BIL,45.799999,30500,2026-09-05T01:17:07Z
2008-01-03,DBC,32.680000,1108400,2026-09-05T01:17:07Z
2008-01-03,IEF,87.809998,198600,2026-09-05T01:17:07Z
2008-01-03,IWM,74.330002,78036800,2026-09-05T01:17:07Z
2008-01-03,SPY,144.860001,125133300,2026-09-05T01:17:07Z
2008-01-03,TIP,107.000000,271200,2026-09-05T01:17:07Z
2008-01-03,TLT,94.250000,1256700,2026-09-05T01:17:07Z
2008-01-03,VEA,47.889999,225300,2026-09-05T01:17:07Z
2008-01-03,VNQ,59.360001,259300,2026-09-05T01:17:07Z
2008-01-03,VWO,105.000000,1434800,2026-09-05T01:17:07Z
2008-01-04,BIL,45.790001,173200,2026-09-05T01:17:07Z
2008-01-04,DBC,32.490002,581200,2026-09-05T01:17:07Z
2008-01-04,IEF,88.040001,368700,2026-09-05T01:17:07Z
2008-01-04,IWM,72.089996,123498600,2026-09-05T01:17:07Z
2008-01-04,SPY,141.309998,232330900,2026-09-05T01:17:07Z
2008-01-04,TIP,106.970001,344800,2026-09-05T01:17:07Z
2008-01-04,TLT,94.269997,2420200,2026-09-05T01:17:07Z
2008-01-04,VEA,46.840000,411100,2026-09-05T01:17:07Z
2008-01-04,VNQ,56.950001,382300,2026-09-05T01:17:07Z
2008-01-04,VWO,101.529999,2638800,2026-09-05T01:17:07Z
2008-01-07,BIL,45.830002,30300,2026-09-05T01:17:07Z
2008-01-07,DBC,31.900000,664300,2026-09-05T01:17:07Z
2008-01-07,IEF,88.199997,341100,2026-09-05T01:17:07Z
2008-01-07,IWM,72.250000,139672900,2026-09-05T01:17:07Z
2008-01-07,SPY,141.190002,234991000,2026-09-05T01:17:07Z
2008-01-07,TIP,106.949997,433400,2026-09-05T01:17:07Z
2008-01-07,TLT,94.680000,1315500,2026-09-05T01:17:07Z
2008-01-07,VEA,46.900002,759900,2026-09-05T01:17:07Z
2008-01-07,VNQ,57.480000,668600,2026-09-05T01:17:07Z
2008-01-07,VWO,102.330002,1826000,2026-09-05T01:17:07Z
2008-01-08,BIL,45.799999,18350,2026-09-05T01:17:07Z
2008-01-08,DBC,32.189999,429000,2026-09-05T01:17:07Z
2008-01-08,IEF,88.389999,293200,2026-09-05T01:17:07Z
2008-01-08,IWM,70.019997,157222700,2026-09-05T01:17:07Z
2008-01-08,SPY,138.910004,326365700,2026-09-05T01:17:07Z
2008-01-08,TIP,107.029999,358600,2026-09-05T01:17:07Z
2008-01-08,TLT,94.570000,1604800,2026-09-05T01:17:07Z
2008-01-08,VEA,46.520000,368600,2026-09-05T01:17:07Z
2008-01-08,VNQ,55.490002,646700,2026-09-05T01:17:07Z
2008-01-08,VWO,102.250000,1864600,2026-09-05T01:17:07Z
2008-01-09,BIL,45.770000,168500,2026-09-05T01:17:07Z
2008-01-09,DBC,31.870001,749600,2026-09-05T01:17:07Z
2008-01-09,IEF,88.250000,335600,2026-09-05T01:17:07Z
2008-01-09,IWM,70.730003,140191600,2026-09-05T01:17:07Z
2008-01-09,SPY,140.369995,301824900,2026-09-05T01:17:07Z
2008-01-09,TIP,106.949997,291100,2026-09-05T01:17:07Z
2008-01-09,TLT,94.750000,2203500,2026-09-05T01:17:07Z
2008-01-09,VEA,46.820000,229400,2026-09-05T01:17:07Z
2008-01-09,VNQ,56.470001,534600,2026-09-05T01:17:07Z
2008-01-09,VWO,104.730003,1724400,2026-09-05T01:17:07Z
2008-01-10,BIL,45.790001,12200,2026-09-05T01:17:07Z
2008-01-10,DBC,31.719999,452800,2026-09-05T01:17:07Z
2008-01-10,IEF,88.010002,258300,2026-09-05T01:17:07Z
2008-01-10,IWM,71.699997,153878400,2026-09-05T01:17:07Z
2008-01-10,SPY,141.289993,335701200,2026-09-05T01:17:07Z
2008-01-10,TIP,106.470001,265500,2026-09-05T01:17:07Z
2008-01-10,TLT,93.470001,2681800,2026-09-05T01:17:07Z
2008-01-10,VEA,46.770000,388200,2026-09-05T01:17:07Z
2008-01-10,VNQ,57.340000,717000,2026-09-05T01:17:07Z
2008-01-10,VWO,105.699997,2439800,2026-09-05T01:17:07Z
2008-01-11,BIL,45.810001,41650,2026-09-05T01:17:07Z
2008-01-11,DBC,32.009998,667600,2026-09-05T01:17:07Z
2008-01-11,IEF,88.570000,310100,2026-09-05T01:17:07Z
2008-01-11,IWM,70.220001,120320000,2026-09-05T01:17:07Z
2008-01-11,SPY,140.149994,267076600,2026-09-05T01:17:07Z
2008-01-11,TIP,107.260002,377100,2026-09-05T01:17:07Z
2008-01-11,TLT,94.199997,1872900,2026-09-05T01:17:07Z
2008-01-11,VEA,45.959999,207700,2026-09-05T01:17:07Z
2008-01-11,VNQ,57.349998,558300,2026-09-05T01:17:07Z
2008-01-11,VWO,103.199997,2259200,2026-09-05T01:17:07Z
2008-01-14,BIL,45.849998,51900,2026-09-05T01:17:07Z
2008-01-14,DBC,32.410000,835800,2026-09-05T01:17:07Z
2008-01-14,IEF,88.610001,347000,2026-09-05T01:17:07Z
2008-01-14,IWM,70.800003,71078600,2026-09-05T01:17:07Z
2008-01-14,SPY,141.279999,170365500,2026-09-05T01:17:07Z
2008-01-14,TIP,107.709999,400200,2026-09-05T01:17:07Z
2008-01-14,TLT,94.550003,906100,2026-09-05T01:17:07Z
2008-01-14,VEA,46.700001,172700,2026-09-05T01:17:07Z
2008-01-14,VNQ,57.110001,399900,2026-09-05T01:17:07Z
2008-01-14,VWO,104.309998,1212400,2026-09-05T01:17:07Z
2008-01-15,BIL,45.840000,26800,2026-09-05T01:17:07Z
2008-01-15,DBC,32.009998,472800,2026-09-05T01:17:07Z
2008-01-15,IEF,89.190002,353700,2026-09-05T01:17:07Z
2008-01-15,IWM,69.500000,95261600,2026-09-05T01:17:07Z
2008-01-15,SPY,138.169998,239940100,2026-09-05T01:17:07Z
2008-01-15,TIP,108.260002,290700,2026-09-05T01:17:07Z
2008-01-15,TLT,95.610001,1435300,2026-09-05T01:17:07Z
2008-01-15,VEA,45.230000,322000,2026-09-05T01:17:07Z
2008-01-15,VNQ,55.950001,542700,2026-09-05T01:17:07Z
2008-01-15,VWO,99.910004,1900800,2026-09-05T01:17:07Z
2008-01-16,BIL,45.840000,254500,2026-09-05T01:17:07Z
2008-01-16,DBC,31.709999,1044300,2026-09-05T01:17:07Z
2008-01-16,IEF,89.019997,459400,2026-09-05T01:17:07Z
2008-01-16,IWM,69.570000,135714800,2026-09-05T01:17:07Z
2008-01-16,SPY,136.979996,378802600,2026-09-05T01:17:07Z
2008-01-16,TIP,107.620003,443500,2026-09-05T01:17:07Z
2008-01-16,TLT,94.919998,3505100,2026-09-05T01:17:07Z
2008-01-16,VEA,44.299999,545800,2026-09-05T01:17:07Z
2008-01-16,VNQ,56.590000,621800,2026-09-05T01:17:07Z
2008-01-16,VWO,96.070000,3338200,2026-09-05T01:17:07Z
2008-01-17,BIL,45.820000,380400,2026-09-05T01:17:07Z
2008-01-17,DBC,31.299999,689800,2026-09-05T01:17:07Z
2008-01-17,IEF,89.739998,608600,2026-09-05T01:17:07Z
2008-01-17,IWM,67.879997,123268100,2026-09-05T01:17:07Z
2008-01-17,SPY,133.429993,397892600,2026-09-05T01:17:07Z
2008-01-17,TIP,108.400002,414500,2026-09-05T01:17:07Z
2008-01-17,TLT,96.150002,2940500,2026-09-05T01:17:07Z
2008-01-17,VEA,43.549999,484400,2026-09-05T01:17:07Z
2008-01-17,VNQ,55.820000,700400,2026-09-05T01:17:07Z
2008-01-17,VWO,93.320000,3145200,2026-09-05T01:17:07Z
2008-01-18,BIL,45.849998,71450,2026-09-05T01:17:07Z
2008-01-18,DBC,31.420000,458100,2026-09-05T01:17:07Z
2008-01-18,IEF,89.610001,628100,2026-09-05T01:17:07Z
2008-01-18,IWM,67.220001,131880200,2026-09-05T01:17:07Z
2008-01-18,SPY,132.059998,348561500,2026-09-05T01:17:07Z
2008-01-18,TIP,108.500000,508800,2026-09-05T01:17:07Z
2008-01-18,TLT,95.489998,2676800,2026-09-05T01:17:07Z
2008-01-18,VEA,43.709999,428600,2026-09-05T01:17:07Z
2008-01-18,VNQ,55.080002,880900,2026-09-05T01:17:07Z
2008-01-18,VWO,95.360001,3931800,2026-09-05T01:17:07Z
2008-01-22,BIL,45.869999,116400,2026-09-05T01:17:07Z
2008-01-22,DBC,31.309999,785400,2026-09-05T01:17:07Z
2008-01-22,IEF,90.610001,863800,2026-09-05T01:17:07Z
2008-01-22,IWM,66.739998,150963700,2026-09-05T01:17:07Z
2008-01-22,SPY,130.720001,435923700,2026-09-05T01:17:07Z
2008-01-22,TIP,109.320000,628900,2026-09-05T01:17:07Z
2008-01-22,TLT,96.510002,5423500,2026-09-05T01:17:07Z
2008-01-22,VEA,42.470001,461800,2026-09-05T01:17:07Z
2008-01-22,VNQ,56.400002,925800,2026-09-05T01:17:07Z
2008-01-22,VWO,92.440002,5044800,2026-09-05T01:17:07Z
2008-01-23,BIL,45.919998,89150,2026-09-05T01:17:07Z
2008-01-23,DBC,30.719999,695900,2026-09-05T01:17:07Z
2008-01-23,IEF,90.190002,1417600,2026-09-05T01:17:07Z
2008-01-23,IWM,69.019997,183099500,2026-09-05T01:17:07Z
2008-01-23,SPY,133.860001,511913000,2026-09-05T01:17:07Z
2008-01-23,TIP,109.059998,664200,2026-09-05T01:17:07Z
2008-01-23,TLT,96.290001,7636600,2026-09-05T01:17:07Z
2008-01-23,VEA,42.380001,708800,2026-09-05T01:17:07Z
2008-01-23,VNQ,61.750000,1329400,2026-09-05T01:17:07Z
2008-01-23,VWO,93.440002,3599400,2026-09-05T01:17:07Z
2008-01-24,BIL,45.939999,47750,2026-09-05T01:17:07Z
2008-01-24,DBC,31.480000,709700,2026-09-05T01:17:07Z
2008-01-24,IEF,89.370003,398500,2026-09-05T01:17:07Z
2008-01-24,IWM,68.970001,113683300,2026-09-05T01:17:07Z
2008-01-24,SPY,134.990005,259949300,2026-09-05T01:17:07Z
2008-01-24,TIP,108.320000,358200,2026-09-05T01:17:07Z
2008-01-24,TLT,94.360001,5676700,2026-09-05T01:17:07Z
2008-01-24,VEA,43.560001,365500,2026-09-05T01:17:07Z
2008-01-24,VNQ,60.299999,755600,2026-09-05T01:17:07Z
2008-01-24,VWO,94.099998,3348600,2026-09-05T01:17:07Z
2008-01-25,BIL,45.889999,32700,2026-09-05T01:17:07Z
2008-01-25,DBC,32.180000,1189100,2026-09-05T01:17:07Z
2008-01-25,IEF,90.199997,442600,2026-09-05T01:17:07Z
2008-01-25,IWM,68.470001,95436000,2026-09-05T01:17:07Z
2008-01-25,SPY,133.039993,269603900,2026-09-05T01:17:07Z
2008-01-25,TIP,109.199997,338400,2026-09-05T01:17:07Z
2008-01-25,TLT,95.949997,4371100,2026-09-05T01:17:07Z
2008-01-25,VEA,43.369999,508200,2026-09-05T01:17:07Z
2008-01-25,VNQ,59.950001,690400,2026-09-05T01:17:07Z
2008-01-25,VWO,91.900002,3737000,2026-09-05T01:17:07Z
2008-01-28,BIL,45.910000,26100,2026-09-05T01:17:07Z
2008-01-28,DBC,32.330002,593400,2026-09-05T01:17:07Z
2008-01-28,IEF,89.870003,254900,2026-09-05T01:17:07Z
2008-01-28,IWM,69.919998,81259000,2026-09-05T01:17:07Z
2008-01-28,SPY,135.240005,217934600,2026-09-05T01:17:07Z
2008-01-28,TIP,109.070000,439100,2026-09-05T01:17:07Z
2008-01-28,TLT,95.589996,1633500,2026-09-05T01:17:07Z
2008-01-28,VEA,43.709999,311600,2026-09-05T01:17:07Z
2008-01-28,VNQ,61.980000,814200,2026-09-05T01:17:07Z
2008-01-28,VWO,94.000000,1645000,2026-09-05T01:17:07Z
2008-01-29,BIL,45.950001,66650,2026-09-05T01:17:07Z
2008-01-29,DBC,32.599998,492000,2026-09-05T01:17:07Z
2008-01-29,IEF,89.510002,433100,2026-09-05T01:17:07Z
2008-01-29,IWM,70.099998,75340700,2026-09-05T01:17:07Z
2008-01-29,SPY,135.910004,168968300,2026-09-05T01:17:07Z
2008-01-29,TIP,109.029999,322600,2026-09-05T01:17:07Z
2008-01-29,TLT,94.940002,3100200,2026-09-05T01:17:07Z
2008-01-29,VEA,44.020000,433300,2026-09-05T01:17:07Z
2008-01-29,VNQ,61.419998,532400,2026-09-05T01:17:07Z
2008-01-29,VWO,94.360001,1631800,2026-09-05T01:17:07Z
2008-01-30,BIL,45.970001,60100,2026-09-05T01:17:07Z
2008-01-30,DBC,32.320000,564500,2026-09-05T01:17:07Z
2008-01-30,IEF,89.470001,694000,2026-09-05T01:17:07Z
2008-01-30,IWM,69.220001,126086600,2026-09-05T01:17:07Z
2008-01-30,SPY,134.910004,334939200,2026-09-05T01:17:07Z
2008-01-30,TIP,109.050003,550600,2026-09-05T01:17:07Z
2008-01-30,TLT,94.320000,3468000,2026-09-05T01:17:07Z
2008-01-30,VEA,43.730000,192900,2026-09-05T01:17:07Z
2008-01-30,VNQ,59.779999,589500,2026-09-05T01:17:07Z
2008-01-30,VWO,92.690002,2987000,2026-09-05T01:17:07Z
2008-01-31,BIL,45.970001,26150,2026-09-05T01:17:07Z
2008-01-31,DBC,32.480000,692200,2026-09-05T01:17:07Z
2008-01-31,IEF,89.930000,384900,2026-09-05T01:17:07Z
2008-01-31,IWM,70.940002,117643600,2026-09-05T01:17:07Z
2008-01-31,SPY,137.369995,343680800,2026-09-05T01:17:07Z
2008-01-31,TIP,109.580002,729700,2026-09-05T01:17:07Z
2008-01-31,TLT,94.989998,11441000,2026-09-05T01:17:07Z
2008-01-31,VEA,44.380001,348100,2026-09-05T01:17:07Z
2008-01-31,VNQ,60.980000,743400,2026-09-05T01:17:07Z
2008-01-31,VWO,94.889999,3092000,2026-09-05T01:17:07Z
2008-02-01,BIL,45.849998,35500,2026-09-05T01:17:07Z
2008-02-01,DBC,31.910000,642600,2026-09-05T01:17:07Z
2008-02-01,IEF,89.940002,597500,2026-09-05T01:17:07Z
2008-02-01,IWM,72.610001,100612100,2026-09-05T01:17:07Z
2008-02-01,SPY,139.580002,206843600,2026-09-05T01:17:07Z
2008-02-01,TIP,109.080002,384200,2026-09-05T01:17:07Z
2008-02-01,TLT,95.230003,4163700,2026-09-05T01:17:07Z
2008-02-01,VEA,45.000000,451700,2026-09-05T01:17:07Z
2008-02-01,VNQ,63.529999,848600,2026-09-05T01:17:07Z
2008-02-01,VWO,97.190002,2586800,2026-09-05T01:17:07Z
2008-02-04,BIL,45.860001,50300,2026-09-05T01:17:07Z
2008-02-04,DBC,32.470001,692400,2026-09-05T01:17:07Z
2008-02-04,IEF,89.440002,442300,2026-09-05T01:17:07Z
2008-02-04,IWM,71.790001,54583900,2026-09-05T01:17:07Z
2008-02-04,SPY,137.820007,124694300,2026-09-05T01:17:07Z
2008-02-04,TIP,108.449997,544600,2026-09-05T01:17:07Z
2008-02-04,TLT,94.250000,1729600,2026-09-05T01:17:07Z
2008-02-04,VEA,44.540001,241700,2026-09-05T01:17:07Z
2008-02-04,VNQ,62.869999,520000,2026-09-05T01:17:07Z
2008-02-04,VWO,97.070000,2664200,2026-09-05T01:17:07Z
2008-02-05,BIL,45.830002,38750,2026-09-05T01:17:07Z
2008-02-05,DBC,32.200001,787500,2026-09-05T01:17:07Z
2008-02-05,IEF,90.070000,234400,2026-09-05T01:17:07Z
2008-02-05,IWM,69.949997,125988100,2026-09-05T01:17:07Z
2008-02-05,SPY,134.130005,286882500,2026-09-05T01:17:07Z
2008-02-05,TIP,108.970001,1598100,2026-09-05T01:17:07Z
2008-02-05,TLT,94.970001,2594600,2026-09-05T01:17:07Z
2008-02-05,VEA,42.759998,494000,2026-09-05T01:17:07Z
2008-02-05,VNQ,60.650002,711000,2026-09-05T01:17:07Z
2008-02-05,VWO,93.029999,1659400,2026-09-05T01:17:07Z
2008-02-06,BIL,45.869999,18100,2026-09-05T01:17:07Z
2008-02-06,DBC,32.049999,867300,2026-09-05T01:17:07Z
2008-02-06,IEF,89.910004,161700,2026-09-05T01:17:07Z
2008-02-06,IWM,69.019997,97259100,2026-09-05T01:17:07Z
2008-02-06,SPY,133.050003,250792900,2026-09-05T01:17:07Z
2008-02-06,TIP,108.839996,519000,2026-09-05T01:17:07Z
2008-02-06,TLT,94.680000,1339800,2026-09-05T01:17:07Z
2008-02-06,VEA,42.650002,724600,2026-09-05T01:17:07Z
2008-02-06,VNQ,59.660000,558000,2026-09-05T01:17:07Z
2008-02-06,VWO,91.599998,2646400,2026-09-05T01:17:07Z
2008-02-07,BIL,45.860001,30350,2026-09-05T01:17:07Z
2008-02-07,DBC,32.439999,859400,2026-09-05T01:17:07Z
2008-02-07,IEF,88.900002,246500,2026-09-05T01:17:07Z
2008-02-07,IWM,70.110001,125972100,2026-09-05T01:17:07Z
2008-02-07,SPY,133.929993,297368100,2026-09-05T01:17:07Z
2008-02-07,TIP,107.540001,603000,2026-09-05T01:17:07Z
2008-02-07,TLT,92.639999,5419700,2026-09-05T01:17:07Z
2008-02-07,VEA,42.349998,761900,2026-09-05T01:17:07Z
2008-02-07,VNQ,61.070000,462600,2026-09-05T01:17:07Z
2008-02-07,VWO,93.070000,2271600,2026-09-05T01:17:07Z
2008-02-08,BIL,45.860001,14250,2026-09-05T01:17:07Z
2008-02-08,DBC,33.410000,1069800,2026-09-05T01:17:07Z
2008-02-08,IEF,89.650002,219300,2026-09-05T01:17:07Z
2008-02-08,IWM,69.669998,86493200,2026-09-05T01:17:07Z
2008-02-08,SPY,133.070007,221643500,2026-09-05T01:17:07Z
2008-02-08,TIP,108.620003,306900,2026-09-05T01:17:07Z
2008-02-08,TLT,93.699997,2832800,2026-09-05T01:17:07Z
2008-02-08,VEA,41.939999,254200,2026-09-05T01:17:07Z
2008-02-08,VNQ,59.119999,837500,2026-09-05T01:17:07Z
2008-02-08,VWO,92.489998,2205600,2026-09-05T01:17:07Z
2008-02-11,BIL,45.869999,26350,2026-09-05T01:17:07Z
2008-02-11,DBC,33.630001,1236600,2026-09-05T01:17:07Z
2008-02-11,IEF,89.849998,200000,2026-09-05T01:17:07Z
2008-02-11,IWM,69.699997,80655800,2026-09-05T01:17:07Z
2008-02-11,SPY,133.750000,188576300,2026-09-05T01:17:07Z
2008-02-11,TIP,108.900002,319900,2026-09-05T01:17:07Z
2008-02-11,TLT,94.089996,2960200,2026-09-05T01:17:07Z
2008-02-11,VEA,42.090000,329100,2026-09-05T01:17:07Z
2008-02-11,VNQ,57.919998,720200,2026-09-05T01:17:07Z
2008-02-11,VWO,93.750000,1466800,2026-09-05T01:17:07Z
2008-02-12,BIL,45.860001,13550,2026-09-05T01:17:07Z
2008-02-12,DBC,32.950001,760000,2026-09-05T01:17:07Z
2008-02-12,IEF,89.660004,425500,2026-09-05T01:17:07Z
2008-02-12,IWM,70.250000,76564500,2026-09-05T01:17:07Z
2008-02-12,SPY,134.990005,256654400,2026-09-05T01:17:07Z
2008-02-12,TIP,108.699997,380400,2026-09-05T01:17:07Z
2008-02-12,TLT,93.529999,2897700,2026-09-05T01:17:07Z
2008-02-12,VEA,42.910000,280400,2026-09-05T01:17:07Z
2008-02-12,VNQ,59.570000,902800,2026-09-05T01:17:07Z
2008-02-12,VWO,94.099998,2798200,2026-09-05T01:17:07Z
2008-02-13,BIL,45.869999,46700,2026-09-05T01:17:07Z
2008-02-13,DBC,33.220001,406600,2026-09-05T01:17:07Z
2008-02-13,IEF,89.279999,310900,2026-09-05T01:17:07Z
2008-02-13,IWM,71.839996,86241400,2026-09-05T01:17:07Z
2008-02-13,SPY,136.369995,181967800,2026-09-05T01:17:07Z
2008-02-13,TIP,107.709999,610800,2026-09-05T01:17:07Z
2008-02-13,TLT,92.540001,3697500,2026-09-05T01:17:07Z
2008-02-13,VEA,43.160000,212900,2026-09-05T01:17:07Z
2008-02-13,VNQ,60.040001,814900,2026-09-05T01:17:07Z
2008-02-13,VWO,96.099998,1453000,2026-09-05T01:17:07Z
2008-02-14,BIL,45.880001,51200,2026-09-05T01:17:07Z
2008-02-14,DBC,33.889999,1015600,2026-09-05T01:17:07Z
2008-02-14,IEF,88.790001,477900,2026-09-05T01:17:07Z
2008-02-14,IWM,70.180000,78328200,2026-09-05T01:17:07Z
2008-02-14,SPY,135.169998,215207200,2026-09-05T01:17:07Z
2008-02-14,TIP,106.989998,414000,2026-09-05T01:17:07Z
2008-02-14,TLT,91.180000,7505000,2026-09-05T01:17:07Z
2008-02-14,VEA,43.119999,360800,2026-09-05T01:17:07Z
2008-02-14,VNQ,58.919998,1046100,2026-09-05T01:17:07Z
2008-02-14,VWO,95.000000,1611200,2026-09-05T01:17:07Z
2008-02-15,BIL,45.880001,23300,2026-09-05T01:17:07Z
2008-02-15,DBC,33.730000,995300,2026-09-05T01:17:07Z
2008-02-15,IEF,88.980003,512000,2026-09-05T01:17:07Z
2008-02-15,IWM,69.870003,64549100,2026-09-05T01:17:07Z
2008-02-15,SPY,135.139999,154110300,2026-09-05T01:17:07Z
2008-02-15,TIP,107.529999,281400,2026-09-05T01:17:07Z
2008-02-15,TLT,91.879997,3687800,2026-09-05T01:17:07Z
2008-02-15,VEA,43.180000,220800,2026-09-05T01:17:07Z
2008-02-15,VNQ,59.400002,1150900,2026-09-05T01:17:07Z
2008-02-15,VWO,96.449997,778200,2026-09-05T01:17:07Z
2008-02-19,BIL,45.880001,17800,2026-09-05T01:17:07Z
2008-02-19,DBC,34.830002,919800,2026-09-05T01:17:07Z
2008-02-19,IEF,88.339996,564300,2026-09-05T01:17:07Z
2008-02-19,IWM,70.730003,50724600,2026-09-05T01:17:07Z
2008-02-19,SPY,135.520004,145190000,2026-09-05T01:17:07Z
2008-02-19,TIP,106.910004,505900,2026-09-05T01:17:07Z
2008-02-19,TLT,90.949997,2911600,2026-09-05T01:17:07Z
2008-02-19,VEA,43.790001,426900,2026-09-05T01:17:07Z
2008-02-19,VNQ,59.250000,1076500,2026-09-05T01:17:07Z
2008-02-19,VWO,97.389999,1286800,2026-09-05T01:17:07Z
2008-02-20,BIL,45.860001,17450,2026-09-05T01:17:07Z
2008-02-20,DBC,35.009998,706500,2026-09-05T01:17:07Z
2008-02-20,IEF,88.260002,496700,2026-09-05T01:17:07Z
2008-02-20,IWM,70.769997,71204100,2026-09-05T01:17:07Z
2008-02-20,SPY,135.919998,220085700,2026-09-05T01:17:07Z
2008-02-20,TIP,107.269997,972300,2026-09-05T01:17:07Z
2008-02-20,TLT,91.580002,2550100,2026-09-05T01:17:07Z
2008-02-20,VEA,43.389999,315100,2026-09-05T01:17:07Z
2008-02-20,VNQ,59.619999,1518700,2026-09-05T01:17:07Z
2008-02-20,VWO,98.169998,1289800,2026-09-05T01:17:07Z
2008-02-21,BIL,45.900002,39200,2026-09-05T01:17:07Z
2008-02-21,DBC,34.820000,565600,2026-09-05T01:17:07Z
2008-02-21,IEF,89.169998,361900,2026-09-05T01:17:07Z
2008-02-21,IWM,69.419998,85702100,2026-09-05T01:17:07Z
2008-02-21,SPY,134.789993,201051200,2026-09-05T01:17:07Z
2008-02-21,TIP,107.940002,554800,2026-09-05T01:17:07Z
2008-02-21,TLT,92.550003,4197200,2026-09-05T01:17:07Z
2008-02-21,VEA,43.459999,291000,2026-09-05T01:17:07Z
2008-02-21,VNQ,58.000000,1092300,2026-09-05T01:17:07Z
2008-02-21,VWO,96.839996,1416400,2026-09-05T01:17:07Z
2008-02-22,BIL,45.900002,90750,2026-09-05T01:17:07Z
2008-02-22,DBC,35.299999,555500,2026-09-05T01:17:07Z
2008-02-22,IEF,88.919998,237200,2026-09-05T01:17:07Z
2008-02-22,IWM,69.419998,84228000,2026-09-05T01:17:07Z
2008-02-22,SPY,135.619995,205491000,2026-09-05T01:17:07Z
2008-02-22,TIP,107.639999,883800,2026-09-05T01:17:07Z
2008-02-22,TLT,92.019997,1959700,2026-09-05T01:17:07Z
2008-02-22,VEA,43.919998,338800,2026-09-05T01:17:07Z
2008-02-22,VNQ,59.639999,1063400,2026-09-05T01:17:07Z
2008-02-22,VWO,98.300003,1378000,2026-09-05T01:17:07Z
2008-02-25,BIL,45.880001,14850,2026-09-05T01:17:07Z
2008-02-25,DBC,35.639999,923900,2026-09-05T01:17:07Z
2008-02-25,IEF,88.330002,175400,2026-09-05T01:17:07Z
2008-02-25,IWM,70.769997,76367400,2026-09-05T01:17:07Z
2008-02-25,SPY,137.330002,190107000,2026-09-05T01:17:07Z
2008-02-25,TIP,107.099998,420600,2026-09-05T01:17:07Z
2008-02-25,TLT,91.080002,3460900,2026-09-05T01:17:07Z
2008-02-25,VEA,44.570000,469100,2026-09-05T01:17:07Z
2008-02-25,VNQ,61.459999,984800,2026-09-05T01:17:07Z
2008-02-25,VWO,99.379997,1411400,2026-09-05T01:17:07Z
2008-02-26,BIL,45.910000,42400,2026-09-05T01:17:07Z
2008-02-26,DBC,36.400002,1029300,2026-09-05T01:17:07Z
2008-02-26,IEF,88.550003,259700,2026-09-05T01:17:07Z
2008-02-26,IWM,71.430000,92917400,2026-09-05T01:17:07Z
2008-02-26,SPY,138.360001,212420700,2026-09-05T01:17:07Z
2008-02-26,TIP,107.809998,603700,2026-09-05T01:17:07Z
2008-02-26,TLT,91.110001,2618900,2026-09-05T01:17:07Z
2008-02-26,VEA,45.330002,385800,2026-09-05T01:17:07Z
2008-02-26,VNQ,61.450001,889100,2026-09-05T01:17:07Z
2008-02-26,VWO,101.239998,1373200,2026-09-05T01:17:07Z
2008-02-27,BIL,45.919998,84550,2026-09-05T01:17:07Z
2008-02-27,DBC,36.349998,1344400,2026-09-05T01:17:07Z
2008-02-27,IEF,88.760002,201600,2026-09-05T01:17:07Z
2008-02-27,IWM,71.400002,85186500,2026-09-05T01:17:07Z
2008-02-27,SPY,138.220001,168395800,2026-09-05T01:17:07Z
2008-02-27,TIP,107.989998,570800,2026-09-05T01:17:07Z
2008-02-27,TLT,91.190002,2494400,2026-09-05T01:17:07Z
2008-02-27,VEA,45.400002,414500,2026-09-05T01:17:07Z
2008-02-27,VNQ,61.160000,447800,2026-09-05T01:17:07Z
2008-02-27,VWO,101.650002,1573600,2026-09-05T01:17:07Z
2008-02-28,BIL,45.919998,20700,2026-09-05T01:17:07Z
2008-02-28,DBC,36.700001,1536000,2026-09-05T01:17:07Z
2008-02-28,IEF,89.800003,289500,2026-09-05T01:17:07Z
2008-02-28,IWM,70.320000,68720700,2026-09-05T01:17:07Z
2008-02-28,SPY,136.869995,170831100,2026-09-05T01:17:07Z
2008-02-28,TIP,109.419998,525800,2026-09-05T01:17:07Z
2008-02-28,TLT,92.809998,3410900,2026-09-05T01:17:07Z
2008-02-28,VEA,45.040001,371700,2026-09-05T01:17:07Z
2008-02-28,VNQ,59.900002,627800,2026-09-05T01:17:07Z
2008-02-28,VWO,100.809998,1453600,2026-09-05T01:17:07Z
2008-02-29,BIL,45.930000,17300,2026-09-05T01:17:07Z
2008-02-29,DBC,36.099998,1079700,2026-09-05T01:17:07Z
2008-02-29,IEF,90.760002,420700,2026-09-05T01:17:07Z
2008-02-29,IWM,68.860001,98588500,2026-09-05T01:17:07Z
2008-02-29,SPY,133.820007,252715200,2026-09-05T01:17:07Z
2008-02-29,TIP,110.570000,720300,2026-09-05T01:17:07Z
2008-02-29,TLT,94.230003,3822000,2026-09-05T01:17:07Z
2008-02-29,VEA,43.930000,408000,2026-09-05T01:17:07Z
2008-02-29,VNQ,59.040001,556600,2026-09-05T01:17:07Z
2008-02-29,VWO,97.620003,1308400,2026-09-05T01:17:07Z
2008-03-03,BIL,45.860001,31550,2026-09-05T01:17:07Z
2008-03-03,DBC,36.630001,1311900,2026-09-05T01:17:07Z
2008-03-03,IEF,90.250000,480300,2026-09-05T01:17:07Z
2008-03-03,IWM,68.199997,84853500,2026-09-05T01:17:07Z
2008-03-03,SPY,133.500000,189483500,2026-09-05T01:17:07Z
2008-03-03,TIP,110.010002,1382900,2026-09-05T01:17:07Z
2008-03-03,TLT,93.639999,2036900,2026-09-05T01:17:07Z
2008-03-03,VEA,43.939999,504400,2026-09-05T01:17:07Z
2008-03-03,VNQ,59.450001,629500,2026-09-05T01:17:07Z
2008-03-03,VWO,98.180000,1557200,2026-09-05T01:17:07Z
2008-03-04,BIL,45.860001,73450,2026-09-05T01:17:07Z
2008-03-04,DBC,36.500000,1611900,2026-09-05T01:17:07Z
2008-03-04,IEF,89.910004,305600,2026-09-05T01:17:07Z
2008-03-04,IWM,67.800003,90523200,2026-09-05T01:17:07Z
2008-03-04,SPY,132.990005,282513100,2026-09-05T01:17:07Z
2008-03-04,TIP,109.760002,1354000,2026-09-05T01:17:07Z
2008-03-04,TLT,92.730003,3401100,2026-09-05T01:17:07Z
2008-03-04,VEA,43.369999,306900,2026-09-05T01:17:07Z
2008-03-04,VNQ,58.889999,517100,2026-09-05T01:17:07Z
2008-03-04,VWO,96.379997,4079600,2026-09-05T01:17:07Z
2008-03-05,BIL,45.849998,253850,2026-09-05T01:17:07Z
2008-03-05,DBC,37.299999,1009300,2026-09-05T01:17:07Z
2008-03-05,IEF,89.519997,358300,2026-09-05T01:17:07Z
2008-03-05,IWM,68.449997,92841800,2026-09-05T01:17:07Z
2008-03-05,SPY,133.830002,270681400,2026-09-05T01:17:07Z
2008-03-05,TIP,109.690002,450600,2026-09-05T01:17:07Z
2008-03-05,TLT,91.620003,3871200,2026-09-05T01:17:07Z
2008-03-05,VEA,43.810001,280100,2026-09-05T01:17:07Z
2008-03-05,VNQ,59.700001,558300,2026-09-05T01:17:07Z
2008-03-05,VWO,98.190002,1439000,2026-09-05T01:17:07Z
2008-03-06,BIL,45.869999,41600,2026-09-05T01:17:07Z
2008-03-06,DBC,37.580002,1676900,2026-09-05T01:17:07Z
2008-03-06,IEF,90.239998,292600,2026-09-05T01:17:07Z
2008-03-06,IWM,66.169998,104781300,2026-09-05T01:17:07Z
2008-03-06,SPY,131.059998,247911700,2026-09-05T01:17:07Z
2008-03-06,TIP,110.279999,439000,2026-09-05T01:17:07Z
2008-03-06,TLT,92.110001,1342600,2026-09-05T01:17:07Z
2008-03-06,VEA,43.360001,411400,2026-09-05T01:17:07Z
2008-03-06,VNQ,56.980000,535000,2026-09-05T01:17:07Z
2008-03-06,VWO,95.230003,1505200,2026-09-05T01:17:07Z
2008-03-07,BIL,45.869999,50300,2026-09-05T01:17:07Z
2008-03-07,DBC,37.200001,1497400,2026-09-05T01:17:07Z
2008-03-07,IEF,90.550003,414000,2026-09-05T01:17:07Z
2008-03-07,IWM,65.959999,119085300,2026-09-05T01:17:07Z
2008-03-07,SPY,129.710007,326434600,2026-09-05T01:17:07Z
2008-03-07,TIP,110.690002,613800,2026-09-05T01:17:07Z
2008-03-07,TLT,92.230003,3601300,2026-09-05T01:17:07Z
2008-03-07,VEA,42.779999,501600,2026-09-05T01:17:07Z
2008-03-07,VNQ,57.910000,636400,2026-09-05T01:17:07Z
2008-03-07,VWO,94.199997,1662800,2026-09-05T01:17:07Z
2008-03-10,BIL,45.869999,22300,2026-09-05T01:17:07Z
2008-03-10,DBC,37.900002,1719600,2026-09-05T01:17:07Z
2008-03-10,IEF,91.199997,200300,2026-09-05T01:17:07Z
2008-03-10,IWM,64.500000,82737100,2026-09-05T01:17:07Z
2008-03-10,SPY,128.000000,235683600,2026-09-05T01:17:07Z
2008-03-10,TIP,111.519997,721400,2026-09-05T01:17:07Z
2008-03-10,TLT,93.589996,3579000,2026-09-05T01:17:07Z
2008-03-10,VEA,42.360001,411700,2026-09-05T01:17:07Z
2008-03-10,VNQ,57.090000,752200,2026-09-05T01:17:07Z
2008-03-10,VWO,91.550003,1419800,2026-09-05T01:17:07Z
2008-03-11,BIL,45.869999,42200,2026-09-05T01:17:07Z
2008-03-11,DBC,38.490002,1474200,2026-09-05T01:17:07Z
2008-03-11,IEF,90.209999,350800,2026-09-05T01:17:07Z
2008-03-11,IWM,67.300003,117570000,2026-09-05T01:17:07Z
2008-03-11,SPY,132.600006,341440600,2026-09-05T01:17:07Z
2008-03-11,TIP,110.440002,853700,2026-09-05T01:17:07Z
2008-03-11,TLT,92.790001,3309200,2026-09-05T01:17:07Z
2008-03-11,VEA,43.720001,303700,2026-09-05T01:17:07Z
2008-03-11,VNQ,60.799999,577700,2026-09-05T01:17:07Z
2008-03-11,VWO,97.739998,1857600,2026-09-05T01:17:07Z
2008-03-12,BIL,45.880001,13350,2026-09-05T01:17:07Z
2008-03-12,DBC,38.910000,1756900,2026-09-05T01:17:07Z
2008-03-12,IEF,91.250000,289800,2026-09-05T01:17:07Z
2008-03-12,IWM,66.519997,92575100,2026-09-05T01:17:07Z
2008-03-12,SPY,131.360001,229161100,2026-09-05T01:17:07Z
2008-03-12,TIP,111.500000,648800,2026-09-05T01:17:07Z
2008-03-12,TLT,94.580002,4752900,2026-09-05T01:17:07Z
2008-03-12,VEA,43.750000,366300,2026-09-05T01:17:07Z
2008-03-12,VNQ,59.520000,363400,2026-09-05T01:17:07Z
2008-03-12,VWO,95.410004,1891000,2026-09-05T01:17:07Z
2008-03-13,BIL,45.869999,41300,2026-09-05T01:17:07Z
2008-03-13,DBC,38.950001,2624800,2026-09-05T01:17:07Z
2008-03-13,IEF,90.769997,626400,2026-09-05T01:17:07Z
2008-03-13,IWM,67.849998,123504200,2026-09-05T01:17:07Z
2008-03-13,SPY,131.649994,351504200,2026-09-05T01:17:07Z
2008-03-13,TIP,110.779999,888800,2026-09-05T01:17:07Z
2008-03-13,TLT,93.839996,5763500,2026-09-05T01:17:07Z
2008-03-13,VEA,43.790001,341900,2026-09-05T01:17:07Z
2008-03-13,VNQ,60.220001,503300,2026-09-05T01:17:07Z
2008-03-13,VWO,95.220001,2226600,2026-09-05T01:17:07Z
2008-03-14,BIL,45.930000,82350,2026-09-05T01:17:07Z
2008-03-14,DBC,38.900002,1140300,2026-09-05T01:17:07Z
2008-03-14,IEF,91.709999,301700,2026-09-05T01:17:07Z
2008-03-14,IWM,66.139999,176997100,2026-09-05T01:17:07Z
2008-03-14,SPY,129.610001,484687800,2026-09-05T01:17:07Z
2008-03-14,TIP,111.029999,664800,2026-09-05T01:17:07Z
2008-03-14,TLT,95.000000,6174800,2026-09-05T01:17:07Z
2008-03-14,VEA,42.830002,406900,2026-09-05T01:17:07Z
2008-03-14,VNQ,59.000000,615900,2026-09-05T01:17:07Z
2008-03-14,VWO,91.779999,2729000,2026-09-05T01:17:07Z
2008-03-17,BIL,45.919998,136100,2026-09-05T01:17:07Z
2008-03-17,DBC,37.340000,3062500,2026-09-05T01:17:07Z
2008-03-17,IEF,92.169998,569100,2026-09-05T01:17:07Z
2008-03-17,IWM,65.059998,126969000,2026-09-05T01:17:07Z
2008-03-17,SPY,128.300003,405311100,2026-09-05T01:17:07Z
2008-03-17,TIP,109.839996,788600,2026-09-05T01:17:07Z
2008-03-17,TLT,95.730003,3329300,2026-09-05T01:17:07Z
2008-03-17,VEA,42.160000,608000,2026-09-05T01:17:07Z
2008-03-17,VNQ,59.360001,1021200,2026-09-05T01:17:07Z
2008-03-17,VWO,88.790001,3267400,2026-09-05T01:17:07Z
2008-03-18,BIL,45.970001,47400,2026-09-05T01:17:07Z
2008-03-18,DBC,38.169998,1175300,2026-09-05T01:17:07Z
2008-03-18,IEF,91.540001,333400,2026-09-05T01:17:07Z
2008-03-18,IWM,68.050003,161001200,2026-09-05T01:17:07Z
2008-03-18,SPY,133.630005,334416600,2026-09-05T01:17:07Z
2008-03-18,TIP,109.720001,661700,2026-09-05T01:17:07Z
2008-03-18,TLT,95.360001,4022300,2026-09-05T01:17:07Z
2008-03-18,VEA,43.450001,164700,2026-09-05T01:17:07Z
2008-03-18,VNQ,61.970001,774700,2026-09-05T01:17:07Z
2008-03-18,VWO,93.860001,2060400,2026-09-05T01:17:07Z
2008-03-19,BIL,45.980000,31850,2026-09-05T01:17:07Z
2008-03-19,DBC,36.520000,2186000,2026-09-05T01:17:07Z
2008-03-19,IEF,92.330002,1370400,2026-09-05T01:17:07Z
2008-03-19,IWM,66.349998,132792600,2026-09-05T01:17:07Z
2008-03-19,SPY,130.320007,345971600,2026-09-05T01:17:07Z
2008-03-19,TIP,110.180000,723700,2026-09-05T01:17:07Z
2008-03-19,TLT,96.940002,5206400,2026-09-05T01:17:07Z
2008-03-19,VEA,41.849998,300700,2026-09-05T01:17:07Z
2008-03-19,VNQ,61.500000,372600,2026-09-05T01:17:07Z
2008-03-19,VWO,88.620003,1965800,2026-09-05T01:17:07Z
2008-03-20,BIL,45.970001,46750,2026-09-05T01:17:07Z
2008-03-20,DBC,35.049999,3472500,2026-09-05T01:17:07Z
2008-03-20,IEF,92.529999,626300,2026-09-05T01:17:07Z
2008-03-20,IWM,67.480003,103328000,2026-09-05T01:17:07Z
2008-03-20,SPY,132.080002,245320700,2026-09-05T01:17:07Z
2008-03-20,TIP,110.419998,485900,2026-09-05T01:17:07Z
2008-03-20,TLT,97.180000,3905900,2026-09-05T01:17:07Z
2008-03-20,VEA,42.279999,382400,2026-09-05T01:17:07Z
2008-03-20,VNQ,63.549999,531200,2026-09-05T01:17:07Z
2008-03-20,VWO,89.959999,1885000,2026-09-05T01:17:07Z
2008-03-24,BIL,45.930000,38750,2026-09-05T01:17:07Z
2008-03-24,DBC,35.689999,1459100,2026-09-05T01:17:07Z
2008-03-24,IEF,90.900002,898300,2026-09-05T01:17:07Z
2008-03-24,IWM,69.989998,90751700,2026-09-05T01:17:07Z
2008-03-24,SPY,134.720001,208977300,2026-09-05T01:17:07Z
2008-03-24,TIP,108.470001,804000,2026-09-05T01:17:07Z
2008-03-24,TLT,95.300003,5596200,2026-09-05T01:17:07Z
2008-03-24,VEA,43.130001,405300,2026-09-05T01:17:07Z
2008-03-24,VNQ,64.980003,384200,2026-09-05T01:17:07Z
2008-03-24,VWO,93.330002,1811400,2026-09-05T01:17:07Z
2008-03-25,BIL,45.900002,39200,2026-09-05T01:17:07Z
2008-03-25,DBC,36.049999,1020800,2026-09-05T01:17:07Z
2008-03-25,IEF,91.220001,314600,2026-09-05T01:17:07Z
2008-03-25,IWM,70.220001,50600,2026-09-05T01:17:07Z
2008-03-25,SPY,134.850006,192947200,2026-09-05T01:17:07Z
2008-03-25,TIP,108.290001,375700,2026-09-05T01:17:07Z
2008-03-25,TLT,95.699997,2038200,2026-09-05T01:17:07Z
2008-03-25,VEA,43.869999,255700,2026-09-05T01:17:07Z
2008-03-25,VNQ,64.650002,752900,2026-09-05T01:17:07Z
2008-03-25,VWO,94.349998,1857800,2026-09-05T01:17:07Z
2008-03-26,BIL,45.930000,9800,2026-09-05T01:17:07Z
2008-03-26,DBC,37.130001,1394900,2026-09-05T01:17:07Z
2008-03-26,IEF,91.290001,615400,2026-09-05T01:17:07Z
2008-03-26,IWM,69.639999,63054100,2026-09-05T01:17:07Z
2008-03-26,SPY,133.199997,196934300,2026-09-05T01:17:07Z
2008-03-26,TIP,108.610001,672500,2026-09-05T01:17:07Z
2008-03-26,TLT,95.300003,1652000,2026-09-05T01:17:07Z
2008-03-26,VEA,43.830002,244700,2026-09-05T01:17:07Z
2008-03-26,VNQ,63.410000,437000,2026-09-05T01:17:07Z
2008-03-26,VWO,93.150002,1794400,2026-09-05T01:17:07Z
2008-03-27,BIL,45.939999,8300,2026-09-05T01:17:07Z
2008-03-27,DBC,37.540001,2398300,2026-09-05T01:17:07Z
2008-03-27,IEF,91.169998,345100,2026-09-05T01:17:07Z
2008-03-27,IWM,69.000000,63938500,2026-09-05T01:17:07Z
2008-03-27,SPY,132.779999,225153200,2026-09-05T01:17:07Z
2008-03-27,TIP,108.830002,449500,2026-09-05T01:17:07Z
2008-03-27,TLT,94.629997,2405700,2026-09-05T01:17:07Z
2008-03-27,VEA,43.900002,175300,2026-09-05T01:17:07Z
2008-03-27,VNQ,62.889999,673300,2026-09-05T01:17:07Z
2008-03-27,VWO,94.169998,1368200,2026-09-05T01:17:07Z
2008-03-28,BIL,45.900002,33900,2026-09-05T01:17:07Z
2008-03-28,DBC,36.650002,1129600,2026-09-05T01:17:07Z
2008-03-28,IEF,91.529999,131800,2026-09-05T01:17:07Z
2008-03-28,IWM,68.190002,228800,2026-09-05T01:17:07Z
2008-03-28,SPY,131.509995,180896100,2026-09-05T01:17:07Z
2008-03-28,TIP,109.639999,214000,2026-09-05T01:17:07Z
2008-03-28,TLT,95.550003,1745500,2026-09-05T01:17:07Z
2008-03-28,VEA,43.810001,180200,2026-09-05T01:17:07Z
2008-03-28,VNQ,62.150002,491400,2026-09-05T01:17:07Z
2008-03-28,VWO,93.480003,1131400,2026-09-05T01:17:07Z
2008-03-31,BIL,45.950001,64950,2026-09-05T01:17:07Z
2008-03-31,DBC,35.770000,1302500,2026-09-05T01:17:07Z
2008-03-31,IEF,91.690002,431000,2026-09-05T01:17:07Z
2008-03-31,IWM,68.290001,64266300,2026-09-05T01:17:07Z
2008-03-31,SPY,131.970001,166692100,2026-09-05T01:17:07Z
2008-03-31,TIP,109.900002,1296400,2026-09-05T01:17:07Z
2008-03-31,TLT,95.889999,2546300,2026-09-05T01:17:07Z
2008-03-31,VEA,44.080002,818100,2026-09-05T01:17:07Z
2008-03-31,VNQ,62.389999,409000,2026-09-05T01:17:07Z
2008-03-31,VWO,94.029999,2115600,2026-09-05T01:17:07Z
2008-04-01,BIL,45.849998,83350,2026-09-05T01:17:07Z
2008-04-01,DBC,35.570000,1282800,2026-09-05T01:17:07Z
2008-04-01,IEF,90.580002,786700,2026-09-05T01:17:07Z
2008-04-01,IWM,70.790001,65928500,2026-09-05T01:17:07Z
2008-04-01,SPY,136.610001,254547300,2026-09-05T01:17:07Z
2008-04-01,TIP,108.320000,694200,2026-09-05T01:17:07Z
2008-04-01,TLT,93.930000,3821800,2026-09-05T01:17:07Z
2008-04-01,VEA,45.360001,250300,2026-09-05T01:17:07Z
2008-04-01,VNQ,65.940002,3876600,2026-09-05T01:17:07Z
2008-04-01,VWO,96.800003,3481200,2026-09-05T01:17:07Z
2008-04-02,BIL,45.849998,65900,2026-09-05T01:17:07Z
2008-04-02,DBC,36.630001,814400,2026-09-05T01:17:07Z
2008-04-02,IEF,90.279999,734700,2026-09-05T01:17:07Z
2008-04-02,IWM,70.959999,58947900,2026-09-05T01:17:07Z
2008-04-02,SPY,136.699997,210910800,2026-09-05T01:17:07Z
2008-04-02,TIP,108.320000,422800,2026-09-05T01:17:07Z
2008-04-02,TLT,94.129997,3794200,2026-09-05T01:17:07Z
2008-04-02,VEA,45.509998,251100,2026-09-05T01:17:07Z
2008-04-02,VNQ,65.620003,483400,2026-09-05T01:17:07Z
2008-04-02,VWO,96.779999,1709400,2026-09-05T01:17:07Z
2008-04-03,BIL,45.849998,23600,2026-09-05T01:17:07Z
2008-04-03,DBC,36.830002,552400,2026-09-05T01:17:07Z
2008-04-03,IEF,90.279999,560200,2026-09-05T01:17:07Z
2008-04-03,IWM,71.180000,57228200,2026-09-05T01:17:07Z
2008-04-03,SPY,137.039993,175884800,2026-09-05T01:17:07Z
2008-04-03,TIP,108.279999,288300,2026-09-05T01:17:07Z
2008-04-03,TLT,94.339996,2839100,2026-09-05T01:17:07Z
2008-04-03,VEA,45.630001,190200,2026-09-05T01:17:07Z
2008-04-03,VNQ,67.120003,508900,2026-09-05T01:17:07Z
2008-04-03,VWO,97.800003,2967400,2026-09-05T01:17:07Z
2008-04-04,BIL,45.869999,44300,2026-09-05T01:17:07Z
2008-04-04,DBC,37.090000,825800,2026-09-05T01:17:07Z
2008-04-04,IEF,90.970001,421800,2026-09-05T01:17:07Z
2008-04-04,IWM,71.160004,159400,2026-09-05T01:17:07Z
2008-04-04,SPY,136.889999,204446800,2026-09-05T01:17:07Z
2008-04-04,TIP,108.900002,391100,2026-09-05T01:17:07Z
2008-04-04,TLT,95.199997,1745200,2026-09-05T01:17:07Z
2008-04-04,VEA,45.840000,340900,2026-09-05T01:17:07Z
2008-04-04,VNQ,66.059998,1124600,2026-09-05T01:17:07Z
2008-04-04,VWO,97.629997,1547600,2026-09-05T01:17:07Z
2008-04-07,BIL,45.849998,46450,2026-09-05T01:17:07Z
2008-04-07,DBC,37.490002,1223600,2026-09-05T01:17:07Z
2008-04-07,IEF,90.370003,330400,2026-09-05T01:17:07Z
2008-04-07,IWM,71.040001,40283000,2026-09-05T01:17:07Z
2008-04-07,SPY,136.960007,154245500,2026-09-05T01:17:07Z
2008-04-07,TIP,108.650002,286100,2026-09-05T01:17:07Z
2008-04-07,TLT,94.699997,2231800,2026-09-05T01:17:07Z
2008-04-07,VEA,46.020000,172100,2026-09-05T01:17:07Z
2008-04-07,VNQ,65.449997,681300,2026-09-05T01:17:07Z
2008-04-07,VWO,98.110001,1435000,2026-09-05T01:17:07Z
2008-04-08,BIL,45.880001,24500,2026-09-05T01:17:07Z
2008-04-08,DBC,37.639999,826900,2026-09-05T01:17:07Z
2008-04-08,IEF,90.379997,469900,2026-09-05T01:17:07Z
2008-04-08,IWM,70.970001,49572900,2026-09-05T01:17:07Z
2008-04-08,SPY,136.820007,148937300,2026-09-05T01:17:07Z
2008-04-08,TIP,108.459999,320500,2026-09-05T01:17:07Z
2008-04-08,TLT,94.370003,1305200,2026-09-05T01:17:07Z
2008-04-08,VEA,45.619999,170000,2026-09-05T01:17:07Z
2008-04-08,VNQ,65.360001,452500,2026-09-05T01:17:07Z
2008-04-08,VWO,97.910004,966400,2026-09-05T01:17:07Z
2008-04-09,BIL,45.880001,33900,2026-09-05T01:17:07Z
2008-04-09,DBC,38.270000,1277000,2026-09-05T01:17:07Z
2008-04-09,IEF,90.919998,761000,2026-09-05T01:17:07Z
2008-04-09,IWM,69.809998,71772700,2026-09-05T01:17:07Z
2008-04-09,SPY,135.830002,195610600,2026-09-05T01:17:07Z
2008-04-09,TIP,109.180000,527000,2026-09-05T01:17:07Z
2008-04-09,TLT,95.349998,2883600,2026-09-05T01:17:07Z
2008-04-09,VEA,45.330002,715200,2026-09-05T01:17:07Z
2008-04-09,VNQ,63.720001,515900,2026-09-05T01:17:07Z
2008-04-09,VWO,97.150002,1235400,2026-09-05T01:17:07Z
2008-04-10,BIL,45.880001,18750,2026-09-05T01:17:07Z
2008-04-10,DBC,38.099998,1338600,2026-09-05T01:17:07Z
2008-04-10,IEF,90.559998,199700,2026-09-05T01:17:07Z
2008-04-10,IWM,70.550003,56065900,2026-09-05T01:17:07Z
2008-04-10,SPY,136.020004,192967800,2026-09-05T01:17:07Z
2008-04-10,TIP,108.709999,753300,2026-09-05T01:17:07Z
2008-04-10,TLT,95.029999,1846500,2026-09-05T01:17:07Z
2008-04-10,VEA,45.139999,155200,2026-09-05T01:17:07Z
2008-04-10,VNQ,64.339996,576600,2026-09-05T01:17:07Z
2008-04-10,VWO,98.830002,1024200,2026-09-05T01:17:07Z
2008-04-11,BIL,45.880001,39350,2026-09-05T01:17:07Z
2008-04-11,DBC,37.950001,747400,2026-09-05T01:17:07Z
2008-04-11,IEF,90.949997,716400,2026-09-05T01:17:07Z
2008-04-11,IWM,68.739998,79545300,2026-09-05T01:17:07Z
2008-04-11,SPY,133.380005,222973300,2026-09-05T01:17:07Z
2008-04-11,TIP,109.519997,831200,2026-09-05T01:17:07Z
2008-04-11,TLT,95.669998,1987700,2026-09-05T01:17:07Z
2008-04-11,VEA,44.549999,240000,2026-09-05T01:17:07Z
2008-04-11,VNQ,63.549999,422300,2026-09-05T01:17:07Z
2008-04-11,VWO,97.010002,1424200,2026-09-05T01:17:07Z
2008-04-14,BIL,45.900002,16050,2026-09-05T01:17:07Z
2008-04-14,DBC,38.209999,762000,2026-09-05T01:17:07Z
2008-04-14,IEF,90.720001,246000,2026-09-05T01:17:07Z
2008-04-14,IWM,68.529999,57846400,2026-09-05T01:17:07Z
2008-04-14,SPY,132.929993,160522000,2026-09-05T01:17:07Z
2008-04-14,TIP,109.180000,479400,2026-09-05T01:17:07Z
2008-04-14,TLT,95.110001,3195300,2026-09-05T01:17:07Z
2008-04-14,VEA,44.580002,103900,2026-09-05T01:17:07Z
2008-04-14,VNQ,63.180000,410800,2026-09-05T01:17:07Z
2008-04-14,VWO,97.139999,840600,2026-09-05T01:17:07Z
2008-04-15,BIL,45.900002,60700,2026-09-05T01:17:07Z
2008-04-15,DBC,38.669998,615700,2026-09-05T01:17:07Z
2008-04-15,IEF,90.309998,273700,2026-09-05T01:17:07Z
2008-04-15,IWM,68.970001,45940300,2026-09-05T01:17:07Z
2008-04-15,SPY,133.240005,172389200,2026-09-05T01:17:07Z
2008-04-15,TIP,108.779999,341600,2026-09-05T01:17:07Z
2008-04-15,TLT,93.930000,2821600,2026-09-05T01:17:07Z
2008-04-15,VEA,44.840000,185300,2026-09-05T01:17:07Z
2008-04-15,VNQ,63.820000,218700,2026-09-05T01:17:07Z
2008-04-15,VWO,98.790001,678000,2026-09-05T01:17:07Z
2008-04-16,BIL,45.869999,19550,2026-09-05T01:17:07Z
2008-04-16,DBC,39.040001,784500,2026-09-05T01:17:07Z
2008-04-16,IEF,89.699997,1116400,2026-09-05T01:17:07Z
2008-04-16,IWM,71.199997,72389400,2026-09-05T01:17:07Z
2008-04-16,SPY,136.850006,189268900,2026-09-05T01:17:07Z
2008-04-16,TIP,108.110001,575200,2026-09-05T01:17:07Z
2008-04-16,TLT,93.010002,4691100,2026-09-05T01:17:07Z
2008-04-16,VEA,46.380001,473200,2026-09-05T01:17:07Z
2008-04-16,VNQ,66.410004,358200,2026-09-05T01:17:07Z
2008-04-16,VWO,100.860001,1182000,2026-09-05T01:17:07Z
2008-04-17,BIL,45.869999,31800,2026-09-05T01:17:07Z
2008-04-17,DBC,38.860001,555800,2026-09-05T01:17:07Z
2008-04-17,IEF,89.489998,815000,2026-09-05T01:17:07Z
2008-04-17,IWM,70.919998,48815600,2026-09-05T01:17:07Z
2008-04-17,SPY,137.050003,179665700,2026-09-05T01:17:07Z
2008-04-17,TIP,107.660004,429400,2026-09-05T01:17:07Z
2008-04-17,TLT,92.849998,2020000,2026-09-05T01:17:07Z
2008-04-17,VEA,45.889999,245100,2026-09-05T01:17:07Z
2008-04-17,VNQ,66.650002,400600,2026-09-05T01:17:07Z
2008-04-17,VWO,100.239998,1401200,2026-09-05T01:17:07Z
2008-04-18,BIL,45.840000,31800,2026-09-05T01:17:07Z
2008-04-18,DBC,38.880001,549200,2026-09-05T01:17:07Z
2008-04-18,IEF,89.400002,2284800,2026-09-05T01:17:07Z
2008-04-18,IWM,71.669998,70736400,2026-09-05T01:17:07Z
2008-04-18,SPY,138.479996,218530600,2026-09-05T01:17:07Z
2008-04-18,TIP,107.559998,650200,2026-09-05T01:17:07Z
2008-04-18,TLT,92.769997,2199700,2026-09-05T01:17:07Z
2008-04-18,VEA,46.169998,300500,2026-09-05T01:17:07Z
2008-04-18,VNQ,66.269997,814400,2026-09-05T01:17:07Z
2008-04-18,VWO,101.250000,2163800,2026-09-05T01:17:07Z
2008-04-21,BIL,45.860001,26050,2026-09-05T01:17:07Z
2008-04-21,DBC,38.930000,769300,2026-09-05T01:17:07Z
2008-04-21,IEF,89.410004,303600,2026-09-05T01:17:07Z
2008-04-21,IWM,71.680000,40019000,2026-09-05T01:17:07Z
2008-04-21,SPY,138.550003,118587400,2026-09-05T01:17:07Z
2008-04-21,TIP,107.599998,578300,2026-09-05T01:17:07Z
2008-04-21,TLT,93.139999,2805800,2026-09-05T01:17:07Z
2008-04-21,VEA,46.529999,210000,2026-09-05T01:17:07Z
2008-04-21,VNQ,65.779999,307700,2026-09-05T01:17:07Z
2008-04-21,VWO,102.239998,1193800,2026-09-05T01:17:07Z
2008-04-22,BIL,45.869999,35850,2026-09-05T01:17:07Z
2008-04-22,DBC,39.169998,904600,2026-09-05T01:17:07Z
2008-04-22,IEF,89.480003,427900,2026-09-05T01:17:07Z
2008-04-22,IWM,70.370003,68800,2026-09-05T01:17:07Z
2008-04-22,SPY,137.940002,162166000,2026-09-05T01:17:07Z
2008-04-22,TIP,107.870003,704900,2026-09-05T01:17:07Z
2008-04-22,TLT,93.459999,1799700,2026-09-05T01:17:07Z
2008-04-22,VEA,46.009998,526200,2026-09-05T01:17:07Z
2008-04-22,VNQ,65.620003,522800,2026-09-05T01:17:07Z
2008-04-22,VWO,101.349998,2481000,2026-09-05T01:17:07Z
2008-04-23,BIL,45.869999,23800,2026-09-05T01:17:07Z
2008-04-23,DBC,38.799999,744300,2026-09-05T01:17:07Z
2008-04-23,IEF,89.389999,191300,2026-09-05T01:17:07Z
2008-04-23,IWM,70.550003,48056900,2026-09-05T01:17:07Z
2008-04-23,SPY,137.720001,193309000,2026-09-05T01:17:07Z
2008-04-23,TIP,107.540001,347000,2026-09-05T01:17:07Z
2008-04-23,TLT,93.150002,1221100,2026-09-05T01:17:07Z
2008-04-23,VEA,46.180000,399700,2026-09-05T01:17:07Z
2008-04-23,VNQ,66.440002,693300,2026-09-05T01:17:07Z
2008-04-23,VWO,102.599998,1344400,2026-09-05T01:17:07Z
2008-04-24,BIL,45.880001,9800,2026-09-05T01:17:07Z
2008-04-24,DBC,38.150002,691800,2026-09-05T01:17:07Z
2008-04-24,IEF,88.690002,306600,2026-09-05T01:17:07Z
2008-04-24,IWM,71.230003,230600,2026-09-05T01:17:07Z
2008-04-24,SPY,138.320007,229381300,2026-09-05T01:17:07Z
2008-04-24,TIP,106.570000,443600,2026-09-05T01:17:07Z
2008-04-24,TLT,92.360001,3213600,2026-09-05T01:17:07Z
2008-04-24,VEA,45.950001,370900,2026-09-05T01:17:07Z
2008-04-24,VNQ,67.760002,886400,2026-09-05T01:17:07Z
2008-04-24,VWO,102.000000,915000,2026-09-05T01:17:07Z
2008-04-25,BIL,45.880001,39700,2026-09-05T01:17:07Z
2008-04-25,DBC,38.849998,473700,2026-09-05T01:17:07Z
2008-04-25,IEF,88.570000,211400,2026-09-05T01:17:07Z
2008-04-25,IWM,71.900002,56252000,2026-09-05T01:17:07Z
2008-04-25,SPY,139.600006,190788100,2026-09-05T01:17:07Z
2008-04-25,TIP,106.419998,464500,2026-09-05T01:17:07Z
2008-04-25,TLT,91.820000,1742000,2026-09-05T01:17:07Z
2008-04-25,VEA,46.470001,429600,2026-09-05T01:17:07Z
2008-04-25,VNQ,68.139999,454400,2026-09-05T01:17:07Z
2008-04-25,VWO,102.970001,3164600,2026-09-05T01:17:07Z
2008-04-28,BIL,45.849998,35900,2026-09-05T01:17:07Z
2008-04-28,DBC,38.939999,480500,2026-09-05T01:17:07Z
2008-04-28,IEF,88.730003,167800,2026-09-05T01:17:07Z
2008-04-28,IWM,72.379997,35470700,2026-09-05T01:17:07Z
2008-04-28,SPY,139.630005,105610200,2026-09-05T01:17:07Z
2008-04-28,TIP,106.599998,389600,2026-09-05T01:17:07Z
2008-04-28,TLT,92.099998,1883900,2026-09-05T01:17:07Z
2008-04-28,VEA,46.660000,478200,2026-09-05T01:17:07Z
2008-04-28,VNQ,68.050003,699600,2026-09-05T01:17:07Z
2008-04-28,VWO,102.040001,3015800,2026-09-05T01:17:07Z
2008-04-29,BIL,45.900002,21300,2026-09-05T01:17:07Z
2008-04-29,DBC,38.000000,1231900,2026-09-05T01:17:07Z
2008-04-29,IEF,88.889999,144300,2026-09-05T01:17:07Z
2008-04-29,IWM,71.739998,40940300,2026-09-05T01:17:07Z
2008-04-29,SPY,139.080002,125514100,2026-09-05T01:17:07Z
2008-04-29,TIP,106.610001,366500,2026-09-05T01:17:07Z
2008-04-29,TLT,92.449997,1269100,2026-09-05T01:17:07Z
2008-04-29,VEA,46.220001,764300,2026-09-05T01:17:07Z
2008-04-29,VNQ,67.309998,806100,2026-09-05T01:17:07Z
2008-04-29,VWO,100.320000,1011000,2026-09-05T01:17:07Z
2008-04-30,BIL,45.849998,27000,2026-09-05T01:17:07Z
2008-04-30,DBC,37.930000,1620800,2026-09-05T01:17:07Z
2008-04-30,IEF,89.169998,168700,2026-09-05T01:17:07Z
2008-04-30,IWM,71.400002,62315700,2026-09-05T01:17:07Z
2008-04-30,SPY,138.259995,208395900,2026-09-05T01:17:07Z
2008-04-30,TIP,107.110001,353400,2026-09-05T01:17:07Z
2008-04-30,TLT,93.110001,2827500,2026-09-05T01:17:07Z
2008-04-30,VEA,46.450001,495000,2026-09-05T01:17:07Z
2008-04-30,VNQ,66.370003,629600,2026-09-05T01:17:07Z
2008-04-30,VWO,101.959999,2132400,2026-09-05T01:17:07Z
2008-05-01,BIL,45.830002,20250,2026-09-05T01:17:07Z
2008-05-01,DBC,37.049999,1700600,2026-09-05T01:17:07Z
2008-05-01,IEF,88.879997,336700,2026-09-05T01:17:07Z
2008-05-01,IWM,72.629997,55323500,2026-09-05T01:17:07Z
2008-05-01,SPY,141.119995,187279500,2026-09-05T01:17:07Z
2008-05-01,TIP,106.589996,733100,2026-09-05T01:17:07Z
2008-05-01,TLT,92.779999,3226500,2026-09-05T01:17:07Z
2008-05-01,VEA,46.820000,206200,2026-09-05T01:17:07Z
2008-05-01,VNQ,67.800003,780200,2026-09-05T01:17:07Z
2008-05-01,VWO,103.430000,2427400,2026-09-05T01:17:07Z
2008-05-02,BIL,45.799999,29150,2026-09-05T01:17:07Z
2008-05-02,DBC,37.990002,1348400,2026-09-05T01:17:07Z
2008-05-02,IEF,88.160004,341700,2026-09-05T01:17:07Z
2008-05-02,IWM,72.550003,58836700,2026-09-05T01:17:07Z
2008-05-02,SPY,141.509995,181585500,2026-09-05T01:17:07Z
2008-05-02,TIP,106.320000,614700,2026-09-05T01:17:07Z
2008-05-02,TLT,91.610001,2730800,2026-09-05T01:17:07Z
2008-05-02,VEA,46.939999,547800,2026-09-05T01:17:07Z
2008-05-02,VNQ,67.739998,1311800,2026-09-05T01:17:07Z
2008-05-02,VWO,104.129997,2571800,2026-09-05T01:17:07Z
2008-05-05,BIL,45.810001,15500,2026-09-05T01:17:07Z
2008-05-05,DBC,38.779999,825500,2026-09-05T01:17:07Z
2008-05-05,IEF,88.290001,158800,2026-09-05T01:17:07Z
2008-05-05,IWM,72.269997,39901300,2026-09-05T01:17:07Z
2008-05-05,SPY,140.830002,118504500,2026-09-05T01:17:07Z
2008-05-05,TIP,106.570000,419800,2026-09-05T01:17:07Z
2008-05-05,TLT,91.610001,1309300,2026-09-05T01:17:07Z
2008-05-05,VEA,47.009998,417100,2026-09-05T01:17:07Z
2008-05-05,VNQ,67.550003,295500,2026-09-05T01:17:07Z
2008-05-05,VWO,103.800003,2390000,2026-09-05T01:17:07Z
2008-05-06,BIL,45.790001,104000,2026-09-05T01:17:07Z
2008-05-06,DBC,39.290001,825700,2026-09-05T01:17:07Z
2008-05-06,IEF,88.010002,557400,2026-09-05T01:17:07Z
2008-05-06,IWM,72.860001,60503800,2026-09-05T01:17:07Z
2008-05-06,SPY,142.050003,179339800,2026-09-05T01:17:07Z
2008-05-06,TIP,106.489998,300100,2026-09-05T01:17:07Z
2008-05-06,TLT,90.949997,4037500,2026-09-05T01:17:07Z
2008-05-06,VEA,47.189999,290900,2026-09-05T01:17:07Z
2008-05-06,VNQ,68.019997,336800,2026-09-05T01:17:07Z
2008-05-06,VWO,104.720001,1962400,2026-09-05T01:17:07Z
2008-05-07,BIL,45.820000,26400,2026-09-05T01:17:07Z
2008-05-07,DBC,39.360001,839600,2026-09-05T01:17:07Z
2008-05-07,IEF,88.360001,361300,2026-09-05T01:17:07Z
2008-05-07,IWM,71.559998,57431100,2026-09-05T01:17:07Z
2008-05-07,SPY,139.520004,199267300,2026-09-05T01:17:07Z
2008-05-07,TIP,106.750000,449800,2026-09-05T01:17:07Z
2008-05-07,TLT,91.339996,3876200,2026-09-05T01:17:07Z
2008-05-07,VEA,46.439999,329400,2026-09-05T01:17:07Z
2008-05-07,VNQ,66.169998,496200,2026-09-05T01:17:07Z
2008-05-07,VWO,102.260002,2572200,2026-09-05T01:17:07Z
2008-05-08,BIL,45.799999,78950,2026-09-05T01:17:07Z
2008-05-08,DBC,40.000000,933100,2026-09-05T01:17:07Z
2008-05-08,IEF,88.930000,445600,2026-09-05T01:17:07Z
2008-05-08,IWM,71.709999,60442700,2026-09-05T01:17:07Z
2008-05-08,SPY,139.160004,178321200,2026-09-05T01:17:07Z
2008-05-08,TIP,107.540001,384700,2026-09-05T01:17:07Z
2008-05-08,TLT,92.160004,2829500,2026-09-05T01:17:07Z
2008-05-08,VEA,46.720001,184400,2026-09-05T01:17:07Z
2008-05-08,VNQ,65.769997,419100,2026-09-05T01:17:07Z
2008-05-08,VWO,102.639999,2026000,2026-09-05T01:17:07Z
2008-05-09,BIL,45.820000,38050,2026-09-05T01:17:07Z
2008-05-09,DBC,40.619999,1035000,2026-09-05T01:17:07Z
2008-05-09,IEF,89.029999,236600,2026-09-05T01:17:07Z
2008-05-09,IWM,71.500000,51712800,2026-09-05T01:17:07Z
2008-05-09,SPY,138.899994,152588200,2026-09-05T01:17:07Z
2008-05-09,TIP,107.830002,693600,2026-09-05T01:17:07Z
2008-05-09,TLT,92.500000,2064300,2026-09-05T01:17:07Z
2008-05-09,VEA,46.560001,208100,2026-09-05T01:17:07Z
2008-05-09,VNQ,65.410004,342300,2026-09-05T01:17:07Z
2008-05-09,VWO,102.110001,1154800,2026-09-05T01:17:07Z
2008-05-12,BIL,45.820000,25350,2026-09-05T01:17:07Z
2008-05-12,DBC,39.930000,557100,2026-09-05T01:17:07Z
2008-05-12,IEF,88.879997,112200,2026-09-05T01:17:07Z
2008-05-12,IWM,73.070000,48246600,2026-09-05T01:17:07Z
2008-05-12,SPY,140.460007,147865900,2026-09-05T01:17:07Z
2008-05-12,TIP,107.660004,544000,2026-09-05T01:17:07Z
2008-05-12,TLT,92.360001,1947400,2026-09-05T01:17:07Z
2008-05-12,VEA,47.000000,201300,2026-09-05T01:17:07Z
2008-05-12,VNQ,66.980003,287700,2026-09-05T01:17:07Z
2008-05-12,VWO,102.900002,1270000,2026-09-05T01:17:07Z
2008-05-13,BIL,45.799999,21300,2026-09-05T01:17:07Z
2008-05-13,DBC,40.150002,700300,2026-09-05T01:17:07Z
2008-05-13,IEF,88.139999,458800,2026-09-05T01:17:07Z
2008-05-13,IWM,73.489998,52328700,2026-09-05T01:17:07Z
2008-05-13,SPY,140.479996,159132200,2026-09-05T01:17:07Z
2008-05-13,TIP,106.849998,385500,2026-09-05T01:17:07Z
2008-05-13,TLT,91.349998,2123300,2026-09-05T01:17:07Z
2008-05-13,VEA,46.830002,288600,2026-09-05T01:17:07Z
2008-05-13,VNQ,67.250000,307100,2026-09-05T01:17:07Z
2008-05-13,VWO,103.279999,1651000,2026-09-05T01:17:07Z
2008-05-14,BIL,45.799999,64200,2026-09-05T01:17:07Z
2008-05-14,DBC,39.500000,631600,2026-09-05T01:17:07Z
2008-05-14,IEF,88.110001,174400,2026-09-05T01:17:07Z
2008-05-14,IWM,73.400002,60659500,2026-09-05T01:17:07Z
2008-05-14,SPY,140.770004,181910800,2026-09-05T01:17:07Z
2008-05-14,TIP,106.949997,342800,2026-09-05T01:17:07Z
2008-05-14,TLT,91.389999,2600900,2026-09-05T01:17:07Z
2008-05-14,VEA,46.860001,138700,2026-09-05T01:17:07Z
2008-05-14,VNQ,67.669998,297000,2026-09-05T01:17:07Z
2008-05-14,VWO,103.500000,1394400,2026-09-05T01:17:07Z
2008-05-15,BIL,45.799999,18350,2026-09-05T01:17:07Z
2008-05-15,DBC,39.950001,723800,2026-09-05T01:17:07Z
2008-05-15,IEF,88.599998,269100,2026-09-05T01:17:07Z
2008-05-15,IWM,73.550003,46599700,2026-09-05T01:17:07Z
2008-05-15,SPY,142.529999,166927000,2026-09-05T01:17:07Z
2008-05-15,TIP,107.720001,286400,2026-09-05T01:17:07Z
2008-05-15,TLT,92.220001,2164300,2026-09-05T01:17:07Z
2008-05-15,VEA,47.560001,167500,2026-09-05T01:17:07Z
2008-05-15,VNQ,68.489998,415000,2026-09-05T01:17:07Z
2008-05-15,VWO,105.599998,2753200,2026-09-05T01:17:07Z
2008-05-16,BIL,45.810001,40400,2026-09-05T01:17:07Z
2008-05-16,DBC,40.529999,1480100,2026-09-05T01:17:07Z
2008-05-16,IEF,88.449997,318100,2026-09-05T01:17:07Z
2008-05-16,IWM,73.949997,64245200,2026-09-05T01:17:07Z
2008-05-16,SPY,142.660004,204236800,2026-09-05T01:17:07Z
2008-05-16,TIP,107.720001,751400,2026-09-05T01:17:07Z
2008-05-16,TLT,91.839996,1902600,2026-09-05T01:17:07Z
2008-05-16,VEA,48.130001,259500,2026-09-05T01:17:07Z
2008-05-16,VNQ,68.129997,323800,2026-09-05T01:17:07Z
2008-05-16,VWO,106.760002,1879200,2026-09-05T01:17:07Z
2008-05-19,BIL,45.810001,22950,2026-09-05T01:17:07Z
2008-05-19,DBC,40.590000,481400,2026-09-05T01:17:07Z
2008-05-19,IEF,88.650002,163600,2026-09-05T01:17:07Z
2008-05-19,IWM,73.970001,102762700,2026-09-05T01:17:07Z
2008-05-19,SPY,143.050003,165664400,2026-09-05T01:17:07Z
2008-05-19,TIP,108.059998,291800,2026-09-05T01:17:07Z
2008-05-19,TLT,91.959999,1348200,2026-09-05T01:17:07Z
2008-05-19,VEA,48.049999,204100,2026-09-05T01:17:07Z
2008-05-19,VNQ,68.239998,256700,2026-09-05T01:17:07Z
2008-05-19,VWO,107.290001,1620000,2026-09-05T01:17:07Z
2008-05-20,BIL,45.790001,11750,2026-09-05T01:17:07Z
2008-05-20,DBC,41.150002,654300,2026-09-05T01:17:07Z
2008-05-20,IEF,88.919998,230400,2026-09-05T01:17:07Z
2008-05-20,IWM,73.699997,82109000,2026-09-05T01:17:07Z
2008-05-20,SPY,141.889999,178552100,2026-09-05T01:17:07Z
2008-05-20,TIP,108.709999,584000,2026-09-05T01:17:07Z
2008-05-20,TLT,92.440002,1466000,2026-09-05T01:17:07Z
2008-05-20,VEA,47.610001,195500,2026-09-05T01:17:07Z
2008-05-20,VNQ,67.320000,1419600,2026-09-05T01:17:07Z
2008-05-20,VWO,104.779999,2195000,2026-09-05T01:17:07Z
2008-05-21,BIL,45.790001,48400,2026-09-05T01:17:07Z
2008-05-21,DBC,42.349998,863900,2026-09-05T01:17:07Z
2008-05-21,IEF,88.709999,183100,2026-09-05T01:17:07Z
2008-05-21,IWM,72.650002,100026600,2026-09-05T01:17:07Z
2008-05-21,SPY,139.490005,252724800,2026-09-05T01:17:07Z
2008-05-21,TIP,108.830002,451600,2026-09-05T01:17:07Z
2008-05-21,TLT,92.459999,1762100,2026-09-05T01:17:07Z
2008-05-21,VEA,47.080002,236200,2026-09-05T01:17:07Z
2008-05-21,VNQ,65.699997,3444000,2026-09-05T01:17:07Z
2008-05-21,VWO,103.959999,1433400,2026-09-05T01:17:07Z
2008-05-22,BIL,45.820000,13200,2026-09-05T01:17:07Z
2008-05-22,DBC,41.740002,1280800,2026-09-05T01:17:07Z
2008-05-22,IEF,88.129997,223800,2026-09-05T01:17:07Z
2008-05-22,IWM,73.169998,60034900,2026-09-05T01:17:07Z
2008-05-22,SPY,139.509995,170820400,2026-09-05T01:17:07Z
2008-05-22,TIP,108.070000,412800,2026-09-05T01:17:07Z
2008-05-22,TLT,91.370003,2855900,2026-09-05T01:17:07Z
2008-05-22,VEA,47.529999,233400,2026-09-05T01:17:07Z
2008-05-22,VNQ,65.139999,3545600,2026-09-05T01:17:07Z
2008-05-22,VWO,105.150002,1098600,2026-09-05T01:17:07Z
2008-05-23,BIL,45.820000,16600,2026-09-05T01:17:07Z
2008-05-23,DBC,41.820000,478700,2026-09-05T01:17:07Z
2008-05-23,IEF,88.519997,413200,2026-09-05T01:17:07Z
2008-05-23,IWM,72.209999,64498000,2026-09-05T01:17:07Z
2008-05-23,SPY,137.639999,181376400,2026-09-05T01:17:07Z
2008-05-23,TIP,108.489998,409000,2026-09-05T01:17:07Z
2008-05-23,TLT,91.769997,1802000,2026-09-05T01:17:07Z
2008-05-23,VEA,46.900002,176400,2026-09-05T01:17:07Z
2008-05-23,VNQ,64.830002,311300,2026-09-05T01:17:07Z
2008-05-23,VWO,102.360001,1527200,2026-09-05T01:17:07Z
2008-05-27,BIL,45.820000,27250,2026-09-05T01:17:07Z
2008-05-27,DBC,41.150002,1094000,2026-09-05T01:17:07Z
2008-05-27,IEF,88.089996,258900,2026-09-05T01:17:07Z
2008-05-27,IWM,73.320000,62334000,2026-09-05T01:17:07Z
2008-05-27,SPY,138.660004,168322900,2026-09-05T01:17:07Z
2008-05-27,TIP,107.739998,529000,2026-09-05T01:17:07Z
2008-05-27,TLT,91.150002,1985800,2026-09-05T01:17:07Z
2008-05-27,VEA,46.849998,240200,2026-09-05T01:17:07Z
2008-05-27,VNQ,65.720001,370600,2026-09-05T01:17:07Z
2008-05-27,VWO,102.699997,2138400,2026-09-05T01:17:07Z
2008-05-28,BIL,45.840000,39200,2026-09-05T01:17:07Z
2008-05-28,DBC,41.410000,976600,2026-09-05T01:17:07Z
2008-05-28,IEF,87.430000,197900,2026-09-05T01:17:07Z
2008-05-28,IWM,73.660004,54387400,2026-09-05T01:17:07Z
2008-05-28,SPY,139.300003,181288100,2026-09-05T01:17:07Z
2008-05-28,TIP,106.769997,492200,2026-09-05T01:17:07Z
2008-05-28,TLT,90.339996,3250700,2026-09-05T01:17:07Z
2008-05-28,VEA,46.919998,559800,2026-09-05T01:17:07Z
2008-05-28,VNQ,65.830002,199800,2026-09-05T01:17:07Z
2008-05-28,VWO,103.169998,2612000,2026-09-05T01:17:07Z
2008-05-29,BIL,45.820000,53500,2026-09-05T01:17:07Z
2008-05-29,DBC,40.279999,883300,2026-09-05T01:17:07Z
2008-05-29,IEF,87.019997,387600,2026-09-05T01:17:07Z
2008-05-29,IWM,74.410004,69851700,2026-09-05T01:17:07Z
2008-05-29,SPY,140.000000,173927200,2026-09-05T01:17:07Z
2008-05-29,TIP,106.360001,445800,2026-09-05T01:17:07Z
2008-05-29,TLT,89.690002,3302400,2026-09-05T01:17:07Z
2008-05-29,VEA,46.770000,251700,2026-09-05T01:17:07Z
2008-05-29,VNQ,66.540001,726700,2026-09-05T01:17:07Z
2008-05-29,VWO,103.949997,2060800,2026-09-05T01:17:07Z
2008-05-30,BIL,45.840000,9400,2026-09-05T01:17:07Z
2008-05-30,DBC,40.549999,704800,2026-09-05T01:17:07Z
2008-05-30,IEF,87.309998,2838400,2026-09-05T01:17:07Z
2008-05-30,IWM,74.669998,41633900,2026-09-05T01:17:07Z
2008-05-30,SPY,140.350006,117362000,2026-09-05T01:17:07Z
2008-05-30,TIP,106.779999,960100,2026-09-05T01:17:07Z
2008-05-30,TLT,90.279999,2514600,2026-09-05T01:17:07Z
2008-05-30,VEA,47.009998,209600,2026-09-05T01:17:07Z
2008-05-30,VNQ,66.230003,304700,2026-09-05T01:17:07Z
2008-05-30,VWO,103.779999,1723600,2026-09-05T01:17:07Z
2008-06-02,BIL,45.830002,42000,2026-09-05T01:17:07Z
2008-06-02,DBC,41.090000,1013700,2026-09-05T01:17:07Z
2008-06-02,IEF,87.519997,240300,2026-09-05T01:17:07Z
2008-06-02,IWM,73.989998,69923200,2026-09-05T01:17:07Z
2008-06-02,SPY,138.899994,181069900,2026-09-05T01:17:07Z
2008-06-02,TIP,106.309998,460700,2026-09-05T01:17:07Z
2008-06-02,TLT,90.300003,3076400,2026-09-05T01:17:07Z
2008-06-02,VEA,46.570000,303600,2026-09-05T01:17:07Z
2008-06-02,VNQ,65.120003,338500,2026-09-05T01:17:07Z
2008-06-02,VWO,103.199997,1918400,2026-09-05T01:17:07Z
2008-06-03,BIL,45.830002,14850,2026-09-05T01:17:07Z
2008-06-03,DBC,40.119999,684400,2026-09-05T01:17:07Z
2008-06-03,IEF,87.980003,561500,2026-09-05T01:17:07Z
2008-06-03,IWM,73.839996,87672400,2026-09-05T01:17:07Z
2008-06-03,SPY,138.089996,271965700,2026-09-05T01:17:07Z
2008-06-03,TIP,106.309998,398200,2026-09-05T01:17:07Z
2008-06-03,TLT,90.949997,2447700,2026-09-05T01:17:07Z
2008-06-03,VEA,46.410000,222500,2026-09-05T01:17:07Z
2008-06-03,VNQ,65.550003,410000,2026-09-05T01:17:07Z
2008-06-03,VWO,101.410004,2165200,2026-09-05T01:17:07Z
2008-06-04,BIL,45.820000,21100,2026-09-05T01:17:07Z
2008-06-04,DBC,39.520000,797200,2026-09-05T01:17:07Z
2008-06-04,IEF,87.660004,462400,2026-09-05T01:17:07Z
2008-06-04,IWM,74.300003,85092200,2026-09-05T01:17:07Z
2008-06-04,SPY,138.020004,246637700,2026-09-05T01:17:07Z
2008-06-04,TIP,105.760002,364300,2026-09-05T01:17:07Z
2008-06-04,TLT,90.139999,2813000,2026-09-05T01:17:07Z
2008-06-04,VEA,46.180000,294200,2026-09-05T01:17:07Z
2008-06-04,VNQ,65.889999,323800,2026-09-05T01:17:07Z
2008-06-04,VWO,100.000000,1545600,2026-09-05T01:17:07Z
2008-06-05,BIL,45.790001,27800,2026-09-05T01:17:07Z
2008-06-05,DBC,41.020000,1323900,2026-09-05T01:17:07Z
2008-06-05,IEF,87.199997,1079400,2026-09-05T01:17:07Z
2008-06-05,IWM,76.199997,106082100,2026-09-05T01:17:07Z
2008-06-05,SPY,140.779999,237867100,2026-09-05T01:17:07Z
2008-06-05,TIP,105.430000,548700,2026-09-05T01:17:07Z
2008-06-05,TLT,89.599998,2632200,2026-09-05T01:17:07Z
2008-06-05,VEA,46.900002,240300,2026-09-05T01:17:07Z
2008-06-05,VNQ,67.400002,218100,2026-09-05T01:17:07Z
2008-06-05,VWO,102.959999,1937400,2026-09-05T01:17:07Z
2008-06-06,BIL,45.799999,40350,2026-09-05T01:17:07Z
2008-06-06,DBC,42.070000,871600,2026-09-05T01:17:07Z
2008-06-06,IEF,87.959999,250000,2026-09-05T01:17:07Z
2008-06-06,IWM,73.919998,123993000,2026-09-05T01:17:07Z
2008-06-06,SPY,136.289993,384276300,2026-09-05T01:17:07Z
2008-06-06,TIP,106.720001,588500,2026-09-05T01:17:07Z
2008-06-06,TLT,90.760002,3864800,2026-09-05T01:17:07Z
2008-06-06,VEA,45.580002,765600,2026-09-05T01:17:07Z
2008-06-06,VNQ,64.580002,595100,2026-09-05T01:17:07Z
2008-06-06,VWO,99.379997,2063200,2026-09-05T01:17:07Z
2008-06-09,BIL,45.820000,43850,2026-09-05T01:17:07Z
2008-06-09,DBC,42.500000,1567800,2026-09-05T01:17:07Z
2008-06-09,IEF,87.330002,288000,2026-09-05T01:17:07Z
2008-06-09,IWM,73.680000,98998100,2026-09-05T01:17:07Z
2008-06-09,SPY,136.619995,228263900,2026-09-05T01:17:07Z
2008-06-09,TIP,106.160004,323100,2026-09-05T01:17:07Z
2008-06-09,TLT,90.760002,1812000,2026-09-05T01:17:07Z
2008-06-09,VEA,45.549999,199800,2026-09-05T01:17:07Z
2008-06-09,VNQ,63.299999,412100,2026-09-05T01:17:07Z
2008-06-09,VWO,99.059998,1468800,2026-09-05T01:17:07Z
2008-06-10,BIL,45.849998,151300,2026-09-05T01:17:07Z
2008-06-10,DBC,42.330002,868300,2026-09-05T01:17:07Z
2008-06-10,IEF,86.809998,221200,2026-09-05T01:17:07Z
2008-06-10,IWM,73.139999,98697900,2026-09-05T01:17:07Z
2008-06-10,SPY,135.940002,260234900,2026-09-05T01:17:07Z
2008-06-10,TIP,105.589996,482500,2026-09-05T01:17:07Z
2008-06-10,TLT,90.169998,1935300,2026-09-05T01:17:07Z
2008-06-10,VEA,44.730000,188800,2026-09-05T01:17:07Z
2008-06-10,VNQ,63.330002,378600,2026-09-05T01:17:07Z
2008-06-10,VWO,96.910004,2235800,2026-09-05T01:17:07Z
2008-06-11,BIL,45.880001,183700,2026-09-05T01:17:07Z
2008-06-11,DBC,43.889999,938900,2026-09-05T01:17:07Z
2008-06-11,IEF,86.900002,247100,2026-09-05T01:17:07Z
2008-06-11,IWM,71.870003,97453600,2026-09-05T01:17:07Z
2008-06-11,SPY,133.940002,283890100,2026-09-05T01:17:07Z
2008-06-11,TIP,105.790001,337000,2026-09-05T01:17:07Z
2008-06-11,TLT,89.959999,2265400,2026-09-05T01:17:07Z
2008-06-11,VEA,44.119999,293500,2026-09-05T01:17:07Z
2008-06-11,VNQ,62.369999,269600,2026-09-05T01:17:07Z
2008-06-11,VWO,96.500000,1550000,2026-09-05T01:17:07Z
2008-06-12,BIL,45.849998,26150,2026-09-05T01:17:07Z
2008-06-12,DBC,43.880001,1153800,2026-09-05T01:17:07Z
2008-06-12,IEF,86.139999,546800,2026-09-05T01:17:07Z
2008-06-12,IWM,72.019997,98505200,2026-09-05T01:17:07Z
2008-06-12,SPY,134.449997,252791800,2026-09-05T01:17:07Z
2008-06-12,TIP,104.800003,463900,2026-09-05T01:17:07Z
2008-06-12,TLT,89.059998,4413100,2026-09-05T01:17:07Z
2008-06-12,VEA,43.939999,232300,2026-09-05T01:17:07Z
2008-06-12,VNQ,63.009998,335700,2026-09-05T01:17:07Z
2008-06-12,VWO,97.110001,1603600,2026-09-05T01:17:07Z
2008-06-13,BIL,45.880001,12750,2026-09-05T01:17:07Z
2008-06-13,DBC,43.599998,378600,2026-09-05T01:17:07Z
2008-06-13,IEF,85.940002,579300,2026-09-05T01:17:07Z
2008-06-13,IWM,73.320000,84102300,2026-09-05T01:17:07Z
2008-06-13,SPY,136.149994,244726900,2026-09-05T01:17:07Z
2008-06-13,TIP,104.790001,379700,2026-09-05T01:17:07Z
2008-06-13,TLT,88.870003,1983600,2026-09-05T01:17:07Z
2008-06-13,VEA,44.299999,189300,2026-09-05T01:17:07Z
2008-06-13,VNQ,64.059998,301900,2026-09-05T01:17:07Z
2008-06-13,VWO,97.150002,1921200,2026-09-05T01:17:07Z
2008-06-16,BIL,45.880001,186350,2026-09-05T01:17:07Z
2008-06-16,DBC,43.560001,1116600,2026-09-05T01:17:07Z
2008-06-16,IEF,85.949997,180600,2026-09-05T01:17:07Z
2008-06-16,IWM,73.779999,67157700,2026-09-05T01:17:07Z
2008-06-16,SPY,136.229996,185832500,2026-09-05T01:17:07Z
2008-06-16,TIP,105.050003,884600,2026-09-05T01:17:07Z
2008-06-16,TLT,88.889999,1756800,2026-09-05T01:17:07Z
2008-06-16,VEA,44.520000,198800,2026-09-05T01:17:07Z
2008-06-16,VNQ,64.910004,256900,2026-09-05T01:17:07Z
2008-06-16,VWO,98.000000,1435000,2026-09-05T01:17:07Z
2008-06-17,BIL,45.869999,21650,2026-09-05T01:17:07Z
2008-06-17,DBC,44.000000,669100,2026-09-05T01:17:07Z
2008-06-17,IEF,86.239998,266600,2026-09-05T01:17:07Z
2008-06-17,IWM,73.720001,52324000,2026-09-05T01:17:07Z
2008-06-17,SPY,135.570007,191707700,2026-09-05T01:17:07Z
2008-06-17,TIP,105.349998,366400,2026-09-05T01:17:07Z
2008-06-17,TLT,89.070000,1712200,2026-09-05T01:17:07Z
2008-06-17,VEA,44.680000,198800,2026-09-05T01:17:07Z
2008-06-17,VNQ,63.070000,232400,2026-09-05T01:17:07Z
2008-06-17,VWO,97.279999,1897800,2026-09-05T01:17:07Z
2008-06-18,BIL,45.889999,76650,2026-09-05T01:17:07Z
2008-06-18,DBC,44.599998,540700,2026-09-05T01:17:07Z
2008-06-18,IEF,86.709999,296200,2026-09-05T01:17:07Z
2008-06-18,IWM,73.129997,88091900,2026-09-05T01:17:07Z
2008-06-18,SPY,134.250000,265893000,2026-09-05T01:17:07Z
2008-06-18,TIP,105.919998,387600,2026-09-05T01:17:07Z
2008-06-18,TLT,89.820000,2590000,2026-09-05T01:17:07Z
2008-06-18,VEA,44.279999,139000,2026-09-05T01:17:07Z
2008-06-18,VNQ,62.139999,229400,2026-09-05T01:17:07Z
2008-06-18,VWO,49.070000,1251400,2026-09-05T01:17:07Z
2008-06-19,BIL,45.880001,45800,2026-09-05T01:17:07Z
2008-06-19,DBC,43.560001,1047100,2026-09-05T01:17:07Z
2008-06-19,IEF,86.209999,152900,2026-09-05T01:17:07Z
2008-06-19,IWM,73.739998,105967200,2026-09-05T01:17:07Z
2008-06-19,SPY,134.419998,304204900,2026-09-05T01:17:07Z
2008-06-19,TIP,105.260002,265300,2026-09-05T01:17:07Z
2008-06-19,TLT,89.290001,1700500,2026-09-05T01:17:07Z
2008-06-19,VEA,44.160000,191200,2026-09-05T01:17:07Z
2008-06-19,VNQ,63.580002,792100,2026-09-05T01:17:07Z
2008-06-19,VWO,48.430000,1310000,2026-09-05T01:17:07Z
2008-06-20,BIL,45.900002,81400,2026-09-05T01:17:07Z
2008-06-20,DBC,43.860001,719600,2026-09-05T01:17:07Z
2008-06-20,IEF,86.610001,318300,2026-09-05T01:17:07Z
2008-06-20,IWM,72.570000,121586400,2026-09-05T01:17:07Z
2008-06-20,SPY,131.580002,289275700,2026-09-05T01:17:07Z
2008-06-20,TIP,105.599998,331800,2026-09-05T01:17:07Z
2008-06-20,TLT,89.809998,4580900,2026-09-05T01:17:07Z
2008-06-20,VEA,43.220001,402800,2026-09-05T01:17:07Z
2008-06-20,VNQ,62.150002,271400,2026-09-05T01:17:07Z
2008-06-20,VWO,46.900002,2132200,2026-09-05T01:17:07Z
2008-06-23,BIL,45.900002,21000,2026-09-05T01:17:07Z
2008-06-23,DBC,44.169998,712600,2026-09-05T01:17:07Z
2008-06-23,IEF,86.570000,472000,2026-09-05T01:17:07Z
2008-06-23,IWM,71.889999,73028000,2026-09-05T01:17:07Z
2008-06-23,SPY,131.449997,165096400,2026-09-05T01:17:07Z
2008-06-23,TIP,105.599998,266900,2026-09-05T01:17:07Z
2008-06-23,TLT,90.000000,1594100,2026-09-05T01:17:07Z
2008-06-23,VEA,43.150002,214200,2026-09-05T01:17:07Z
2008-06-23,VNQ,60.610001,271800,2026-09-05T01:17:07Z
2008-06-23,VWO,47.000000,922300,2026-09-05T01:17:07Z
2008-06-24,BIL,45.900002,56150,2026-09-05T01:17:07Z
2008-06-24,DBC,44.180000,791800,2026-09-05T01:17:07Z
2008-06-24,IEF,87.029999,273400,2026-09-05T01:17:07Z
2008-06-24,IWM,70.699997,112302100,2026-09-05T01:17:07Z
2008-06-24,SPY,131.190002,267300600,2026-09-05T01:17:07Z
2008-06-24,TIP,106.239998,354000,2026-09-05T01:17:07Z
2008-06-24,TLT,90.599998,3118400,2026-09-05T01:17:07Z
2008-06-24,VEA,43.040001,352600,2026-09-05T01:17:07Z
2008-06-24,VNQ,59.849998,964300,2026-09-05T01:17:07Z
2008-06-24,VWO,46.900002,1672000,2026-09-05T01:17:07Z
2008-06-25,BIL,45.910000,44450,2026-09-05T01:17:07Z
2008-06-25,DBC,44.009998,1180300,2026-09-05T01:17:07Z
2008-06-25,IEF,87.019997,254200,2026-09-05T01:17:07Z
2008-06-25,IWM,71.500000,116515200,2026-09-05T01:17:07Z
2008-06-25,SPY,131.809998,287853900,2026-09-05T01:17:07Z
2008-06-25,TIP,106.320000,473500,2026-09-05T01:17:07Z
2008-06-25,TLT,90.639999,3251600,2026-09-05T01:17:07Z
2008-06-25,VEA,43.529999,359300,2026-09-05T01:17:07Z
2008-06-25,VNQ,60.830002,1119900,2026-09-05T01:17:07Z
2008-06-25,VWO,47.740002,1314600,2026-09-05T01:17:07Z
2008-06-26,BIL,45.910000,99550,2026-09-05T01:17:07Z
2008-06-26,DBC,45.470001,959200,2026-09-05T01:17:07Z
2008-06-26,IEF,87.510002,320500,2026-09-05T01:17:07Z
2008-06-26,IWM,69.660004,114823500,2026-09-05T01:17:07Z
2008-06-26,SPY,128.229996,297775000,2026-09-05T01:17:07Z
2008-06-26,TIP,107.239998,490700,2026-09-05T01:17:07Z
2008-06-26,TLT,91.250000,4052300,2026-09-05T01:17:07Z
2008-06-26,VEA,42.450001,802000,2026-09-05T01:17:07Z
2008-06-26,VNQ,58.799999,476900,2026-09-05T01:17:07Z
2008-06-26,VWO,46.209999,1394300,2026-09-05T01:17:07Z
2008-06-27,BIL,45.930000,233150,2026-09-05T01:17:07Z
2008-06-27,DBC,45.590000,826400,2026-09-05T01:17:07Z
2008-06-27,IEF,87.940002,173000,2026-09-05T01:17:07Z
2008-06-27,IWM,69.730003,118012300,2026-09-05T01:17:07Z
2008-06-27,SPY,127.529999,303423400,2026-09-05T01:17:07Z
2008-06-27,TIP,107.750000,1065100,2026-09-05T01:17:07Z
2008-06-27,TLT,92.320000,4144800,2026-09-05T01:17:07Z
2008-06-27,VEA,42.660000,332500,2026-09-05T01:17:07Z
2008-06-27,VNQ,58.340000,1234000,2026-09-05T01:17:07Z
2008-06-27,VWO,46.590000,1556100,2026-09-05T01:17:07Z
2008-06-30,BIL,45.900002,40950,2026-09-05T01:17:07Z
2008-06-30,DBC,44.779999,1306200,2026-09-05T01:17:07Z
2008-06-30,IEF,88.000000,240500,2026-09-05T01:17:07Z
2008-06-30,IWM,69.050003,115067900,2026-09-05T01:17:07Z
2008-06-30,SPY,127.980003,258842600,2026-09-05T01:17:07Z
2008-06-30,TIP,107.849998,739400,2026-09-05T01:17:07Z
2008-06-30,TLT,92.339996,3743000,2026-09-05T01:17:07Z
2008-06-30,VEA,42.930000,602000,2026-09-05T01:17:07Z
2008-06-30,VNQ,58.419998,1266500,2026-09-05T01:17:07Z
2008-06-30,VWO,46.799999,1417500,2026-09-05T01:17:07Z
2008-07-01,BIL,45.860001,50700,2026-09-05T01:17:07Z
2008-07-01,DBC,45.570000,860600,2026-09-05T01:17:07Z
2008-07-01,IEF,87.470001,355300,2026-09-05T01:17:07Z
2008-07-01,IWM,69.099998,150735900,2026-09-05T01:17:07Z
2008-07-01,SPY,128.380005,388622000,2026-09-05T01:17:07Z
2008-07-01,TIP,107.150002,678000,2026-09-05T01:17:07Z
2008-07-01,TLT,91.790001,3805100,2026-09-05T01:17:07Z
2008-07-01,VEA,42.500000,7577400,2026-09-05T01:17:07Z
2008-07-01,VNQ,58.369999,2001800,2026-09-05T01:17:07Z
2008-07-01,VWO,45.509998,2846800,2026-09-05T01:17:07Z
2008-07-02,BIL,45.860001,41550,2026-09-05T01:17:07Z
2008-07-02,DBC,46.439999,888000,2026-09-05T01:17:07Z
2008-07-02,IEF,87.680000,469800,2026-09-05T01:17:07Z
2008-07-02,IWM,66.889999,148254900,2026-09-05T01:17:07Z
2008-07-02,SPY,126.180000,288064600,2026-09-05T01:17:07Z
2008-07-02,TIP,107.820000,388200,2026-09-05T01:17:07Z
2008-07-02,TLT,92.269997,2413700,2026-09-05T01:17:07Z
2008-07-02,VEA,41.779999,954200,2026-09-05T01:17:07Z
2008-07-02,VNQ,57.650002,2487500,2026-09-05T01:17:07Z
2008-07-02,VWO,44.369999,3052800,2026-09-05T01:17:07Z
2008-07-03,BIL,45.860001,38300,2026-09-05T01:17:07Z
2008-07-03,DBC,46.419998,1058300,2026-09-05T01:17:07Z
2008-07-03,IEF,87.709999,261800,2026-09-05T01:17:07Z
2008-07-03,IWM,66.529999,166200,2026-09-05T01:17:07Z
2008-07-03,SPY,126.309998,239352500,2026-09-05T01:17:07Z
2008-07-03,TIP,108.099998,429100,2026-09-05T01:17:07Z
2008-07-03,TLT,92.070000,1405100,2026-09-05T01:17:07Z
2008-07-03,VEA,42.029999,682600,2026-09-05T01:17:07Z
2008-07-03,VNQ,57.060001,2056800,2026-09-05T01:17:07Z
2008-07-03,VWO,44.480000,957800,2026-09-05T01:17:07Z
2008-07-07,BIL,45.849998,87900,2026-09-05T01:17:07Z
2008-07-07,DBC,45.790001,1137200,2026-09-05T01:17:07Z
2008-07-07,IEF,88.120003,507900,2026-09-05T01:17:07Z
2008-07-07,IWM,65.690002,125544000,2026-09-05T01:17:07Z
2008-07-07,SPY,125.019997,372427300,2026-09-05T01:17:07Z
2008-07-07,TIP,108.050003,576600,2026-09-05T01:17:07Z
2008-07-07,TLT,92.489998,3528400,2026-09-05T01:17:07Z
2008-07-07,VEA,41.669998,1786500,2026-09-05T01:17:07Z
2008-07-07,VNQ,55.779999,2200300,2026-09-05T01:17:07Z
2008-07-07,VWO,44.169998,2418900,2026-09-05T01:17:07Z
2008-07-08,BIL,45.830002,47700,2026-09-05T01:17:07Z
2008-07-08,DBC,44.130001,1586500,2026-09-05T01:17:07Z
2008-07-08,IEF,88.339996,206400,2026-09-05T01:17:07Z
2008-07-08,IWM,68.070000,131778100,2026-09-05T01:17:07Z
2008-07-08,SPY,127.239998,375973700,2026-09-05T01:17:07Z
2008-07-08,TIP,107.970001,633400,2026-09-05T01:17:07Z
2008-07-08,TLT,93.089996,2176600,2026-09-05T01:17:07Z
2008-07-08,VEA,41.889999,677100,2026-09-05T01:17:07Z
2008-07-08,VNQ,59.939999,4736200,2026-09-05T01:17:07Z
2008-07-08,VWO,44.529999,2288500,2026-09-05T01:17:07Z
2008-07-09,BIL,45.840000,40700,2026-09-05T01:17:07Z
2008-07-09,DBC,44.099998,2332600,2026-09-05T01:17:07Z
2008-07-09,IEF,88.760002,308200,2026-09-05T01:17:07Z
2008-07-09,IWM,66.250000,131076400,2026-09-05T01:17:07Z
2008-07-09,SPY,124.790001,336729400,2026-09-05T01:17:07Z
2008-07-09,TIP,108.599998,726400,2026-09-05T01:17:07Z
2008-07-09,TLT,93.500000,1582000,2026-09-05T01:17:07Z
2008-07-09,VEA,41.520000,1206700,2026-09-05T01:17:07Z
2008-07-09,VNQ,55.849998,2749200,2026-09-05T01:17:07Z
2008-07-09,VWO,43.330002,2599000,2026-09-05T01:17:07Z
2008-07-10,BIL,45.880001,56400,2026-09-05T01:17:07Z
2008-07-10,DBC,45.299999,970900,2026-09-05T01:17:07Z
2008-07-10,IEF,88.790001,291100,2026-09-05T01:17:07Z
2008-07-10,IWM,66.900002,131228600,2026-09-05T01:17:07Z
2008-07-10,SPY,125.300003,436475700,2026-09-05T01:17:07Z
2008-07-10,TIP,108.589996,363700,2026-09-05T01:17:07Z
2008-07-10,TLT,93.489998,2723600,2026-09-05T01:17:07Z
2008-07-10,VEA,41.750000,918400,2026-09-05T01:17:07Z
2008-07-10,VNQ,56.930000,2237100,2026-09-05T01:17:07Z
2008-07-10,VWO,44.700001,1940200,2026-09-05T01:17:07Z
2008-07-11,BIL,45.910000,54100,2026-09-05T01:17:07Z
2008-07-11,DBC,45.930000,707300,2026-09-05T01:17:07Z
2008-07-11,IEF,87.959999,378000,2026-09-05T01:17:07Z
2008-07-11,IWM,67.269997,131381400,2026-09-05T01:17:07Z
2008-07-11,SPY,123.839996,481124600,2026-09-05T01:17:07Z
2008-07-11,TIP,107.610001,467300,2026-09-05T01:17:07Z
2008-07-11,TLT,92.160004,5466000,2026-09-05T01:17:07Z
2008-07-11,VEA,40.980000,507500,2026-09-05T01:17:07Z
2008-07-11,VNQ,56.650002,4163200,2026-09-05T01:17:07Z
2008-07-11,VWO,44.270000,1799200,2026-09-05T01:17:07Z
2008-07-14,BIL,45.910000,64400,2026-09-05T01:17:07Z
2008-07-14,DBC,45.950001,449100,2026-09-05T01:17:07Z
2008-07-14,IEF,88.430000,296400,2026-09-05T01:17:07Z
2008-07-14,IWM,66.160004,113936200,2026-09-05T01:17:07Z
2008-07-14,SPY,122.720001,322720800,2026-09-05T01:17:07Z
2008-07-14,TIP,108.410004,546100,2026-09-05T01:17:07Z
2008-07-14,TLT,92.970001,4135400,2026-09-05T01:17:07Z
2008-07-14,VEA,40.910000,408300,2026-09-05T01:17:07Z
2008-07-14,VNQ,54.680000,3855400,2026-09-05T01:17:07Z
2008-07-14,VWO,44.500000,1027200,2026-09-05T01:17:07Z
2008-07-15,BIL,45.919998,98800,2026-09-05T01:17:07Z
2008-07-15,DBC,44.490002,4871400,2026-09-05T01:17:07Z
2008-07-15,IEF,88.750000,506300,2026-09-05T01:17:07Z
2008-07-15,IWM,65.879997,143442400,2026-09-05T01:17:07Z
2008-07-15,SPY,120.989998,502502500,2026-09-05T01:17:07Z
2008-07-15,TIP,108.339996,644900,2026-09-05T01:17:07Z
2008-07-15,TLT,92.940002,4541400,2026-09-05T01:17:07Z
2008-07-15,VEA,40.230000,451800,2026-09-05T01:17:07Z
2008-07-15,VNQ,54.150002,6946000,2026-09-05T01:17:07Z
2008-07-15,VWO,43.480000,2266300,2026-09-05T01:17:07Z
2008-07-16,BIL,45.930000,375100,2026-09-05T01:17:07Z
2008-07-16,DBC,43.810001,1380700,2026-09-05T01:17:07Z
2008-07-16,IEF,87.940002,309500,2026-09-05T01:17:07Z
2008-07-16,IWM,68.300003,112222900,2026-09-05T01:17:07Z
2008-07-16,SPY,123.959999,371642900,2026-09-05T01:17:07Z
2008-07-16,TIP,107.790001,696100,2026-09-05T01:17:07Z
2008-07-16,TLT,91.260002,3435900,2026-09-05T01:17:07Z
2008-07-16,VEA,41.009998,899900,2026-09-05T01:17:07Z
2008-07-16,VNQ,58.099998,4768500,2026-09-05T01:17:07Z
2008-07-16,VWO,44.689999,1461100,2026-09-05T01:17:07Z
2008-07-17,BIL,45.860001,134700,2026-09-05T01:17:07Z
2008-07-17,DBC,42.779999,1860900,2026-09-05T01:17:07Z
2008-07-17,IEF,87.519997,266400,2026-09-05T01:17:07Z
2008-07-17,IWM,68.400002,115518700,2026-09-05T01:17:07Z
2008-07-17,SPY,125.199997,375490600,2026-09-05T01:17:07Z
2008-07-17,TIP,107.089996,593700,2026-09-05T01:17:07Z
2008-07-17,TLT,90.790001,5899900,2026-09-05T01:17:07Z
2008-07-17,VEA,41.599998,444300,2026-09-05T01:17:07Z
2008-07-17,VNQ,58.799999,8110000,2026-09-05T01:17:07Z
2008-07-17,VWO,45.490002,2163100,2026-09-05T01:17:07Z
2008-07-18,BIL,45.919998,71950,2026-09-05T01:17:07Z
2008-07-18,DBC,42.049999,1249000,2026-09-05T01:17:07Z
2008-07-18,IEF,87.220001,365500,2026-09-05T01:17:07Z
2008-07-18,IWM,68.879997,99585800,2026-09-05T01:17:07Z
2008-07-18,SPY,125.980003,267030100,2026-09-05T01:17:07Z
2008-07-18,TIP,106.599998,497600,2026-09-05T01:17:07Z
2008-07-18,TLT,90.449997,3475200,2026-09-05T01:17:07Z
2008-07-18,VEA,41.919998,301200,2026-09-05T01:17:07Z
2008-07-18,VNQ,58.900002,4488700,2026-09-05T01:17:07Z
2008-07-18,VWO,45.000000,1216800,2026-09-05T01:17:07Z
2008-07-21,BIL,45.880001,43200,2026-09-05T01:17:07Z
2008-07-21,DBC,42.560001,1052100,2026-09-05T01:17:07Z
2008-07-21,IEF,87.419998,264600,2026-09-05T01:17:07Z
2008-07-21,IWM,69.720001,70224400,2026-09-05T01:17:07Z
2008-07-21,SPY,126.050003,222863000,2026-09-05T01:17:07Z
2008-07-21,TIP,106.620003,362700,2026-09-05T01:17:07Z
2008-07-21,TLT,90.800003,3657200,2026-09-05T01:17:07Z
2008-07-21,VEA,42.220001,229200,2026-09-05T01:17:07Z
2008-07-21,VNQ,59.340000,3129700,2026-09-05T01:17:07Z
2008-07-21,VWO,45.090000,1193100,2026-09-05T01:17:07Z
2008-07-22,BIL,45.900002,76300,2026-09-05T01:17:07Z
2008-07-22,DBC,41.630001,1411800,2026-09-05T01:17:07Z
2008-07-22,IEF,87.120003,263000,2026-09-05T01:17:07Z
2008-07-22,IWM,71.470001,136363600,2026-09-05T01:17:07Z
2008-07-22,SPY,127.480003,296904200,2026-09-05T01:17:07Z
2008-07-22,TIP,106.110001,446100,2026-09-05T01:17:07Z
2008-07-22,TLT,90.349998,2675200,2026-09-05T01:17:07Z
2008-07-22,VEA,42.209999,745900,2026-09-05T01:17:07Z
2008-07-22,VNQ,60.930000,6480900,2026-09-05T01:17:07Z
2008-07-22,VWO,44.599998,2053200,2026-09-05T01:17:07Z
2008-07-23,BIL,45.919998,223150,2026-09-05T01:17:07Z
2008-07-23,DBC,40.689999,2755700,2026-09-05T01:17:07Z
2008-07-23,IEF,86.980003,550000,2026-09-05T01:17:07Z
2008-07-23,IWM,71.930000,118339100,2026-09-05T01:17:07Z
2008-07-23,SPY,128.169998,311698400,2026-09-05T01:17:07Z
2008-07-23,TIP,105.389999,675000,2026-09-05T01:17:07Z
2008-07-23,TLT,90.169998,2871900,2026-09-05T01:17:07Z
2008-07-23,VEA,42.470001,327600,2026-09-05T01:17:07Z
2008-07-23,VNQ,62.650002,5532900,2026-09-05T01:17:07Z
2008-07-23,VWO,45.009998,1567800,2026-09-05T01:17:07Z
2008-07-24,BIL,45.910000,44500,2026-09-05T01:17:07Z
2008-07-24,DBC,40.720001,1381100,2026-09-05T01:17:07Z
2008-07-24,IEF,87.730003,276300,2026-09-05T01:17:07Z
2008-07-24,IWM,70.110001,112118900,2026-09-05T01:17:07Z
2008-07-24,SPY,125.510002,248634500,2026-09-05T01:17:07Z
2008-07-24,TIP,106.139999,522900,2026-09-05T01:17:07Z
2008-07-24,TLT,91.050003,2613300,2026-09-05T01:17:07Z
2008-07-24,VEA,41.740002,457200,2026-09-05T01:17:07Z
2008-07-24,VNQ,58.500000,2615400,2026-09-05T01:17:07Z
2008-07-24,VWO,44.220001,1996600,2026-09-05T01:17:07Z
2008-07-25,BIL,45.919998,56100,2026-09-05T01:17:07Z
2008-07-25,DBC,40.209999,752700,2026-09-05T01:17:07Z
2008-07-25,IEF,87.220001,296900,2026-09-05T01:17:07Z
2008-07-25,IWM,70.680000,112551100,2026-09-05T01:17:07Z
2008-07-25,SPY,125.480003,219131000,2026-09-05T01:17:07Z
2008-07-25,TIP,105.410004,439900,2026-09-05T01:17:07Z
2008-07-25,TLT,90.139999,3765300,2026-09-05T01:17:07Z
2008-07-25,VEA,41.740002,561900,2026-09-05T01:17:07Z
2008-07-25,VNQ,59.459999,4093000,2026-09-05T01:17:07Z
2008-07-25,VWO,44.220001,1399300,2026-09-05T01:17:07Z
2008-07-28,BIL,45.919998,57100,2026-09-05T01:17:07Z
2008-07-28,DBC,40.410000,830200,2026-09-05T01:17:07Z
2008-07-28,IEF,87.720001,363000,2026-09-05T01:17:07Z
2008-07-28,IWM,69.480003,82119100,2026-09-05T01:17:07Z
2008-07-28,SPY,123.639999,205201300,2026-09-05T01:17:07Z
2008-07-28,TIP,106.309998,661100,2026-09-05T01:17:07Z
2008-07-28,TLT,91.050003,1275900,2026-09-05T01:17:07Z
2008-07-28,VEA,41.189999,815200,2026-09-05T01:17:07Z
2008-07-28,VNQ,58.490002,1083800,2026-09-05T01:17:07Z
2008-07-28,VWO,44.369999,1782400,2026-09-05T01:17:07Z
2008-07-29,BIL,45.919998,70550,2026-09-05T01:17:07Z
2008-07-29,DBC,39.950001,1726200,2026-09-05T01:17:07Z
2008-07-29,IEF,87.470001,190000,2026-09-05T01:17:07Z
2008-07-29,IWM,71.180000,122965400,2026-09-05T01:17:07Z
2008-07-29,SPY,126.279999,261505600,2026-09-05T01:17:07Z
2008-07-29,TIP,105.589996,426600,2026-09-05T01:17:07Z
2008-07-29,TLT,90.680000,1349100,2026-09-05T01:17:07Z
2008-07-29,VEA,41.520000,280200,2026-09-05T01:17:07Z
2008-07-29,VNQ,61.209999,2094600,2026-09-05T01:17:07Z
2008-07-29,VWO,44.290001,1292900,2026-09-05T01:17:07Z
2008-07-30,BIL,45.930000,36750,2026-09-05T01:17:07Z
2008-07-30,DBC,40.740002,1344100,2026-09-05T01:17:07Z
2008-07-30,IEF,87.639999,274900,2026-09-05T01:17:07Z
2008-07-30,IWM,71.610001,153225200,2026-09-05T01:17:07Z
2008-07-30,SPY,128.529999,354710000,2026-09-05T01:17:07Z
2008-07-30,TIP,106.029999,448900,2026-09-05T01:17:07Z
2008-07-30,TLT,90.769997,1667500,2026-09-05T01:17:07Z
2008-07-30,VEA,41.980000,431100,2026-09-05T01:17:07Z
2008-07-30,VNQ,61.000000,4018500,2026-09-05T01:17:07Z
2008-07-30,VWO,45.000000,4108400,2026-09-05T01:17:07Z
2008-07-31,BIL,45.930000,48650,2026-09-05T01:17:07Z
2008-07-31,DBC,40.400002,937800,2026-09-05T01:17:07Z
2008-07-31,IEF,88.339996,275000,2026-09-05T01:17:07Z
2008-07-31,IWM,71.320000,95287500,2026-09-05T01:17:07Z
2008-07-31,SPY,126.830002,277402100,2026-09-05T01:17:07Z
2008-07-31,TIP,106.470001,590400,2026-09-05T01:17:07Z
2008-07-31,TLT,91.669998,3898700,2026-09-05T01:17:07Z
2008-07-31,VEA,41.439999,362900,2026-09-05T01:17:07Z
2008-07-31,VNQ,60.240002,2728100,2026-09-05T01:17:07Z
2008-07-31,VWO,44.590000,1779200,2026-09-05T01:17:07Z
2008-08-01,BIL,45.849998,44100,2026-09-05T01:17:07Z
2008-08-01,DBC,39.950001,773300,2026-09-05T01:17:07Z
2008-08-01,IEF,88.080002,308500,2026-09-05T01:17:07Z
2008-08-01,IWM,71.410004,107406700,2026-09-05T01:17:07Z
2008-08-01,SPY,126.160004,248690900,2026-09-05T01:17:07Z
2008-08-01,TIP,105.949997,895900,2026-09-05T01:17:07Z
2008-08-01,TLT,91.540001,1804800,2026-09-05T01:17:07Z
2008-08-01,VEA,40.900002,588700,2026-09-05T01:17:07Z
2008-08-01,VNQ,60.290001,3156300,2026-09-05T01:17:07Z
2008-08-01,VWO,44.490002,2699500,2026-09-05T01:17:07Z
2008-08-04,BIL,45.860001,190500,2026-09-05T01:17:07Z
2008-08-04,DBC,38.630001,1633800,2026-09-05T01:17:07Z
2008-08-04,IEF,88.019997,367500,2026-09-05T01:17:07Z
2008-08-04,IWM,70.750000,104200100,2026-09-05T01:17:07Z
2008-08-04,SPY,124.989998,188239600,2026-09-05T01:17:07Z
2008-08-04,TIP,105.650002,407200,2026-09-05T01:17:07Z
2008-08-04,TLT,91.330002,2029900,2026-09-05T01:17:07Z
2008-08-04,VEA,40.520000,486700,2026-09-05T01:17:07Z
2008-08-04,VNQ,59.410000,3286600,2026-09-05T01:17:07Z
2008-08-04,VWO,43.020000,1886100,2026-09-05T01:17:07Z
2008-08-05,BIL,45.869999,86900,2026-09-05T01:17:07Z
2008-08-05,DBC,38.360001,1609300,2026-09-05T01:17:07Z
2008-08-05,IEF,87.570000,355600,2026-09-05T01:17:07Z
2008-08-05,IWM,71.959999,93469200,2026-09-05T01:17:07Z
2008-08-05,SPY,128.360001,251577600,2026-09-05T01:17:07Z
2008-08-05,TIP,105.080002,584500,2026-09-05T01:17:07Z
2008-08-05,TLT,90.650002,2191200,2026-09-05T01:17:07Z
2008-08-05,VEA,41.509998,277200,2026-09-05T01:17:07Z
2008-08-05,VNQ,62.080002,2620900,2026-09-05T01:17:07Z
2008-08-05,VWO,43.590000,1859400,2026-09-05T01:17:07Z
2008-08-06,BIL,45.849998,75400,2026-09-05T01:17:07Z
2008-08-06,DBC,37.950001,1373800,2026-09-05T01:17:07Z
2008-08-06,IEF,87.599998,272400,2026-09-05T01:17:07Z
2008-08-06,IWM,72.320000,79587900,2026-09-05T01:17:07Z
2008-08-06,SPY,128.929993,209555400,2026-09-05T01:17:07Z
2008-08-06,TIP,104.809998,617600,2026-09-05T01:17:07Z
2008-08-06,TLT,90.279999,3139500,2026-09-05T01:17:07Z
2008-08-06,VEA,41.529999,278100,2026-09-05T01:17:07Z
2008-08-06,VNQ,61.779999,2221000,2026-09-05T01:17:07Z
2008-08-06,VWO,44.220001,1749000,2026-09-05T01:17:07Z
2008-08-07,BIL,45.880001,41350,2026-09-05T01:17:07Z
2008-08-07,DBC,38.160000,949200,2026-09-05T01:17:07Z
2008-08-07,IEF,88.419998,341200,2026-09-05T01:17:07Z
2008-08-07,IWM,71.239998,89727900,2026-09-05T01:17:07Z
2008-08-07,SPY,127.010002,246312500,2026-09-05T01:17:07Z
2008-08-07,TIP,105.889999,337700,2026-09-05T01:17:07Z
2008-08-07,TLT,91.750000,2765600,2026-09-05T01:17:07Z
2008-08-07,VEA,40.720001,361200,2026-09-05T01:17:07Z
2008-08-07,VNQ,60.150002,2783500,2026-09-05T01:17:07Z
2008-08-07,VWO,42.900002,2112900,2026-09-05T01:17:07Z
2008-08-08,BIL,45.869999,68350,2026-09-05T01:17:07Z
2008-08-08,DBC,37.090000,1584700,2026-09-05T01:17:07Z
2008-08-08,IEF,88.379997,202800,2026-09-05T01:17:07Z
2008-08-08,IWM,73.120003,112771400,2026-09-05T01:17:07Z
2008-08-08,SPY,129.369995,260811700,2026-09-05T01:17:07Z
2008-08-08,TIP,105.750000,420900,2026-09-05T01:17:07Z
2008-08-08,TLT,92.000000,1035400,2026-09-05T01:17:07Z
2008-08-08,VEA,40.849998,315300,2026-09-05T01:17:07Z
2008-08-08,VNQ,61.900002,2850800,2026-09-05T01:17:07Z
2008-08-08,VWO,43.060001,1207300,2026-09-05T01:17:07Z
2008-08-11,BIL,45.880001,170300,2026-09-05T01:17:07Z
2008-08-11,DBC,37.049999,823000,2026-09-05T01:17:07Z
2008-08-11,IEF,87.949997,412500,2026-09-05T01:17:07Z
2008-08-11,IWM,74.870003,174577700,2026-09-05T01:17:07Z
2008-08-11,SPY,130.710007,249425800,2026-09-05T01:17:07Z
2008-08-11,TIP,104.800003,601200,2026-09-05T01:17:07Z
2008-08-11,TLT,91.120003,3939400,2026-09-05T01:17:07Z
2008-08-11,VEA,40.880001,207400,2026-09-05T01:17:07Z
2008-08-11,VNQ,63.900002,5189800,2026-09-05T01:17:07Z
2008-08-11,VWO,42.540001,1598400,2026-09-05T01:17:07Z
2008-08-12,BIL,45.849998,68100,2026-09-05T01:17:07Z
2008-08-12,DBC,36.730000,705300,2026-09-05T01:17:07Z
2008-08-12,IEF,88.559998,302200,2026-09-05T01:17:07Z
2008-08-12,IWM,74.309998,128837600,2026-09-05T01:17:07Z
2008-08-12,SPY,129.350006,213200800,2026-09-05T01:17:07Z
2008-08-12,TIP,105.290001,401100,2026-09-05T01:17:07Z
2008-08-12,TLT,91.970001,1315000,2026-09-05T01:17:07Z
2008-08-12,VEA,40.689999,2245900,2026-09-05T01:17:07Z
2008-08-12,VNQ,62.470001,4389300,2026-09-05T01:17:07Z
2008-08-12,VWO,42.380001,1345800,2026-09-05T01:17:07Z
2008-08-13,BIL,45.889999,70450,2026-09-05T01:17:07Z
2008-08-13,DBC,37.959999,662100,2026-09-05T01:17:07Z
2008-08-13,IEF,88.370003,210100,2026-09-05T01:17:07Z
2008-08-13,IWM,74.580002,151007500,2026-09-05T01:17:07Z
2008-08-13,SPY,128.570007,256393200,2026-09-05T01:17:07Z
2008-08-13,TIP,105.279999,365000,2026-09-05T01:17:07Z
2008-08-13,TLT,91.650002,1940300,2026-09-05T01:17:07Z
2008-08-13,VEA,39.950001,346800,2026-09-05T01:17:07Z
2008-08-13,VNQ,61.560001,4023000,2026-09-05T01:17:07Z
2008-08-13,VWO,42.279999,2168900,2026-09-05T01:17:07Z
2008-08-14,BIL,45.880001,73000,2026-09-05T01:17:07Z
2008-08-14,DBC,37.630001,569800,2026-09-05T01:17:07Z
2008-08-14,IEF,88.639999,303000,2026-09-05T01:17:07Z
2008-08-14,IWM,75.300003,118194800,2026-09-05T01:17:07Z
2008-08-14,SPY,129.539993,239555300,2026-09-05T01:17:07Z
2008-08-14,TIP,105.820000,344300,2026-09-05T01:17:07Z
2008-08-14,TLT,92.239998,2605300,2026-09-05T01:17:07Z
2008-08-14,VEA,39.779999,554000,2026-09-05T01:17:07Z
2008-08-14,VNQ,62.549999,4712900,2026-09-05T01:17:07Z
2008-08-14,VWO,42.560001,1747800,2026-09-05T01:17:07Z
2008-08-15,BIL,45.889999,65450,2026-09-05T01:17:07Z
2008-08-15,DBC,37.119999,908200,2026-09-05T01:17:07Z
2008-08-15,IEF,88.970001,292500,2026-09-05T01:17:07Z
2008-08-15,IWM,75.099998,98174800,2026-09-05T01:17:07Z
2008-08-15,SPY,130.169998,181000800,2026-09-05T01:17:07Z
2008-08-15,TIP,106.080002,354700,2026-09-05T01:17:07Z
2008-08-15,TLT,93.040001,1964900,2026-09-05T01:17:07Z
2008-08-15,VEA,39.500000,618700,2026-09-05T01:17:07Z
2008-08-15,VNQ,62.459999,2975400,2026-09-05T01:17:07Z
2008-08-15,VWO,41.970001,4934600,2026-09-05T01:17:07Z
2008-08-18,BIL,45.860001,77450,2026-09-05T01:17:07Z
2008-08-18,DBC,37.330002,629200,2026-09-05T01:17:07Z
2008-08-18,IEF,89.190002,381000,2026-09-05T01:17:07Z
2008-08-18,IWM,74.129997,97838400,2026-09-05T01:17:07Z
2008-08-18,SPY,128.389999,172275100,2026-09-05T01:17:07Z
2008-08-18,TIP,106.180000,386800,2026-09-05T01:17:07Z
2008-08-18,TLT,93.410004,1262200,2026-09-05T01:17:07Z
2008-08-18,VEA,39.290001,1126500,2026-09-05T01:17:07Z
2008-08-18,VNQ,61.599998,3402800,2026-09-05T01:17:07Z
2008-08-18,VWO,41.009998,1562800,2026-09-05T01:17:07Z
2008-08-19,BIL,45.900002,34100,2026-09-05T01:17:07Z
2008-08-19,DBC,37.910000,1380900,2026-09-05T01:17:07Z
2008-08-19,IEF,89.059998,373400,2026-09-05T01:17:07Z
2008-08-19,IWM,72.900002,105131600,2026-09-05T01:17:07Z
2008-08-19,SPY,126.989998,194673700,2026-09-05T01:17:07Z
2008-08-19,TIP,106.070000,515800,2026-09-05T01:17:07Z
2008-08-19,TLT,93.050003,1944700,2026-09-05T01:17:07Z
2008-08-19,VEA,38.849998,2743000,2026-09-05T01:17:07Z
2008-08-19,VNQ,60.080002,4193500,2026-09-05T01:17:07Z
2008-08-19,VWO,40.630001,1464900,2026-09-05T01:17:07Z
2008-08-20,BIL,45.900002,60750,2026-09-05T01:17:07Z
2008-08-20,DBC,38.209999,885200,2026-09-05T01:17:07Z
2008-08-20,IEF,89.320000,487300,2026-09-05T01:17:07Z
2008-08-20,IWM,73.000000,101308300,2026-09-05T01:17:07Z
2008-08-20,SPY,127.580002,225498200,2026-09-05T01:17:07Z
2008-08-20,TIP,106.510002,464600,2026-09-05T01:17:07Z
2008-08-20,TLT,93.309998,2500000,2026-09-05T01:17:07Z
2008-08-20,VEA,39.049999,1957500,2026-09-05T01:17:07Z
2008-08-20,VNQ,60.169998,4381400,2026-09-05T01:17:07Z
2008-08-20,VWO,41.840000,1626800,2026-09-05T01:17:07Z
2008-08-21,BIL,45.910000,28300,2026-09-05T01:17:07Z
2008-08-21,DBC,39.849998,975300,2026-09-05T01:17:07Z
2008-08-21,IEF,89.129997,279900,2026-09-05T01:17:07Z
2008-08-21,IWM,72.160004,83526000,2026-09-05T01:17:07Z
2008-08-21,SPY,127.800003,180609800,2026-09-05T01:17:07Z
2008-08-21,TIP,106.690002,421400,2026-09-05T01:17:07Z
2008-08-21,TLT,93.139999,2267000,2026-09-05T01:17:07Z
2008-08-21,VEA,39.290001,845300,2026-09-05T01:17:07Z
2008-08-21,VNQ,59.099998,3852600,2026-09-05T01:17:07Z
2008-08-21,VWO,41.639999,1972300,2026-09-05T01:17:07Z
2008-08-22,BIL,45.919998,38950,2026-09-05T01:17:07Z
2008-08-22,DBC,38.500000,449000,2026-09-05T01:17:07Z
2008-08-22,IEF,88.870003,157200,2026-09-05T01:17:07Z
2008-08-22,IWM,73.680000,77915300,2026-09-05T01:17:07Z
2008-08-22,SPY,129.649994,167715300,2026-09-05T01:17:07Z
2008-08-22,TIP,106.279999,485000,2026-09-05T01:17:07Z
2008-08-22,TLT,93.080002,1990000,2026-09-05T01:17:07Z
2008-08-22,VEA,39.459999,693400,2026-09-05T01:17:07Z
2008-08-22,VNQ,61.110001,2729600,2026-09-05T01:17:07Z
2008-08-22,VWO,41.840000,1450700,2026-09-05T01:17:07Z
2008-08-25,BIL,45.910000,59950,2026-09-05T01:17:07Z
2008-08-25,DBC,38.279999,455700,2026-09-05T01:17:07Z
2008-08-25,IEF,89.459999,232700,2026-09-05T01:17:07Z
2008-08-25,IWM,72.059998,88256100,2026-09-05T01:17:07Z
2008-08-25,SPY,127.019997,171936900,2026-09-05T01:17:07Z
2008-08-25,TIP,106.680000,345700,2026-09-05T01:17:07Z
2008-08-25,TLT,94.010002,2028300,2026-09-05T01:17:07Z
2008-08-25,VEA,38.810001,470300,2026-09-05T01:17:07Z
2008-08-25,VNQ,59.259998,1789900,2026-09-05T01:17:07Z
2008-08-25,VWO,40.560001,2242700,2026-09-05T01:17:07Z
2008-08-26,BIL,45.919998,143600,2026-09-05T01:17:07Z
2008-08-26,DBC,38.299999,788600,2026-09-05T01:17:07Z
2008-08-26,IEF,89.489998,166900,2026-09-05T01:17:07Z
2008-08-26,IWM,72.169998,53866300,2026-09-05T01:17:07Z
2008-08-26,SPY,127.389999,159117200,2026-09-05T01:17:07Z
2008-08-26,TIP,106.720001,497800,2026-09-05T01:17:07Z
2008-08-26,TLT,94.089996,1270900,2026-09-05T01:17:07Z
2008-08-26,VEA,39.000000,710500,2026-09-05T01:17:07Z
2008-08-26,VNQ,59.959999,2080500,2026-09-05T01:17:07Z
2008-08-26,VWO,40.700001,2010100,2026-09-05T01:17:07Z
2008-08-27,BIL,45.919998,50300,2026-09-05T01:17:07Z
2008-08-27,DBC,38.660000,520200,2026-09-05T01:17:07Z
2008-08-27,IEF,89.620003,255700,2026-09-05T01:17:07Z
2008-08-27,IWM,73.029999,62031400,2026-09-05T01:17:07Z
2008-08-27,SPY,128.630005,171032800,2026-09-05T01:17:07Z
2008-08-27,TIP,107.000000,318500,2026-09-05T01:17:07Z
2008-08-27,TLT,94.250000,1555300,2026-09-05T01:17:07Z
2008-08-27,VEA,39.400002,343400,2026-09-05T01:17:07Z
2008-08-27,VNQ,60.560001,1627200,2026-09-05T01:17:07Z
2008-08-27,VWO,41.490002,1184300,2026-09-05T01:17:07Z
2008-08-28,BIL,45.919998,51950,2026-09-05T01:17:07Z
2008-08-28,DBC,37.900002,540500,2026-09-05T01:17:07Z
2008-08-28,IEF,89.489998,201600,2026-09-05T01:17:07Z
2008-08-28,IWM,74.510002,75512600,2026-09-05T01:17:07Z
2008-08-28,SPY,130.190002,167537100,2026-09-05T01:17:07Z
2008-08-28,TIP,106.669998,478000,2026-09-05T01:17:07Z
2008-08-28,TLT,94.260002,1886500,2026-09-05T01:17:07Z
2008-08-28,VEA,39.860001,632500,2026-09-05T01:17:07Z
2008-08-28,VNQ,62.099998,1363600,2026-09-05T01:17:07Z
2008-08-28,VWO,41.529999,1478300,2026-09-05T01:17:07Z
2008-08-29,BIL,45.900002,46150,2026-09-05T01:17:07Z
2008-08-29,DBC,37.759998,419400,2026-09-05T01:17:07Z
2008-08-29,IEF,89.379997,496900,2026-09-05T01:17:07Z
2008-08-29,IWM,73.870003,83919800,2026-09-05T01:17:07Z
2008-08-29,SPY,128.789993,189195800,2026-09-05T01:17:07Z
2008-08-29,TIP,106.360001,306000,2026-09-05T01:17:07Z
2008-08-29,TLT,93.839996,1739100,2026-09-05T01:17:07Z
2008-08-29,VEA,39.779999,260200,2026-09-05T01:17:07Z
2008-08-29,VNQ,61.669998,1347300,2026-09-05T01:17:07Z
2008-08-29,VWO,41.060001,1039400,2026-09-05T01:17:07Z
2008-09-02,BIL,45.869999,603900,2026-09-05T01:17:07Z
2008-09-02,DBC,36.779999,1213700,2026-09-05T01:17:07Z
2008-09-02,IEF,89.570000,349200,2026-09-05T01:17:07Z
2008-09-02,IWM,73.849998,112584000,2026-09-05T01:17:07Z
2008-09-02,SPY,127.989998,252364900,2026-09-05T01:17:07Z
2008-09-02,TIP,105.489998,449100,2026-09-05T01:17:07Z
2008-09-02,TLT,94.370003,2916000,2026-09-05T01:17:07Z
2008-09-02,VEA,39.180000,576300,2026-09-05T01:17:07Z
2008-09-02,VNQ,62.070000,2444100,2026-09-05T01:17:07Z
2008-09-02,VWO,39.650002,2562800,2026-09-05T01:17:07Z
2008-09-03,BIL,45.869999,49900,2026-09-05T01:17:07Z
2008-09-03,DBC,36.570000,1391500,2026-09-05T01:17:07Z
2008-09-03,IEF,89.790001,410300,2026-09-05T01:17:07Z
2008-09-03,IWM,74.150002,96282200,2026-09-05T01:17:07Z
2008-09-03,SPY,127.879997,251947000,2026-09-05T01:17:07Z
2008-09-03,TIP,105.309998,484300,2026-09-05T01:17:07Z
2008-09-03,TLT,94.769997,2105000,2026-09-05T01:17:07Z
2008-09-03,VEA,38.990002,505600,2026-09-05T01:17:07Z
2008-09-03,VNQ,63.049999,2689600,2026-09-05T01:17:07Z
2008-09-03,VWO,39.310001,1771300,2026-09-05T01:17:07Z
2008-09-04,BIL,45.869999,55350,2026-09-05T01:17:07Z
2008-09-04,DBC,36.049999,915500,2026-09-05T01:17:07Z
2008-09-04,IEF,90.239998,460500,2026-09-05T01:17:07Z
2008-09-04,IWM,71.820000,126675300,2026-09-05T01:17:07Z
2008-09-04,SPY,124.029999,340042500,2026-09-05T01:17:07Z
2008-09-04,TIP,105.150002,444800,2026-09-05T01:17:07Z
2008-09-04,TLT,95.529999,3049800,2026-09-05T01:17:07Z
2008-09-04,VEA,37.259998,1293700,2026-09-05T01:17:07Z
2008-09-04,VNQ,61.279999,2620000,2026-09-05T01:17:07Z
2008-09-04,VWO,38.000000,2407700,2026-09-05T01:17:07Z
2008-09-05,BIL,45.880001,83600,2026-09-05T01:17:07Z
2008-09-05,DBC,35.689999,664200,2026-09-05T01:17:07Z
2008-09-05,IEF,90.040001,363400,2026-09-05T01:17:07Z
2008-09-05,IWM,71.639999,122285000,2026-09-05T01:17:07Z
2008-09-05,SPY,124.419998,289503400,2026-09-05T01:17:07Z
2008-09-05,TIP,105.180000,426200,2026-09-05T01:17:07Z
2008-09-05,TLT,95.480003,4167800,2026-09-05T01:17:07Z
2008-09-05,VEA,37.230000,874500,2026-09-05T01:17:07Z
2008-09-05,VNQ,61.290001,3785300,2026-09-05T01:17:07Z
2008-09-05,VWO,37.900002,2047700,2026-09-05T01:17:07Z
2008-09-08,BIL,45.880001,31000,2026-09-05T01:17:07Z
2008-09-08,DBC,35.610001,563200,2026-09-05T01:17:07Z
2008-09-08,IEF,90.050003,418500,2026-09-05T01:17:07Z
2008-09-08,IWM,72.480003,148091600,2026-09-05T01:17:07Z
2008-09-08,SPY,126.989998,364075300,2026-09-05T01:17:07Z
2008-09-08,TIP,105.589996,298900,2026-09-05T01:17:07Z
2008-09-08,TLT,95.879997,5426200,2026-09-05T01:17:07Z
2008-09-08,VEA,37.939999,649400,2026-09-05T01:17:07Z
2008-09-08,VNQ,63.939999,3510900,2026-09-05T01:17:07Z
2008-09-08,VWO,38.490002,2190200,2026-09-05T01:17:07Z
2008-09-09,BIL,45.869999,61950,2026-09-05T01:17:07Z
2008-09-09,DBC,34.310001,1065500,2026-09-05T01:17:07Z
2008-09-09,IEF,90.459999,323800,2026-09-05T01:17:07Z
2008-09-09,IWM,70.809998,132381100,2026-09-05T01:17:07Z
2008-09-09,SPY,123.220001,377326800,2026-09-05T01:17:07Z
2008-09-09,TIP,105.769997,509900,2026-09-05T01:17:07Z
2008-09-09,TLT,96.830002,3890200,2026-09-05T01:17:07Z
2008-09-09,VEA,36.860001,551900,2026-09-05T01:17:07Z
2008-09-09,VNQ,61.549999,3092300,2026-09-05T01:17:07Z
2008-09-09,VWO,36.849998,2942800,2026-09-05T01:17:07Z
2008-09-10,BIL,45.889999,68600,2026-09-05T01:17:07Z
2008-09-10,DBC,34.360001,827700,2026-09-05T01:17:07Z
2008-09-10,IEF,90.230003,248900,2026-09-05T01:17:07Z
2008-09-10,IWM,71.470001,126869000,2026-09-05T01:17:07Z
2008-09-10,SPY,123.720001,298916600,2026-09-05T01:17:07Z
2008-09-10,TIP,105.720001,568700,2026-09-05T01:17:07Z
2008-09-10,TLT,96.230003,2407900,2026-09-05T01:17:07Z
2008-09-10,VEA,37.049999,707700,2026-09-05T01:17:07Z
2008-09-10,VNQ,61.660000,3161300,2026-09-05T01:17:07Z
2008-09-10,VWO,36.900002,2023200,2026-09-05T01:17:07Z
2008-09-11,BIL,45.880001,112750,2026-09-05T01:17:07Z
2008-09-11,DBC,34.070000,787000,2026-09-05T01:17:07Z
2008-09-11,IEF,90.070000,393500,2026-09-05T01:17:07Z
2008-09-11,IWM,71.919998,144283600,2026-09-05T01:17:07Z
2008-09-11,SPY,125.510002,375369400,2026-09-05T01:17:07Z
2008-09-11,TIP,105.800003,574200,2026-09-05T01:17:07Z
2008-09-11,TLT,96.180000,3592000,2026-09-05T01:17:07Z
2008-09-11,VEA,36.970001,726200,2026-09-05T01:17:07Z
2008-09-11,VNQ,62.599998,4225200,2026-09-05T01:17:07Z
2008-09-11,VWO,36.990002,3158900,2026-09-05T01:17:07Z
2008-09-12,BIL,45.900002,96400,2026-09-05T01:17:07Z
2008-09-12,DBC,34.299999,611800,2026-09-05T01:17:07Z
2008-09-12,IEF,89.620003,358300,2026-09-05T01:17:07Z
2008-09-12,IWM,72.250000,117705200,2026-09-05T01:17:07Z
2008-09-12,SPY,126.089996,297851200,2026-09-05T01:17:07Z
2008-09-12,TIP,105.050003,525200,2026-09-05T01:17:07Z
2008-09-12,TLT,94.940002,4138200,2026-09-05T01:17:07Z
2008-09-12,VEA,37.730000,479000,2026-09-05T01:17:07Z
2008-09-12,VNQ,62.400002,2567500,2026-09-05T01:17:07Z
2008-09-12,VWO,37.470001,2152900,2026-09-05T01:17:07Z
2008-09-15,BIL,45.950001,195200,2026-09-05T01:17:07Z
2008-09-15,DBC,32.950001,600900,2026-09-05T01:17:07Z
2008-09-15,IEF,91.339996,526200,2026-09-05T01:17:07Z
2008-09-15,IWM,69.010002,168634300,2026-09-05T01:17:07Z
2008-09-15,SPY,120.089996,483607000,2026-09-05T01:17:07Z
2008-09-15,TIP,105.669998,928100,2026-09-05T01:17:07Z
2008-09-15,TLT,98.019997,5889900,2026-09-05T01:17:07Z
2008-09-15,VEA,36.119999,581600,2026-09-05T01:17:07Z
2008-09-15,VNQ,58.799999,6087100,2026-09-05T01:17:07Z
2008-09-15,VWO,34.770000,5483100,2026-09-05T01:17:07Z
2008-09-16,BIL,45.970001,424750,2026-09-05T01:17:07Z
2008-09-16,DBC,32.279999,1160900,2026-09-05T01:17:07Z
2008-09-16,IEF,91.080002,810900,2026-09-05T01:17:07Z
2008-09-16,IWM,71.000000,252238200,2026-09-05T01:17:07Z
2008-09-16,SPY,122.099998,581744300,2026-09-05T01:17:07Z
2008-09-16,TIP,104.620003,851400,2026-09-05T01:17:07Z
2008-09-16,TLT,98.000000,6684400,2026-09-05T01:17:07Z
2008-09-16,VEA,35.930000,684200,2026-09-05T01:17:07Z
2008-09-16,VNQ,61.700001,5486600,2026-09-05T01:17:07Z
2008-09-16,VWO,34.299999,4645700,2026-09-05T01:17:07Z
2008-09-17,BIL,46.169998,451300,2026-09-05T01:17:07Z
2008-09-17,DBC,33.250000,988600,2026-09-05T01:17:07Z
2008-09-17,IEF,91.900002,829800,2026-09-05T01:17:07Z
2008-09-17,IWM,67.800003,266078500,2026-09-05T01:17:07Z
2008-09-17,SPY,116.610001,624095600,2026-09-05T01:17:07Z
2008-09-17,TIP,105.000000,1120800,2026-09-05T01:17:07Z
2008-09-17,TLT,98.489998,4371300,2026-09-05T01:17:07Z
2008-09-17,VEA,34.680000,781600,2026-09-05T01:17:07Z
2008-09-17,VNQ,58.150002,4194600,2026-09-05T01:17:07Z
2008-09-17,VWO,32.029999,7648800,2026-09-05T01:17:07Z
2008-09-18,BIL,46.040001,916150,2026-09-05T01:17:07Z
2008-09-18,DBC,33.310001,966900,2026-09-05T01:17:07Z
2008-09-18,IEF,90.820000,687700,2026-09-05T01:17:07Z
2008-09-18,IWM,71.800003,355117000,2026-09-05T01:17:07Z
2008-09-18,SPY,120.070000,776114700,2026-09-05T01:17:07Z
2008-09-18,TIP,103.610001,825400,2026-09-05T01:17:07Z
2008-09-18,TLT,97.050003,4188300,2026-09-05T01:17:07Z
2008-09-18,VEA,36.000000,641900,2026-09-05T01:17:07Z
2008-09-18,VNQ,63.090000,6149500,2026-09-05T01:17:07Z
2008-09-18,VWO,34.000000,5726000,2026-09-05T01:17:07Z
2008-09-19,BIL,45.880001,813150,2026-09-05T01:17:07Z
2008-09-19,DBC,34.410000,890000,2026-09-05T01:17:07Z
2008-09-19,IEF,89.199997,1339500,2026-09-05T01:17:07Z
2008-09-19,IWM,75.000000,138448700,2026-09-05T01:17:07Z
2008-09-19,SPY,124.120003,501087800,2026-09-05T01:17:07Z
2008-09-19,TIP,104.139999,1403200,2026-09-05T01:17:07Z
2008-09-19,TLT,93.970001,7169200,2026-09-05T01:17:07Z
2008-09-19,VEA,38.389999,541100,2026-09-05T01:17:07Z
2008-09-19,VNQ,64.970001,2369000,2026-09-05T01:17:07Z
2008-09-19,VWO,38.970001,6979500,2026-09-05T01:17:07Z
2008-09-22,BIL,45.900002,760150,2026-09-05T01:17:07Z
2008-09-22,DBC,35.599998,1457300,2026-09-05T01:17:07Z
2008-09-22,IEF,89.010002,785800,2026-09-05T01:17:07Z
2008-09-22,IWM,71.949997,98340700,2026-09-05T01:17:07Z
2008-09-22,SPY,121.309998,249966500,2026-09-05T01:17:07Z
2008-09-22,TIP,104.500000,1033000,2026-09-05T01:17:07Z
2008-09-22,TLT,93.959999,4726300,2026-09-05T01:17:07Z
2008-09-22,VEA,37.799999,765700,2026-09-05T01:17:07Z
2008-09-22,VNQ,59.509998,1726000,2026-09-05T01:17:07Z
2008-09-22,VWO,36.439999,3195300,2026-09-05T01:17:07Z
2008-09-23,BIL,46.049999,238050,2026-09-05T01:17:07Z
2008-09-23,DBC,35.250000,609000,2026-09-05T01:17:07Z
2008-09-23,IEF,89.010002,455500,2026-09-05T01:17:07Z
2008-09-23,IWM,70.989998,92894300,2026-09-05T01:17:07Z
2008-09-23,SPY,118.550003,327470400,2026-09-05T01:17:07Z
2008-09-23,TIP,103.430000,815700,2026-09-05T01:17:07Z
2008-09-23,TLT,93.599998,2236000,2026-09-05T01:17:07Z
2008-09-23,VEA,36.939999,623100,2026-09-05T01:17:07Z
2008-09-23,VNQ,59.910000,2495000,2026-09-05T01:17:07Z
2008-09-23,VWO,35.220001,3129400,2026-09-05T01:17:07Z
2008-09-24,BIL,45.910000,89300,2026-09-05T01:17:07Z
2008-09-24,DBC,34.959999,1131600,2026-09-05T01:17:07Z
2008-09-24,IEF,89.239998,415400,2026-09-05T01:17:07Z
2008-09-24,IWM,69.940002,91760200,2026-09-05T01:17:07Z
2008-09-24,SPY,118.930000,311818400,2026-09-05T01:17:07Z
2008-09-24,TIP,102.919998,768800,2026-09-05T01:17:07Z
2008-09-24,TLT,94.010002,1014900,2026-09-05T01:17:07Z
2008-09-24,VEA,36.959999,513700,2026-09-05T01:17:07Z
2008-09-24,VNQ,58.730000,3085200,2026-09-05T01:17:07Z
2008-09-24,VWO,35.790001,3287300,2026-09-05T01:17:07Z
2008-09-25,BIL,45.959999,132050,2026-09-05T01:17:07Z
2008-09-25,DBC,35.570000,879200,2026-09-05T01:17:07Z
2008-09-25,IEF,88.970001,427200,2026-09-05T01:17:07Z
2008-09-25,IWM,70.300003,115328200,2026-09-05T01:17:07Z
2008-09-25,SPY,120.790001,328253000,2026-09-05T01:17:07Z
2008-09-25,TIP,102.879997,706300,2026-09-05T01:17:07Z
2008-09-25,TLT,93.820000,1881200,2026-09-05T01:17:07Z
2008-09-25,VEA,37.700001,549500,2026-09-05T01:17:07Z
2008-09-25,VNQ,59.459999,2240200,2026-09-05T01:17:07Z
2008-09-25,VWO,37.119999,2942600,2026-09-05T01:17:07Z
2008-09-26,BIL,46.040001,185700,2026-09-05T01:17:07Z
2008-09-26,DBC,35.150002,418800,2026-09-05T01:17:07Z
2008-09-26,IEF,88.910004,310600,2026-09-05T01:17:07Z
2008-09-26,IWM,70.629997,94646800,2026-09-05T01:17:07Z
2008-09-26,SPY,120.849998,285917400,2026-09-05T01:17:07Z
2008-09-26,TIP,102.660004,484800,2026-09-05T01:17:07Z
2008-09-26,TLT,94.500000,1992800,2026-09-05T01:17:07Z
2008-09-26,VEA,37.400002,587400,2026-09-05T01:17:07Z
2008-09-26,VNQ,61.299999,1991700,2026-09-05T01:17:07Z
2008-09-26,VWO,36.070000,2884600,2026-09-05T01:17:07Z
2008-09-29,BIL,46.240002,388850,2026-09-05T01:17:07Z
2008-09-29,DBC,32.970001,682400,2026-09-05T01:17:07Z
2008-09-29,IEF,90.150002,528000,2026-09-05T01:17:07Z
2008-09-29,IWM,65.050003,150003200,2026-09-05T01:17:07Z
2008-09-29,SPY,111.379997,459562300,2026-09-05T01:17:07Z
2008-09-29,TIP,103.070000,621800,2026-09-05T01:17:07Z
2008-09-29,TLT,97.250000,4799800,2026-09-05T01:17:07Z
2008-09-29,VEA,33.689999,1273600,2026-09-05T01:17:07Z
2008-09-29,VNQ,56.720001,3275700,2026-09-05T01:17:07Z
2008-09-29,VWO,32.130001,3664100,2026-09-05T01:17:07Z
2008-09-30,BIL,46.070000,140850,2026-09-05T01:17:07Z
2008-09-30,DBC,33.889999,1113600,2026-09-05T01:17:07Z
2008-09-30,IEF,88.959999,477900,2026-09-05T01:17:07Z
2008-09-30,IWM,68.000000,107271100,2026-09-05T01:17:07Z
2008-09-30,SPY,115.989998,328154400,2026-09-05T01:17:07Z
2008-09-30,TIP,101.300003,946900,2026-09-05T01:17:07Z
2008-09-30,TLT,94.879997,1358100,2026-09-05T01:17:07Z
2008-09-30,VEA,35.169998,1891300,2026-09-05T01:17:07Z
2008-09-30,VNQ,60.799999,2369100,2026-09-05T01:17:07Z
2008-09-30,VWO,34.660000,8941600,2026-09-05T01:17:07Z
2008-10-01,BIL,46.000000,265950,2026-09-05T01:17:07Z
2008-10-01,DBC,33.099998,590400,2026-09-05T01:17:07Z
2008-10-01,IEF,89.279999,349200,2026-09-05T01:17:07Z
2008-10-01,IWM,67.019997,69571300,2026-09-05T01:17:07Z
2008-10-01,SPY,116.059998,332783000,2026-09-05T01:17:07Z
2008-10-01,TIP,101.830002,557100,2026-09-05T01:17:07Z
2008-10-01,TLT,95.779999,1767800,2026-09-05T01:17:07Z
2008-10-01,VEA,34.990002,669500,2026-09-05T01:17:07Z
2008-10-01,VNQ,59.330002,2887000,2026-09-05T01:17:07Z
2008-10-01,VWO,34.220001,2963500,2026-09-05T01:17:07Z
2008-10-02,BIL,45.980000,193650,2026-09-05T01:17:07Z
2008-10-02,DBC,31.270000,992000,2026-09-05T01:17:07Z
2008-10-02,IEF,89.779999,298000,2026-09-05T01:17:07Z
2008-10-02,IWM,63.580002,116143300,2026-09-05T01:17:07Z
2008-10-02,SPY,111.849998,365337800,2026-09-05T01:17:07Z
2008-10-02,TIP,101.620003,459800,2026-09-05T01:17:07Z
2008-10-02,TLT,96.550003,931900,2026-09-05T01:17:07Z
2008-10-02,VEA,33.490002,875200,2026-09-05T01:17:07Z
2008-10-02,VNQ,55.500000,2279600,2026-09-05T01:17:07Z
2008-10-02,VWO,31.690001,3290300,2026-09-05T01:17:07Z
2008-10-03,BIL,45.980000,201500,2026-09-05T01:17:07Z
2008-10-03,DBC,30.540001,1613100,2026-09-05T01:17:07Z
2008-10-03,IEF,90.120003,505400,2026-09-05T01:17:07Z
2008-10-03,IWM,62.700001,118870500,2026-09-05T01:17:07Z
2008-10-03,SPY,110.339996,461798000,2026-09-05T01:17:07Z
2008-10-03,TIP,101.860001,375800,2026-09-05T01:17:07Z
2008-10-03,TLT,97.400002,1903100,2026-09-05T01:17:07Z
2008-10-03,VEA,33.400002,789100,2026-09-05T01:17:07Z
2008-10-03,VNQ,53.099998,4099000,2026-09-05T01:17:07Z
2008-10-03,VWO,31.200001,3644400,2026-09-05T01:17:07Z
2008-10-06,BIL,45.970001,324050,2026-09-05T01:17:07Z
2008-10-06,DBC,29.240000,2123200,2026-09-05T01:17:07Z
2008-10-06,IEF,90.849998,1065200,2026-09-05T01:17:07Z
2008-10-06,IWM,59.720001,172301800,2026-09-05T01:17:07Z
2008-10-06,SPY,104.720001,610637500,2026-09-05T01:17:07Z
2008-10-06,TIP,101.779999,865400,2026-09-05T01:17:07Z
2008-10-06,TLT,99.169998,2906200,2026-09-05T01:17:07Z
2008-10-06,VEA,31.469999,860400,2026-09-05T01:17:07Z
2008-10-06,VNQ,51.509998,4331400,2026-09-05T01:17:07Z
2008-10-06,VWO,28.540001,7464500,2026-09-05T01:17:07Z
2008-10-07,BIL,45.959999,146850,2026-09-05T01:17:07Z
2008-10-07,DBC,29.600000,1593300,2026-09-05T01:17:07Z
2008-10-07,IEF,90.779999,825400,2026-09-05T01:17:07Z
2008-10-07,IWM,55.799999,152283000,2026-09-05T01:17:07Z
2008-10-07,SPY,100.029999,540012100,2026-09-05T01:17:07Z
2008-10-07,TIP,100.910004,820400,2026-09-05T01:17:07Z
2008-10-07,TLT,98.870003,1972000,2026-09-05T01:17:07Z
2008-10-07,VEA,30.070000,784500,2026-09-05T01:17:07Z
2008-10-07,VNQ,47.090000,3188200,2026-09-05T01:17:07Z
2008-10-07,VWO,26.610001,5199800,2026-09-05T01:17:07Z
2008-10-08,BIL,45.919998,222150,2026-09-05T01:17:07Z
2008-10-08,DBC,30.030001,1123100,2026-09-05T01:17:07Z
2008-10-08,IEF,89.620003,869200,2026-09-05T01:17:07Z
2008-10-08,IWM,54.459999,173741000,2026-09-05T01:17:07Z
2008-10-08,SPY,97.510002,725414800,2026-09-05T01:17:07Z
2008-10-08,TIP,97.930000,1954700,2026-09-05T01:17:07Z
2008-10-08,TLT,97.449997,3386300,2026-09-05T01:17:07Z
2008-10-08,VEA,29.280001,780000,2026-09-05T01:17:07Z
2008-10-08,VNQ,46.439999,2313700,2026-09-05T01:17:07Z
2008-10-08,VWO,26.540001,6825100,2026-09-05T01:17:07Z
2008-10-09,BIL,45.990002,177800,2026-09-05T01:17:07Z
2008-10-09,DBC,28.629999,849400,2026-09-05T01:17:07Z
2008-10-09,IEF,88.720001,577200,2026-09-05T01:17:07Z
2008-10-09,IWM,49.990002,154548100,2026-09-05T01:17:07Z
2008-10-09,SPY,90.699997,534485200,2026-09-05T01:17:07Z
2008-10-09,TIP,97.339996,967900,2026-09-05T01:17:07Z
2008-10-09,TLT,96.629997,1785400,2026-09-05T01:17:07Z
2008-10-09,VEA,27.600000,885900,2026-09-05T01:17:07Z
2008-10-09,VNQ,42.759998,5654200,2026-09-05T01:17:07Z
2008-10-09,VWO,25.450001,4378900,2026-09-05T01:17:07Z
2008-10-10,BIL,46.029999,351150,2026-09-05T01:17:07Z
2008-10-10,DBC,27.360001,1859300,2026-09-05T01:17:07Z
2008-10-10,IEF,87.680000,1154600,2026-09-05T01:17:07Z
2008-10-10,IWM,52.450001,205089400,2026-09-05T01:17:07Z
2008-10-10,SPY,88.500000,871026300,2026-09-05T01:17:07Z
2008-10-10,TIP,95.379997,1831500,2026-09-05T01:17:07Z
2008-10-10,TLT,95.949997,2200000,2026-09-05T01:17:07Z
2008-10-10,VEA,26.740000,1627000,2026-09-05T01:17:07Z
2008-10-10,VNQ,46.849998,3060000,2026-09-05T01:17:07Z
2008-10-10,VWO,24.799999,9109300,2026-09-05T01:17:07Z
2008-10-13,BIL,45.849998,204600,2026-09-05T01:17:07Z
2008-10-13,DBC,28.879999,666600,2026-09-05T01:17:07Z
2008-10-13,IEF,87.080002,478400,2026-09-05T01:17:07Z
2008-10-13,IWM,56.980000,128725200,2026-09-05T01:17:07Z
2008-10-13,SPY,101.349998,455584000,2026-09-05T01:17:07Z
2008-10-13,TIP,94.000000,1030300,2026-09-05T01:17:07Z
2008-10-13,TLT,94.720001,1532100,2026-09-05T01:17:07Z
2008-10-13,VEA,30.840000,1478800,2026-09-05T01:17:07Z
2008-10-13,VNQ,49.830002,1518600,2026-09-05T01:17:07Z
2008-10-13,VWO,29.830000,6867700,2026-09-05T01:17:07Z
2008-10-14,BIL,45.930000,195150,2026-09-05T01:17:07Z
2008-10-14,DBC,28.350000,1053100,2026-09-05T01:17:07Z
2008-10-14,IEF,86.669998,736700,2026-09-05T01:17:07Z
2008-10-14,IWM,55.380001,131474600,2026-09-05T01:17:07Z
2008-10-14,SPY,99.849998,546268300,2026-09-05T01:17:07Z
2008-10-14,TIP,96.150002,796100,2026-09-05T01:17:07Z
2008-10-14,TLT,94.110001,2100000,2026-09-05T01:17:07Z
2008-10-14,VEA,30.200001,2294000,2026-09-05T01:17:07Z
2008-10-14,VNQ,46.439999,3512800,2026-09-05T01:17:07Z
2008-10-14,VWO,29.070000,9970300,2026-09-05T01:17:07Z
2008-10-15,BIL,45.939999,204950,2026-09-05T01:17:07Z
2008-10-15,DBC,27.059999,750500,2026-09-05T01:17:07Z
2008-10-15,IEF,87.379997,247200,2026-09-05T01:17:07Z
2008-10-15,IWM,50.410000,109147700,2026-09-05T01:17:07Z
2008-10-15,SPY,90.019997,484627500,2026-09-05T01:17:07Z
2008-10-15,TIP,96.480003,613700,2026-09-05T01:17:07Z
2008-10-15,TLT,95.010002,1449500,2026-09-05T01:17:07Z
2008-10-15,VEA,26.870001,1289300,2026-09-05T01:17:07Z
2008-10-15,VNQ,40.480000,2787600,2026-09-05T01:17:07Z
2008-10-15,VWO,24.610001,4713500,2026-09-05T01:17:07Z
2008-10-16,BIL,45.919998,200950,2026-09-05T01:17:07Z
2008-10-16,DBC,26.549999,949900,2026-09-05T01:17:07Z
2008-10-16,IEF,87.400002,330400,2026-09-05T01:17:07Z
2008-10-16,IWM,53.709999,207587400,2026-09-05T01:17:07Z
2008-10-16,SPY,93.769997,708811200,2026-09-05T01:17:07Z
2008-10-16,TIP,95.860001,594300,2026-09-05T01:17:07Z
2008-10-16,TLT,94.519997,1063200,2026-09-05T01:17:07Z
2008-10-16,VEA,28.250000,1373900,2026-09-05T01:17:07Z
2008-10-16,VNQ,42.830002,2282300,2026-09-05T01:17:07Z
2008-10-16,VWO,25.230000,6142600,2026-09-05T01:17:07Z
2008-10-17,BIL,45.820000,157650,2026-09-05T01:17:07Z
2008-10-17,DBC,26.850000,1005600,2026-09-05T01:17:07Z
2008-10-17,IEF,87.949997,445800,2026-09-05T01:17:07Z
2008-10-17,IWM,52.200001,131845100,2026-09-05T01:17:07Z
2008-10-17,SPY,93.209999,476649000,2026-09-05T01:17:07Z
2008-10-17,TIP,95.470001,591900,2026-09-05T01:17:07Z
2008-10-17,TLT,93.870003,1691800,2026-09-05T01:17:07Z
2008-10-17,VEA,27.799999,908500,2026-09-05T01:17:07Z
2008-10-17,VNQ,42.369999,3186700,2026-09-05T01:17:07Z
2008-10-17,VWO,25.100000,7540900,2026-09-05T01:17:07Z
2008-10-20,BIL,45.930000,145050,2026-09-05T01:17:07Z
2008-10-20,DBC,27.389999,512200,2026-09-05T01:17:07Z
2008-10-20,IEF,88.040001,315900,2026-09-05T01:17:07Z
2008-10-20,IWM,54.689999,82673400,2026-09-05T01:17:07Z
2008-10-20,SPY,98.809998,321294200,2026-09-05T01:17:07Z
2008-10-20,TIP,96.779999,700700,2026-09-05T01:17:07Z
2008-10-20,TLT,94.620003,1146800,2026-09-05T01:17:07Z
2008-10-20,VEA,29.170000,2216500,2026-09-05T01:17:07Z
2008-10-20,VNQ,42.680000,1889500,2026-09-05T01:17:07Z
2008-10-20,VWO,26.559999,3655600,2026-09-05T01:17:07Z
2008-10-21,BIL,45.930000,98050,2026-09-05T01:17:07Z
2008-10-21,DBC,26.410000,442300,2026-09-05T01:17:07Z
2008-10-21,IEF,88.970001,225500,2026-09-05T01:17:07Z
2008-10-21,IWM,53.180000,83005200,2026-09-05T01:17:07Z
2008-10-21,SPY,95.860001,356502000,2026-09-05T01:17:07Z
2008-10-21,TIP,96.930000,696200,2026-09-05T01:17:07Z
2008-10-21,TLT,95.120003,1243700,2026-09-05T01:17:07Z
2008-10-21,VEA,27.950001,781500,2026-09-05T01:17:07Z
2008-10-21,VNQ,41.220001,1410200,2026-09-05T01:17:07Z
2008-10-21,VWO,24.549999,4583900,2026-09-05T01:17:07Z
2008-10-22,BIL,45.869999,180900,2026-09-05T01:17:07Z
2008-10-22,DBC,25.160000,643600,2026-09-05T01:17:07Z
2008-10-22,IEF,89.650002,347700,2026-09-05T01:17:07Z
2008-10-22,IWM,50.490002,91861700,2026-09-05T01:17:07Z
2008-10-22,SPY,90.639999,516168000,2026-09-05T01:17:07Z
2008-10-22,TIP,97.650002,1455200,2026-09-05T01:17:07Z
2008-10-22,TLT,97.050003,1069800,2026-09-05T01:17:07Z
2008-10-22,VEA,25.650000,1390400,2026-09-05T01:17:07Z
2008-10-22,VNQ,38.310001,2564900,2026-09-05T01:17:07Z
2008-10-22,VWO,22.190001,5015500,2026-09-05T01:17:07Z
2008-10-23,BIL,45.930000,151700,2026-09-05T01:17:07Z
2008-10-23,DBC,25.260000,819100,2026-09-05T01:17:07Z
2008-10-23,IEF,89.769997,330000,2026-09-05T01:17:07Z
2008-10-23,IWM,48.990002,133202600,2026-09-05T01:17:07Z
2008-10-23,SPY,91.690002,634666400,2026-09-05T01:17:07Z
2008-10-23,TIP,96.660004,615200,2026-09-05T01:17:07Z
2008-10-23,TLT,97.769997,1802000,2026-09-05T01:17:07Z
2008-10-23,VEA,26.170000,1260400,2026-09-05T01:17:07Z
2008-10-23,VNQ,37.310001,5536300,2026-09-05T01:17:07Z
2008-10-23,VWO,22.450001,6137100,2026-09-05T01:17:07Z
2008-10-24,BIL,45.880001,168150,2026-09-05T01:17:07Z
2008-10-24,DBC,24.250000,724800,2026-09-05T01:17:07Z
2008-10-24,IEF,89.389999,1924600,2026-09-05T01:17:07Z
2008-10-24,IWM,47.169998,105748800,2026-09-05T01:17:07Z
2008-10-24,SPY,87.040001,545812600,2026-09-05T01:17:07Z
2008-10-24,TIP,94.349998,809600,2026-09-05T01:17:07Z
2008-10-24,TLT,96.730003,1495400,2026-09-05T01:17:07Z
2008-10-24,VEA,24.750000,863400,2026-09-05T01:17:07Z
2008-10-24,VNQ,35.189999,2853100,2026-09-05T01:17:07Z
2008-10-24,VWO,20.450001,4718600,2026-09-05T01:17:07Z
2008-10-27,BIL,45.950001,149750,2026-09-05T01:17:07Z
2008-10-27,DBC,24.070000,712100,2026-09-05T01:17:07Z
2008-10-27,IEF,89.339996,213700,2026-09-05T01:17:07Z
2008-10-27,IWM,44.860001,99416400,2026-09-05T01:17:07Z
2008-10-27,SPY,83.949997,397288600,2026-09-05T01:17:07Z
2008-10-27,TIP,93.349998,853800,2026-09-05T01:17:07Z
2008-10-27,TLT,96.800003,1534100,2026-09-05T01:17:07Z
2008-10-27,VEA,23.629999,1143100,2026-09-05T01:17:07Z
2008-10-27,VNQ,33.189999,2338400,2026-09-05T01:17:07Z
2008-10-27,VWO,19.719999,5075400,2026-09-05T01:17:07Z
2008-10-28,BIL,45.939999,186750,2026-09-05T01:17:07Z
2008-10-28,DBC,24.730000,605600,2026-09-05T01:17:07Z
2008-10-28,IEF,88.620003,278100,2026-09-05T01:17:07Z
2008-10-28,IWM,48.450001,114981800,2026-09-05T01:17:07Z
2008-10-28,SPY,93.760002,639939500,2026-09-05T01:17:07Z
2008-10-28,TIP,92.790001,748200,2026-09-05T01:17:07Z
2008-10-28,TLT,95.389999,1505500,2026-09-05T01:17:07Z
2008-10-28,VEA,25.410000,1025600,2026-09-05T01:17:07Z
2008-10-28,VNQ,38.380001,4867500,2026-09-05T01:17:07Z
2008-10-28,VWO,23.070000,6367500,2026-09-05T01:17:07Z
2008-10-29,BIL,45.889999,144300,2026-09-05T01:17:07Z
2008-10-29,DBC,26.190001,931900,2026-09-05T01:17:07Z
2008-10-29,IEF,88.750000,255400,2026-09-05T01:17:07Z
2008-10-29,IWM,48.700001,94984800,2026-09-05T01:17:07Z
2008-10-29,SPY,93.080002,531270100,2026-09-05T01:17:07Z
2008-10-29,TIP,93.400002,987000,2026-09-05T01:17:07Z
2008-10-29,TLT,94.910004,1745800,2026-09-05T01:17:07Z
2008-10-29,VEA,26.840000,1042000,2026-09-05T01:17:07Z
2008-10-29,VNQ,37.020000,3787300,2026-09-05T01:17:07Z
2008-10-29,VWO,22.840000,5441500,2026-09-05T01:17:07Z
2008-10-30,BIL,45.950001,110550,2026-09-05T01:17:07Z
2008-10-30,DBC,25.110001,711400,2026-09-05T01:17:07Z
2008-10-30,IEF,88.070000,406300,2026-09-05T01:17:07Z
2008-10-30,IWM,51.430000,77436600,2026-09-05T01:17:07Z
2008-10-30,SPY,96.300003,414582100,2026-09-05T01:17:07Z
2008-10-30,TIP,92.879997,1130700,2026-09-05T01:17:07Z
2008-10-30,TLT,94.050003,1326000,2026-09-05T01:17:07Z
2008-10-30,VEA,27.650000,1476400,2026-09-05T01:17:07Z
2008-10-30,VNQ,39.000000,3782900,2026-09-05T01:17:07Z
2008-10-30,VWO,25.180000,4689200,2026-09-05T01:17:07Z
2008-10-31,BIL,45.900002,175250,2026-09-05T01:17:07Z
2008-10-31,DBC,25.389999,1047200,2026-09-05T01:17:07Z
2008-10-31,IEF,87.889999,264100,2026-09-05T01:17:07Z
2008-10-31,IWM,53.750000,113060500,2026-09-05T01:17:07Z
2008-10-31,SPY,96.830002,411394000,2026-09-05T01:17:07Z
2008-10-31,TIP,92.370003,1406600,2026-09-05T01:17:07Z
2008-10-31,TLT,92.830002,2282500,2026-09-05T01:17:07Z
2008-10-31,VEA,27.940001,1030900,2026-09-05T01:17:07Z
2008-10-31,VNQ,41.509998,11149000,2026-09-05T01:17:07Z
2008-10-31,VWO,25.209999,7382000,2026-09-05T01:17:07Z
2008-11-03,BIL,45.840000,158550,2026-09-05T01:17:07Z
2008-11-03,DBC,25.110001,979000,2026-09-05T01:17:07Z
2008-11-03,IEF,87.709999,1942300,2026-09-05T01:17:07Z
2008-11-03,IWM,53.820000,54872700,2026-09-05T01:17:07Z
2008-11-03,SPY,97.110001,205419400,2026-09-05T01:17:07Z
2008-11-03,TIP,93.150002,1223300,2026-09-05T01:17:07Z
2008-11-03,TLT,92.709999,1111600,2026-09-05T01:17:07Z
2008-11-03,VEA,27.930000,1182900,2026-09-05T01:17:07Z
2008-11-03,VNQ,40.150002,6681200,2026-09-05T01:17:07Z
2008-11-03,VWO,25.240000,4381400,2026-09-05T01:17:07Z
2008-11-04,BIL,45.860001,96450,2026-09-05T01:17:07Z
2008-11-04,DBC,26.250000,1220100,2026-09-05T01:17:07Z
2008-11-04,IEF,88.760002,269700,2026-09-05T01:17:07Z
2008-11-04,IWM,54.439999,79680500,2026-09-05T01:17:07Z
2008-11-04,SPY,100.410004,346793400,2026-09-05T01:17:07Z
2008-11-04,TIP,94.589996,898200,2026-09-05T01:17:07Z
2008-11-04,TLT,94.449997,1608800,2026-09-05T01:17:07Z
2008-11-04,VEA,29.910000,1415000,2026-09-05T01:17:07Z
2008-11-04,VNQ,42.400002,6208700,2026-09-05T01:17:07Z
2008-11-04,VWO,27.450001,4220200,2026-09-05T01:17:07Z
2008-11-05,BIL,45.880001,133750,2026-09-05T01:17:07Z
2008-11-05,DBC,25.570000,757200,2026-09-05T01:17:07Z
2008-11-05,IEF,89.230003,286500,2026-09-05T01:17:07Z
2008-11-05,IWM,51.590000,73881200,2026-09-05T01:17:07Z
2008-11-05,SPY,96.190002,387844100,2026-09-05T01:17:07Z
2008-11-05,TIP,95.260002,883900,2026-09-05T01:17:07Z
2008-11-05,TLT,95.570000,1931700,2026-09-05T01:17:07Z
2008-11-05,VEA,28.410000,1272000,2026-09-05T01:17:07Z
2008-11-05,VNQ,38.230000,9770700,2026-09-05T01:17:07Z
2008-11-05,VWO,24.250000,4360900,2026-09-05T01:17:07Z
2008-11-06,BIL,45.950001,118100,2026-09-05T01:17:07Z
2008-11-06,DBC,24.450001,800900,2026-09-05T01:17:07Z
2008-11-06,IEF,88.959999,173000,2026-09-05T01:17:07Z
2008-11-06,IWM,49.590000,85233800,2026-09-05T01:17:07Z
2008-11-06,SPY,90.860001,477721900,2026-09-05T01:17:07Z
2008-11-06,TIP,94.860001,540400,2026-09-05T01:17:07Z
2008-11-06,TLT,94.879997,919700,2026-09-05T01:17:07Z
2008-11-06,VEA,26.350000,1070400,2026-09-05T01:17:07Z
2008-11-06,VNQ,36.439999,12780800,2026-09-05T01:17:07Z
2008-11-06,VWO,22.900000,4803100,2026-09-05T01:17:07Z
2008-11-07,BIL,45.950001,83900,2026-09-05T01:17:07Z
2008-11-07,DBC,24.480000,1248800,2026-09-05T01:17:07Z
2008-11-07,IEF,88.639999,212300,2026-09-05T01:17:07Z
2008-11-07,IWM,50.619999,62313000,2026-09-05T01:17:07Z
2008-11-07,SPY,93.860001,380391000,2026-09-05T01:17:07Z
2008-11-07,TIP,94.449997,576100,2026-09-05T01:17:07Z
2008-11-07,TLT,94.260002,1277100,2026-09-05T01:17:07Z
2008-11-07,VEA,27.959999,1358500,2026-09-05T01:17:07Z
2008-11-07,VNQ,38.750000,8636600,2026-09-05T01:17:07Z
2008-11-07,VWO,24.870001,5287200,2026-09-05T01:17:07Z
2008-11-10,BIL,45.939999,60950,2026-09-05T01:17:07Z
2008-11-10,DBC,24.639999,438200,2026-09-05T01:17:07Z
2008-11-10,IEF,88.730003,205400,2026-09-05T01:17:07Z
2008-11-10,IWM,49.450001,50459600,2026-09-05T01:17:07Z
2008-11-10,SPY,92.629997,301773000,2026-09-05T01:17:07Z
2008-11-10,TIP,94.779999,523400,2026-09-05T01:17:07Z
2008-11-10,TLT,94.720001,1352100,2026-09-05T01:17:07Z
2008-11-10,VEA,27.590000,1086100,2026-09-05T01:17:07Z
2008-11-10,VNQ,35.279999,3812600,2026-09-05T01:17:07Z
2008-11-10,VWO,24.959999,3849400,2026-09-05T01:17:07Z
2008-11-11,BIL,45.939999,88400,2026-09-05T01:17:07Z
2008-11-11,DBC,24.170000,873900,2026-09-05T01:17:07Z
2008-11-11,IEF,89.059998,130100,2026-09-05T01:17:07Z
2008-11-11,IWM,48.380001,73187400,2026-09-05T01:17:07Z
2008-11-11,SPY,89.769997,418498200,2026-09-05T01:17:07Z
2008-11-11,TIP,95.000000,394300,2026-09-05T01:17:07Z
2008-11-11,TLT,95.000000,696000,2026-09-05T01:17:07Z
2008-11-11,VEA,26.549999,1387400,2026-09-05T01:17:07Z
2008-11-11,VNQ,34.790001,3649900,2026-09-05T01:17:07Z
2008-11-11,VWO,23.650000,4025000,2026-09-05T01:17:07Z
2008-11-12,BIL,45.950001,109050,2026-09-05T01:17:07Z
2008-11-12,DBC,23.459999,978100,2026-09-05T01:17:07Z
2008-11-12,IEF,89.610001,266900,2026-09-05T01:17:07Z
2008-11-12,IWM,45.560001,75376800,2026-09-05T01:17:07Z
2008-11-12,SPY,85.820000,454330600,2026-09-05T01:17:07Z
2008-11-12,TIP,95.150002,516700,2026-09-05T01:17:07Z
2008-11-12,TLT,95.610001,1199400,2026-09-05T01:17:07Z
2008-11-12,VEA,25.160000,994200,2026-09-05T01:17:07Z
2008-11-12,VNQ,32.299999,5528600,2026-09-05T01:17:07Z
2008-11-12,VWO,21.600000,5449000,2026-09-05T01:17:07Z
2008-11-13,BIL,45.950001,132450,2026-09-05T01:17:07Z
2008-11-13,DBC,23.900000,1126400,2026-09-05T01:17:07Z
2008-11-13,IEF,88.959999,300500,2026-09-05T01:17:07Z
2008-11-13,IWM,49.310001,142362300,2026-09-05T01:17:07Z
2008-11-13,SPY,91.169998,753141900,2026-09-05T01:17:07Z
2008-11-13,TIP,94.559998,976500,2026-09-05T01:17:07Z
2008-11-13,TLT,93.320000,1631900,2026-09-05T01:17:07Z
2008-11-13,VEA,27.059999,3193700,2026-09-05T01:17:07Z
2008-11-13,VNQ,35.849998,9470900,2026-09-05T01:17:07Z
2008-11-13,VWO,24.469999,9652900,2026-09-05T01:17:07Z
2008-11-14,BIL,45.950001,132200,2026-09-05T01:17:07Z
2008-11-14,DBC,23.750000,486800,2026-09-05T01:17:07Z
2008-11-14,IEF,89.839996,324100,2026-09-05T01:17:07Z
2008-11-14,IWM,45.639999,98697500,2026-09-05T01:17:07Z
2008-11-14,SPY,86.620003,540352300,2026-09-05T01:17:07Z
2008-11-14,TIP,95.519997,633700,2026-09-05T01:17:07Z
2008-11-14,TLT,95.169998,1059300,2026-09-05T01:17:07Z
2008-11-14,VEA,25.680000,1428800,2026-09-05T01:17:07Z
2008-11-14,VNQ,31.809999,2605900,2026-09-05T01:17:07Z
2008-11-14,VWO,22.469999,5908300,2026-09-05T01:17:07Z
2008-11-17,BIL,45.970001,170900,2026-09-05T01:17:07Z
2008-11-17,DBC,23.209999,554600,2026-09-05T01:17:07Z
2008-11-17,IEF,90.220001,473100,2026-09-05T01:17:07Z
2008-11-17,IWM,45.250000,84029400,2026-09-05T01:17:07Z
2008-11-17,SPY,85.470001,415254900,2026-09-05T01:17:07Z
2008-11-17,TIP,95.610001,601600,2026-09-05T01:17:07Z
2008-11-17,TLT,95.589996,490300,2026-09-05T01:17:07Z
2008-11-17,VEA,25.270000,808700,2026-09-05T01:17:07Z
2008-11-17,VNQ,30.660000,2647600,2026-09-05T01:17:07Z
2008-11-17,VWO,22.120001,3473300,2026-09-05T01:17:07Z
2008-11-18,BIL,45.919998,260650,2026-09-05T01:17:07Z
2008-11-18,DBC,22.860001,1750400,2026-09-05T01:17:07Z
2008-11-18,IEF,90.919998,543600,2026-09-05T01:17:07Z
2008-11-18,IWM,45.029999,98246400,2026-09-05T01:17:07Z
2008-11-18,SPY,87.080002,523811800,2026-09-05T01:17:07Z
2008-11-18,TIP,94.639999,521800,2026-09-05T01:17:07Z
2008-11-18,TLT,96.820000,924800,2026-09-05T01:17:07Z
2008-11-18,VEA,25.330000,1026500,2026-09-05T01:17:07Z
2008-11-18,VNQ,30.370001,3246200,2026-09-05T01:17:07Z
2008-11-18,VWO,21.820000,4495200,2026-09-05T01:17:07Z
2008-11-19,BIL,45.910000,81200,2026-09-05T01:17:07Z
2008-11-19,DBC,22.600000,912800,2026-09-05T01:17:07Z
2008-11-19,IEF,91.900002,432400,2026-09-05T01:17:07Z
2008-11-19,IWM,41.360001,96005900,2026-09-05T01:17:07Z
2008-11-19,SPY,81.500000,558327600,2026-09-05T01:17:07Z
2008-11-19,TIP,94.620003,672700,2026-09-05T01:17:07Z
2008-11-19,TLT,99.300003,2090400,2026-09-05T01:17:07Z
2008-11-19,VEA,23.700001,960600,2026-09-05T01:17:07Z
2008-11-19,VNQ,26.290001,3068800,2026-09-05T01:17:07Z
2008-11-19,VWO,20.170000,5747300,2026-09-05T01:17:07Z
2008-11-20,BIL,45.939999,226150,2026-09-05T01:17:07Z
2008-11-20,DBC,21.450001,926200,2026-09-05T01:17:07Z
2008-11-20,IEF,93.750000,727900,2026-09-05T01:17:07Z
2008-11-20,IWM,38.529999,140070900,2026-09-05T01:17:07Z
2008-11-20,SPY,75.449997,814180400,2026-09-05T01:17:07Z
2008-11-20,TIP,93.480003,896600,2026-09-05T01:17:07Z
2008-11-20,TLT,104.430000,5459800,2026-09-05T01:17:07Z
2008-11-20,VEA,22.490000,2025500,2026-09-05T01:17:07Z
2008-11-20,VNQ,24.209999,4156200,2026-09-05T01:17:07Z
2008-11-20,VWO,18.600000,8599000,2026-09-05T01:17:07Z
2008-11-21,BIL,45.930000,233750,2026-09-05T01:17:07Z
2008-11-21,DBC,21.820000,591300,2026-09-05T01:17:07Z
2008-11-21,IEF,92.889999,791300,2026-09-05T01:17:07Z
2008-11-21,IWM,40.639999,160636700,2026-09-05T01:17:07Z
2008-11-21,SPY,79.519997,718536500,2026-09-05T01:17:07Z
2008-11-21,TIP,92.529999,1039500,2026-09-05T01:17:07Z
2008-11-21,TLT,102.919998,3249300,2026-09-05T01:17:07Z
2008-11-21,VEA,23.719999,1832400,2026-09-05T01:17:07Z
2008-11-21,VNQ,25.990000,6877600,2026-09-05T01:17:07Z
2008-11-21,VWO,21.000000,9383900,2026-09-05T01:17:07Z
2008-11-24,BIL,45.939999,253450,2026-09-05T01:17:07Z
2008-11-24,DBC,23.320000,1225100,2026-09-05T01:17:07Z
2008-11-24,IEF,92.019997,611600,2026-09-05T01:17:07Z
2008-11-24,IWM,43.500000,97052300,2026-09-05T01:17:07Z
2008-11-24,SPY,85.029999,523305300,2026-09-05T01:17:07Z
2008-11-24,TIP,90.730003,1006000,2026-09-05T01:17:07Z
2008-11-24,TLT,101.309998,1587300,2026-09-05T01:17:07Z
2008-11-24,VEA,25.510000,2062200,2026-09-05T01:17:07Z
2008-11-24,VNQ,30.410000,5300100,2026-09-05T01:17:07Z
2008-11-24,VWO,22.469999,10986100,2026-09-05T01:17:07Z
2008-11-25,BIL,45.950001,68400,2026-09-05T01:17:07Z
2008-11-25,DBC,22.540001,731400,2026-09-05T01:17:07Z
2008-11-25,IEF,93.599998,411600,2026-09-05T01:17:07Z
2008-11-25,IWM,44.220001,80072400,2026-09-05T01:17:07Z
2008-11-25,SPY,85.660004,454112400,2026-09-05T01:17:07Z
2008-11-25,TIP,92.389999,773100,2026-09-05T01:17:07Z
2008-11-25,TLT,104.290001,2632700,2026-09-05T01:17:07Z
2008-11-25,VEA,25.850000,1375800,2026-09-05T01:17:07Z
2008-11-25,VNQ,30.889999,2949200,2026-09-05T01:17:07Z
2008-11-25,VWO,22.030001,6553400,2026-09-05T01:17:07Z
2008-11-26,BIL,45.970001,118100,2026-09-05T01:17:07Z
2008-11-26,DBC,23.260000,1003900,2026-09-05T01:17:07Z
2008-11-26,IEF,94.169998,483400,2026-09-05T01:17:07Z
2008-11-26,IWM,46.869999,88144900,2026-09-05T01:17:07Z
2008-11-26,SPY,88.970001,370134200,2026-09-05T01:17:07Z
2008-11-26,TIP,92.889999,710200,2026-09-05T01:17:07Z
2008-11-26,TLT,104.430000,2577600,2026-09-05T01:17:07Z
2008-11-26,VEA,26.180000,1994900,2026-09-05T01:17:07Z
2008-11-26,VNQ,32.560001,2348000,2026-09-05T01:17:07Z
2008-11-26,VWO,23.530001,5148400,2026-09-05T01:17:07Z
2008-11-28,BIL,45.830002,39700,2026-09-05T01:17:07Z
2008-11-28,DBC,22.250000,406000,2026-09-05T01:17:07Z
2008-11-28,IEF,94.360001,134000,2026-09-05T01:17:07Z
2008-11-28,IWM,47.340000,24156600,2026-09-05T01:17:07Z
2008-11-28,SPY,90.089996,118308100,2026-09-05T01:17:07Z
2008-11-28,TIP,93.180000,353200,2026-09-05T01:17:07Z
2008-11-28,TLT,105.720001,986400,2026-09-05T01:17:07Z
2008-11-28,VEA,26.090000,602000,2026-09-05T01:17:07Z
2008-11-28,VNQ,32.080002,838000,2026-09-05T01:17:07Z
2008-11-28,VWO,23.030001,2015200,2026-09-05T01:17:07Z
2008-12-01,BIL,45.930000,145000,2026-09-05T01:17:07Z
2008-12-01,DBC,21.559999,548600,2026-09-05T01:17:07Z
2008-12-01,IEF,95.320000,663900,2026-09-05T01:17:07Z
2008-12-01,IWM,42.020000,89163400,2026-09-05T01:17:07Z
2008-12-01,SPY,82.110001,369927100,2026-09-05T01:17:07Z
2008-12-01,TIP,95.050003,605900,2026-09-05T01:17:07Z
2008-12-01,TLT,109.400002,4031600,2026-09-05T01:17:07Z
2008-12-01,VEA,23.940001,5099700,2026-09-05T01:17:07Z
2008-12-01,VNQ,25.820000,2431700,2026-09-05T01:17:07Z
2008-12-01,VWO,20.990000,4993600,2026-09-05T01:17:07Z
2008-12-02,BIL,45.970001,114650,2026-09-05T01:17:07Z
2008-12-02,DBC,21.570000,849100,2026-09-05T01:17:07Z
2008-12-02,IEF,95.820000,278300,2026-09-05T01:17:07Z
2008-12-02,IWM,44.230000,81228000,2026-09-05T01:17:07Z
2008-12-02,SPY,85.269997,469508400,2026-09-05T01:17:07Z
2008-12-02,TIP,95.889999,771300,2026-09-05T01:17:07Z
2008-12-02,TLT,109.820000,3289300,2026-09-05T01:17:07Z
2008-12-02,VEA,25.250000,3496900,2026-09-05T01:17:07Z
2008-12-02,VNQ,29.250000,3379600,2026-09-05T01:17:07Z
2008-12-02,VWO,22.160000,6368800,2026-09-05T01:17:07Z
2008-12-03,BIL,45.900002,92050,2026-09-05T01:17:07Z
2008-12-03,DBC,21.320000,1077200,2026-09-05T01:17:07Z
2008-12-03,IEF,95.970001,352200,2026-09-05T01:17:07Z
2008-12-03,IWM,45.570000,102868600,2026-09-05T01:17:07Z
2008-12-03,SPY,87.320000,519863500,2026-09-05T01:17:07Z
2008-12-03,TIP,97.160004,662900,2026-09-05T01:17:07Z
2008-12-03,TLT,110.129997,2951000,2026-09-05T01:17:07Z
2008-12-03,VEA,25.500000,2736400,2026-09-05T01:17:07Z
2008-12-03,VNQ,30.889999,4203100,2026-09-05T01:17:07Z
2008-12-03,VWO,22.450001,5071600,2026-09-05T01:17:07Z
2008-12-04,BIL,45.880001,106250,2026-09-05T01:17:07Z
2008-12-04,DBC,20.200001,1102100,2026-09-05T01:17:07Z
2008-12-04,IEF,96.570000,443800,2026-09-05T01:17:07Z
2008-12-04,IWM,44.060001,101436300,2026-09-05T01:17:07Z
2008-12-04,SPY,85.300003,444173800,2026-09-05T01:17:07Z
2008-12-04,TIP,97.930000,606700,2026-09-05T01:17:07Z
2008-12-04,TLT,112.300003,2825400,2026-09-05T01:17:07Z
2008-12-04,VEA,24.760000,2614900,2026-09-05T01:17:07Z
2008-12-04,VNQ,30.040001,2461400,2026-09-05T01:17:07Z
2008-12-04,VWO,21.530001,5554700,2026-09-05T01:17:07Z
2008-12-05,BIL,45.880001,147500,2026-09-05T01:17:07Z
2008-12-05,DBC,19.700001,1966600,2026-09-05T01:17:07Z
2008-12-05,IEF,95.550003,557500,2026-09-05T01:17:07Z
2008-12-05,IWM,46.099998,113947900,2026-09-05T01:17:07Z
2008-12-05,SPY,87.930000,471905300,2026-09-05T01:17:07Z
2008-12-05,TIP,97.250000,721300,2026-09-05T01:17:07Z
2008-12-05,TLT,110.480003,4557600,2026-09-05T01:17:07Z
2008-12-05,VEA,25.260000,3314400,2026-09-05T01:17:07Z
2008-12-05,VNQ,33.220001,2176800,2026-09-05T01:17:07Z
2008-12-05,VWO,22.580000,5635900,2026-09-05T01:17:07Z
2008-12-08,BIL,45.889999,190000,2026-09-05T01:17:07Z
2008-12-08,DBC,20.610001,1253100,2026-09-05T01:17:07Z
2008-12-08,IEF,95.190002,523400,2026-09-05T01:17:07Z
2008-12-08,IWM,48.139999,99336100,2026-09-05T01:17:07Z
2008-12-08,SPY,91.000000,412859300,2026-09-05T01:17:07Z
2008-12-08,TIP,96.000000,660200,2026-09-05T01:17:07Z
2008-12-08,TLT,110.239998,2119500,2026-09-05T01:17:07Z
2008-12-08,VEA,26.299999,2440900,2026-09-05T01:17:07Z
2008-12-08,VNQ,36.320000,1851300,2026-09-05T01:17:07Z
2008-12-08,VWO,23.520000,6135600,2026-09-05T01:17:07Z
2008-12-09,BIL,45.869999,241200,2026-09-05T01:17:07Z
2008-12-09,DBC,20.160000,1201400,2026-09-05T01:17:07Z
2008-12-09,IEF,96.000000,1421700,2026-09-05T01:17:07Z
2008-12-09,IWM,46.650002,81950900,2026-09-05T01:17:07Z
2008-12-09,SPY,89.500000,370790000,2026-09-05T01:17:07Z
2008-12-09,TIP,96.570000,799000,2026-09-05T01:17:07Z
2008-12-09,TLT,112.419998,2055500,2026-09-05T01:17:07Z
2008-12-09,VEA,26.100000,4962300,2026-09-05T01:17:07Z
2008-12-09,VNQ,33.169998,2632100,2026-09-05T01:17:07Z
2008-12-09,VWO,23.379999,15147300,2026-09-05T01:17:07Z
2008-12-10,BIL,45.900002,281850,2026-09-05T01:17:07Z
2008-12-10,DBC,20.770000,1485800,2026-09-05T01:17:07Z
2008-12-10,IEF,95.910004,737000,2026-09-05T01:17:07Z
2008-12-10,IWM,47.750000,74636500,2026-09-05T01:17:07Z
2008-12-10,SPY,90.110001,396187400,2026-09-05T01:17:07Z
2008-12-10,TIP,95.940002,562600,2026-09-05T01:17:07Z
2008-12-10,TLT,112.150002,2414900,2026-09-05T01:17:07Z
2008-12-10,VEA,26.750000,2908300,2026-09-05T01:17:07Z
2008-12-10,VNQ,36.020000,1656000,2026-09-05T01:17:07Z
2008-12-10,VWO,24.820000,5865200,2026-09-05T01:17:07Z
2008-12-11,BIL,45.849998,158000,2026-09-05T01:17:07Z
2008-12-11,DBC,21.430000,2210700,2026-09-05T01:17:07Z
2008-12-11,IEF,96.489998,327500,2026-09-05T01:17:07Z
2008-12-11,IWM,45.330002,73178000,2026-09-05T01:17:07Z
2008-12-11,SPY,87.940002,365061000,2026-09-05T01:17:07Z
2008-12-11,TIP,97.000000,687100,2026-09-05T01:17:07Z
2008-12-11,TLT,112.370003,2416900,2026-09-05T01:17:07Z
2008-12-11,VEA,26.950001,2744500,2026-09-05T01:17:07Z
2008-12-11,VNQ,30.879999,1955400,2026-09-05T01:17:07Z
2008-12-11,VWO,24.340000,4900200,2026-09-05T01:17:07Z
2008-12-12,BIL,45.869999,171400,2026-09-05T01:17:07Z
2008-12-12,DBC,21.900000,1068200,2026-09-05T01:17:07Z
2008-12-12,IEF,96.760002,281300,2026-09-05T01:17:07Z
2008-12-12,IWM,46.889999,97291600,2026-09-05T01:17:07Z
2008-12-12,SPY,88.989998,415060400,2026-09-05T01:17:07Z
2008-12-12,TIP,96.610001,616100,2026-09-05T01:17:07Z
2008-12-12,TLT,112.370003,2547100,2026-09-05T01:17:07Z
2008-12-12,VEA,26.879999,3371500,2026-09-05T01:17:07Z
2008-12-12,VNQ,34.110001,1917500,2026-09-05T01:17:07Z
2008-12-12,VWO,24.570000,5492900,2026-09-05T01:17:07Z
2008-12-15,BIL,45.860001,120300,2026-09-05T01:17:07Z
2008-12-15,DBC,20.950001,1382400,2026-09-05T01:17:07Z
2008-12-15,IEF,96.970001,328900,2026-09-05T01:17:07Z
2008-12-15,IWM,45.380001,78607200,2026-09-05T01:17:07Z
2008-12-15,SPY,87.750000,256694200,2026-09-05T01:17:07Z
2008-12-15,TIP,96.199997,535500,2026-09-05T01:17:07Z
2008-12-15,TLT,113.650002,1707700,2026-09-05T01:17:07Z
2008-12-15,VEA,26.920000,1903700,2026-09-05T01:17:07Z
2008-12-15,VNQ,32.919998,1425300,2026-09-05T01:17:07Z
2008-12-15,VWO,24.379999,5981400,2026-09-05T01:17:07Z
2008-12-16,BIL,45.889999,176200,2026-09-05T01:17:07Z
2008-12-16,DBC,21.250000,952900,2026-09-05T01:17:07Z
2008-12-16,IEF,98.510002,406000,2026-09-05T01:17:07Z
2008-12-16,IWM,48.330002,109318300,2026-09-05T01:17:07Z
2008-12-16,SPY,91.879997,377699500,2026-09-05T01:17:07Z
2008-12-16,TIP,99.290001,927300,2026-09-05T01:17:07Z
2008-12-16,TLT,116.459999,4015100,2026-09-05T01:17:07Z
2008-12-16,VEA,28.480000,3046400,2026-09-05T01:17:07Z
2008-12-16,VNQ,36.950001,2348400,2026-09-05T01:17:07Z
2008-12-16,VWO,26.270000,6502300,2026-09-05T01:17:07Z
2008-12-17,BIL,45.860001,156850,2026-09-05T01:17:07Z
2008-12-17,DBC,20.959999,1794800,2026-09-05T01:17:07Z
2008-12-17,IEF,99.180000,667900,2026-09-05T01:17:07Z
2008-12-17,IWM,48.770000,79576900,2026-09-05T01:17:07Z
2008-12-17,SPY,90.989998,281819800,2026-09-05T01:17:07Z
2008-12-17,TIP,101.190002,986900,2026-09-05T01:17:07Z
2008-12-17,TLT,119.620003,6407500,2026-09-05T01:17:07Z
2008-12-17,VEA,28.360001,3435800,2026-09-05T01:17:07Z
2008-12-17,VNQ,37.630001,4069200,2026-09-05T01:17:07Z
2008-12-17,VWO,25.600000,7356400,2026-09-05T01:17:07Z
2008-12-18,BIL,45.830002,774150,2026-09-05T01:17:07Z
2008-12-18,DBC,20.639999,2647600,2026-09-05T01:17:07Z
2008-12-18,IEF,99.849998,477700,2026-09-05T01:17:07Z
2008-12-18,IWM,48.459999,87888400,2026-09-05T01:17:07Z
2008-12-18,SPY,89.290001,374673300,2026-09-05T01:17:07Z
2008-12-18,TIP,101.750000,772000,2026-09-05T01:17:07Z
2008-12-18,TLT,122.129997,4442000,2026-09-05T01:17:07Z
2008-12-18,VEA,27.420000,3844800,2026-09-05T01:17:07Z
2008-12-18,VNQ,34.500000,1897500,2026-09-05T01:17:07Z
2008-12-18,VWO,25.110001,4496200,2026-09-05T01:17:07Z
2008-12-19,BIL,45.860001,202500,2026-09-05T01:17:07Z
2008-12-19,DBC,20.500000,2509700,2026-09-05T01:17:07Z
2008-12-19,IEF,99.519997,598000,2026-09-05T01:17:07Z
2008-12-19,IWM,48.700001,88221200,2026-09-05T01:17:07Z
2008-12-19,SPY,88.190002,301451300,2026-09-05T01:17:07Z
2008-12-19,TIP,100.010002,681400,2026-09-05T01:17:07Z
2008-12-19,TLT,122.260002,2668500,2026-09-05T01:17:07Z
2008-12-19,VEA,27.090000,3848700,2026-09-05T01:17:07Z
2008-12-19,VNQ,36.919998,2274400,2026-09-05T01:17:07Z
2008-12-19,VWO,25.040001,3664000,2026-09-05T01:17:07Z
2008-12-22,BIL,45.919998,116100,2026-09-05T01:17:07Z
2008-12-22,DBC,19.920000,3788100,2026-09-05T01:17:07Z
2008-12-22,IEF,99.260002,804200,2026-09-05T01:17:07Z
2008-12-22,IWM,47.759998,75338900,2026-09-05T01:17:07Z
2008-12-22,SPY,87.059998,243759500,2026-09-05T01:17:07Z
2008-12-22,TIP,100.730003,546500,2026-09-05T01:17:07Z
2008-12-22,TLT,121.320000,2221400,2026-09-05T01:17:07Z
2008-12-22,VEA,27.010000,5693600,2026-09-05T01:17:07Z
2008-12-22,VNQ,35.529999,3688700,2026-09-05T01:17:07Z
2008-12-22,VWO,24.200001,4972000,2026-09-05T01:17:07Z
2008-12-23,BIL,45.869999,155600,2026-09-05T01:17:07Z
2008-12-23,DBC,20.000000,1340100,2026-09-05T01:17:07Z
2008-12-23,IEF,99.209999,324500,2026-09-05T01:17:07Z
2008-12-23,IWM,46.709999,64575300,2026-09-05T01:17:07Z
2008-12-23,SPY,86.160004,221625200,2026-09-05T01:17:07Z
2008-12-23,TIP,100.480003,659000,2026-09-05T01:17:07Z
2008-12-23,TLT,121.160004,1746400,2026-09-05T01:17:07Z
2008-12-23,VEA,26.719999,3685200,2026-09-05T01:17:07Z
2008-12-23,VNQ,35.330002,1580400,2026-09-05T01:17:07Z
2008-12-23,VWO,23.889999,4054400,2026-09-05T01:17:07Z
2008-12-24,BIL,45.919998,68100,2026-09-05T01:17:07Z
2008-12-24,DBC,19.690001,520600,2026-09-05T01:17:07Z
2008-12-24,IEF,99.110001,129200,2026-09-05T01:17:07Z
2008-12-24,IWM,46.880001,19412400,2026-09-05T01:17:07Z
2008-12-24,SPY,86.660004,62061600,2026-09-05T01:17:07Z
2008-12-24,TIP,100.500000,494900,2026-09-05T01:17:07Z
2008-12-24,TLT,120.900002,717200,2026-09-05T01:17:07Z
2008-12-24,VEA,26.160000,2336700,2026-09-05T01:17:07Z
2008-12-24,VNQ,34.799999,615700,2026-09-05T01:17:07Z
2008-12-24,VWO,22.990000,2772500,2026-09-05T01:17:07Z
2008-12-26,BIL,45.919998,70500,2026-09-05T01:17:07Z
2008-12-26,DBC,20.000000,515700,2026-09-05T01:17:07Z
2008-12-26,IEF,99.639999,181100,2026-09-05T01:17:07Z
2008-12-26,IWM,47.549999,25104700,2026-09-05T01:17:07Z
2008-12-26,SPY,87.160004,74767700,2026-09-05T01:17:07Z
2008-12-26,TIP,100.730003,291300,2026-09-05T01:17:07Z
2008-12-26,TLT,121.300003,454400,2026-09-05T01:17:07Z
2008-12-26,VEA,26.240000,1375500,2026-09-05T01:17:07Z
2008-12-26,VNQ,35.299999,608500,2026-09-05T01:17:07Z
2008-12-26,VWO,22.969999,3177500,2026-09-05T01:17:07Z
2008-12-29,BIL,45.730000,87100,2026-09-05T01:17:07Z
2008-12-29,DBC,20.219999,1247400,2026-09-05T01:17:07Z
2008-12-29,IEF,99.489998,211900,2026-09-05T01:17:07Z
2008-12-29,IWM,46.820000,41442100,2026-09-05T01:17:07Z
2008-12-29,SPY,86.910004,127795900,2026-09-05T01:17:07Z
2008-12-29,TIP,100.400002,802200,2026-09-05T01:17:07Z
2008-12-29,TLT,120.750000,1416000,2026-09-05T01:17:07Z
2008-12-29,VEA,26.280001,1950700,2026-09-05T01:17:07Z
2008-12-29,VNQ,33.270000,1549800,2026-09-05T01:17:07Z
2008-12-29,VWO,23.059999,3866100,2026-09-05T01:17:07Z
2008-12-30,BIL,45.889999,125200,2026-09-05T01:17:07Z
2008-12-30,DBC,20.340000,1078800,2026-09-05T01:17:07Z
2008-12-30,IEF,99.629997,201300,2026-09-05T01:17:07Z
2008-12-30,IWM,48.119999,38835200,2026-09-05T01:17:07Z
2008-12-30,SPY,88.970001,168256300,2026-09-05T01:17:07Z
2008-12-30,TIP,98.940002,786100,2026-09-05T01:17:07Z
2008-12-30,TLT,121.900002,2590500,2026-09-05T01:17:07Z
2008-12-30,VEA,27.120001,4274100,2026-09-05T01:17:07Z
2008-12-30,VNQ,34.599998,1765300,2026-09-05T01:17:07Z
2008-12-30,VWO,23.590000,7031700,2026-09-05T01:17:07Z
2008-12-31,BIL,45.790001,163600,2026-09-05T01:17:07Z
2008-12-31,DBC,21.190001,1143700,2026-09-05T01:17:07Z
2008-12-31,IEF,98.529999,404600,2026-09-05T01:17:07Z
2008-12-31,IWM,49.240002,75369500,2026-09-05T01:17:07Z
2008-12-31,SPY,90.239998,193987200,2026-09-05T01:17:07Z
2008-12-31,TIP,99.239998,690000,2026-09-05T01:17:07Z
2008-12-31,TLT,119.349998,2738000,2026-09-05T01:17:07Z
2008-12-31,VEA,27.469999,3225000,2026-09-05T01:17:07Z
2008-12-31,VNQ,36.450001,1954200,2026-09-05T01:17:07Z
2008-12-31,VWO,23.570000,5240700,2026-09-05T01:17:07Z
