date,symbol,close,volume,fetched_at
2011-01-03,BIL,45.860001,126850,2026-09-05T01:17:07Z
2011-01-03,DBC,27.670000,2385800,2026-09-05T01:17:07Z
2011-01-03,IEF,93.529999,1396100,2026-09-05T01:17:07Z
2011-01-03,IWM,79.599998,48878000,2026-09-05T01:17:07Z
2011-01-03,SPY,127.050003,138725200,2026-09-05T01:17:07Z
2011-01-03,TIP,107.070000,1217300,2026-09-05T01:17:07Z
2011-01-03,TLT,93.410004,13799400,2026-09-05T01:17:07Z
2011-01-03,VEA,36.439999,1142300,2026-09-05T01:17:07Z
2011-01-03,VNQ,56.400002,1957400,2026-09-05T01:17:07Z
2011-01-03,VWO,48.619999,19627100,2026-09-05T01:17:07Z
2011-01-04,BIL,45.860001,156750,2026-09-05T01:17:07Z
2011-01-04,DBC,27.299999,3117800,2026-09-05T01:17:07Z
2011-01-04,IEF,93.750000,1234100,2026-09-05T01:17:07Z
2011-01-04,IWM,78.419998,77509000,2026-09-05T01:17:07Z
2011-01-04,SPY,126.980003,137409700,2026-09-05T01:17:07Z
2011-01-04,TIP,107.339996,1049900,2026-09-05T01:17:07Z
2011-01-04,TLT,93.519997,10466900,2026-09-05T01:17:07Z
2011-01-04,VEA,36.330002,1552000,2026-09-05T01:17:07Z
2011-01-04,VNQ,55.320000,2315700,2026-09-05T01:17:07Z
2011-01-04,VWO,48.810001,17722700,2026-09-05T01:17:07Z
2011-01-05,BIL,45.860001,184350,2026-09-05T01:17:07Z
2011-01-05,DBC,27.590000,2801700,2026-09-05T01:17:07Z
2011-01-05,IEF,92.739998,1111900,2026-09-05T01:17:07Z
2011-01-05,IWM,79.339996,47145300,2026-09-05T01:17:07Z
2011-01-05,SPY,127.639999,133975300,2026-09-05T01:17:07Z
2011-01-05,TIP,106.930000,869400,2026-09-05T01:17:07Z
2011-01-05,TLT,91.459999,17568000,2026-09-05T01:17:07Z
2011-01-05,VEA,36.130001,1307200,2026-09-05T01:17:07Z
2011-01-05,VNQ,55.520000,1512700,2026-09-05T01:17:07Z
2011-01-05,VWO,48.630001,19779300,2026-09-05T01:17:07Z
2011-01-06,BIL,45.860001,64950,2026-09-05T01:17:07Z
2011-01-06,DBC,27.219999,2709700,2026-09-05T01:17:07Z
2011-01-06,IEF,93.220001,1452400,2026-09-05T01:17:07Z
2011-01-06,IWM,78.970001,39392300,2026-09-05T01:17:07Z
2011-01-06,SPY,127.389999,122519000,2026-09-05T01:17:07Z
2011-01-06,TIP,107.239998,827900,2026-09-05T01:17:07Z
2011-01-06,TLT,91.860001,9317500,2026-09-05T01:17:07Z
2011-01-06,VEA,35.810001,1353900,2026-09-05T01:17:07Z
2011-01-06,VNQ,55.000000,1819300,2026-09-05T01:17:07Z
2011-01-06,VWO,48.200001,20625400,2026-09-05T01:17:07Z
2011-01-07,BIL,45.849998,124600,2026-09-05T01:17:07Z
2011-01-07,DBC,27.120001,3047200,2026-09-05T01:17:07Z
2011-01-07,IEF,93.839996,736500,2026-09-05T01:17:07Z
2011-01-07,IWM,78.519997,59486800,2026-09-05T01:17:07Z
2011-01-07,SPY,127.139999,156034600,2026-09-05T01:17:07Z
2011-01-07,TIP,107.580002,979300,2026-09-05T01:17:07Z
2011-01-07,TLT,92.349998,12694600,2026-09-05T01:17:07Z
2011-01-07,VEA,35.689999,1836800,2026-09-05T01:17:07Z
2011-01-07,VNQ,55.020000,2001200,2026-09-05T01:17:07Z
2011-01-07,VWO,47.750000,16971400,2026-09-05T01:17:07Z
2011-01-10,BIL,45.860001,150550,2026-09-05T01:17:07Z
2011-01-10,DBC,27.440001,1532500,2026-09-05T01:17:07Z
2011-01-10,IEF,94.160004,1096400,2026-09-05T01:17:07Z
2011-01-10,IWM,78.970001,55020300,2026-09-05T01:17:07Z
2011-01-10,SPY,126.980003,122401700,2026-09-05T01:17:07Z
2011-01-10,TIP,107.889999,639600,2026-09-05T01:17:07Z
2011-01-10,TLT,92.849998,8295200,2026-09-05T01:17:07Z
2011-01-10,VEA,35.590000,1443100,2026-09-05T01:17:07Z
2011-01-10,VNQ,55.009998,1668400,2026-09-05T01:17:07Z
2011-01-10,VWO,47.259998,13384900,2026-09-05T01:17:07Z
2011-01-11,BIL,45.860001,127300,2026-09-05T01:17:07Z
2011-01-11,DBC,27.750000,1822800,2026-09-05T01:17:07Z
2011-01-11,IEF,93.790001,760400,2026-09-05T01:17:07Z
2011-01-11,IWM,79.290001,42124300,2026-09-05T01:17:07Z
2011-01-11,SPY,127.430000,110287000,2026-09-05T01:17:07Z
2011-01-11,TIP,107.930000,567700,2026-09-05T01:17:07Z
2011-01-11,TLT,92.330002,9495400,2026-09-05T01:17:07Z
2011-01-11,VEA,35.830002,1607400,2026-09-05T01:17:07Z
2011-01-11,VNQ,54.889999,1237500,2026-09-05T01:17:07Z
2011-01-11,VWO,47.790001,12041300,2026-09-05T01:17:07Z
2011-01-12,BIL,45.849998,69400,2026-09-05T01:17:07Z
2011-01-12,DBC,27.930000,6347100,2026-09-05T01:17:07Z
2011-01-12,IEF,93.519997,753000,2026-09-05T01:17:07Z
2011-01-12,IWM,79.970001,38442600,2026-09-05T01:17:07Z
2011-01-12,SPY,128.580002,107929200,2026-09-05T01:17:07Z
2011-01-12,TIP,107.900002,534300,2026-09-05T01:17:07Z
2011-01-12,TLT,91.610001,9522900,2026-09-05T01:17:07Z
2011-01-12,VEA,36.590000,4087200,2026-09-05T01:17:07Z
2011-01-12,VNQ,55.119999,1639600,2026-09-05T01:17:07Z
2011-01-12,VWO,48.880001,20144400,2026-09-05T01:17:07Z
2011-01-13,BIL,45.849998,94600,2026-09-05T01:17:07Z
2011-01-13,DBC,27.889999,3014400,2026-09-05T01:17:07Z
2011-01-13,IEF,94.150002,1051500,2026-09-05T01:17:07Z
2011-01-13,IWM,79.940002,29687600,2026-09-05T01:17:07Z
2011-01-13,SPY,128.369995,129048400,2026-09-05T01:17:07Z
2011-01-13,TIP,108.230003,858200,2026-09-05T01:17:07Z
2011-01-13,TLT,92.430000,14502400,2026-09-05T01:17:07Z
2011-01-13,VEA,36.740002,1302600,2026-09-05T01:17:07Z
2011-01-13,VNQ,55.299999,1200400,2026-09-05T01:17:07Z
2011-01-13,VWO,48.330002,17945000,2026-09-05T01:17:07Z
2011-01-14,BIL,45.849998,199450,2026-09-05T01:17:07Z
2011-01-14,DBC,28.020000,3428100,2026-09-05T01:17:07Z
2011-01-14,IEF,93.889999,734500,2026-09-05T01:17:07Z
2011-01-14,IWM,80.540001,38036700,2026-09-05T01:17:07Z
2011-01-14,SPY,129.300003,117677900,2026-09-05T01:17:07Z
2011-01-14,TIP,107.760002,713500,2026-09-05T01:17:07Z
2011-01-14,TLT,91.839996,8960700,2026-09-05T01:17:07Z
2011-01-14,VEA,36.939999,7490100,2026-09-05T01:17:07Z
2011-01-14,VNQ,55.669998,1334300,2026-09-05T01:17:07Z
2011-01-14,VWO,48.459999,11803500,2026-09-05T01:17:07Z
2011-01-18,BIL,45.849998,426600,2026-09-05T01:17:07Z
2011-01-18,DBC,27.990000,1934600,2026-09-05T01:17:07Z
2011-01-18,IEF,93.660004,1063800,2026-09-05T01:17:07Z
2011-01-18,IWM,80.599998,37824100,2026-09-05T01:17:07Z
2011-01-18,SPY,129.520004,114401300,2026-09-05T01:17:07Z
2011-01-18,TIP,107.779999,1125500,2026-09-05T01:17:07Z
2011-01-18,TLT,91.410004,10663600,2026-09-05T01:17:07Z
2011-01-18,VEA,37.180000,1742400,2026-09-05T01:17:07Z
2011-01-18,VNQ,56.150002,1348900,2026-09-05T01:17:07Z
2011-01-18,VWO,48.450001,10206100,2026-09-05T01:17:07Z
2011-01-19,BIL,45.860001,150850,2026-09-05T01:17:07Z
2011-01-19,DBC,27.959999,2346400,2026-09-05T01:17:07Z
2011-01-19,IEF,93.900002,732200,2026-09-05T01:17:07Z
2011-01-19,IWM,78.529999,70707400,2026-09-05T01:17:07Z
2011-01-19,SPY,128.250000,151958400,2026-09-05T01:17:07Z
2011-01-19,TIP,107.820000,569400,2026-09-05T01:17:07Z
2011-01-19,TLT,92.070000,8886900,2026-09-05T01:17:07Z
2011-01-19,VEA,36.990002,2791400,2026-09-05T01:17:07Z
2011-01-19,VNQ,55.410000,2340800,2026-09-05T01:17:07Z
2011-01-19,VWO,48.049999,11856700,2026-09-05T01:17:07Z
2011-01-20,BIL,45.860001,99650,2026-09-05T01:17:07Z
2011-01-20,DBC,27.680000,3122100,2026-09-05T01:17:07Z
2011-01-20,IEF,93.169998,697000,2026-09-05T01:17:07Z
2011-01-20,IWM,77.709999,79653000,2026-09-05T01:17:07Z
2011-01-20,SPY,128.080002,175745700,2026-09-05T01:17:07Z
2011-01-20,TIP,106.800003,793100,2026-09-05T01:17:07Z
2011-01-20,TLT,90.800003,14203400,2026-09-05T01:17:07Z
2011-01-20,VEA,36.669998,3130500,2026-09-05T01:17:07Z
2011-01-20,VNQ,55.419998,1934400,2026-09-05T01:17:07Z
2011-01-20,VWO,47.630001,11339800,2026-09-05T01:17:07Z
2011-01-21,BIL,45.849998,55100,2026-09-05T01:17:07Z
2011-01-21,DBC,27.959999,2637900,2026-09-05T01:17:07Z
2011-01-21,IEF,93.480003,523900,2026-09-05T01:17:07Z
2011-01-21,IWM,77.190002,56676500,2026-09-05T01:17:07Z
2011-01-21,SPY,128.369995,151462900,2026-09-05T01:17:07Z
2011-01-21,TIP,107.000000,537400,2026-09-05T01:17:07Z
2011-01-21,TLT,91.519997,9085600,2026-09-05T01:17:07Z
2011-01-21,VEA,36.869999,1876500,2026-09-05T01:17:07Z
2011-01-21,VNQ,55.459999,1196800,2026-09-05T01:17:07Z
2011-01-21,VWO,47.160000,13123400,2026-09-05T01:17:07Z
2011-01-24,BIL,45.849998,312100,2026-09-05T01:17:07Z
2011-01-24,DBC,27.719999,1923100,2026-09-05T01:17:07Z
2011-01-24,IEF,93.489998,497800,2026-09-05T01:17:07Z
2011-01-24,IWM,77.760002,48142600,2026-09-05T01:17:07Z
2011-01-24,SPY,129.100006,113715500,2026-09-05T01:17:07Z
2011-01-24,TIP,106.930000,797300,2026-09-05T01:17:07Z
2011-01-24,TLT,91.559998,7700200,2026-09-05T01:17:07Z
2011-01-24,VEA,37.200001,1068300,2026-09-05T01:17:07Z
2011-01-24,VNQ,55.740002,1143000,2026-09-05T01:17:07Z
2011-01-24,VWO,47.480000,10190200,2026-09-05T01:17:07Z
2011-01-25,BIL,45.860001,443100,2026-09-05T01:17:07Z
2011-01-25,DBC,27.370001,2410500,2026-09-05T01:17:07Z
2011-01-25,IEF,93.959999,1126500,2026-09-05T01:17:07Z
2011-01-25,IWM,77.879997,47013400,2026-09-05T01:17:07Z
2011-01-25,SPY,129.169998,167552200,2026-09-05T01:17:07Z
2011-01-25,TIP,107.349998,589600,2026-09-05T01:17:07Z
2011-01-25,TLT,92.430000,13438100,2026-09-05T01:17:07Z
2011-01-25,VEA,37.180000,1191500,2026-09-05T01:17:07Z
2011-01-25,VNQ,56.389999,1249600,2026-09-05T01:17:07Z
2011-01-25,VWO,47.200001,14081700,2026-09-05T01:17:07Z
2011-01-26,BIL,45.849998,87800,2026-09-05T01:17:07Z
2011-01-26,DBC,27.980000,3200800,2026-09-05T01:17:07Z
2011-01-26,IEF,93.389999,869900,2026-09-05T01:17:07Z
2011-01-26,IWM,79.120003,65896200,2026-09-05T01:17:07Z
2011-01-26,SPY,129.669998,141281500,2026-09-05T01:17:07Z
2011-01-26,TIP,107.169998,652300,2026-09-05T01:17:07Z
2011-01-26,TLT,91.029999,13322900,2026-09-05T01:17:07Z
2011-01-26,VEA,37.360001,4434600,2026-09-05T01:17:07Z
2011-01-26,VNQ,56.480000,2310600,2026-09-05T01:17:07Z
2011-01-26,VWO,47.639999,15445600,2026-09-05T01:17:07Z
2011-01-27,BIL,45.860001,89000,2026-09-05T01:17:07Z
2011-01-27,DBC,27.740000,2182200,2026-09-05T01:17:07Z
2011-01-27,IEF,93.739998,531500,2026-09-05T01:17:07Z
2011-01-27,IWM,79.349998,48174800,2026-09-05T01:17:07Z
2011-01-27,SPY,129.990005,123302700,2026-09-05T01:17:07Z
2011-01-27,TIP,107.099998,641700,2026-09-05T01:17:07Z
2011-01-27,TLT,91.440002,10868700,2026-09-05T01:17:07Z
2011-01-27,VEA,37.450001,1253300,2026-09-05T01:17:07Z
2011-01-27,VNQ,57.369999,1926600,2026-09-05T01:17:07Z
2011-01-27,VWO,47.480000,25311200,2026-09-05T01:17:07Z
2011-01-28,BIL,45.849998,158550,2026-09-05T01:17:07Z
2011-01-28,DBC,28.090000,2039900,2026-09-05T01:17:07Z
2011-01-28,IEF,94.169998,1056600,2026-09-05T01:17:07Z
2011-01-28,IWM,77.410004,91023700,2026-09-05T01:17:07Z
2011-01-28,SPY,127.720001,295637300,2026-09-05T01:17:07Z
2011-01-28,TIP,107.510002,649600,2026-09-05T01:17:07Z
2011-01-28,TLT,91.919998,11993200,2026-09-05T01:17:07Z
2011-01-28,VEA,36.580002,1472100,2026-09-05T01:17:07Z
2011-01-28,VNQ,56.419998,1404200,2026-09-05T01:17:07Z
2011-01-28,VWO,46.009998,28234100,2026-09-05T01:17:07Z
2011-01-31,BIL,45.849998,87250,2026-09-05T01:17:07Z
2011-01-31,DBC,28.530001,3320600,2026-09-05T01:17:07Z
2011-01-31,IEF,93.800003,555100,2026-09-05T01:17:07Z
2011-01-31,IWM,77.949997,53265200,2026-09-05T01:17:07Z
2011-01-31,SPY,128.679993,149249200,2026-09-05T01:17:07Z
2011-01-31,TIP,107.540001,798100,2026-09-05T01:17:07Z
2011-01-31,TLT,91.220001,8647600,2026-09-05T01:17:07Z
2011-01-31,VEA,36.930000,2606500,2026-09-05T01:17:07Z
2011-01-31,VNQ,57.169998,1916800,2026-09-05T01:17:07Z
2011-01-31,VWO,46.490002,24583000,2026-09-05T01:17:07Z
2011-02-01,BIL,45.849998,787600,2026-09-05T01:17:07Z
2011-02-01,DBC,28.740000,3191500,2026-09-05T01:17:07Z
2011-02-01,IEF,93.129997,1009200,2026-09-05T01:17:07Z
2011-02-01,IWM,79.750000,57786700,2026-09-05T01:17:07Z
2011-02-01,SPY,130.740005,167194300,2026-09-05T01:17:07Z
2011-02-01,TIP,107.279999,934500,2026-09-05T01:17:07Z
2011-02-01,TLT,90.449997,11508400,2026-09-05T01:17:07Z
2011-02-01,VEA,37.830002,1579900,2026-09-05T01:17:07Z
2011-02-01,VNQ,57.310001,2400100,2026-09-05T01:17:07Z
2011-02-01,VWO,47.490002,24518200,2026-09-05T01:17:07Z
2011-02-02,BIL,45.849998,283550,2026-09-05T01:17:07Z
2011-02-02,DBC,29.020000,2706800,2026-09-05T01:17:07Z
2011-02-02,IEF,92.910004,1120000,2026-09-05T01:17:07Z
2011-02-02,IWM,79.449997,39937400,2026-09-05T01:17:07Z
2011-02-02,SPY,130.490005,118323600,2026-09-05T01:17:07Z
2011-02-02,TIP,106.989998,704500,2026-09-05T01:17:07Z
2011-02-02,TLT,90.470001,13624600,2026-09-05T01:17:07Z
2011-02-02,VEA,37.810001,2894500,2026-09-05T01:17:07Z
2011-02-02,VNQ,57.310001,1698300,2026-09-05T01:17:07Z
2011-02-02,VWO,47.119999,29050400,2026-09-05T01:17:07Z
2011-02-03,BIL,45.849998,91000,2026-09-05T01:17:07Z
2011-02-03,DBC,28.830000,1994100,2026-09-05T01:17:07Z
2011-02-03,IEF,92.379997,1310900,2026-09-05T01:17:07Z
2011-02-03,IWM,79.730003,41156200,2026-09-05T01:17:07Z
2011-02-03,SPY,130.779999,145886700,2026-09-05T01:17:07Z
2011-02-03,TIP,106.430000,826300,2026-09-05T01:17:07Z
2011-02-03,TLT,89.720001,12785800,2026-09-05T01:17:07Z
2011-02-03,VEA,37.820000,1323900,2026-09-05T01:17:07Z
2011-02-03,VNQ,57.470001,1294300,2026-09-05T01:17:07Z
2011-02-03,VWO,47.080002,25834700,2026-09-05T01:17:07Z
2011-02-04,BIL,45.860001,101000,2026-09-05T01:17:07Z
2011-02-04,DBC,28.670000,1113600,2026-09-05T01:17:07Z
2011-02-04,IEF,91.809998,1523900,2026-09-05T01:17:07Z
2011-02-04,IWM,79.870003,39532700,2026-09-05T01:17:07Z
2011-02-04,SPY,131.149994,134634800,2026-09-05T01:17:07Z
2011-02-04,TIP,105.830002,1221500,2026-09-05T01:17:07Z
2011-02-04,TLT,88.809998,17172200,2026-09-05T01:17:07Z
2011-02-04,VEA,37.779999,1132800,2026-09-05T01:17:07Z
2011-02-04,VNQ,57.049999,1842700,2026-09-05T01:17:07Z
2011-02-04,VWO,47.060001,11580900,2026-09-05T01:17:07Z
2011-02-07,BIL,45.849998,131550,2026-09-05T01:17:07Z
2011-02-07,DBC,28.590000,1358600,2026-09-05T01:17:07Z
2011-02-07,IEF,91.769997,850700,2026-09-05T01:17:07Z
2011-02-07,IWM,80.660004,40835200,2026-09-05T01:17:07Z
2011-02-07,SPY,131.970001,112439100,2026-09-05T01:17:07Z
2011-02-07,TIP,105.809998,1016300,2026-09-05T01:17:07Z
2011-02-07,TLT,89.269997,8554800,2026-09-05T01:17:07Z
2011-02-07,VEA,37.900002,1472800,2026-09-05T01:17:07Z
2011-02-07,VNQ,57.610001,1361500,2026-09-05T01:17:07Z
2011-02-07,VWO,46.930000,30602900,2026-09-05T01:17:07Z
2011-02-08,BIL,45.849998,155400,2026-09-05T01:17:07Z
2011-02-08,DBC,28.780001,1557500,2026-09-05T01:17:07Z
2011-02-08,IEF,91.139999,997200,2026-09-05T01:17:07Z
2011-02-08,IWM,81.230003,37563900,2026-09-05T01:17:07Z
2011-02-08,SPY,132.570007,99072800,2026-09-05T01:17:07Z
2011-02-08,TIP,105.260002,1186000,2026-09-05T01:17:07Z
2011-02-08,TLT,88.449997,10454200,2026-09-05T01:17:07Z
2011-02-08,VEA,38.099998,1901400,2026-09-05T01:17:07Z
2011-02-08,VNQ,57.860001,1356800,2026-09-05T01:17:07Z
2011-02-08,VWO,46.799999,38073700,2026-09-05T01:17:07Z
2011-02-09,BIL,45.860001,147700,2026-09-05T01:17:07Z
2011-02-09,DBC,28.920000,2109100,2026-09-05T01:17:07Z
2011-02-09,IEF,91.660004,786000,2026-09-05T01:17:07Z
2011-02-09,IWM,80.870003,43298900,2026-09-05T01:17:07Z
2011-02-09,SPY,132.270004,146436700,2026-09-05T01:17:07Z
2011-02-09,TIP,105.559998,926200,2026-09-05T01:17:07Z
2011-02-09,TLT,89.220001,13078600,2026-09-05T01:17:07Z
2011-02-09,VEA,38.020000,1453500,2026-09-05T01:17:07Z
2011-02-09,VNQ,57.900002,1702500,2026-09-05T01:17:07Z
2011-02-09,VWO,45.889999,48696000,2026-09-05T01:17:07Z
2011-02-10,BIL,45.849998,148650,2026-09-05T01:17:07Z
2011-02-10,DBC,28.750000,1175500,2026-09-05T01:17:07Z
2011-02-10,IEF,91.360001,617000,2026-09-05T01:17:07Z
2011-02-10,IWM,81.190002,48001000,2026-09-05T01:17:07Z
2011-02-10,SPY,132.320007,162708500,2026-09-05T01:17:07Z
2011-02-10,TIP,104.910004,858100,2026-09-05T01:17:07Z
2011-02-10,TLT,88.190002,10486800,2026-09-05T01:17:07Z
2011-02-10,VEA,37.750000,907200,2026-09-05T01:17:07Z
2011-02-10,VNQ,58.139999,1364800,2026-09-05T01:17:07Z
2011-02-10,VWO,45.430000,46760500,2026-09-05T01:17:07Z
2011-02-11,BIL,45.849998,138150,2026-09-05T01:17:07Z
2011-02-11,DBC,28.650000,1730500,2026-09-05T01:17:07Z
2011-02-11,IEF,91.779999,1492700,2026-09-05T01:17:07Z
2011-02-11,IWM,82.070000,38579100,2026-09-05T01:17:07Z
2011-02-11,SPY,133.110001,137710300,2026-09-05T01:17:07Z
2011-02-11,TIP,105.449997,688000,2026-09-05T01:17:07Z
2011-02-11,TLT,89.459999,11333400,2026-09-05T01:17:07Z
2011-02-11,VEA,37.770000,949200,2026-09-05T01:17:07Z
2011-02-11,VNQ,58.520000,1355200,2026-09-05T01:17:07Z
2011-02-11,VWO,45.930000,38066800,2026-09-05T01:17:07Z
2011-02-14,BIL,45.849998,74450,2026-09-05T01:17:07Z
2011-02-14,DBC,28.790001,1804600,2026-09-05T01:17:07Z
2011-02-14,IEF,91.809998,1311100,2026-09-05T01:17:07Z
2011-02-14,IWM,82.489998,36730500,2026-09-05T01:17:07Z
2011-02-14,SPY,133.429993,101690700,2026-09-05T01:17:07Z
2011-02-14,TIP,105.529999,561400,2026-09-05T01:17:07Z
2011-02-14,TLT,89.519997,8033500,2026-09-05T01:17:07Z
2011-02-14,VEA,37.810001,1511500,2026-09-05T01:17:07Z
2011-02-14,VNQ,58.529999,1062000,2026-09-05T01:17:07Z
2011-02-14,VWO,45.900002,20655700,2026-09-05T01:17:07Z
2011-02-15,BIL,45.860001,193200,2026-09-05T01:17:07Z
2011-02-15,DBC,28.420000,3146500,2026-09-05T01:17:07Z
2011-02-15,IEF,92.019997,603700,2026-09-05T01:17:07Z
2011-02-15,IWM,82.019997,42908600,2026-09-05T01:17:07Z
2011-02-15,SPY,133.009995,119575400,2026-09-05T01:17:07Z
2011-02-15,TIP,105.660004,898400,2026-09-05T01:17:07Z
2011-02-15,TLT,89.919998,7298000,2026-09-05T01:17:07Z
2011-02-15,VEA,37.709999,2584300,2026-09-05T01:17:07Z
2011-02-15,VNQ,58.310001,1198500,2026-09-05T01:17:07Z
2011-02-15,VWO,45.990002,17139000,2026-09-05T01:17:07Z
2011-02-16,BIL,45.860001,136800,2026-09-05T01:17:07Z
2011-02-16,DBC,28.629999,1806500,2026-09-05T01:17:07Z
2011-02-16,IEF,91.889999,620100,2026-09-05T01:17:07Z
2011-02-16,IWM,82.680000,38284700,2026-09-05T01:17:07Z
2011-02-16,SPY,133.850006,130183500,2026-09-05T01:17:07Z
2011-02-16,TIP,105.510002,708700,2026-09-05T01:17:07Z
2011-02-16,TLT,89.629997,8446300,2026-09-05T01:17:07Z
2011-02-16,VEA,38.180000,1923900,2026-09-05T01:17:07Z
2011-02-16,VNQ,58.439999,1084400,2026-09-05T01:17:07Z
2011-02-16,VWO,46.400002,19851900,2026-09-05T01:17:07Z
2011-02-17,BIL,45.860001,68250,2026-09-05T01:17:07Z
2011-02-17,DBC,28.719999,1762700,2026-09-05T01:17:07Z
2011-02-17,IEF,92.230003,776500,2026-09-05T01:17:07Z
2011-02-17,IWM,83.260002,34891200,2026-09-05T01:17:07Z
2011-02-17,SPY,134.250000,109810500,2026-09-05T01:17:07Z
2011-02-17,TIP,105.910004,914200,2026-09-05T01:17:07Z
2011-02-17,TLT,89.769997,6732500,2026-09-05T01:17:07Z
2011-02-17,VEA,38.360001,1762600,2026-09-05T01:17:07Z
2011-02-17,VNQ,58.500000,1011000,2026-09-05T01:17:07Z
2011-02-17,VWO,46.610001,18226600,2026-09-05T01:17:07Z
2011-02-18,BIL,45.849998,93750,2026-09-05T01:17:07Z
2011-02-18,DBC,28.690001,2589800,2026-09-05T01:17:07Z
2011-02-18,IEF,92.209999,418400,2026-09-05T01:17:07Z
2011-02-18,IWM,83.349998,39514200,2026-09-05T01:17:07Z
2011-02-18,SPY,134.529999,130002400,2026-09-05T01:17:07Z
2011-02-18,TIP,106.459999,869100,2026-09-05T01:17:07Z
2011-02-18,TLT,89.489998,6080700,2026-09-05T01:17:07Z
2011-02-18,VEA,38.490002,1450400,2026-09-05T01:17:07Z
2011-02-18,VNQ,58.730000,1288000,2026-09-05T01:17:07Z
2011-02-18,VWO,46.900002,17423300,2026-09-05T01:17:07Z
2011-02-22,BIL,45.849998,144050,2026-09-05T01:17:07Z
2011-02-22,DBC,28.650000,2474900,2026-09-05T01:17:07Z
2011-02-22,IEF,93.099998,1383500,2026-09-05T01:17:07Z
2011-02-22,IWM,81.209999,68370300,2026-09-05T01:17:07Z
2011-02-22,SPY,131.830002,233116400,2026-09-05T01:17:07Z
2011-02-22,TIP,107.300003,832000,2026-09-05T01:17:07Z
2011-02-22,TLT,90.830002,11905700,2026-09-05T01:17:07Z
2011-02-22,VEA,37.380001,1872600,2026-09-05T01:17:07Z
2011-02-22,VNQ,58.220001,2159100,2026-09-05T01:17:07Z
2011-02-22,VWO,45.330002,26949100,2026-09-05T01:17:07Z
2011-02-23,BIL,45.860001,493500,2026-09-05T01:17:07Z
2011-02-23,DBC,29.290001,3441700,2026-09-05T01:17:07Z
2011-02-23,IEF,92.870003,651700,2026-09-05T01:17:07Z
2011-02-23,IWM,79.809998,91258600,2026-09-05T01:17:07Z
2011-02-23,SPY,131.020004,227584000,2026-09-05T01:17:07Z
2011-02-23,TIP,107.690002,700100,2026-09-05T01:17:07Z
2011-02-23,TLT,91.160004,14522600,2026-09-05T01:17:07Z
2011-02-23,VEA,37.380001,1577600,2026-09-05T01:17:07Z
2011-02-23,VNQ,57.730000,1966800,2026-09-05T01:17:07Z
2011-02-23,VWO,45.290001,28045200,2026-09-05T01:17:07Z
2011-02-24,BIL,45.860001,126750,2026-09-05T01:17:07Z
2011-02-24,DBC,29.030001,3552700,2026-09-05T01:17:07Z
2011-02-24,IEF,93.110001,508800,2026-09-05T01:17:07Z
2011-02-24,IWM,80.320000,85126500,2026-09-05T01:17:07Z
2011-02-24,SPY,130.929993,260431400,2026-09-05T01:17:07Z
2011-02-24,TIP,108.080002,816200,2026-09-05T01:17:07Z
2011-02-24,TLT,91.739998,12110900,2026-09-05T01:17:07Z
2011-02-24,VEA,37.410000,1420700,2026-09-05T01:17:07Z
2011-02-24,VNQ,57.290001,1586800,2026-09-05T01:17:07Z
2011-02-24,VWO,45.389999,18214800,2026-09-05T01:17:07Z
2011-02-25,BIL,45.860001,91350,2026-09-05T01:17:07Z
2011-02-25,DBC,29.670000,1799300,2026-09-05T01:17:07Z
2011-02-25,IEF,93.410004,571900,2026-09-05T01:17:07Z
2011-02-25,IWM,82.180000,58566800,2026-09-05T01:17:07Z
2011-02-25,SPY,132.330002,141686900,2026-09-05T01:17:07Z
2011-02-25,TIP,108.440002,677700,2026-09-05T01:17:07Z
2011-02-25,TLT,92.279999,6841700,2026-09-05T01:17:07Z
2011-02-25,VEA,37.900002,3874800,2026-09-05T01:17:07Z
2011-02-25,VNQ,58.410000,1135900,2026-09-05T01:17:07Z
2011-02-25,VWO,46.009998,19346700,2026-09-05T01:17:07Z
2011-02-28,BIL,45.849998,145850,2026-09-05T01:17:07Z
2011-02-28,DBC,29.719999,2586200,2026-09-05T01:17:07Z
2011-02-28,IEF,93.370003,372400,2026-09-05T01:17:07Z
2011-02-28,IWM,82.269997,49869300,2026-09-05T01:17:07Z
2011-02-28,SPY,133.149994,141585500,2026-09-05T01:17:07Z
2011-02-28,TIP,108.150002,821400,2026-09-05T01:17:07Z
2011-02-28,TLT,92.400002,9682500,2026-09-05T01:17:07Z
2011-02-28,VEA,38.279999,1194400,2026-09-05T01:17:07Z
2011-02-28,VNQ,59.860001,1725800,2026-09-05T01:17:07Z
2011-02-28,VWO,46.410000,17197000,2026-09-05T01:17:07Z
2011-03-01,BIL,45.849998,138400,2026-09-05T01:17:07Z
2011-03-01,DBC,30.170000,3760900,2026-09-05T01:17:07Z
2011-03-01,IEF,93.260002,530800,2026-09-05T01:17:07Z
2011-03-01,IWM,80.620003,70865100,2026-09-05T01:17:07Z
2011-03-01,SPY,130.929993,258565500,2026-09-05T01:17:07Z
2011-03-01,TIP,108.500000,1050500,2026-09-05T01:17:07Z
2011-03-01,TLT,92.370003,8048700,2026-09-05T01:17:07Z
2011-03-01,VEA,37.720001,1801800,2026-09-05T01:17:07Z
2011-03-01,VNQ,58.080002,3119700,2026-09-05T01:17:07Z
2011-03-01,VWO,45.930000,29526500,2026-09-05T01:17:07Z
2011-03-02,BIL,45.860001,128000,2026-09-05T01:17:07Z
2011-03-02,DBC,30.290001,3743900,2026-09-05T01:17:07Z
2011-03-02,IEF,92.769997,425400,2026-09-05T01:17:07Z
2011-03-02,IWM,80.959999,61072300,2026-09-05T01:17:07Z
2011-03-02,SPY,131.210007,200277400,2026-09-05T01:17:07Z
2011-03-02,TIP,108.180000,881100,2026-09-05T01:17:07Z
2011-03-02,TLT,90.949997,8526400,2026-09-05T01:17:07Z
2011-03-02,VEA,37.900002,1130500,2026-09-05T01:17:07Z
2011-03-02,VNQ,57.549999,2400000,2026-09-05T01:17:07Z
2011-03-02,VWO,46.570000,23243200,2026-09-05T01:17:07Z
2011-03-03,BIL,45.849998,139950,2026-09-05T01:17:07Z
2011-03-03,DBC,30.280001,2067200,2026-09-05T01:17:07Z
2011-03-03,IEF,92.139999,616800,2026-09-05T01:17:07Z
2011-03-03,IWM,82.800003,78937600,2026-09-05T01:17:07Z
2011-03-03,SPY,133.470001,176480100,2026-09-05T01:17:07Z
2011-03-03,TIP,107.889999,666100,2026-09-05T01:17:07Z
2011-03-03,TLT,90.059998,10607600,2026-09-05T01:17:07Z
2011-03-03,VEA,38.430000,2036200,2026-09-05T01:17:07Z
2011-03-03,VNQ,58.380001,1590100,2026-09-05T01:17:07Z
2011-03-03,VWO,47.439999,26910400,2026-09-05T01:17:07Z
2011-03-04,BIL,45.860001,132300,2026-09-05T01:17:07Z
2011-03-04,DBC,30.430000,2162800,2026-09-05T01:17:07Z
2011-03-04,IEF,92.800003,637300,2026-09-05T01:17:07Z
2011-03-04,IWM,82.440002,60907100,2026-09-05T01:17:07Z
2011-03-04,SPY,132.470001,277202300,2026-09-05T01:17:07Z
2011-03-04,TIP,108.610001,758700,2026-09-05T01:17:07Z
2011-03-04,TLT,90.809998,9316200,2026-09-05T01:17:07Z
2011-03-04,VEA,38.060001,1925300,2026-09-05T01:17:07Z
2011-03-04,VNQ,57.820000,1681900,2026-09-05T01:17:07Z
2011-03-04,VWO,47.389999,19880900,2026-09-05T01:17:07Z
2011-03-07,BIL,45.849998,95850,2026-09-05T01:17:07Z
2011-03-07,DBC,30.290001,2120000,2026-09-05T01:17:07Z
2011-03-07,IEF,92.570000,489600,2026-09-05T01:17:07Z
2011-03-07,IWM,81.089996,90777900,2026-09-05T01:17:07Z
2011-03-07,SPY,131.429993,216790400,2026-09-05T01:17:07Z
2011-03-07,TIP,108.519997,731500,2026-09-05T01:17:07Z
2011-03-07,TLT,90.230003,7522300,2026-09-05T01:17:07Z
2011-03-07,VEA,37.650002,1461000,2026-09-05T01:17:07Z
2011-03-07,VNQ,57.400002,1661400,2026-09-05T01:17:07Z
2011-03-07,VWO,46.820000,18600700,2026-09-05T01:17:07Z
2011-03-08,BIL,45.849998,1178800,2026-09-05T01:17:07Z
2011-03-08,DBC,30.030001,2212600,2026-09-05T01:17:07Z
2011-03-08,IEF,92.349998,538100,2026-09-05T01:17:07Z
2011-03-08,IWM,82.410004,67755300,2026-09-05T01:17:07Z
2011-03-08,SPY,132.580002,174615000,2026-09-05T01:17:07Z
2011-03-08,TIP,108.589996,866400,2026-09-05T01:17:07Z
2011-03-08,TLT,89.680000,8498700,2026-09-05T01:17:07Z
2011-03-08,VEA,37.779999,1394100,2026-09-05T01:17:07Z
2011-03-08,VNQ,58.209999,2228600,2026-09-05T01:17:07Z
2011-03-08,VWO,47.340000,29313700,2026-09-05T01:17:07Z
2011-03-09,BIL,45.849998,159800,2026-09-05T01:17:07Z
2011-03-09,DBC,30.150000,1597200,2026-09-05T01:17:07Z
2011-03-09,IEF,92.889999,626000,2026-09-05T01:17:07Z
2011-03-09,IWM,82.080002,51216900,2026-09-05T01:17:07Z
2011-03-09,SPY,132.389999,153806000,2026-09-05T01:17:07Z
2011-03-09,TIP,108.739998,754300,2026-09-05T01:17:07Z
2011-03-09,TLT,90.550003,8904800,2026-09-05T01:17:07Z
2011-03-09,VEA,37.740002,1494800,2026-09-05T01:17:07Z
2011-03-09,VNQ,58.150002,1358600,2026-09-05T01:17:07Z
2011-03-09,VWO,47.349998,21133100,2026-09-05T01:17:07Z
2011-03-10,BIL,45.849998,140200,2026-09-05T01:17:07Z
2011-03-10,DBC,29.660000,2338900,2026-09-05T01:17:07Z
2011-03-10,IEF,93.680000,1576500,2026-09-05T01:17:07Z
2011-03-10,IWM,79.970001,107642100,2026-09-05T01:17:07Z
2011-03-10,SPY,129.940002,301291800,2026-09-05T01:17:07Z
2011-03-10,TIP,109.360001,687300,2026-09-05T01:17:07Z
2011-03-10,TLT,92.070000,13385800,2026-09-05T01:17:07Z
2011-03-10,VEA,36.830002,2104400,2026-09-05T01:17:07Z
2011-03-10,VNQ,57.259998,1704800,2026-09-05T01:17:07Z
2011-03-10,VWO,46.040001,22350700,2026-09-05T01:17:07Z
2011-03-11,BIL,45.860001,77750,2026-09-05T01:17:07Z
2011-03-11,DBC,29.490000,1958200,2026-09-05T01:17:07Z
2011-03-11,IEF,93.459999,690300,2026-09-05T01:17:07Z
2011-03-11,IWM,80.180000,83202700,2026-09-05T01:17:07Z
2011-03-11,SPY,130.839996,225621800,2026-09-05T01:17:07Z
2011-03-11,TIP,109.180000,1253200,2026-09-05T01:17:07Z
2011-03-11,TLT,91.550003,8407600,2026-09-05T01:17:07Z
2011-03-11,VEA,36.880001,2293100,2026-09-05T01:17:07Z
2011-03-11,VNQ,57.840000,1349400,2026-09-05T01:17:07Z
2011-03-11,VWO,46.369999,18564500,2026-09-05T01:17:07Z
2011-03-14,BIL,45.860001,929650,2026-09-05T01:17:07Z
2011-03-14,DBC,29.570000,1498100,2026-09-05T01:17:07Z
2011-03-14,IEF,93.669998,806200,2026-09-05T01:17:07Z
2011-03-14,IWM,79.750000,60138300,2026-09-05T01:17:07Z
2011-03-14,SPY,130.050003,234974100,2026-09-05T01:17:07Z
2011-03-14,TIP,109.339996,884100,2026-09-05T01:17:07Z
2011-03-14,TLT,91.510002,6765200,2026-09-05T01:17:07Z
2011-03-14,VEA,36.209999,1790400,2026-09-05T01:17:07Z
2011-03-14,VNQ,57.259998,1673700,2026-09-05T01:17:07Z
2011-03-14,VWO,46.720001,26666000,2026-09-05T01:17:07Z
2011-03-15,BIL,45.869999,754300,2026-09-05T01:17:07Z
2011-03-15,DBC,28.490000,3252800,2026-09-05T01:17:07Z
2011-03-15,IEF,94.010002,1661100,2026-09-05T01:17:07Z
2011-03-15,IWM,79.040001,84941700,2026-09-05T01:17:07Z
2011-03-15,SPY,128.559998,359585400,2026-09-05T01:17:07Z
2011-03-15,TIP,109.309998,851100,2026-09-05T01:17:07Z
2011-03-15,TLT,92.879997,14893800,2026-09-05T01:17:07Z
2011-03-15,VEA,35.410000,3665500,2026-09-05T01:17:07Z
2011-03-15,VNQ,56.959999,2439500,2026-09-05T01:17:07Z
2011-03-15,VWO,45.980000,38708900,2026-09-05T01:17:07Z
2011-03-16,BIL,45.869999,122300,2026-09-05T01:17:07Z
2011-03-16,DBC,28.660000,3499900,2026-09-05T01:17:07Z
2011-03-16,IEF,94.809998,1588800,2026-09-05T01:17:07Z
2011-03-16,IWM,78.250000,126014500,2026-09-05T01:17:07Z
2011-03-16,SPY,126.180000,468670300,2026-09-05T01:17:07Z
2011-03-16,TIP,110.089996,1425400,2026-09-05T01:17:07Z
2011-03-16,TLT,93.930000,24294200,2026-09-05T01:17:07Z
2011-03-16,VEA,34.340000,3354600,2026-09-05T01:17:07Z
2011-03-16,VNQ,56.119999,3176100,2026-09-05T01:17:07Z
2011-03-16,VWO,44.990002,36046100,2026-09-05T01:17:07Z
2011-03-17,BIL,45.869999,595450,2026-09-05T01:17:07Z
2011-03-17,DBC,29.549999,3160000,2026-09-05T01:17:07Z
2011-03-17,IEF,94.519997,639900,2026-09-05T01:17:07Z
2011-03-17,IWM,78.419998,63992800,2026-09-05T01:17:07Z
2011-03-17,SPY,127.849998,254303700,2026-09-05T01:17:07Z
2011-03-17,TIP,110.309998,949700,2026-09-05T01:17:07Z
2011-03-17,TLT,93.209999,10528500,2026-09-05T01:17:07Z
2011-03-17,VEA,35.450001,3009300,2026-09-05T01:17:07Z
2011-03-17,VNQ,56.549999,1837500,2026-09-05T01:17:07Z
2011-03-17,VWO,45.599998,19433200,2026-09-05T01:17:07Z
2011-03-18,BIL,45.869999,222750,2026-09-05T01:17:07Z
2011-03-18,DBC,29.719999,2238000,2026-09-05T01:17:07Z
2011-03-18,IEF,94.459999,1513200,2026-09-05T01:17:07Z
2011-03-18,IWM,79.459999,70017700,2026-09-05T01:17:07Z
2011-03-18,SPY,127.760002,230435400,2026-09-05T01:17:07Z
2011-03-18,TIP,110.230003,630900,2026-09-05T01:17:07Z
2011-03-18,TLT,93.459999,7260900,2026-09-05T01:17:07Z
2011-03-18,VEA,36.009998,3537300,2026-09-05T01:17:07Z
2011-03-18,VNQ,57.119999,1887600,2026-09-05T01:17:07Z
2011-03-18,VWO,45.740002,23674900,2026-09-05T01:17:07Z
2011-03-21,BIL,45.869999,102350,2026-09-05T01:17:07Z
2011-03-21,DBC,29.860001,2375200,2026-09-05T01:17:07Z
2011-03-21,IEF,93.970001,1029000,2026-09-05T01:17:07Z
2011-03-21,IWM,81.300003,50638200,2026-09-05T01:17:07Z
2011-03-21,SPY,129.740005,153992600,2026-09-05T01:17:07Z
2011-03-21,TIP,109.760002,1268100,2026-09-05T01:17:07Z
2011-03-21,TLT,92.910004,10542900,2026-09-05T01:17:07Z
2011-03-21,VEA,36.910000,1557200,2026-09-05T01:17:07Z
2011-03-21,VNQ,57.740002,1340600,2026-09-05T01:17:07Z
2011-03-21,VWO,46.560001,13216800,2026-09-05T01:17:07Z
2011-03-22,BIL,45.849998,117100,2026-09-05T01:17:07Z
2011-03-22,DBC,30.080000,2356400,2026-09-05T01:17:07Z
2011-03-22,IEF,94.019997,573500,2026-09-05T01:17:07Z
2011-03-22,IWM,80.870003,52372800,2026-09-05T01:17:07Z
2011-03-22,SPY,129.289993,129538600,2026-09-05T01:17:07Z
2011-03-22,TIP,109.489998,545100,2026-09-05T01:17:07Z
2011-03-22,TLT,93.220001,6904700,2026-09-05T01:17:07Z
2011-03-22,VEA,36.810001,1203400,2026-09-05T01:17:07Z
2011-03-22,VNQ,57.369999,2793800,2026-09-05T01:17:07Z
2011-03-22,VWO,46.610001,19705200,2026-09-05T01:17:07Z
2011-03-23,BIL,45.860001,156950,2026-09-05T01:17:07Z
2011-03-23,DBC,30.139999,2180300,2026-09-05T01:17:07Z
2011-03-23,IEF,93.900002,696900,2026-09-05T01:17:07Z
2011-03-23,IWM,81.120003,58044700,2026-09-05T01:17:07Z
2011-03-23,SPY,129.660004,148603100,2026-09-05T01:17:07Z
2011-03-23,TIP,109.309998,647700,2026-09-05T01:17:07Z
2011-03-23,TLT,93.099998,8358000,2026-09-05T01:17:07Z
2011-03-23,VEA,36.799999,1508600,2026-09-05T01:17:07Z
2011-03-23,VNQ,56.740002,1699400,2026-09-05T01:17:07Z
2011-03-23,VWO,47.209999,17444200,2026-09-05T01:17:07Z
2011-03-24,BIL,45.849998,557950,2026-09-05T01:17:07Z
2011-03-24,DBC,30.240000,1627100,2026-09-05T01:17:07Z
2011-03-24,IEF,93.419998,1098100,2026-09-05T01:17:07Z
2011-03-24,IWM,81.510002,52850900,2026-09-05T01:17:07Z
2011-03-24,SPY,130.899994,159129800,2026-09-05T01:17:07Z
2011-03-24,TIP,109.410004,988300,2026-09-05T01:17:07Z
2011-03-24,TLT,92.400002,9477600,2026-09-05T01:17:07Z
2011-03-24,VEA,37.310001,1402400,2026-09-05T01:17:07Z
2011-03-24,VNQ,56.980000,1466700,2026-09-05T01:17:07Z
2011-03-24,VWO,47.790001,20910900,2026-09-05T01:17:07Z
2011-03-25,BIL,45.849998,1271900,2026-09-05T01:17:07Z
2011-03-25,DBC,30.320000,1887400,2026-09-05T01:17:07Z
2011-03-25,IEF,93.169998,782400,2026-09-05T01:17:07Z
2011-03-25,IWM,82.220001,78164900,2026-09-05T01:17:07Z
2011-03-25,SPY,131.300003,155642800,2026-09-05T01:17:07Z
2011-03-25,TIP,108.900002,764500,2026-09-05T01:17:07Z
2011-03-25,TLT,92.169998,6447200,2026-09-05T01:17:07Z
2011-03-25,VEA,36.849998,1470900,2026-09-05T01:17:07Z
2011-03-25,VNQ,57.009998,2441500,2026-09-05T01:17:07Z
2011-03-25,VWO,47.790001,19629900,2026-09-05T01:17:07Z
2011-03-28,BIL,45.860001,733950,2026-09-05T01:17:07Z
2011-03-28,DBC,29.910000,1498400,2026-09-05T01:17:07Z
2011-03-28,IEF,93.199997,634900,2026-09-05T01:17:07Z
2011-03-28,IWM,82.040001,42798300,2026-09-05T01:17:07Z
2011-03-28,SPY,130.979996,109762400,2026-09-05T01:17:07Z
2011-03-28,TIP,108.959999,725900,2026-09-05T01:17:07Z
2011-03-28,TLT,92.300003,3996800,2026-09-05T01:17:07Z
2011-03-28,VEA,36.860001,2234000,2026-09-05T01:17:07Z
2011-03-28,VNQ,56.939999,1843000,2026-09-05T01:17:07Z
2011-03-28,VWO,47.509998,21712600,2026-09-05T01:17:07Z
2011-03-29,BIL,45.849998,240950,2026-09-05T01:17:07Z
2011-03-29,DBC,30.080000,1674500,2026-09-05T01:17:07Z
2011-03-29,IEF,92.930000,1047300,2026-09-05T01:17:07Z
2011-03-29,IWM,82.809998,40967200,2026-09-05T01:17:07Z
2011-03-29,SPY,131.860001,129798800,2026-09-05T01:17:07Z
2011-03-29,TIP,108.739998,653700,2026-09-05T01:17:07Z
2011-03-29,TLT,91.589996,6487200,2026-09-05T01:17:07Z
2011-03-29,VEA,37.080002,1101700,2026-09-05T01:17:07Z
2011-03-29,VNQ,57.169998,2293200,2026-09-05T01:17:07Z
2011-03-29,VWO,47.980000,14602200,2026-09-05T01:17:07Z
2011-03-30,BIL,45.860001,589950,2026-09-05T01:17:07Z
2011-03-30,DBC,30.040001,1457200,2026-09-05T01:17:07Z
2011-03-30,IEF,93.250000,773500,2026-09-05T01:17:07Z
2011-03-30,IWM,83.879997,42147100,2026-09-05T01:17:07Z
2011-03-30,SPY,132.770004,135835000,2026-09-05T01:17:07Z
2011-03-30,TIP,109.120003,709700,2026-09-05T01:17:07Z
2011-03-30,TLT,92.320000,5048300,2026-09-05T01:17:07Z
2011-03-30,VEA,37.490002,1493700,2026-09-05T01:17:07Z
2011-03-30,VNQ,58.000000,1832700,2026-09-05T01:17:07Z
2011-03-30,VWO,48.570000,23649000,2026-09-05T01:17:07Z
2011-03-31,BIL,45.849998,145200,2026-09-05T01:17:07Z
2011-03-31,DBC,30.510000,1834200,2026-09-05T01:17:07Z
2011-03-31,IEF,93.010002,1093100,2026-09-05T01:17:07Z
2011-03-31,IWM,84.169998,41625800,2026-09-05T01:17:07Z
2011-03-31,SPY,132.589996,132537100,2026-09-05T01:17:07Z
2011-03-31,TIP,109.160004,856800,2026-09-05T01:17:07Z
2011-03-31,TLT,92.129997,9654300,2026-09-05T01:17:07Z
2011-03-31,VEA,37.310001,2101000,2026-09-05T01:17:07Z
2011-03-31,VNQ,58.470001,3204000,2026-09-05T01:17:07Z
2011-03-31,VWO,48.950001,22962900,2026-09-05T01:17:07Z
2011-04-01,BIL,45.849998,148850,2026-09-05T01:17:07Z
2011-04-01,DBC,30.719999,3428900,2026-09-05T01:17:07Z
2011-04-01,IEF,92.959999,1062700,2026-09-05T01:17:07Z
2011-04-01,IWM,84.540001,49160200,2026-09-05T01:17:07Z
2011-04-01,SPY,133.149994,153850100,2026-09-05T01:17:07Z
2011-04-01,TIP,108.860001,905700,2026-09-05T01:17:07Z
2011-04-01,TLT,92.190002,7860400,2026-09-05T01:17:07Z
2011-04-01,VEA,37.689999,10739000,2026-09-05T01:17:07Z
2011-04-01,VNQ,58.560001,4149100,2026-09-05T01:17:07Z
2011-04-01,VWO,49.750000,29832400,2026-09-05T01:17:07Z
2011-04-04,BIL,45.849998,144700,2026-09-05T01:17:07Z
2011-04-04,DBC,31.000000,2009700,2026-09-05T01:17:07Z
2011-04-04,IEF,93.169998,886100,2026-09-05T01:17:07Z
2011-04-04,IWM,84.730003,42236600,2026-09-05T01:17:07Z
2011-04-04,SPY,133.259995,100768900,2026-09-05T01:17:07Z
2011-04-04,TIP,109.349998,578000,2026-09-05T01:17:07Z
2011-04-04,TLT,92.290001,4469100,2026-09-05T01:17:07Z
2011-04-04,VEA,37.680000,11924100,2026-09-05T01:17:07Z
2011-04-04,VNQ,58.520000,1072600,2026-09-05T01:17:07Z
2011-04-04,VWO,50.209999,14661100,2026-09-05T01:17:07Z
2011-04-05,BIL,45.849998,165000,2026-09-05T01:17:07Z
2011-04-05,DBC,31.030001,1533000,2026-09-05T01:17:07Z
2011-04-05,IEF,92.699997,777000,2026-09-05T01:17:07Z
2011-04-05,IWM,85.190002,45454400,2026-09-05T01:17:07Z
2011-04-05,SPY,133.240005,120791500,2026-09-05T01:17:07Z
2011-04-05,TIP,109.150002,895400,2026-09-05T01:17:07Z
2011-04-05,TLT,91.919998,9951600,2026-09-05T01:17:07Z
2011-04-05,VEA,37.580002,1428600,2026-09-05T01:17:07Z
2011-04-05,VNQ,58.580002,1248100,2026-09-05T01:17:07Z
2011-04-05,VWO,50.070000,21920500,2026-09-05T01:17:07Z
2011-04-06,BIL,45.849998,116900,2026-09-05T01:17:07Z
2011-04-06,DBC,31.120001,1309800,2026-09-05T01:17:07Z
2011-04-06,IEF,92.300003,857500,2026-09-05T01:17:07Z
2011-04-06,IWM,85.379997,59035700,2026-09-05T01:17:07Z
2011-04-06,SPY,133.660004,120411600,2026-09-05T01:17:07Z
2011-04-06,TIP,108.559998,824100,2026-09-05T01:17:07Z
2011-04-06,TLT,90.540001,9090900,2026-09-05T01:17:07Z
2011-04-06,VEA,37.910000,936100,2026-09-05T01:17:07Z
2011-04-06,VNQ,58.610001,1286500,2026-09-05T01:17:07Z
2011-04-06,VWO,50.299999,25131800,2026-09-05T01:17:07Z
2011-04-07,BIL,45.860001,129450,2026-09-05T01:17:07Z
2011-04-07,DBC,31.180000,1809500,2026-09-05T01:17:07Z
2011-04-07,IEF,92.309998,743800,2026-09-05T01:17:07Z
2011-04-07,IWM,84.870003,69434400,2026-09-05T01:17:07Z
2011-04-07,SPY,133.320007,170731500,2026-09-05T01:17:07Z
2011-04-07,TIP,108.750000,761100,2026-09-05T01:17:07Z
2011-04-07,TLT,90.360001,9265100,2026-09-05T01:17:07Z
2011-04-07,VEA,37.740002,1341400,2026-09-05T01:17:07Z
2011-04-07,VNQ,57.959999,1773000,2026-09-05T01:17:07Z
2011-04-07,VWO,50.290001,18994600,2026-09-05T01:17:07Z
2011-04-08,BIL,45.849998,1310750,2026-09-05T01:17:07Z
2011-04-08,DBC,31.920000,3221600,2026-09-05T01:17:07Z
2011-04-08,IEF,92.040001,595100,2026-09-05T01:17:07Z
2011-04-08,IWM,83.980003,63650400,2026-09-05T01:17:07Z
2011-04-08,SPY,132.860001,147945400,2026-09-05T01:17:07Z
2011-04-08,TIP,108.980003,650300,2026-09-05T01:17:07Z
2011-04-08,TLT,89.879997,7605700,2026-09-05T01:17:07Z
2011-04-08,VEA,38.029999,4356000,2026-09-05T01:17:07Z
2011-04-08,VNQ,57.540001,2259700,2026-09-05T01:17:07Z
2011-04-08,VWO,50.369999,18156400,2026-09-05T01:17:07Z
2011-04-11,BIL,45.849998,230850,2026-09-05T01:17:07Z
2011-04-11,DBC,31.330000,2159000,2026-09-05T01:17:07Z
2011-04-11,IEF,92.160004,364200,2026-09-05T01:17:07Z
2011-04-11,IWM,83.230003,41784100,2026-09-05T01:17:07Z
2011-04-11,SPY,132.460007,121385400,2026-09-05T01:17:07Z
2011-04-11,TIP,108.900002,562400,2026-09-05T01:17:07Z
2011-04-11,TLT,89.959999,5734000,2026-09-05T01:17:07Z
2011-04-11,VEA,37.950001,936900,2026-09-05T01:17:07Z
2011-04-11,VNQ,57.580002,1335300,2026-09-05T01:17:07Z
2011-04-11,VWO,49.799999,13228700,2026-09-05T01:17:07Z
2011-04-12,BIL,45.860001,61100,2026-09-05T01:17:07Z
2011-04-12,DBC,30.690001,2988400,2026-09-05T01:17:07Z
2011-04-12,IEF,92.680000,1055400,2026-09-05T01:17:07Z
2011-04-12,IWM,82.139999,58103300,2026-09-05T01:17:07Z
2011-04-12,SPY,131.470001,161187400,2026-09-05T01:17:07Z
2011-04-12,TIP,109.449997,822400,2026-09-05T01:17:07Z
2011-04-12,TLT,90.930000,7686500,2026-09-05T01:17:07Z
2011-04-12,VEA,37.599998,895200,2026-09-05T01:17:07Z
2011-04-12,VNQ,57.480000,1996500,2026-09-05T01:17:07Z
2011-04-12,VWO,48.910000,23547400,2026-09-05T01:17:07Z
2011-04-13,BIL,45.860001,79200,2026-09-05T01:17:07Z
2011-04-13,DBC,30.930000,1497000,2026-09-05T01:17:07Z
2011-04-13,IEF,93.040001,678700,2026-09-05T01:17:07Z
2011-04-13,IWM,82.250000,80424900,2026-09-05T01:17:07Z
2011-04-13,SPY,131.460007,162059000,2026-09-05T01:17:07Z
2011-04-13,TIP,109.690002,724400,2026-09-05T01:17:07Z
2011-04-13,TLT,91.500000,7959300,2026-09-05T01:17:07Z
2011-04-13,VEA,37.730000,1008300,2026-09-05T01:17:07Z
2011-04-13,VNQ,57.389999,1212600,2026-09-05T01:17:07Z
2011-04-13,VWO,49.240002,14397000,2026-09-05T01:17:07Z
2011-04-14,BIL,45.849998,245750,2026-09-05T01:17:07Z
2011-04-14,DBC,31.010000,2181000,2026-09-05T01:17:07Z
2011-04-14,IEF,92.730003,1036300,2026-09-05T01:17:07Z
2011-04-14,IWM,82.629997,58532300,2026-09-05T01:17:07Z
2011-04-14,SPY,131.559998,161220400,2026-09-05T01:17:07Z
2011-04-14,TIP,109.550003,834500,2026-09-05T01:17:07Z
2011-04-14,TLT,91.430000,7609600,2026-09-05T01:17:07Z
2011-04-14,VEA,37.889999,3813000,2026-09-05T01:17:07Z
2011-04-14,VNQ,58.220001,1423500,2026-09-05T01:17:07Z
2011-04-14,VWO,49.529999,17901400,2026-09-05T01:17:07Z
2011-04-15,BIL,45.860001,152600,2026-09-05T01:17:07Z
2011-04-15,DBC,31.170000,1748600,2026-09-05T01:17:07Z
2011-04-15,IEF,93.410004,881400,2026-09-05T01:17:07Z
2011-04-15,IWM,83.510002,53690700,2026-09-05T01:17:07Z
2011-04-15,SPY,132.039993,170006700,2026-09-05T01:17:07Z
2011-04-15,TIP,110.349998,917500,2026-09-05T01:17:07Z
2011-04-15,TLT,92.669998,10222900,2026-09-05T01:17:07Z
2011-04-15,VEA,37.840000,3843800,2026-09-05T01:17:07Z
2011-04-15,VNQ,58.970001,1408600,2026-09-05T01:17:07Z
2011-04-15,VWO,49.549999,15413400,2026-09-05T01:17:07Z
2011-04-18,BIL,45.849998,112300,2026-09-05T01:17:07Z
2011-04-18,DBC,30.980000,1981800,2026-09-05T01:17:07Z
2011-04-18,IEF,93.639999,902400,2026-09-05T01:17:07Z
2011-04-18,IWM,82.129997,58593400,2026-09-05T01:17:07Z
2011-04-18,SPY,130.559998,210759300,2026-09-05T01:17:07Z
2011-04-18,TIP,110.379997,911700,2026-09-05T01:17:07Z
2011-04-18,TLT,92.879997,12036700,2026-09-05T01:17:07Z
2011-04-18,VEA,37.070000,3504300,2026-09-05T01:17:07Z
2011-04-18,VNQ,58.439999,1709900,2026-09-05T01:17:07Z
2011-04-18,VWO,48.400002,17958700,2026-09-05T01:17:07Z
2011-04-19,BIL,45.849998,110650,2026-09-05T01:17:07Z
2011-04-19,DBC,30.990000,1376100,2026-09-05T01:17:07Z
2011-04-19,IEF,93.760002,532000,2026-09-05T01:17:07Z
2011-04-19,IWM,82.150002,31991000,2026-09-05T01:17:07Z
2011-04-19,SPY,131.309998,124258800,2026-09-05T01:17:07Z
2011-04-19,TIP,110.769997,540800,2026-09-05T01:17:07Z
2011-04-19,TLT,93.279999,5295100,2026-09-05T01:17:07Z
2011-04-19,VEA,37.340000,835600,2026-09-05T01:17:07Z
2011-04-19,VNQ,58.900002,1096500,2026-09-05T01:17:07Z
2011-04-19,VWO,49.049999,11405600,2026-09-05T01:17:07Z
2011-04-20,BIL,45.849998,102200,2026-09-05T01:17:07Z
2011-04-20,DBC,31.480000,1919800,2026-09-05T01:17:07Z
2011-04-20,IEF,93.389999,708200,2026-09-05T01:17:07Z
2011-04-20,IWM,83.830002,47061100,2026-09-05T01:17:07Z
2011-04-20,SPY,133.100006,156133800,2026-09-05T01:17:07Z
2011-04-20,TIP,110.389999,635600,2026-09-05T01:17:07Z
2011-04-20,TLT,92.680000,6754100,2026-09-05T01:17:07Z
2011-04-20,VEA,38.330002,1869000,2026-09-05T01:17:07Z
2011-04-20,VNQ,59.590000,1432600,2026-09-05T01:17:07Z
2011-04-20,VWO,50.279999,13698900,2026-09-05T01:17:07Z
2011-04-21,BIL,45.849998,89850,2026-09-05T01:17:07Z
2011-04-21,DBC,31.709999,1985200,2026-09-05T01:17:07Z
2011-04-21,IEF,93.459999,670600,2026-09-05T01:17:07Z
2011-04-21,IWM,84.449997,30293300,2026-09-05T01:17:07Z
2011-04-21,SPY,133.779999,135935400,2026-09-05T01:17:07Z
2011-04-21,TIP,110.190002,618900,2026-09-05T01:17:07Z
2011-04-21,TLT,92.599998,3365600,2026-09-05T01:17:07Z
2011-04-21,VEA,38.560001,1267100,2026-09-05T01:17:07Z
2011-04-21,VNQ,59.990002,1746900,2026-09-05T01:17:07Z
2011-04-21,VWO,50.709999,10812700,2026-09-05T01:17:07Z
2011-04-25,BIL,45.849998,103150,2026-09-05T01:17:07Z
2011-04-25,DBC,31.620001,2158100,2026-09-05T01:17:07Z
2011-04-25,IEF,93.790001,826200,2026-09-05T01:17:07Z
2011-04-25,IWM,84.339996,23441400,2026-09-05T01:17:07Z
2011-04-25,SPY,133.639999,65757100,2026-09-05T01:17:07Z
2011-04-25,TIP,110.489998,900600,2026-09-05T01:17:07Z
2011-04-25,TLT,92.949997,3626900,2026-09-05T01:17:07Z
2011-04-25,VEA,38.540001,1180200,2026-09-05T01:17:07Z
2011-04-25,VNQ,60.389999,1421400,2026-09-05T01:17:07Z
2011-04-25,VWO,50.279999,12968700,2026-09-05T01:17:07Z
2011-04-26,BIL,45.849998,41450,2026-09-05T01:17:07Z
2011-04-26,DBC,31.610001,2900200,2026-09-05T01:17:07Z
2011-04-26,IEF,94.190002,519700,2026-09-05T01:17:07Z
2011-04-26,IWM,85.180000,53200000,2026-09-05T01:17:07Z
2011-04-26,SPY,134.789993,146600000,2026-09-05T01:17:07Z
2011-04-26,TIP,110.870003,696700,2026-09-05T01:17:07Z
2011-04-26,TLT,93.849998,7506300,2026-09-05T01:17:07Z
2011-04-26,VEA,38.840000,864900,2026-09-05T01:17:07Z
2011-04-26,VNQ,60.919998,2700000,2026-09-05T01:17:07Z
2011-04-26,VWO,50.669998,14601100,2026-09-05T01:17:07Z
2011-04-27,BIL,45.849998,106000,2026-09-05T01:17:07Z
2011-04-27,DBC,31.799999,1804300,2026-09-05T01:17:07Z
2011-04-27,IEF,93.919998,1379500,2026-09-05T01:17:07Z
2011-04-27,IWM,85.690002,44680600,2026-09-05T01:17:07Z
2011-04-27,SPY,135.669998,143031000,2026-09-05T01:17:07Z
2011-04-27,TIP,110.599998,843900,2026-09-05T01:17:07Z
2011-04-27,TLT,92.889999,8869300,2026-09-05T01:17:07Z
2011-04-27,VEA,39.320000,1189000,2026-09-05T01:17:07Z
2011-04-27,VNQ,61.369999,1860300,2026-09-05T01:17:07Z
2011-04-27,VWO,50.660000,17954200,2026-09-05T01:17:07Z
2011-04-28,BIL,45.849998,97050,2026-09-05T01:17:07Z
2011-04-28,DBC,31.570000,2919900,2026-09-05T01:17:07Z
2011-04-28,IEF,94.279999,975600,2026-09-05T01:17:07Z
2011-04-28,IWM,86.080002,43464600,2026-09-05T01:17:07Z
2011-04-28,SPY,136.110001,124791100,2026-09-05T01:17:07Z
2011-04-28,TIP,110.930000,628400,2026-09-05T01:17:07Z
2011-04-28,TLT,93.599998,8110200,2026-09-05T01:17:07Z
2011-04-28,VEA,39.590000,886300,2026-09-05T01:17:07Z
2011-04-28,VNQ,62.189999,2348200,2026-09-05T01:17:07Z
2011-04-28,VWO,50.240002,13139300,2026-09-05T01:17:07Z
2011-04-29,BIL,45.849998,74500,2026-09-05T01:17:07Z
2011-04-29,DBC,31.900000,2054800,2026-09-05T01:17:07Z
2011-04-29,IEF,94.470001,436000,2026-09-05T01:17:07Z
2011-04-29,IWM,86.389999,41030900,2026-09-05T01:17:07Z
2011-04-29,SPY,136.429993,115094100,2026-09-05T01:17:07Z
2011-04-29,TIP,111.160004,933000,2026-09-05T01:17:07Z
2011-04-29,TLT,93.889999,5900000,2026-09-05T01:17:07Z
2011-04-29,VEA,39.619999,1100000,2026-09-05T01:17:07Z
2011-04-29,VNQ,61.830002,1777800,2026-09-05T01:17:07Z
2011-04-29,VWO,50.599998,13366800,2026-09-05T01:17:07Z
2011-05-02,BIL,45.849998,76000,2026-09-05T01:17:07Z
2011-05-02,DBC,31.580000,2687400,2026-09-05T01:17:07Z
2011-05-02,IEF,94.199997,632300,2026-09-05T01:17:07Z
2011-05-02,IWM,85.379997,48962400,2026-09-05T01:17:07Z
2011-05-02,SPY,136.220001,126278700,2026-09-05T01:17:07Z
2011-05-02,TIP,110.750000,757600,2026-09-05T01:17:07Z
2011-05-02,TLT,93.639999,5285100,2026-09-05T01:17:07Z
2011-05-02,VEA,39.630001,1610600,2026-09-05T01:17:07Z
2011-05-02,VNQ,61.919998,2434500,2026-09-05T01:17:07Z
2011-05-02,VWO,50.520000,16920600,2026-09-05T01:17:07Z
2011-05-03,BIL,45.849998,127100,2026-09-05T01:17:07Z
2011-05-03,DBC,31.250000,2573900,2026-09-05T01:17:07Z
2011-05-03,IEF,94.449997,1660700,2026-09-05T01:17:07Z
2011-05-03,IWM,84.300003,56070000,2026-09-05T01:17:07Z
2011-05-03,SPY,135.729996,138375000,2026-09-05T01:17:07Z
2011-05-03,TIP,110.930000,823400,2026-09-05T01:17:07Z
2011-05-03,TLT,94.169998,6486600,2026-09-05T01:17:07Z
2011-05-03,VEA,39.310001,1229400,2026-09-05T01:17:07Z
2011-05-03,VNQ,61.389999,2052900,2026-09-05T01:17:07Z
2011-05-03,VWO,49.490002,28514100,2026-09-05T01:17:07Z
2011-05-04,BIL,45.869999,449750,2026-09-05T01:17:07Z
2011-05-04,DBC,30.750000,2818700,2026-09-05T01:17:07Z
2011-05-04,IEF,94.690002,1169500,2026-09-05T01:17:07Z
2011-05-04,IWM,83.209999,64754600,2026-09-05T01:17:07Z
2011-05-04,SPY,134.830002,182678500,2026-09-05T01:17:07Z
2011-05-04,TIP,111.029999,788000,2026-09-05T01:17:07Z
2011-05-04,TLT,94.589996,7406300,2026-09-05T01:17:07Z
2011-05-04,VEA,38.970001,1383400,2026-09-05T01:17:07Z
2011-05-04,VNQ,61.040001,1650200,2026-09-05T01:17:07Z
2011-05-04,VWO,48.599998,35558400,2026-09-05T01:17:07Z
2011-05-05,BIL,45.869999,800000,2026-09-05T01:17:07Z
2011-05-05,DBC,28.690001,8139700,2026-09-05T01:17:07Z
2011-05-05,IEF,95.160004,898400,2026-09-05T01:17:07Z
2011-05-05,IWM,82.830002,91858900,2026-09-05T01:17:07Z
2011-05-05,SPY,133.610001,226900000,2026-09-05T01:17:07Z
2011-05-05,TIP,110.900002,880600,2026-09-05T01:17:07Z
2011-05-05,TLT,95.489998,9600000,2026-09-05T01:17:07Z
2011-05-05,VEA,38.230000,2900000,2026-09-05T01:17:07Z
2011-05-05,VNQ,61.000000,1900000,2026-09-05T01:17:07Z
2011-05-05,VWO,48.090000,33800000,2026-09-05T01:17:07Z
2011-05-06,BIL,45.869999,143400,2026-09-05T01:17:07Z
2011-05-06,DBC,28.600000,5644900,2026-09-05T01:17:07Z
2011-05-06,IEF,95.209999,1034800,2026-09-05T01:17:07Z
2011-05-06,IWM,83.269997,76446200,2026-09-05T01:17:07Z
2011-05-06,SPY,134.199997,222787200,2026-09-05T01:17:07Z
2011-05-06,TIP,110.940002,600500,2026-09-05T01:17:07Z
2011-05-06,TLT,95.070000,9451500,2026-09-05T01:17:07Z
2011-05-06,VEA,38.259998,1359400,2026-09-05T01:17:07Z
2011-05-06,VNQ,60.459999,2277700,2026-09-05T01:17:07Z
2011-05-06,VWO,48.740002,28356800,2026-09-05T01:17:07Z
2011-05-09,BIL,45.869999,808500,2026-09-05T01:17:07Z
2011-05-09,DBC,29.650000,4174300,2026-09-05T01:17:07Z
2011-05-09,IEF,95.349998,559600,2026-09-05T01:17:07Z
2011-05-09,IWM,84.239998,45806800,2026-09-05T01:17:07Z
2011-05-09,SPY,134.720001,114104500,2026-09-05T01:17:07Z
2011-05-09,TIP,111.169998,596000,2026-09-05T01:17:07Z
2011-05-09,TLT,94.970001,3731200,2026-09-05T01:17:07Z
2011-05-09,VEA,38.509998,1240900,2026-09-05T01:17:07Z
2011-05-09,VNQ,60.770000,983300,2026-09-05T01:17:07Z
2011-05-09,VWO,48.869999,14276200,2026-09-05T01:17:07Z
2011-05-10,BIL,45.869999,182200,2026-09-05T01:17:07Z
2011-05-10,DBC,29.920000,3447800,2026-09-05T01:17:07Z
2011-05-10,IEF,94.889999,661600,2026-09-05T01:17:07Z
2011-05-10,IWM,85.529999,44373700,2026-09-05T01:17:07Z
2011-05-10,SPY,135.869995,114806900,2026-09-05T01:17:07Z
2011-05-10,TIP,110.870003,1336700,2026-09-05T01:17:07Z
2011-05-10,TLT,94.290001,5458300,2026-09-05T01:17:07Z
2011-05-10,VEA,38.880001,1316100,2026-09-05T01:17:07Z
2011-05-10,VNQ,61.730000,1699400,2026-09-05T01:17:07Z
2011-05-10,VWO,49.290001,22756100,2026-09-05T01:17:07Z
2011-05-11,BIL,45.869999,76150,2026-09-05T01:17:07Z
2011-05-11,DBC,28.959999,4203700,2026-09-05T01:17:07Z
2011-05-11,IEF,95.230003,611100,2026-09-05T01:17:07Z
2011-05-11,IWM,83.949997,81313700,2026-09-05T01:17:07Z
2011-05-11,SPY,134.440002,193564200,2026-09-05T01:17:07Z
2011-05-11,TIP,110.519997,695500,2026-09-05T01:17:07Z
2011-05-11,TLT,94.830002,6078700,2026-09-05T01:17:07Z
2011-05-11,VEA,38.139999,1872700,2026-09-05T01:17:07Z
2011-05-11,VNQ,61.080002,1736000,2026-09-05T01:17:07Z
2011-05-11,VWO,48.389999,23333400,2026-09-05T01:17:07Z
2011-05-12,BIL,45.869999,88350,2026-09-05T01:17:07Z
2011-05-12,DBC,28.990000,6813000,2026-09-05T01:17:07Z
2011-05-12,IEF,95.019997,652000,2026-09-05T01:17:07Z
2011-05-12,IWM,84.690002,80109400,2026-09-05T01:17:07Z
2011-05-12,SPY,135.080002,171550700,2026-09-05T01:17:07Z
2011-05-12,TIP,110.389999,809000,2026-09-05T01:17:07Z
2011-05-12,TLT,94.230003,8015800,2026-09-05T01:17:07Z
2011-05-12,VEA,38.259998,1445900,2026-09-05T01:17:07Z
2011-05-12,VNQ,61.180000,1429800,2026-09-05T01:17:07Z
2011-05-12,VWO,48.389999,25494400,2026-09-05T01:17:07Z
2011-05-13,BIL,45.860001,42950,2026-09-05T01:17:07Z
2011-05-13,DBC,29.040001,3035100,2026-09-05T01:17:07Z
2011-05-13,IEF,95.389999,494100,2026-09-05T01:17:07Z
2011-05-13,IWM,83.510002,74669000,2026-09-05T01:17:07Z
2011-05-13,SPY,134.039993,157444900,2026-09-05T01:17:07Z
2011-05-13,TIP,110.370003,1341800,2026-09-05T01:17:07Z
2011-05-13,TLT,95.080002,8380000,2026-09-05T01:17:07Z
2011-05-13,VEA,37.639999,1492800,2026-09-05T01:17:07Z
2011-05-13,VNQ,60.529999,1482300,2026-09-05T01:17:07Z
2011-05-13,VWO,47.419998,39648700,2026-09-05T01:17:07Z
2011-05-16,BIL,45.860001,905750,2026-09-05T01:17:07Z
2011-05-16,DBC,28.660000,5901400,2026-09-05T01:17:07Z
2011-05-16,IEF,95.620003,590800,2026-09-05T01:17:07Z
2011-05-16,IWM,82.290001,68771600,2026-09-05T01:17:07Z
2011-05-16,SPY,133.190002,141675400,2026-09-05T01:17:07Z
2011-05-16,TIP,110.400002,637800,2026-09-05T01:17:07Z
2011-05-16,TLT,95.610001,6053600,2026-09-05T01:17:07Z
2011-05-16,VEA,37.590000,1973900,2026-09-05T01:17:07Z
2011-05-16,VNQ,60.619999,2157000,2026-09-05T01:17:07Z
2011-05-16,VWO,47.410000,16040600,2026-09-05T01:17:07Z
2011-05-17,BIL,45.860001,582700,2026-09-05T01:17:07Z
2011-05-17,DBC,28.730000,3874300,2026-09-05T01:17:07Z
2011-05-17,IEF,95.900002,986400,2026-09-05T01:17:07Z
2011-05-17,IWM,82.029999,76475100,2026-09-05T01:17:07Z
2011-05-17,SPY,133.169998,192686200,2026-09-05T01:17:07Z
2011-05-17,TIP,110.489998,660600,2026-09-05T01:17:07Z
2011-05-17,TLT,96.589996,9826900,2026-09-05T01:17:07Z
2011-05-17,VEA,37.669998,1514400,2026-09-05T01:17:07Z
2011-05-17,VNQ,60.599998,2183400,2026-09-05T01:17:07Z
2011-05-17,VWO,47.630001,21527000,2026-09-05T01:17:07Z
2011-05-18,BIL,45.849998,75550,2026-09-05T01:17:07Z
2011-05-18,DBC,29.309999,3241900,2026-09-05T01:17:07Z
2011-05-18,IEF,95.349998,790700,2026-09-05T01:17:07Z
2011-05-18,IWM,83.290001,54512200,2026-09-05T01:17:07Z
2011-05-18,SPY,134.360001,135217900,2026-09-05T01:17:07Z
2011-05-18,TIP,110.430000,926300,2026-09-05T01:17:07Z
2011-05-18,TLT,95.309998,7707600,2026-09-05T01:17:07Z
2011-05-18,VEA,37.919998,1085800,2026-09-05T01:17:07Z
2011-05-18,VNQ,61.189999,1323700,2026-09-05T01:17:07Z
2011-05-18,VWO,48.320000,9276800,2026-09-05T01:17:07Z
2011-05-19,BIL,45.869999,71300,2026-09-05T01:17:07Z
2011-05-19,DBC,29.080000,2504200,2026-09-05T01:17:07Z
2011-05-19,IEF,95.449997,718000,2026-09-05T01:17:07Z
2011-05-19,IWM,83.470001,52914400,2026-09-05T01:17:07Z
2011-05-19,SPY,134.679993,119489500,2026-09-05T01:17:07Z
2011-05-19,TIP,110.139999,970400,2026-09-05T01:17:07Z
2011-05-19,TLT,95.269997,8052400,2026-09-05T01:17:07Z
2011-05-19,VEA,38.150002,993700,2026-09-05T01:17:07Z
2011-05-19,VNQ,61.450001,1324000,2026-09-05T01:17:07Z
2011-05-19,VWO,48.080002,14876400,2026-09-05T01:17:07Z
2011-05-20,BIL,45.860001,443400,2026-09-05T01:17:07Z
2011-05-20,DBC,29.350000,3463900,2026-09-05T01:17:07Z
2011-05-20,IEF,95.680000,669600,2026-09-05T01:17:07Z
2011-05-20,IWM,82.860001,56016800,2026-09-05T01:17:07Z
2011-05-20,SPY,133.610001,182594900,2026-09-05T01:17:07Z
2011-05-20,TIP,110.099998,731900,2026-09-05T01:17:07Z
2011-05-20,TLT,95.320000,5602300,2026-09-05T01:17:07Z
2011-05-20,VEA,37.570000,1012800,2026-09-05T01:17:07Z
2011-05-20,VNQ,60.700001,1385200,2026-09-05T01:17:07Z
2011-05-20,VWO,47.709999,19138000,2026-09-05T01:17:07Z
2011-05-23,BIL,45.860001,328750,2026-09-05T01:17:07Z
2011-05-23,DBC,28.879999,2123000,2026-09-05T01:17:07Z
2011-05-23,IEF,95.809998,928000,2026-09-05T01:17:07Z
2011-05-23,IWM,81.370003,50696600,2026-09-05T01:17:07Z
2011-05-23,SPY,132.059998,168700000,2026-09-05T01:17:07Z
2011-05-23,TIP,110.110001,635900,2026-09-05T01:17:07Z
2011-05-23,TLT,95.779999,6300000,2026-09-05T01:17:07Z
2011-05-23,VEA,36.700001,1800000,2026-09-05T01:17:07Z
2011-05-23,VNQ,60.080002,1809700,2026-09-05T01:17:07Z
2011-05-23,VWO,46.730000,20700000,2026-09-05T01:17:07Z
2011-05-24,BIL,45.860001,68000,2026-09-05T01:17:07Z
2011-05-24,DBC,29.270000,1651500,2026-09-05T01:17:07Z
2011-05-24,IEF,95.910004,639300,2026-09-05T01:17:07Z
2011-05-24,IWM,80.980003,60223400,2026-09-05T01:17:07Z
2011-05-24,SPY,131.949997,147199600,2026-09-05T01:17:07Z
2011-05-24,TIP,110.669998,589100,2026-09-05T01:17:07Z
2011-05-24,TLT,96.139999,5549100,2026-09-05T01:17:07Z
2011-05-24,VEA,36.900002,1355500,2026-09-05T01:17:07Z
2011-05-24,VNQ,60.259998,1299400,2026-09-05T01:17:07Z
2011-05-24,VWO,47.130001,20220000,2026-09-05T01:17:07Z
2011-05-25,BIL,45.860001,159800,2026-09-05T01:17:07Z
2011-05-25,DBC,29.799999,1955800,2026-09-05T01:17:07Z
2011-05-25,IEF,95.919998,1345600,2026-09-05T01:17:07Z
2011-05-25,IWM,82.000000,60009900,2026-09-05T01:17:07Z
2011-05-25,SPY,132.389999,151050100,2026-09-05T01:17:07Z
2011-05-25,TIP,110.699997,583000,2026-09-05T01:17:07Z
2011-05-25,TLT,95.690002,5664500,2026-09-05T01:17:07Z
2011-05-25,VEA,37.180000,1304700,2026-09-05T01:17:07Z
2011-05-25,VNQ,60.540001,1411900,2026-09-05T01:17:07Z
2011-05-25,VWO,47.240002,23566600,2026-09-05T01:17:07Z
2011-05-26,BIL,45.860001,819300,2026-09-05T01:17:07Z
2011-05-26,DBC,29.910000,1947200,2026-09-05T01:17:07Z
2011-05-26,IEF,96.449997,806200,2026-09-05T01:17:07Z
2011-05-26,IWM,83.080002,51821300,2026-09-05T01:17:07Z
2011-05-26,SPY,133.000000,164850000,2026-09-05T01:17:07Z
2011-05-26,TIP,110.970001,863400,2026-09-05T01:17:07Z
2011-05-26,TLT,96.510002,8307900,2026-09-05T01:17:07Z
2011-05-26,VEA,37.540001,1015300,2026-09-05T01:17:07Z
2011-05-26,VNQ,61.349998,1095800,2026-09-05T01:17:07Z
2011-05-26,VWO,47.820000,11640900,2026-09-05T01:17:07Z
2011-05-27,BIL,45.860001,161350,2026-09-05T01:17:07Z
2011-05-27,DBC,30.080000,1603600,2026-09-05T01:17:07Z
2011-05-27,IEF,96.440002,943800,2026-09-05T01:17:07Z
2011-05-27,IWM,83.650002,46619400,2026-09-05T01:17:07Z
2011-05-27,SPY,133.509995,120921900,2026-09-05T01:17:07Z
2011-05-27,TIP,111.150002,504100,2026-09-05T01:17:07Z
2011-05-27,TLT,96.470001,5390600,2026-09-05T01:17:07Z
2011-05-27,VEA,37.799999,1074000,2026-09-05T01:17:07Z
2011-05-27,VNQ,61.700001,970600,2026-09-05T01:17:07Z
2011-05-27,VWO,48.299999,16645700,2026-09-05T01:17:07Z
2011-05-31,BIL,45.860001,133700,2026-09-05T01:17:07Z
2011-05-31,DBC,30.250000,3431600,2026-09-05T01:17:07Z
2011-05-31,IEF,96.589996,2917900,2026-09-05T01:17:07Z
2011-05-31,IWM,84.839996,77456200,2026-09-05T01:17:07Z
2011-05-31,SPY,134.899994,164731200,2026-09-05T01:17:07Z
2011-05-31,TIP,110.860001,1510100,2026-09-05T01:17:07Z
2011-05-31,TLT,96.690002,7003900,2026-09-05T01:17:07Z
2011-05-31,VEA,38.549999,6722800,2026-09-05T01:17:07Z
2011-05-31,VNQ,62.680000,1691500,2026-09-05T01:17:07Z
2011-05-31,VWO,49.110001,20600000,2026-09-05T01:17:07Z
2011-06-01,BIL,45.849998,471900,2026-09-05T01:17:07Z
2011-06-01,DBC,29.870001,3316800,2026-09-05T01:17:07Z
2011-06-01,IEF,97.139999,2997200,2026-09-05T01:17:07Z
2011-06-01,IWM,82.110001,80933800,2026-09-05T01:17:07Z
2011-06-01,SPY,131.869995,233094300,2026-09-05T01:17:07Z
2011-06-01,TIP,110.599998,1316400,2026-09-05T01:17:07Z
2011-06-01,TLT,97.639999,12746400,2026-09-05T01:17:07Z
2011-06-01,VEA,37.660000,2255900,2026-09-05T01:17:07Z
2011-06-01,VNQ,60.880001,2859300,2026-09-05T01:17:07Z
2011-06-01,VWO,48.400002,20522900,2026-09-05T01:17:07Z
2011-06-02,BIL,45.849998,69000,2026-09-05T01:17:07Z
2011-06-02,DBC,30.129999,2448600,2026-09-05T01:17:07Z
2011-06-02,IEF,96.559998,1744400,2026-09-05T01:17:07Z
2011-06-02,IWM,82.080002,64666600,2026-09-05T01:17:07Z
2011-06-02,SPY,131.729996,200466800,2026-09-05T01:17:07Z
2011-06-02,TIP,110.199997,809300,2026-09-05T01:17:07Z
2011-06-02,TLT,95.779999,15738700,2026-09-05T01:17:07Z
2011-06-02,VEA,37.889999,1421900,2026-09-05T01:17:07Z
2011-06-02,VNQ,60.439999,2122900,2026-09-05T01:17:07Z
2011-06-02,VWO,48.820000,9586100,2026-09-05T01:17:07Z
2011-06-03,BIL,45.849998,62750,2026-09-05T01:17:07Z
2011-06-03,DBC,30.250000,1972200,2026-09-05T01:17:07Z
2011-06-03,IEF,96.940002,1531200,2026-09-05T01:17:07Z
2011-06-03,IWM,80.879997,76493800,2026-09-05T01:17:07Z
2011-06-03,SPY,130.419998,234690200,2026-09-05T01:17:07Z
2011-06-03,TIP,110.370003,639600,2026-09-05T01:17:07Z
2011-06-03,TLT,96.330002,10644100,2026-09-05T01:17:07Z
2011-06-03,VEA,37.889999,8328100,2026-09-05T01:17:07Z
2011-06-03,VNQ,60.680000,1897800,2026-09-05T01:17:07Z
2011-06-03,VWO,48.520000,20651200,2026-09-05T01:17:07Z
2011-06-06,BIL,45.849998,655250,2026-09-05T01:17:07Z
2011-06-06,DBC,29.900000,2928100,2026-09-05T01:17:07Z
2011-06-06,IEF,96.879997,1106900,2026-09-05T01:17:07Z
2011-06-06,IWM,79.550003,63782200,2026-09-05T01:17:07Z
2011-06-06,SPY,129.039993,179951200,2026-09-05T01:17:07Z
2011-06-06,TIP,110.419998,608000,2026-09-05T01:17:07Z
2011-06-06,TLT,95.599998,8776900,2026-09-05T01:17:07Z
2011-06-06,VEA,37.389999,4411400,2026-09-05T01:17:07Z
2011-06-06,VNQ,59.790001,1172700,2026-09-05T01:17:07Z
2011-06-06,VWO,47.869999,13755500,2026-09-05T01:17:07Z
2011-06-07,BIL,45.860001,882450,2026-09-05T01:17:07Z
2011-06-07,DBC,30.180000,3416800,2026-09-05T01:17:07Z
2011-06-07,IEF,97.059998,1710300,2026-09-05T01:17:07Z
2011-06-07,IWM,79.739998,58242200,2026-09-05T01:17:07Z
2011-06-07,SPY,128.960007,161660500,2026-09-05T01:17:07Z
2011-06-07,TIP,110.580002,511100,2026-09-05T01:17:07Z
2011-06-07,TLT,96.040001,7399200,2026-09-05T01:17:07Z
2011-06-07,VEA,37.689999,1725000,2026-09-05T01:17:07Z
2011-06-07,VNQ,60.419998,1252000,2026-09-05T01:17:07Z
2011-06-07,VWO,48.250000,14277000,2026-09-05T01:17:07Z
2011-06-08,BIL,45.860001,64950,2026-09-05T01:17:07Z
2011-06-08,DBC,30.430000,2443700,2026-09-05T01:17:07Z
2011-06-08,IEF,97.269997,1471600,2026-09-05T01:17:07Z
2011-06-08,IWM,78.849998,67740400,2026-09-05T01:17:07Z
2011-06-08,SPY,128.419998,198696400,2026-09-05T01:17:07Z
2011-06-08,TIP,110.570000,671400,2026-09-05T01:17:07Z
2011-06-08,TLT,96.790001,7401800,2026-09-05T01:17:07Z
2011-06-08,VEA,37.220001,2126300,2026-09-05T01:17:07Z
2011-06-08,VNQ,60.250000,1509400,2026-09-05T01:17:07Z
2011-06-08,VWO,47.939999,14125500,2026-09-05T01:17:07Z
2011-06-09,BIL,45.849998,376350,2026-09-05T01:17:07Z
2011-06-09,DBC,30.600000,1746900,2026-09-05T01:17:07Z
2011-06-09,IEF,96.879997,1016900,2026-09-05T01:17:07Z
2011-06-09,IWM,79.269997,58469700,2026-09-05T01:17:07Z
2011-06-09,SPY,129.399994,160964400,2026-09-05T01:17:07Z
2011-06-09,TIP,110.440002,621400,2026-09-05T01:17:07Z
2011-06-09,TLT,96.400002,9963000,2026-09-05T01:17:07Z
2011-06-09,VEA,37.639999,1221300,2026-09-05T01:17:07Z
2011-06-09,VNQ,59.599998,1381600,2026-09-05T01:17:07Z
2011-06-09,VWO,48.209999,21468000,2026-09-05T01:17:07Z
2011-06-10,BIL,45.860001,79400,2026-09-05T01:17:07Z
2011-06-10,DBC,30.280001,2663300,2026-09-05T01:17:07Z
2011-06-10,IEF,97.190002,1020500,2026-09-05T01:17:07Z
2011-06-10,IWM,78.000000,71823100,2026-09-05T01:17:07Z
2011-06-10,SPY,127.599998,238629400,2026-09-05T01:17:07Z
2011-06-10,TIP,110.400002,773600,2026-09-05T01:17:07Z
2011-06-10,TLT,97.139999,7710800,2026-09-05T01:17:07Z
2011-06-10,VEA,36.700001,2090600,2026-09-05T01:17:07Z
2011-06-10,VNQ,58.099998,2011600,2026-09-05T01:17:07Z
2011-06-10,VWO,47.220001,17367400,2026-09-05T01:17:07Z
2011-06-13,BIL,45.849998,94950,2026-09-05T01:17:07Z
2011-06-13,DBC,30.080000,1793900,2026-09-05T01:17:07Z
2011-06-13,IEF,96.980003,1009900,2026-09-05T01:17:07Z
2011-06-13,IWM,77.779999,60285400,2026-09-05T01:17:07Z
2011-06-13,SPY,127.699997,207599800,2026-09-05T01:17:07Z
2011-06-13,TIP,110.389999,554300,2026-09-05T01:17:07Z
2011-06-13,TLT,96.650002,5540000,2026-09-05T01:17:07Z
2011-06-13,VEA,36.799999,1365700,2026-09-05T01:17:07Z
2011-06-13,VNQ,58.340000,1780800,2026-09-05T01:17:07Z
2011-06-13,VWO,47.130001,14065100,2026-09-05T01:17:07Z
2011-06-14,BIL,45.860001,862400,2026-09-05T01:17:07Z
2011-06-14,DBC,30.290001,1501100,2026-09-05T01:17:07Z
2011-06-14,IEF,96.209999,2088800,2026-09-05T01:17:07Z
2011-06-14,IWM,79.449997,66662700,2026-09-05T01:17:07Z
2011-06-14,SPY,129.320007,160570400,2026-09-05T01:17:07Z
2011-06-14,TIP,110.089996,599400,2026-09-05T01:17:07Z
2011-06-14,TLT,95.190002,8672400,2026-09-05T01:17:07Z
2011-06-14,VEA,37.439999,1345300,2026-09-05T01:17:07Z
2011-06-14,VNQ,59.209999,1163900,2026-09-05T01:17:07Z
2011-06-14,VWO,47.799999,13857000,2026-09-05T01:17:07Z
2011-06-15,BIL,45.860001,113650,2026-09-05T01:17:07Z
2011-06-15,DBC,29.480000,2780200,2026-09-05T01:17:07Z
2011-06-15,IEF,97.250000,1352300,2026-09-05T01:17:07Z
2011-06-15,IWM,78.029999,89262000,2026-09-05T01:17:07Z
2011-06-15,SPY,127.019997,300958000,2026-09-05T01:17:07Z
2011-06-15,TIP,110.660004,513400,2026-09-05T01:17:07Z
2011-06-15,TLT,96.919998,12979100,2026-09-05T01:17:07Z
2011-06-15,VEA,36.160000,3319500,2026-09-05T01:17:07Z
2011-06-15,VNQ,58.259998,1761700,2026-09-05T01:17:07Z
2011-06-15,VWO,46.860001,24708800,2026-09-05T01:17:07Z
2011-06-16,BIL,45.860001,101900,2026-09-05T01:17:07Z
2011-06-16,DBC,29.360001,2566900,2026-09-05T01:17:07Z
2011-06-16,IEF,97.519997,1958400,2026-09-05T01:17:07Z
2011-06-16,IWM,78.209999,81849500,2026-09-05T01:17:07Z
2011-06-16,SPY,127.300003,308032800,2026-09-05T01:17:07Z
2011-06-16,TIP,110.580002,498900,2026-09-05T01:17:07Z
2011-06-16,TLT,97.360001,10961200,2026-09-05T01:17:07Z
2011-06-16,VEA,36.080002,2331600,2026-09-05T01:17:07Z
2011-06-16,VNQ,58.720001,2077100,2026-09-05T01:17:07Z
2011-06-16,VWO,46.490002,17614600,2026-09-05T01:17:07Z
2011-06-17,BIL,45.860001,96750,2026-09-05T01:17:07Z
2011-06-17,DBC,29.230000,3296900,2026-09-05T01:17:07Z
2011-06-17,IEF,97.449997,998000,2026-09-05T01:17:07Z
2011-06-17,IWM,78.230003,77862900,2026-09-05T01:17:07Z
2011-06-17,SPY,127.050003,233284900,2026-09-05T01:17:07Z
2011-06-17,TIP,110.519997,673200,2026-09-05T01:17:07Z
2011-06-17,TLT,96.900002,9622900,2026-09-05T01:17:07Z
2011-06-17,VEA,36.439999,1317300,2026-09-05T01:17:07Z
2011-06-17,VNQ,59.279999,1912800,2026-09-05T01:17:07Z
2011-06-17,VWO,46.570000,27241700,2026-09-05T01:17:07Z
2011-06-20,BIL,45.860001,102900,2026-09-05T01:17:07Z
2011-06-20,DBC,29.070000,2269700,2026-09-05T01:17:07Z
2011-06-20,IEF,97.300003,774100,2026-09-05T01:17:07Z
2011-06-20,IWM,78.949997,53343900,2026-09-05T01:17:07Z
2011-06-20,SPY,127.699997,159479000,2026-09-05T01:17:07Z
2011-06-20,TIP,110.220001,467800,2026-09-05T01:17:07Z
2011-06-20,TLT,97.019997,6613800,2026-09-05T01:17:07Z
2011-06-20,VEA,36.419998,1447200,2026-09-05T01:17:07Z
2011-06-20,VNQ,60.000000,1968200,2026-09-05T01:17:07Z
2011-06-20,VWO,46.439999,12113800,2026-09-05T01:17:07Z
2011-06-21,BIL,45.849998,433350,2026-09-05T01:17:07Z
2011-06-21,DBC,29.090000,2384900,2026-09-05T01:17:07Z
2011-06-21,IEF,97.169998,1064900,2026-09-05T01:17:07Z
2011-06-21,IWM,80.660004,75970200,2026-09-05T01:17:07Z
2011-06-21,SPY,129.449997,193157300,2026-09-05T01:17:07Z
2011-06-21,TIP,110.489998,590900,2026-09-05T01:17:07Z
2011-06-21,TLT,96.589996,7894900,2026-09-05T01:17:07Z
2011-06-21,VEA,37.209999,1211400,2026-09-05T01:17:07Z
2011-06-21,VNQ,60.470001,1375400,2026-09-05T01:17:07Z
2011-06-21,VWO,47.250000,17198900,2026-09-05T01:17:07Z
2011-06-22,BIL,45.860001,158700,2026-09-05T01:17:07Z
2011-06-22,DBC,29.219999,2407900,2026-09-05T01:17:07Z
2011-06-22,IEF,97.129997,1119300,2026-09-05T01:17:07Z
2011-06-22,IWM,80.040001,55839700,2026-09-05T01:17:07Z
2011-06-22,SPY,128.669998,176703000,2026-09-05T01:17:07Z
2011-06-22,TIP,110.239998,517100,2026-09-05T01:17:07Z
2011-06-22,TLT,96.650002,5503700,2026-09-05T01:17:07Z
2011-06-22,VEA,36.799999,3413800,2026-09-05T01:17:07Z
2011-06-22,VNQ,60.290001,3467800,2026-09-05T01:17:07Z
2011-06-22,VWO,46.880001,19447500,2026-09-05T01:17:07Z
2011-06-23,BIL,45.860001,523750,2026-09-05T01:17:07Z
2011-06-23,DBC,28.600000,3469400,2026-09-05T01:17:07Z
2011-06-23,IEF,97.639999,1264700,2026-09-05T01:17:07Z
2011-06-23,IWM,80.349998,92521100,2026-09-05T01:17:07Z
2011-06-23,SPY,128.300003,334286500,2026-09-05T01:17:07Z
2011-06-23,TIP,111.040001,676200,2026-09-05T01:17:07Z
2011-06-23,TLT,97.389999,8586800,2026-09-05T01:17:07Z
2011-06-23,VEA,36.439999,3235200,2026-09-05T01:17:07Z
2011-06-23,VNQ,59.070000,2618700,2026-09-05T01:17:07Z
2011-06-23,VWO,46.639999,19640900,2026-09-05T01:17:07Z
2011-06-24,BIL,45.849998,357750,2026-09-05T01:17:07Z
2011-06-24,DBC,28.260000,2449600,2026-09-05T01:17:07Z
2011-06-24,IEF,98.050003,997200,2026-09-05T01:17:07Z
2011-06-24,IWM,79.940002,73865400,2026-09-05T01:17:07Z
2011-06-24,SPY,126.809998,226129300,2026-09-05T01:17:07Z
2011-06-24,TIP,111.470001,556900,2026-09-05T01:17:07Z
2011-06-24,TLT,96.980003,7960900,2026-09-05T01:17:07Z
2011-06-24,VEA,36.110001,1152700,2026-09-05T01:17:07Z
2011-06-24,VNQ,58.580002,2083800,2026-09-05T01:17:07Z
2011-06-24,VWO,46.639999,12697100,2026-09-05T01:17:07Z
2011-06-27,BIL,45.849998,126950,2026-09-05T01:17:07Z
2011-06-27,DBC,28.250000,2262900,2026-09-05T01:17:07Z
2011-06-27,IEF,97.669998,1185700,2026-09-05T01:17:07Z
2011-06-27,IWM,80.559998,51195400,2026-09-05T01:17:07Z
2011-06-27,SPY,127.940002,168904700,2026-09-05T01:17:07Z
2011-06-27,TIP,111.290001,590100,2026-09-05T01:17:07Z
2011-06-27,TLT,95.650002,9331300,2026-09-05T01:17:07Z
2011-06-27,VEA,36.419998,1490600,2026-09-05T01:17:07Z
2011-06-27,VNQ,58.830002,2519000,2026-09-05T01:17:07Z
2011-06-27,VWO,47.060001,14577200,2026-09-05T01:17:07Z
2011-06-28,BIL,45.849998,289650,2026-09-05T01:17:07Z
2011-06-28,DBC,28.750000,2108000,2026-09-05T01:17:07Z
2011-06-28,IEF,96.769997,1315300,2026-09-05T01:17:07Z
2011-06-28,IWM,81.809998,54021800,2026-09-05T01:17:07Z
2011-06-28,SPY,129.610001,165556300,2026-09-05T01:17:07Z
2011-06-28,TIP,110.849998,668400,2026-09-05T01:17:07Z
2011-06-28,TLT,94.879997,12634300,2026-09-05T01:17:07Z
2011-06-28,VEA,36.860001,935600,2026-09-05T01:17:07Z
2011-06-28,VNQ,59.320000,1278700,2026-09-05T01:17:07Z
2011-06-28,VWO,47.669998,14198300,2026-09-05T01:17:07Z
2011-06-29,BIL,45.860001,1148950,2026-09-05T01:17:07Z
2011-06-29,DBC,29.270000,3084900,2026-09-05T01:17:07Z
2011-06-29,IEF,96.190002,1376300,2026-09-05T01:17:07Z
2011-06-29,IWM,82.199997,68230200,2026-09-05T01:17:07Z
2011-06-29,SPY,130.720001,244295500,2026-09-05T01:17:07Z
2011-06-29,TIP,110.889999,669600,2026-09-05T01:17:07Z
2011-06-29,TLT,94.250000,11084900,2026-09-05T01:17:07Z
2011-06-29,VEA,37.509998,2111300,2026-09-05T01:17:07Z
2011-06-29,VNQ,59.939999,2049000,2026-09-05T01:17:07Z
2011-06-29,VWO,48.070000,21791700,2026-09-05T01:17:07Z
2011-06-30,BIL,45.860001,1730050,2026-09-05T01:17:07Z
2011-06-30,DBC,28.959999,2714300,2026-09-05T01:17:07Z
2011-06-30,IEF,95.860001,1948200,2026-09-05T01:17:07Z
2011-06-30,IWM,82.800003,59915500,2026-09-05T01:17:07Z
2011-06-30,SPY,131.970001,223322700,2026-09-05T01:17:07Z
2011-06-30,TIP,110.639999,4825300,2026-09-05T01:17:07Z
2011-06-30,TLT,94.099998,11555600,2026-09-05T01:17:07Z
2011-06-30,VEA,38.080002,1135100,2026-09-05T01:17:07Z
2011-06-30,VNQ,60.099998,1960900,2026-09-05T01:17:07Z
2011-06-30,VWO,48.619999,24351400,2026-09-05T01:17:07Z
2011-07-01,BIL,45.849998,496400,2026-09-05T01:17:07Z
2011-07-01,DBC,29.000000,3498000,2026-09-05T01:17:07Z
2011-07-01,IEF,95.389999,1921800,2026-09-05T01:17:07Z
2011-07-01,IWM,84.089996,63908100,2026-09-05T01:17:07Z
2011-07-01,SPY,133.919998,202385700,2026-09-05T01:17:07Z
2011-07-01,TIP,110.010002,1451600,2026-09-05T01:17:07Z
2011-07-01,TLT,93.629997,6637200,2026-09-05T01:17:07Z
2011-07-01,VEA,38.480000,1100900,2026-09-05T01:17:07Z
2011-07-01,VNQ,61.130001,1796700,2026-09-05T01:17:07Z
2011-07-01,VWO,49.180000,14643700,2026-09-05T01:17:07Z
2011-07-05,BIL,45.849998,786700,2026-09-05T01:17:07Z
2011-07-05,DBC,29.389999,1529100,2026-09-05T01:17:07Z
2011-07-05,IEF,95.989998,2896800,2026-09-05T01:17:07Z
2011-07-05,IWM,84.040001,48268900,2026-09-05T01:17:07Z
2011-07-05,SPY,133.809998,165936000,2026-09-05T01:17:07Z
2011-07-05,TIP,110.129997,599900,2026-09-05T01:17:07Z
2011-07-05,TLT,93.839996,4615600,2026-09-05T01:17:07Z
2011-07-05,VEA,38.220001,1475500,2026-09-05T01:17:07Z
2011-07-05,VNQ,61.599998,1693200,2026-09-05T01:17:07Z
2011-07-05,VWO,49.049999,15211900,2026-09-05T01:17:07Z
2011-07-06,BIL,45.860001,222350,2026-09-05T01:17:07Z
2011-07-06,DBC,29.379999,1631700,2026-09-05T01:17:07Z
2011-07-06,IEF,96.160004,1234900,2026-09-05T01:17:07Z
2011-07-06,IWM,84.379997,57094100,2026-09-05T01:17:07Z
2011-07-06,SPY,133.970001,143331600,2026-09-05T01:17:07Z
2011-07-06,TIP,110.449997,896300,2026-09-05T01:17:07Z
2011-07-06,TLT,94.320000,5652700,2026-09-05T01:17:07Z
2011-07-06,VEA,38.029999,1060200,2026-09-05T01:17:07Z
2011-07-06,VNQ,62.060001,1655200,2026-09-05T01:17:07Z
2011-07-06,VWO,48.919998,17959600,2026-09-05T01:17:07Z
2011-07-07,BIL,45.849998,158850,2026-09-05T01:17:07Z
2011-07-07,DBC,30.000000,4944700,2026-09-05T01:17:07Z
2011-07-07,IEF,95.790001,1289100,2026-09-05T01:17:07Z
2011-07-07,IWM,85.650002,68556600,2026-09-05T01:17:07Z
2011-07-07,SPY,135.360001,170464200,2026-09-05T01:17:07Z
2011-07-07,TIP,110.410004,543400,2026-09-05T01:17:07Z
2011-07-07,TLT,94.040001,6823700,2026-09-05T01:17:07Z
2011-07-07,VEA,38.340000,1154000,2026-09-05T01:17:07Z
2011-07-07,VNQ,62.840000,1530900,2026-09-05T01:17:07Z
2011-07-07,VWO,49.509998,13856900,2026-09-05T01:17:07Z
2011-07-08,BIL,45.849998,70650,2026-09-05T01:17:07Z
2011-07-08,DBC,29.969999,1808300,2026-09-05T01:17:07Z
2011-07-08,IEF,96.809998,1278100,2026-09-05T01:17:07Z
2011-07-08,IWM,85.129997,61977400,2026-09-05T01:17:07Z
2011-07-08,SPY,134.399994,194100500,2026-09-05T01:17:07Z
2011-07-08,TIP,110.910004,1451300,2026-09-05T01:17:07Z
2011-07-08,TLT,95.370003,12129300,2026-09-05T01:17:07Z
2011-07-08,VEA,37.849998,1182100,2026-09-05T01:17:07Z
2011-07-08,VNQ,62.759998,1956000,2026-09-05T01:17:07Z
2011-07-08,VWO,49.000000,16989400,2026-09-05T01:17:07Z
2011-07-11,BIL,45.840000,147850,2026-09-05T01:17:07Z
2011-07-11,DBC,29.740000,1790400,2026-09-05T01:17:07Z
2011-07-11,IEF,97.550003,1158800,2026-09-05T01:17:07Z
2011-07-11,IWM,83.320000,59769800,2026-09-05T01:17:07Z
2011-07-11,SPY,131.970001,195918600,2026-09-05T01:17:07Z
2011-07-11,TIP,111.529999,900000,2026-09-05T01:17:07Z
2011-07-11,TLT,96.800003,9760800,2026-09-05T01:17:07Z
2011-07-11,VEA,36.720001,1270100,2026-09-05T01:17:07Z
2011-07-11,VNQ,61.669998,1878600,2026-09-05T01:17:07Z
2011-07-11,VWO,47.599998,29405800,2026-09-05T01:17:07Z
2011-07-12,BIL,45.849998,1150000,2026-09-05T01:17:07Z
2011-07-12,DBC,30.000000,1452500,2026-09-05T01:17:07Z
2011-07-12,IEF,97.690002,1205400,2026-09-05T01:17:07Z
2011-07-12,IWM,82.849998,65322100,2026-09-05T01:17:07Z
2011-07-12,SPY,131.399994,214675700,2026-09-05T01:17:07Z
2011-07-12,TIP,111.980003,711700,2026-09-05T01:17:07Z
2011-07-12,TLT,97.129997,9083900,2026-09-05T01:17:07Z
2011-07-12,VEA,36.450001,1419600,2026-09-05T01:17:07Z
2011-07-12,VNQ,61.880001,2078400,2026-09-05T01:17:07Z
2011-07-12,VWO,47.180000,15201200,2026-09-05T01:17:07Z
2011-07-13,BIL,45.860001,1115500,2026-09-05T01:17:07Z
2011-07-13,DBC,30.410000,2178900,2026-09-05T01:17:07Z
2011-07-13,IEF,97.849998,1247900,2026-09-05T01:17:07Z
2011-07-13,IWM,83.589996,79327200,2026-09-05T01:17:07Z
2011-07-13,SPY,131.839996,204062600,2026-09-05T01:17:07Z
2011-07-13,TIP,112.190002,1399100,2026-09-05T01:17:07Z
2011-07-13,TLT,97.400002,13112200,2026-09-05T01:17:07Z
2011-07-13,VEA,37.009998,1155100,2026-09-05T01:17:07Z
2011-07-13,VNQ,61.270000,1853600,2026-09-05T01:17:07Z
2011-07-13,VWO,47.889999,22930200,2026-09-05T01:17:07Z
2011-07-14,BIL,45.860001,216650,2026-09-05T01:17:07Z
2011-07-14,DBC,30.240000,1572800,2026-09-05T01:17:07Z
2011-07-14,IEF,97.290001,959000,2026-09-05T01:17:07Z
2011-07-14,IWM,82.260002,91726600,2026-09-05T01:17:07Z
2011-07-14,SPY,130.929993,226111800,2026-09-05T01:17:07Z
2011-07-14,TIP,111.519997,702700,2026-09-05T01:17:07Z
2011-07-14,TLT,96.010002,11471500,2026-09-05T01:17:07Z
2011-07-14,VEA,36.709999,1025900,2026-09-05T01:17:07Z
2011-07-14,VNQ,60.700001,1715800,2026-09-05T01:17:07Z
2011-07-14,VWO,47.459999,26887500,2026-09-05T01:17:07Z
2011-07-15,BIL,45.860001,496050,2026-09-05T01:17:07Z
2011-07-15,DBC,30.510000,4929900,2026-09-05T01:17:07Z
2011-07-15,IEF,97.690002,874200,2026-09-05T01:17:07Z
2011-07-15,IWM,82.809998,75496200,2026-09-05T01:17:07Z
2011-07-15,SPY,131.690002,220012800,2026-09-05T01:17:07Z
2011-07-15,TIP,111.870003,934900,2026-09-05T01:17:07Z
2011-07-15,TLT,96.169998,7086200,2026-09-05T01:17:07Z
2011-07-15,VEA,36.849998,1046200,2026-09-05T01:17:07Z
2011-07-15,VNQ,61.369999,1526200,2026-09-05T01:17:07Z
2011-07-15,VWO,47.730000,23968200,2026-09-05T01:17:07Z
2011-07-18,BIL,45.860001,803350,2026-09-05T01:17:07Z
2011-07-18,DBC,30.340000,1398400,2026-09-05T01:17:07Z
2011-07-18,IEF,97.629997,883600,2026-09-05T01:17:07Z
2011-07-18,IWM,81.480003,56859700,2026-09-05T01:17:07Z
2011-07-18,SPY,130.610001,196872100,2026-09-05T01:17:07Z
2011-07-18,TIP,111.970001,1108200,2026-09-05T01:17:07Z
2011-07-18,TLT,95.239998,8206500,2026-09-05T01:17:07Z
2011-07-18,VEA,36.279999,1183200,2026-09-05T01:17:07Z
2011-07-18,VNQ,60.939999,1272400,2026-09-05T01:17:07Z
2011-07-18,VWO,47.189999,17944400,2026-09-05T01:17:07Z
2011-07-19,BIL,45.860001,790000,2026-09-05T01:17:07Z
2011-07-19,DBC,30.549999,1518900,2026-09-05T01:17:07Z
2011-07-19,IEF,98.000000,1211400,2026-09-05T01:17:07Z
2011-07-19,IWM,83.320000,56060800,2026-09-05T01:17:07Z
2011-07-19,SPY,132.729996,166554900,2026-09-05T01:17:07Z
2011-07-19,TIP,112.529999,685800,2026-09-05T01:17:07Z
2011-07-19,TLT,97.220001,15249400,2026-09-05T01:17:07Z
2011-07-19,VEA,36.849998,1250100,2026-09-05T01:17:07Z
2011-07-19,VNQ,61.919998,1363100,2026-09-05T01:17:07Z
2011-07-19,VWO,47.869999,14880600,2026-09-05T01:17:07Z
2011-07-20,BIL,45.849998,162650,2026-09-05T01:17:07Z
2011-07-20,DBC,30.650000,1288900,2026-09-05T01:17:07Z
2011-07-20,IEF,97.519997,752900,2026-09-05T01:17:07Z
2011-07-20,IWM,83.180000,40277400,2026-09-05T01:17:07Z
2011-07-20,SPY,132.649994,137145400,2026-09-05T01:17:07Z
2011-07-20,TIP,111.889999,811800,2026-09-05T01:17:07Z
2011-07-20,TLT,96.070000,9673300,2026-09-05T01:17:07Z
2011-07-20,VEA,37.299999,916700,2026-09-05T01:17:07Z
2011-07-20,VNQ,62.369999,1508500,2026-09-05T01:17:07Z
2011-07-20,VWO,47.970001,13645200,2026-09-05T01:17:07Z
2011-07-21,BIL,45.849998,790450,2026-09-05T01:17:07Z
2011-07-21,DBC,30.500000,1247100,2026-09-05T01:17:07Z
2011-07-21,IEF,96.980003,1211000,2026-09-05T01:17:07Z
2011-07-21,IWM,83.940002,63405500,2026-09-05T01:17:07Z
2011-07-21,SPY,134.490005,245246300,2026-09-05T01:17:07Z
2011-07-21,TIP,111.660004,762500,2026-09-05T01:17:07Z
2011-07-21,TLT,95.330002,11099200,2026-09-05T01:17:07Z
2011-07-21,VEA,38.099998,1854400,2026-09-05T01:17:07Z
2011-07-21,VNQ,62.869999,1373600,2026-09-05T01:17:07Z
2011-07-21,VWO,48.639999,12279700,2026-09-05T01:17:07Z
2011-07-22,BIL,45.860001,162550,2026-09-05T01:17:07Z
2011-07-22,DBC,30.750000,1437500,2026-09-05T01:17:07Z
2011-07-22,IEF,97.349998,813700,2026-09-05T01:17:07Z
2011-07-22,IWM,84.050003,34540200,2026-09-05T01:17:07Z
2011-07-22,SPY,134.580002,126019400,2026-09-05T01:17:07Z
2011-07-22,TIP,112.029999,433400,2026-09-05T01:17:07Z
2011-07-22,TLT,96.050003,4974500,2026-09-05T01:17:07Z
2011-07-22,VEA,38.180000,1704300,2026-09-05T01:17:07Z
2011-07-22,VNQ,63.180000,1184400,2026-09-05T01:17:07Z
2011-07-22,VWO,48.680000,17812500,2026-09-05T01:17:07Z
2011-07-25,BIL,45.860001,72300,2026-09-05T01:17:07Z
2011-07-25,DBC,30.600000,2431300,2026-09-05T01:17:07Z
2011-07-25,IEF,97.040001,1541700,2026-09-05T01:17:07Z
2011-07-25,IWM,83.059998,49764900,2026-09-05T01:17:07Z
2011-07-25,SPY,133.830002,136653800,2026-09-05T01:17:07Z
2011-07-25,TIP,112.150002,2195600,2026-09-05T01:17:07Z
2011-07-25,TLT,95.000000,10869400,2026-09-05T01:17:07Z
2011-07-25,VEA,37.919998,1144300,2026-09-05T01:17:07Z
2011-07-25,VNQ,62.590000,2624300,2026-09-05T01:17:07Z
2011-07-25,VWO,48.619999,17815300,2026-09-05T01:17:07Z
2011-07-26,BIL,45.860001,85800,2026-09-05T01:17:07Z
2011-07-26,DBC,30.840000,1289400,2026-09-05T01:17:07Z
2011-07-26,IEF,97.449997,655600,2026-09-05T01:17:07Z
2011-07-26,IWM,82.430000,52205500,2026-09-05T01:17:07Z
2011-07-26,SPY,133.330002,131278200,2026-09-05T01:17:07Z
2011-07-26,TIP,112.190002,838200,2026-09-05T01:17:07Z
2011-07-26,TLT,95.650002,7682800,2026-09-05T01:17:07Z
2011-07-26,VEA,38.160000,939400,2026-09-05T01:17:07Z
2011-07-26,VNQ,62.730000,1815200,2026-09-05T01:17:07Z
2011-07-26,VWO,48.830002,20568800,2026-09-05T01:17:07Z
2011-07-27,BIL,45.860001,906050,2026-09-05T01:17:07Z
2011-07-27,DBC,30.629999,2352100,2026-09-05T01:17:07Z
2011-07-27,IEF,97.290001,1066600,2026-09-05T01:17:07Z
2011-07-27,IWM,79.970001,97533300,2026-09-05T01:17:07Z
2011-07-27,SPY,130.600006,249020100,2026-09-05T01:17:07Z
2011-07-27,TIP,112.400002,1217800,2026-09-05T01:17:07Z
2011-07-27,TLT,95.660004,11224200,2026-09-05T01:17:07Z
2011-07-27,VEA,37.230000,1144500,2026-09-05T01:17:07Z
2011-07-27,VNQ,60.970001,1794700,2026-09-05T01:17:07Z
2011-07-27,VWO,48.060001,16224900,2026-09-05T01:17:07Z
2011-07-28,BIL,45.860001,802800,2026-09-05T01:17:07Z
2011-07-28,DBC,30.530001,1545700,2026-09-05T01:17:07Z
2011-07-28,IEF,97.480003,671500,2026-09-05T01:17:07Z
2011-07-28,IWM,79.839996,67439400,2026-09-05T01:17:07Z
2011-07-28,SPY,130.220001,207939900,2026-09-05T01:17:07Z
2011-07-28,TIP,112.860001,1250100,2026-09-05T01:17:07Z
2011-07-28,TLT,96.019997,7081600,2026-09-05T01:17:07Z
2011-07-28,VEA,37.090000,1812300,2026-09-05T01:17:07Z
2011-07-28,VNQ,61.029999,2360300,2026-09-05T01:17:07Z
2011-07-28,VWO,48.110001,16963800,2026-09-05T01:17:07Z
2011-07-29,BIL,45.860001,1060950,2026-09-05T01:17:07Z
2011-07-29,DBC,30.280001,2994300,2026-09-05T01:17:07Z
2011-07-29,IEF,98.660004,1602200,2026-09-05T01:17:07Z
2011-07-29,IWM,79.739998,93519600,2026-09-05T01:17:07Z
2011-07-29,SPY,129.330002,307038400,2026-09-05T01:17:07Z
2011-07-29,TIP,114.169998,1316100,2026-09-05T01:17:07Z
2011-07-29,TLT,97.919998,19582400,2026-09-05T01:17:07Z
2011-07-29,VEA,37.169998,1491600,2026-09-05T01:17:07Z
2011-07-29,VNQ,61.040001,1982300,2026-09-05T01:17:07Z
2011-07-29,VWO,48.320000,29921100,2026-09-05T01:17:07Z
2011-08-01,BIL,45.860001,290250,2026-09-05T01:17:07Z
2011-08-01,DBC,30.280001,3674200,2026-09-05T01:17:07Z
2011-08-01,IEF,98.779999,2389600,2026-09-05T01:17:07Z
2011-08-01,IWM,79.220001,93483200,2026-09-05T01:17:07Z
2011-08-01,SPY,128.779999,325790900,2026-09-05T01:17:07Z
2011-08-01,TIP,113.900002,1461100,2026-09-05T01:17:07Z
2011-08-01,TLT,98.580002,14348200,2026-09-05T01:17:07Z
2011-08-01,VEA,36.740002,2005000,2026-09-05T01:17:07Z
2011-08-01,VNQ,60.119999,2668900,2026-09-05T01:17:07Z
2011-08-01,VWO,48.279999,23282200,2026-09-05T01:17:07Z
2011-08-02,BIL,45.860001,1012600,2026-09-05T01:17:07Z
2011-08-02,DBC,30.280001,2369000,2026-09-05T01:17:07Z
2011-08-02,IEF,99.690002,2287600,2026-09-05T01:17:07Z
2011-08-02,IWM,76.750000,95669600,2026-09-05T01:17:07Z
2011-08-02,SPY,125.489998,346653800,2026-09-05T01:17:07Z
2011-08-02,TIP,114.650002,1112400,2026-09-05T01:17:07Z
2011-08-02,TLT,101.540001,20850600,2026-09-05T01:17:07Z
2011-08-02,VEA,35.779999,2201300,2026-09-05T01:17:07Z
2011-08-02,VNQ,58.200001,3298000,2026-09-05T01:17:07Z
2011-08-02,VWO,46.869999,19827200,2026-09-05T01:17:07Z
2011-08-03,BIL,45.860001,681150,2026-09-05T01:17:07Z
2011-08-03,DBC,29.830000,3764300,2026-09-05T01:17:07Z
2011-08-03,IEF,99.769997,1922600,2026-09-05T01:17:07Z
2011-08-03,IWM,77.260002,114910400,2026-09-05T01:17:07Z
2011-08-03,SPY,126.169998,370830800,2026-09-05T01:17:07Z
2011-08-03,TIP,113.940002,1435700,2026-09-05T01:17:07Z
2011-08-03,TLT,101.739998,21179700,2026-09-05T01:17:07Z
2011-08-03,VEA,35.980000,4428900,2026-09-05T01:17:07Z
2011-08-03,VNQ,57.720001,4775700,2026-09-05T01:17:07Z
2011-08-03,VWO,46.660000,57941000,2026-09-05T01:17:07Z
2011-08-04,BIL,45.860001,1335150,2026-09-05T01:17:07Z
2011-08-04,DBC,28.700001,3271600,2026-09-05T01:17:07Z
2011-08-04,IEF,101.089996,2813700,2026-09-05T01:17:07Z
2011-08-04,IWM,72.599998,130904800,2026-09-05T01:17:07Z
2011-08-04,SPY,120.260002,520721800,2026-09-05T01:17:07Z
2011-08-04,TIP,114.940002,1454100,2026-09-05T01:17:07Z
2011-08-04,TLT,105.360001,34076600,2026-09-05T01:17:07Z
2011-08-04,VEA,33.410000,3557600,2026-09-05T01:17:07Z
2011-08-04,VNQ,54.900002,4629400,2026-09-05T01:17:07Z
2011-08-04,VWO,43.990002,53168500,2026-09-05T01:17:07Z
2011-08-05,BIL,45.860001,438750,2026-09-05T01:17:07Z
2011-08-05,DBC,28.820000,6356400,2026-09-05T01:17:07Z
2011-08-05,IEF,99.919998,3041500,2026-09-05T01:17:07Z
2011-08-05,IWM,71.330002,188585600,2026-09-05T01:17:07Z
2011-08-05,SPY,120.080002,655619200,2026-09-05T01:17:07Z
2011-08-05,TIP,113.629997,1921600,2026-09-05T01:17:07Z
2011-08-05,TLT,102.320000,41677700,2026-09-05T01:17:07Z
2011-08-05,VEA,34.040001,6495200,2026-09-05T01:17:07Z
2011-08-05,VNQ,53.529999,7017600,2026-09-05T01:17:07Z
2011-08-05,VWO,43.650002,53412100,2026-09-05T01:17:07Z
2011-08-08,BIL,45.860001,560600,2026-09-05T01:17:07Z
2011-08-08,DBC,27.750000,6396500,2026-09-05T01:17:07Z
2011-08-08,IEF,101.510002,5178100,2026-09-05T01:17:07Z
2011-08-08,IWM,65.120003,170159700,2026-09-05T01:17:07Z
2011-08-08,SPY,112.260002,702263900,2026-09-05T01:17:07Z
2011-08-08,TIP,115.000000,3026800,2026-09-05T01:17:07Z
2011-08-08,TLT,105.550003,38259500,2026-09-05T01:17:07Z
2011-08-08,VEA,31.430000,6240900,2026-09-05T01:17:07Z
2011-08-08,VNQ,48.880001,9058400,2026-09-05T01:17:07Z
2011-08-08,VWO,40.130001,84218900,2026-09-05T01:17:07Z
2011-08-09,BIL,45.860001,658450,2026-09-05T01:17:07Z
2011-08-09,DBC,28.020000,7987800,2026-09-05T01:17:07Z
2011-08-09,IEF,102.099998,3768400,2026-09-05T01:17:07Z
2011-08-09,IWM,69.459999,207867000,2026-09-05T01:17:07Z
2011-08-09,SPY,117.480003,717828700,2026-09-05T01:17:07Z
2011-08-09,TIP,115.959999,2672200,2026-09-05T01:17:07Z
2011-08-09,TLT,105.870003,39881400,2026-09-05T01:17:07Z
2011-08-09,VEA,33.520000,6185200,2026-09-05T01:17:07Z
2011-08-09,VNQ,53.330002,8039400,2026-09-05T01:17:07Z
2011-08-09,VWO,42.270000,70857000,2026-09-05T01:17:07Z
2011-08-10,BIL,45.860001,374150,2026-09-05T01:17:07Z
2011-08-10,DBC,28.139999,3560900,2026-09-05T01:17:07Z
2011-08-10,IEF,103.449997,2768900,2026-09-05T01:17:07Z
2011-08-10,IWM,66.059998,182376400,2026-09-05T01:17:07Z
2011-08-10,SPY,112.290001,662607400,2026-09-05T01:17:07Z
2011-08-10,TIP,118.099998,2136300,2026-09-05T01:17:07Z
2011-08-10,TLT,109.019997,46221000,2026-09-05T01:17:07Z
2011-08-10,VEA,31.540001,4453200,2026-09-05T01:17:07Z
2011-08-10,VNQ,52.099998,7527500,2026-09-05T01:17:07Z
2011-08-10,VWO,40.090000,45774500,2026-09-05T01:17:07Z
2011-08-11,BIL,45.860001,224700,2026-09-05T01:17:07Z
2011-08-11,DBC,28.750000,4045100,2026-09-05T01:17:07Z
2011-08-11,IEF,101.930000,2344700,2026-09-05T01:17:07Z
2011-08-11,IWM,69.360001,121880100,2026-09-05T01:17:07Z
2011-08-11,SPY,117.330002,487979700,2026-09-05T01:17:07Z
2011-08-11,TIP,115.639999,2414100,2026-09-05T01:17:07Z
2011-08-11,TLT,103.519997,37790100,2026-09-05T01:17:07Z
2011-08-11,VEA,33.020000,3561100,2026-09-05T01:17:07Z
2011-08-11,VNQ,54.799999,4463100,2026-09-05T01:17:07Z
2011-08-11,VWO,42.400002,48216500,2026-09-05T01:17:07Z
2011-08-12,BIL,45.860001,779850,2026-09-05T01:17:07Z
2011-08-12,DBC,28.709999,4533200,2026-09-05T01:17:07Z
2011-08-12,IEF,102.639999,1176300,2026-09-05T01:17:07Z
2011-08-12,IWM,69.790001,86475800,2026-09-05T01:17:07Z
2011-08-12,SPY,118.120003,313731600,2026-09-05T01:17:07Z
2011-08-12,TIP,116.300003,1359400,2026-09-05T01:17:07Z
2011-08-12,TLT,105.570000,15590800,2026-09-05T01:17:07Z
2011-08-12,VEA,33.520000,2832600,2026-09-05T01:17:07Z
2011-08-12,VNQ,54.790001,4019100,2026-09-05T01:17:07Z
2011-08-12,VWO,42.369999,30435800,2026-09-05T01:17:07Z
2011-08-15,BIL,45.860001,9127350,2026-09-05T01:17:07Z
2011-08-15,DBC,29.059999,1285900,2026-09-05T01:17:07Z
2011-08-15,IEF,102.260002,986300,2026-09-05T01:17:07Z
2011-08-15,IWM,71.760002,57616800,2026-09-05T01:17:07Z
2011-08-15,SPY,120.620003,258810600,2026-09-05T01:17:07Z
2011-08-15,TIP,115.709999,1247300,2026-09-05T01:17:07Z
2011-08-15,TLT,104.500000,10051700,2026-09-05T01:17:07Z
2011-08-15,VEA,34.310001,2238300,2026-09-05T01:17:07Z
2011-08-15,VNQ,56.790001,2630500,2026-09-05T01:17:07Z
2011-08-15,VWO,43.389999,20611900,2026-09-05T01:17:07Z
2011-08-16,BIL,45.860001,368100,2026-09-05T01:17:07Z
2011-08-16,DBC,29.059999,2271600,2026-09-05T01:17:07Z
2011-08-16,IEF,102.730003,2025400,2026-09-05T01:17:07Z
2011-08-16,IWM,70.440002,79484300,2026-09-05T01:17:07Z
2011-08-16,SPY,119.589996,294095200,2026-09-05T01:17:07Z
2011-08-16,TIP,115.970001,1114400,2026-09-05T01:17:07Z
2011-08-16,TLT,106.230003,15993200,2026-09-05T01:17:07Z
2011-08-16,VEA,33.700001,2519300,2026-09-05T01:17:07Z
2011-08-16,VNQ,56.619999,2688800,2026-09-05T01:17:07Z
2011-08-16,VWO,42.910000,26005100,2026-09-05T01:17:07Z
2011-08-17,BIL,45.860001,331200,2026-09-05T01:17:07Z
2011-08-17,DBC,29.309999,2382800,2026-09-05T01:17:07Z
2011-08-17,IEF,103.449997,826200,2026-09-05T01:17:07Z
2011-08-17,IWM,70.459999,66789100,2026-09-05T01:17:07Z
2011-08-17,SPY,119.669998,238201100,2026-09-05T01:17:07Z
2011-08-17,TIP,116.570000,1002000,2026-09-05T01:17:07Z
2011-08-17,TLT,108.089996,15906600,2026-09-05T01:17:07Z
2011-08-17,VEA,33.919998,3713100,2026-09-05T01:17:07Z
2011-08-17,VNQ,56.779999,2230600,2026-09-05T01:17:07Z
2011-08-17,VWO,43.200001,28824000,2026-09-05T01:17:07Z
2011-08-18,BIL,45.840000,525450,2026-09-05T01:17:07Z
2011-08-18,DBC,28.590000,2723400,2026-09-05T01:17:07Z
2011-08-18,IEF,103.989998,2211800,2026-09-05T01:17:07Z
2011-08-18,IWM,66.449997,110692200,2026-09-05T01:17:07Z
2011-08-18,SPY,114.510002,512956300,2026-09-05T01:17:07Z
2011-08-18,TIP,115.680000,1371300,2026-09-05T01:17:07Z
2011-08-18,TLT,110.309998,27274600,2026-09-05T01:17:07Z
2011-08-18,VEA,32.340000,2823800,2026-09-05T01:17:07Z
2011-08-18,VNQ,54.250000,3488600,2026-09-05T01:17:07Z
2011-08-18,VWO,41.369999,31123900,2026-09-05T01:17:07Z
2011-08-19,BIL,45.860001,941750,2026-09-05T01:17:07Z
2011-08-19,DBC,29.100000,3525500,2026-09-05T01:17:07Z
2011-08-19,IEF,104.099998,683200,2026-09-05T01:17:07Z
2011-08-19,IWM,65.279999,99196100,2026-09-05T01:17:07Z
2011-08-19,SPY,112.639999,428281300,2026-09-05T01:17:07Z
2011-08-19,TIP,116.070000,1790300,2026-09-05T01:17:07Z
2011-08-19,TLT,111.199997,15708400,2026-09-05T01:17:07Z
2011-08-19,VEA,31.799999,2124300,2026-09-05T01:17:07Z
2011-08-19,VNQ,53.209999,3271400,2026-09-05T01:17:07Z
2011-08-19,VWO,40.740002,34652400,2026-09-05T01:17:07Z
2011-08-22,BIL,45.840000,247900,2026-09-05T01:17:07Z
2011-08-22,DBC,29.150000,1576600,2026-09-05T01:17:07Z
2011-08-22,IEF,103.910004,913600,2026-09-05T01:17:07Z
2011-08-22,IWM,65.050003,72211900,2026-09-05T01:17:07Z
2011-08-22,SPY,112.730003,275090600,2026-09-05T01:17:07Z
2011-08-22,TIP,116.040001,1382400,2026-09-05T01:17:07Z
2011-08-22,TLT,110.919998,13157700,2026-09-05T01:17:07Z
2011-08-22,VEA,32.040001,2224900,2026-09-05T01:17:07Z
2011-08-22,VNQ,53.270000,2213600,2026-09-05T01:17:07Z
2011-08-22,VWO,40.700001,17535200,2026-09-05T01:17:07Z
2011-08-23,BIL,45.860001,709250,2026-09-05T01:17:07Z
2011-08-23,DBC,29.450001,1825500,2026-09-05T01:17:07Z
2011-08-23,IEF,103.489998,1414200,2026-09-05T01:17:07Z
2011-08-23,IWM,68.190002,93274300,2026-09-05T01:17:07Z
2011-08-23,SPY,116.440002,331136600,2026-09-05T01:17:07Z
2011-08-23,TIP,115.320000,1287900,2026-09-05T01:17:07Z
2011-08-23,TLT,109.389999,16017800,2026-09-05T01:17:07Z
2011-08-23,VEA,33.060001,2421900,2026-09-05T01:17:07Z
2011-08-23,VNQ,54.580002,2687800,2026-09-05T01:17:07Z
2011-08-23,VWO,42.099998,25261700,2026-09-05T01:17:07Z
2011-08-24,BIL,45.860001,190750,2026-09-05T01:17:07Z
2011-08-24,DBC,29.150000,1226600,2026-09-05T01:17:07Z
2011-08-24,IEF,102.379997,1089800,2026-09-05T01:17:07Z
2011-08-24,IWM,69.199997,67698000,2026-09-05T01:17:07Z
2011-08-24,SPY,118.080002,246869700,2026-09-05T01:17:07Z
2011-08-24,TIP,113.620003,1760500,2026-09-05T01:17:07Z
2011-08-24,TLT,106.279999,14621600,2026-09-05T01:17:07Z
2011-08-24,VEA,33.049999,1771500,2026-09-05T01:17:07Z
2011-08-24,VNQ,55.299999,3095000,2026-09-05T01:17:07Z
2011-08-24,VWO,41.810001,22082500,2026-09-05T01:17:07Z
2011-08-25,BIL,45.840000,334800,2026-09-05T01:17:07Z
2011-08-25,DBC,29.280001,1326300,2026-09-05T01:17:07Z
2011-08-25,IEF,103.010002,1391200,2026-09-05T01:17:07Z
2011-08-25,IWM,67.500000,80732900,2026-09-05T01:17:07Z
2011-08-25,SPY,116.279999,312365400,2026-09-05T01:17:07Z
2011-08-25,TIP,114.510002,1262200,2026-09-05T01:17:07Z
2011-08-25,TLT,107.430000,10565900,2026-09-05T01:17:07Z
2011-08-25,VEA,32.290001,1946000,2026-09-05T01:17:07Z
2011-08-25,VNQ,54.270000,2370800,2026-09-05T01:17:07Z
2011-08-25,VWO,40.990002,28424900,2026-09-05T01:17:07Z
2011-08-26,BIL,45.860001,247950,2026-09-05T01:17:07Z
2011-08-26,DBC,29.610001,1568400,2026-09-05T01:17:07Z
2011-08-26,IEF,103.339996,1080300,2026-09-05T01:17:07Z
2011-08-26,IWM,69.110001,84468500,2026-09-05T01:17:07Z
2011-08-26,SPY,117.970001,314495900,2026-09-05T01:17:07Z
2011-08-26,TIP,114.849998,1665100,2026-09-05T01:17:07Z
2011-08-26,TLT,108.489998,11504800,2026-09-05T01:17:07Z
2011-08-26,VEA,32.750000,1740400,2026-09-05T01:17:07Z
2011-08-26,VNQ,54.930000,2829900,2026-09-05T01:17:07Z
2011-08-26,VWO,41.599998,27266300,2026-09-05T01:17:07Z
2011-08-29,BIL,45.860001,11294400,2026-09-05T01:17:07Z
2011-08-29,DBC,29.709999,1316800,2026-09-05T01:17:07Z
2011-08-29,IEF,102.660004,1106000,2026-09-05T01:17:07Z
2011-08-29,IWM,72.379997,53069800,2026-09-05T01:17:07Z
2011-08-29,SPY,121.360001,190977200,2026-09-05T01:17:07Z
2011-08-29,TIP,114.169998,775000,2026-09-05T01:17:07Z
2011-08-29,TLT,106.989998,6764300,2026-09-05T01:17:07Z
2011-08-29,VEA,33.549999,1354800,2026-09-05T01:17:07Z
2011-08-29,VNQ,56.810001,1976900,2026-09-05T01:17:07Z
2011-08-29,VWO,42.939999,13568700,2026-09-05T01:17:07Z
2011-08-30,BIL,45.860001,952000,2026-09-05T01:17:07Z
2011-08-30,DBC,30.110001,2290300,2026-09-05T01:17:07Z
2011-08-30,IEF,103.370003,693800,2026-09-05T01:17:07Z
2011-08-30,IWM,72.800003,67801600,2026-09-05T01:17:07Z
2011-08-30,SPY,121.680000,241315700,2026-09-05T01:17:07Z
2011-08-30,TIP,114.839996,1261400,2026-09-05T01:17:07Z
2011-08-30,TLT,108.709999,9508700,2026-09-05T01:17:07Z
2011-08-30,VEA,33.410000,3707800,2026-09-05T01:17:07Z
2011-08-30,VNQ,56.970001,2705900,2026-09-05T01:17:07Z
2011-08-30,VWO,43.000000,16784900,2026-09-05T01:17:07Z
2011-08-31,BIL,45.860001,523750,2026-09-05T01:17:07Z
2011-08-31,DBC,30.160000,2556300,2026-09-05T01:17:07Z
2011-08-31,IEF,103.000000,1069300,2026-09-05T01:17:07Z
2011-08-31,IWM,72.650002,70313900,2026-09-05T01:17:07Z
2011-08-31,SPY,122.220001,301828400,2026-09-05T01:17:07Z
2011-08-31,TIP,114.320000,1874000,2026-09-05T01:17:07Z
2011-08-31,TLT,107.029999,12186000,2026-09-05T01:17:07Z
2011-08-31,VEA,33.980000,2682600,2026-09-05T01:17:07Z
2011-08-31,VNQ,57.610001,3047600,2026-09-05T01:17:07Z
2011-08-31,VWO,43.930000,23863200,2026-09-05T01:17:07Z
2011-09-01,BIL,45.860001,1048100,2026-09-05T01:17:07Z
2011-09-01,DBC,29.950001,2680100,2026-09-05T01:17:07Z
2011-09-01,IEF,103.589996,1566800,2026-09-05T01:17:07Z
2011-09-01,IWM,71.089996,86788800,2026-09-05T01:17:07Z
2011-09-01,SPY,120.940002,254585900,2026-09-05T01:17:07Z
2011-09-01,TIP,115.349998,2585400,2026-09-05T01:17:07Z
2011-09-01,TLT,108.970001,10686600,2026-09-05T01:17:07Z
2011-09-01,VEA,33.590000,3222100,2026-09-05T01:17:07Z
2011-09-01,VNQ,56.779999,4270000,2026-09-05T01:17:07Z
2011-09-01,VWO,43.720001,28644400,2026-09-05T01:17:07Z
2011-09-02,BIL,45.860001,479450,2026-09-05T01:17:07Z
2011-09-02,DBC,29.790001,1547800,2026-09-05T01:17:07Z
2011-09-02,IEF,104.540001,1137900,2026-09-05T01:17:07Z
2011-09-02,IWM,68.459999,78920100,2026-09-05T01:17:07Z
2011-09-02,SPY,117.849998,255517200,2026-09-05T01:17:07Z
2011-09-02,TIP,116.610001,1007500,2026-09-05T01:17:07Z
2011-09-02,TLT,112.510002,16557100,2026-09-05T01:17:07Z
2011-09-02,VEA,32.779999,2224800,2026-09-05T01:17:07Z
2011-09-02,VNQ,55.439999,3459400,2026-09-05T01:17:07Z
2011-09-02,VWO,42.790001,20675600,2026-09-05T01:17:07Z
2011-09-06,BIL,45.849998,8617200,2026-09-05T01:17:07Z
2011-09-06,DBC,29.690001,2387500,2026-09-05T01:17:07Z
2011-09-06,IEF,104.680000,1200500,2026-09-05T01:17:07Z
2011-09-06,IWM,68.269997,71493900,2026-09-05T01:17:07Z
2011-09-06,SPY,116.989998,285130500,2026-09-05T01:17:07Z
2011-09-06,TIP,115.919998,1110200,2026-09-05T01:17:07Z
2011-09-06,TLT,113.680000,14016200,2026-09-05T01:17:07Z
2011-09-06,VEA,31.730000,2630900,2026-09-05T01:17:07Z
2011-09-06,VNQ,55.200001,3163900,2026-09-05T01:17:07Z
2011-09-06,VWO,42.279999,24786200,2026-09-05T01:17:07Z
2011-09-07,BIL,45.840000,367950,2026-09-05T01:17:07Z
2011-09-07,DBC,29.959999,4563800,2026-09-05T01:17:07Z
2011-09-07,IEF,104.120003,945800,2026-09-05T01:17:07Z
2011-09-07,IWM,70.849998,68952400,2026-09-05T01:17:07Z
2011-09-07,SPY,120.290001,209803200,2026-09-05T01:17:07Z
2011-09-07,TIP,115.610001,675100,2026-09-05T01:17:07Z
2011-09-07,TLT,111.510002,11524300,2026-09-05T01:17:07Z
2011-09-07,VEA,32.680000,1606600,2026-09-05T01:17:07Z
2011-09-07,VNQ,57.279999,1902000,2026-09-05T01:17:07Z
2011-09-07,VWO,43.520000,11876500,2026-09-05T01:17:07Z
2011-09-08,BIL,45.840000,698000,2026-09-05T01:17:07Z
2011-09-08,DBC,29.760000,1059300,2026-09-05T01:17:07Z
2011-09-08,IEF,104.629997,935700,2026-09-05T01:17:07Z
2011-09-08,IWM,69.550003,71124100,2026-09-05T01:17:07Z
2011-09-08,SPY,119.040001,250568200,2026-09-05T01:17:07Z
2011-09-08,TIP,116.300003,610600,2026-09-05T01:17:07Z
2011-09-08,TLT,112.510002,11480900,2026-09-05T01:17:07Z
2011-09-08,VEA,32.020000,1469700,2026-09-05T01:17:07Z
2011-09-08,VNQ,56.840000,2395000,2026-09-05T01:17:07Z
2011-09-08,VWO,42.630001,31514700,2026-09-05T01:17:07Z
2011-09-09,BIL,45.849998,731050,2026-09-05T01:17:07Z
2011-09-09,DBC,29.290001,2150200,2026-09-05T01:17:07Z
2011-09-09,IEF,105.139999,1014200,2026-09-05T01:17:07Z
2011-09-09,IWM,67.500000,99453600,2026-09-05T01:17:07Z
2011-09-09,SPY,115.919998,380195100,2026-09-05T01:17:07Z
2011-09-09,TIP,116.440002,1157300,2026-09-05T01:17:07Z
2011-09-09,TLT,113.709999,11492700,2026-09-05T01:17:07Z
2011-09-09,VEA,30.950001,1943300,2026-09-05T01:17:07Z
2011-09-09,VNQ,55.060001,2436900,2026-09-05T01:17:07Z
2011-09-09,VWO,41.150002,34029900,2026-09-05T01:17:07Z
2011-09-12,BIL,45.849998,287700,2026-09-05T01:17:07Z
2011-09-12,DBC,29.219999,3914000,2026-09-05T01:17:07Z
2011-09-12,IEF,104.820000,2177800,2026-09-05T01:17:07Z
2011-09-12,IWM,68.080002,100109900,2026-09-05T01:17:07Z
2011-09-12,SPY,116.669998,305793500,2026-09-05T01:17:07Z
2011-09-12,TIP,116.040001,693100,2026-09-05T01:17:07Z
2011-09-12,TLT,113.830002,7602200,2026-09-05T01:17:07Z
2011-09-12,VEA,30.740000,2943700,2026-09-05T01:17:07Z
2011-09-12,VNQ,55.240002,4245800,2026-09-05T01:17:07Z
2011-09-12,VWO,41.000000,28205700,2026-09-05T01:17:07Z
2011-09-13,BIL,45.840000,568550,2026-09-05T01:17:07Z
2011-09-13,DBC,29.129999,1229000,2026-09-05T01:17:07Z
2011-09-13,IEF,104.510002,932600,2026-09-05T01:17:07Z
2011-09-13,IWM,69.180000,84144100,2026-09-05T01:17:07Z
2011-09-13,SPY,117.739998,272514700,2026-09-05T01:17:07Z
2011-09-13,TIP,115.540001,597300,2026-09-05T01:17:07Z
2011-09-13,TLT,112.209999,9282400,2026-09-05T01:17:07Z
2011-09-13,VEA,31.070000,1797100,2026-09-05T01:17:07Z
2011-09-13,VNQ,55.369999,2166300,2026-09-05T01:17:07Z
2011-09-13,VWO,41.060001,34523400,2026-09-05T01:17:07Z
2011-09-14,BIL,45.840000,308000,2026-09-05T01:17:07Z
2011-09-14,DBC,28.990000,1337300,2026-09-05T01:17:07Z
2011-09-14,IEF,104.570000,1214000,2026-09-05T01:17:07Z
2011-09-14,IWM,70.419998,77019200,2026-09-05T01:17:07Z
2011-09-14,SPY,119.370003,319389500,2026-09-05T01:17:07Z
2011-09-14,TIP,115.400002,703900,2026-09-05T01:17:07Z
2011-09-14,TLT,113.160004,11948500,2026-09-05T01:17:07Z
2011-09-14,VEA,31.500000,2219700,2026-09-05T01:17:07Z
2011-09-14,VNQ,55.730000,2115200,2026-09-05T01:17:07Z
2011-09-14,VWO,40.889999,37946100,2026-09-05T01:17:07Z
2011-09-15,BIL,45.840000,923750,2026-09-05T01:17:07Z
2011-09-15,DBC,29.110001,1135800,2026-09-05T01:17:07Z
2011-09-15,IEF,103.790001,1037900,2026-09-05T01:17:07Z
2011-09-15,IWM,71.410004,74213100,2026-09-05T01:17:07Z
2011-09-15,SPY,121.430000,326777200,2026-09-05T01:17:07Z
2011-09-15,TIP,115.169998,530600,2026-09-05T01:17:07Z
2011-09-15,TLT,111.430000,8884000,2026-09-05T01:17:07Z
2011-09-15,VEA,32.189999,2423700,2026-09-05T01:17:07Z
2011-09-15,VNQ,56.650002,2848800,2026-09-05T01:17:07Z
2011-09-15,VWO,41.430000,17350500,2026-09-05T01:17:07Z
2011-09-16,BIL,45.840000,276450,2026-09-05T01:17:07Z
2011-09-16,DBC,28.980000,1680600,2026-09-05T01:17:07Z
2011-09-16,IEF,103.989998,699000,2026-09-05T01:17:07Z
2011-09-16,IWM,71.519997,75773300,2026-09-05T01:17:07Z
2011-09-16,SPY,121.519997,284528300,2026-09-05T01:17:07Z
2011-09-16,TIP,115.209999,949000,2026-09-05T01:17:07Z
2011-09-16,TLT,112.239998,10053500,2026-09-05T01:17:07Z
2011-09-16,VEA,32.169998,1964600,2026-09-05T01:17:07Z
2011-09-16,VNQ,57.200001,2019000,2026-09-05T01:17:07Z
2011-09-16,VWO,41.529999,14933800,2026-09-05T01:17:07Z
2011-09-19,BIL,45.849998,517100,2026-09-05T01:17:07Z
2011-09-19,DBC,28.490000,3830200,2026-09-05T01:17:07Z
2011-09-19,IEF,104.839996,896500,2026-09-05T01:17:07Z
2011-09-19,IWM,70.239998,69216200,2026-09-05T01:17:07Z
2011-09-19,SPY,120.309998,241517000,2026-09-05T01:17:07Z
2011-09-19,TIP,115.500000,505000,2026-09-05T01:17:07Z
2011-09-19,TLT,114.379997,13033500,2026-09-05T01:17:07Z
2011-09-19,VEA,31.320000,1509300,2026-09-05T01:17:07Z
2011-09-19,VNQ,55.950001,1958600,2026-09-05T01:17:07Z
2011-09-19,VWO,40.360001,21693300,2026-09-05T01:17:07Z
2011-09-20,BIL,45.849998,373000,2026-09-05T01:17:07Z
2011-09-20,DBC,28.440001,1722100,2026-09-05T01:17:07Z
2011-09-20,IEF,104.980003,1005000,2026-09-05T01:17:07Z
2011-09-20,IWM,69.150002,63453200,2026-09-05T01:17:07Z
2011-09-20,SPY,120.169998,218932200,2026-09-05T01:17:07Z
2011-09-20,TIP,116.000000,542400,2026-09-05T01:17:07Z
2011-09-20,TLT,114.860001,6360600,2026-09-05T01:17:07Z
2011-09-20,VEA,31.420000,1843800,2026-09-05T01:17:07Z
2011-09-20,VNQ,55.919998,1546600,2026-09-05T01:17:07Z
2011-09-20,VWO,40.209999,27475800,2026-09-05T01:17:07Z
2011-09-21,BIL,45.849998,314150,2026-09-05T01:17:07Z
2011-09-21,DBC,28.020000,1769400,2026-09-05T01:17:07Z
2011-09-21,IEF,105.430000,929500,2026-09-05T01:17:07Z
2011-09-21,IWM,66.589996,81413800,2026-09-05T01:17:07Z
2011-09-21,SPY,116.629997,316251300,2026-09-05T01:17:07Z
2011-09-21,TIP,116.199997,728900,2026-09-05T01:17:07Z
2011-09-21,TLT,118.660004,18687100,2026-09-05T01:17:07Z
2011-09-21,VEA,30.520000,1987800,2026-09-05T01:17:07Z
2011-09-21,VNQ,52.970001,2825000,2026-09-05T01:17:07Z
2011-09-21,VWO,38.680000,42542200,2026-09-05T01:17:07Z
2011-09-22,BIL,45.840000,1011650,2026-09-05T01:17:07Z
2011-09-22,DBC,27.030001,9573000,2026-09-05T01:17:07Z
2011-09-22,IEF,106.410004,3436500,2026-09-05T01:17:07Z
2011-09-22,IWM,64.730003,159808200,2026-09-05T01:17:07Z
2011-09-22,SPY,112.860001,513911300,2026-09-05T01:17:07Z
2011-09-22,TIP,115.930000,1001700,2026-09-05T01:17:07Z
2011-09-22,TLT,123.120003,25041400,2026-09-05T01:17:07Z
2011-09-22,VEA,29.430000,4772100,2026-09-05T01:17:07Z
2011-09-22,VNQ,51.680000,4405500,2026-09-05T01:17:07Z
2011-09-22,VWO,36.000000,60839500,2026-09-05T01:17:07Z
2011-09-23,BIL,45.849998,604150,2026-09-05T01:17:07Z
2011-09-23,DBC,26.549999,6197800,2026-09-05T01:17:07Z
2011-09-23,IEF,105.529999,1764700,2026-09-05T01:17:07Z
2011-09-23,IWM,65.139999,84086000,2026-09-05T01:17:07Z
2011-09-23,SPY,113.540001,307242500,2026-09-05T01:17:07Z
2011-09-23,TIP,115.260002,1280800,2026-09-05T01:17:07Z
2011-09-23,TLT,120.830002,15173800,2026-09-05T01:17:07Z
2011-09-23,VEA,29.719999,3466700,2026-09-05T01:17:07Z
2011-09-23,VNQ,51.560001,2688200,2026-09-05T01:17:07Z
2011-09-23,VWO,36.790001,47198900,2026-09-05T01:17:07Z
2011-09-26,BIL,45.849998,497400,2026-09-05T01:17:07Z
2011-09-26,DBC,26.639999,4538800,2026-09-05T01:17:07Z
2011-09-26,IEF,105.089996,1214800,2026-09-05T01:17:07Z
2011-09-26,IWM,66.370003,75555800,2026-09-05T01:17:07Z
2011-09-26,SPY,116.239998,260673700,2026-09-05T01:17:07Z
2011-09-26,TIP,114.709999,803000,2026-09-05T01:17:07Z
2011-09-26,TLT,118.889999,15110100,2026-09-05T01:17:07Z
2011-09-26,VEA,30.379999,2451700,2026-09-05T01:17:07Z
2011-09-26,VNQ,52.279999,2246100,2026-09-05T01:17:07Z
2011-09-26,VWO,37.150002,48254400,2026-09-05T01:17:07Z
2011-09-27,BIL,45.840000,404150,2026-09-05T01:17:07Z
2011-09-27,DBC,27.090000,3735600,2026-09-05T01:17:07Z
2011-09-27,IEF,104.389999,1159700,2026-09-05T01:17:07Z
2011-09-27,IWM,67.800003,93999600,2026-09-05T01:17:07Z
2011-09-27,SPY,117.540001,311753900,2026-09-05T01:17:07Z
2011-09-27,TIP,114.919998,4817700,2026-09-05T01:17:07Z
2011-09-27,TLT,117.070000,13589600,2026-09-05T01:17:07Z
2011-09-27,VEA,31.059999,5214500,2026-09-05T01:17:07Z
2011-09-27,VNQ,52.799999,1777600,2026-09-05T01:17:07Z
2011-09-27,VWO,38.320000,53512600,2026-09-05T01:17:07Z
2011-09-28,BIL,45.849998,383650,2026-09-05T01:17:07Z
2011-09-28,DBC,26.360001,7995900,2026-09-05T01:17:07Z
2011-09-28,IEF,104.410004,1270500,2026-09-05T01:17:07Z
2011-09-28,IWM,65.199997,85412600,2026-09-05T01:17:07Z
2011-09-28,SPY,115.139999,286696800,2026-09-05T01:17:07Z
2011-09-28,TIP,114.870003,790600,2026-09-05T01:17:07Z
2011-09-28,TLT,117.029999,12642600,2026-09-05T01:17:07Z
2011-09-28,VEA,30.590000,1974900,2026-09-05T01:17:07Z
2011-09-28,VNQ,51.459999,2241900,2026-09-05T01:17:07Z
2011-09-28,VWO,37.380001,55360800,2026-09-05T01:17:07Z
2011-09-29,BIL,45.849998,451650,2026-09-05T01:17:07Z
2011-09-29,DBC,26.670000,2909400,2026-09-05T01:17:07Z
2011-09-29,IEF,104.410004,1096000,2026-09-05T01:17:07Z
2011-09-29,IWM,66.330002,73927200,2026-09-05T01:17:07Z
2011-09-29,SPY,116.050003,298108900,2026-09-05T01:17:07Z
2011-09-29,TIP,114.510002,2919800,2026-09-05T01:17:07Z
2011-09-29,TLT,117.839996,12341800,2026-09-05T01:17:07Z
2011-09-29,VEA,31.200001,3167200,2026-09-05T01:17:07Z
2011-09-29,VNQ,52.259998,2151600,2026-09-05T01:17:07Z
2011-09-29,VWO,37.820000,25792600,2026-09-05T01:17:07Z
2011-09-30,BIL,45.849998,611450,2026-09-05T01:17:07Z
2011-09-30,DBC,25.750000,4846000,2026-09-05T01:17:07Z
2011-09-30,IEF,105.070000,1604500,2026-09-05T01:17:07Z
2011-09-30,IWM,64.300003,72124900,2026-09-05T01:17:07Z
2011-09-30,SPY,113.150002,288392300,2026-09-05T01:17:07Z
2011-09-30,TIP,114.300003,945600,2026-09-05T01:17:07Z
2011-09-30,TLT,120.800003,13546400,2026-09-05T01:17:07Z
2011-09-30,VEA,30.129999,1721700,2026-09-05T01:17:07Z
2011-09-30,VNQ,50.869999,1970600,2026-09-05T01:17:07Z
2011-09-30,VWO,35.830002,82505500,2026-09-05T01:17:07Z
2011-10-03,BIL,45.849998,13151250,2026-09-05T01:17:07Z
2011-10-03,DBC,25.620001,10602800,2026-09-05T01:17:07Z
2011-10-03,IEF,105.830002,2105600,2026-09-05T01:17:07Z
2011-10-03,IWM,60.990002,119485000,2026-09-05T01:17:07Z
2011-10-03,SPY,109.930000,365136800,2026-09-05T01:17:07Z
2011-10-03,TIP,115.250000,2661200,2026-09-05T01:17:07Z
2011-10-03,TLT,123.809998,15882000,2026-09-05T01:17:07Z
2011-10-03,VEA,29.360001,2992500,2026-09-05T01:17:07Z
2011-10-03,VNQ,48.470001,5785500,2026-09-05T01:17:07Z
2011-10-03,VWO,35.200001,70437700,2026-09-05T01:17:07Z
2011-10-04,BIL,45.849998,691050,2026-09-05T01:17:07Z
2011-10-04,DBC,25.570000,3500000,2026-09-05T01:17:07Z
2011-10-04,IEF,105.290001,2056100,2026-09-05T01:17:07Z
2011-10-04,IWM,64.790001,165100000,2026-09-05T01:17:07Z
2011-10-04,SPY,112.339996,459177500,2026-09-05T01:17:07Z
2011-10-04,TIP,115.330002,1700000,2026-09-05T01:17:07Z
2011-10-04,TLT,122.239998,17301400,2026-09-05T01:17:07Z
2011-10-04,VEA,29.870001,2856600,2026-09-05T01:17:07Z
2011-10-04,VNQ,50.380001,5508100,2026-09-05T01:17:07Z
2011-10-04,VWO,35.650002,37435700,2026-09-05T01:17:07Z
2011-10-05,BIL,45.849998,689300,2026-09-05T01:17:07Z
2011-10-05,DBC,25.930000,3202300,2026-09-05T01:17:07Z
2011-10-05,IEF,104.849998,1174300,2026-09-05T01:17:07Z
2011-10-05,IWM,65.680000,100371000,2026-09-05T01:17:07Z
2011-10-05,SPY,114.419998,284108000,2026-09-05T01:17:07Z
2011-10-05,TIP,115.250000,635300,2026-09-05T01:17:07Z
2011-10-05,TLT,121.360001,14275000,2026-09-05T01:17:07Z
2011-10-05,VEA,30.350000,3780700,2026-09-05T01:17:07Z
2011-10-05,VNQ,49.950001,8885500,2026-09-05T01:17:07Z
2011-10-05,VWO,36.270000,26171700,2026-09-05T01:17:07Z
2011-10-06,BIL,45.840000,353400,2026-09-05T01:17:07Z
2011-10-06,DBC,26.469999,1003900,2026-09-05T01:17:07Z
2011-10-06,IEF,104.120003,1336400,2026-09-05T01:17:07Z
2011-10-06,IWM,67.139999,85789700,2026-09-05T01:17:07Z
2011-10-06,SPY,116.489998,257800800,2026-09-05T01:17:07Z
2011-10-06,TIP,115.239998,1512100,2026-09-05T01:17:07Z
2011-10-06,TLT,119.120003,9681600,2026-09-05T01:17:07Z
2011-10-06,VEA,31.160000,1728000,2026-09-05T01:17:07Z
2011-10-06,VNQ,51.320000,2513100,2026-09-05T01:17:07Z
2011-10-06,VWO,37.480000,35352900,2026-09-05T01:17:07Z
2011-10-07,BIL,45.849998,750650,2026-09-05T01:17:07Z
2011-10-07,DBC,26.350000,2768100,2026-09-05T01:17:07Z
2011-10-07,IEF,103.580002,2276300,2026-09-05T01:17:07Z
2011-10-07,IWM,65.500000,93662300,2026-09-05T01:17:07Z
2011-10-07,SPY,115.709999,312657900,2026-09-05T01:17:07Z
2011-10-07,TIP,114.849998,976800,2026-09-05T01:17:07Z
2011-10-07,TLT,118.239998,11564600,2026-09-05T01:17:07Z
2011-10-07,VEA,30.959999,7407000,2026-09-05T01:17:07Z
2011-10-07,VNQ,49.889999,2993000,2026-09-05T01:17:07Z
2011-10-07,VWO,37.009998,22779300,2026-09-05T01:17:07Z
2011-10-10,BIL,45.840000,1657350,2026-09-05T01:17:07Z
2011-10-10,DBC,26.940001,1416100,2026-09-05T01:17:07Z
2011-10-10,IEF,102.489998,803900,2026-09-05T01:17:07Z
2011-10-10,IWM,68.370003,76366700,2026-09-05T01:17:07Z
2011-10-10,SPY,119.580002,230666300,2026-09-05T01:17:07Z
2011-10-10,TIP,114.059998,658600,2026-09-05T01:17:07Z
2011-10-10,TLT,116.570000,3567600,2026-09-05T01:17:07Z
2011-10-10,VEA,32.139999,763700,2026-09-05T01:17:07Z
2011-10-10,VNQ,52.380001,2280500,2026-09-05T01:17:07Z
2011-10-10,VWO,38.680000,16927700,2026-09-05T01:17:07Z
2011-10-11,BIL,45.849998,562550,2026-09-05T01:17:07Z
2011-10-11,DBC,27.139999,1250700,2026-09-05T01:17:07Z
2011-10-11,IEF,102.830002,978400,2026-09-05T01:17:07Z
2011-10-11,IWM,68.839996,63173300,2026-09-05T01:17:07Z
2011-10-11,SPY,119.699997,209088000,2026-09-05T01:17:07Z
2011-10-11,TIP,114.330002,748100,2026-09-05T01:17:07Z
2011-10-11,TLT,116.180000,7520200,2026-09-05T01:17:07Z
2011-10-11,VEA,32.009998,1896000,2026-09-05T01:17:07Z
2011-10-11,VNQ,51.340000,2206200,2026-09-05T01:17:07Z
2011-10-11,VWO,38.790001,15757200,2026-09-05T01:17:07Z
2011-10-12,BIL,45.840000,383000,2026-09-05T01:17:07Z
2011-10-12,DBC,27.190001,1367000,2026-09-05T01:17:07Z
2011-10-12,IEF,102.480003,2324400,2026-09-05T01:17:07Z
2011-10-12,IWM,69.820000,88580000,2026-09-05T01:17:07Z
2011-10-12,SPY,120.750000,281544900,2026-09-05T01:17:07Z
2011-10-12,TIP,113.849998,1126600,2026-09-05T01:17:07Z
2011-10-12,TLT,114.489998,14033400,2026-09-05T01:17:07Z
2011-10-12,VEA,32.590000,1610200,2026-09-05T01:17:07Z
2011-10-12,VNQ,52.180000,2634100,2026-09-05T01:17:07Z
2011-10-12,VWO,39.869999,33934200,2026-09-05T01:17:07Z
2011-10-13,BIL,45.849998,494050,2026-09-05T01:17:07Z
2011-10-13,DBC,27.250000,1679500,2026-09-05T01:17:07Z
2011-10-13,IEF,102.889999,1474100,2026-09-05T01:17:07Z
2011-10-13,IWM,69.760002,54163300,2026-09-05T01:17:07Z
2011-10-13,SPY,120.510002,212538800,2026-09-05T01:17:07Z
2011-10-13,TIP,113.919998,608700,2026-09-05T01:17:07Z
2011-10-13,TLT,115.629997,11263300,2026-09-05T01:17:07Z
2011-10-13,VEA,32.560001,1092800,2026-09-05T01:17:07Z
2011-10-13,VNQ,51.840000,1850000,2026-09-05T01:17:07Z
2011-10-13,VWO,39.580002,23282200,2026-09-05T01:17:07Z
2011-10-14,BIL,45.840000,459250,2026-09-05T01:17:07Z
2011-10-14,DBC,27.870001,1136000,2026-09-05T01:17:07Z
2011-10-14,IEF,102.379997,703100,2026-09-05T01:17:07Z
2011-10-14,IWM,71.139999,69768200,2026-09-05T01:17:07Z
2011-10-14,SPY,122.570000,211397600,2026-09-05T01:17:07Z
2011-10-14,TIP,113.750000,716000,2026-09-05T01:17:07Z
2011-10-14,TLT,113.949997,8411000,2026-09-05T01:17:07Z
2011-10-14,VEA,32.950001,1040900,2026-09-05T01:17:07Z
2011-10-14,VNQ,53.040001,1685600,2026-09-05T01:17:07Z
2011-10-14,VWO,40.220001,27867900,2026-09-05T01:17:07Z
2011-10-17,BIL,45.840000,12224600,2026-09-05T01:17:07Z
2011-10-17,DBC,27.469999,1249200,2026-09-05T01:17:07Z
2011-10-17,IEF,103.050003,1274600,2026-09-05T01:17:07Z
2011-10-17,IWM,68.980003,57529900,2026-09-05T01:17:07Z
2011-10-17,SPY,120.230003,202311600,2026-09-05T01:17:07Z
2011-10-17,TIP,114.180000,545600,2026-09-05T01:17:07Z
2011-10-17,TLT,115.919998,9664000,2026-09-05T01:17:07Z
2011-10-17,VEA,32.189999,1656500,2026-09-05T01:17:07Z
2011-10-17,VNQ,51.889999,1835000,2026-09-05T01:17:07Z
2011-10-17,VWO,38.990002,17982500,2026-09-05T01:17:07Z
2011-10-18,BIL,45.849998,350650,2026-09-05T01:17:07Z
2011-10-18,DBC,27.620001,1782200,2026-09-05T01:17:07Z
2011-10-18,IEF,102.940002,912600,2026-09-05T01:17:07Z
2011-10-18,IWM,70.809998,98948000,2026-09-05T01:17:07Z
2011-10-18,SPY,122.580002,318857900,2026-09-05T01:17:07Z
2011-10-18,TIP,114.730003,648900,2026-09-05T01:17:07Z
2011-10-18,TLT,115.199997,12495600,2026-09-05T01:17:07Z
2011-10-18,VEA,32.580002,2062600,2026-09-05T01:17:07Z
2011-10-18,VNQ,53.720001,3158600,2026-09-05T01:17:07Z
2011-10-18,VWO,39.990002,34114900,2026-09-05T01:17:07Z
2011-10-19,BIL,45.849998,294450,2026-09-05T01:17:07Z
2011-10-19,DBC,27.080000,1673100,2026-09-05T01:17:07Z
2011-10-19,IEF,103.099998,733400,2026-09-05T01:17:07Z
2011-10-19,IWM,69.430000,71071600,2026-09-05T01:17:07Z
2011-10-19,SPY,121.129997,226601300,2026-09-05T01:17:07Z
2011-10-19,TIP,114.550003,525700,2026-09-05T01:17:07Z
2011-10-19,TLT,115.160004,6629300,2026-09-05T01:17:07Z
2011-10-19,VEA,32.080002,2164900,2026-09-05T01:17:07Z
2011-10-19,VNQ,53.099998,2348600,2026-09-05T01:17:07Z
2011-10-19,VWO,39.299999,21685400,2026-09-05T01:17:07Z
2011-10-20,BIL,45.849998,1126100,2026-09-05T01:17:07Z
2011-10-20,DBC,27.040001,1171100,2026-09-05T01:17:07Z
2011-10-20,IEF,102.889999,700200,2026-09-05T01:17:07Z
2011-10-20,IWM,69.620003,90998600,2026-09-05T01:17:07Z
2011-10-20,SPY,121.660004,262075600,2026-09-05T01:17:07Z
2011-10-20,TIP,114.570000,599800,2026-09-05T01:17:07Z
2011-10-20,TLT,114.339996,7832100,2026-09-05T01:17:07Z
2011-10-20,VEA,32.099998,1369100,2026-09-05T01:17:07Z
2011-10-20,VNQ,53.400002,1965200,2026-09-05T01:17:07Z
2011-10-20,VWO,38.529999,21934700,2026-09-05T01:17:07Z
2011-10-21,BIL,45.840000,583750,2026-09-05T01:17:07Z
2011-10-21,DBC,27.180000,1327500,2026-09-05T01:17:07Z
2011-10-21,IEF,102.699997,1276000,2026-09-05T01:17:07Z
2011-10-21,IWM,71.129997,60408600,2026-09-05T01:17:07Z
2011-10-21,SPY,123.970001,278999400,2026-09-05T01:17:07Z
2011-10-21,TIP,114.449997,525500,2026-09-05T01:17:07Z
2011-10-21,TLT,113.129997,9906300,2026-09-05T01:17:07Z
2011-10-21,VEA,32.930000,851900,2026-09-05T01:17:07Z
2011-10-21,VNQ,55.160000,1636200,2026-09-05T01:17:07Z
2011-10-21,VWO,39.599998,22252400,2026-09-05T01:17:07Z
2011-10-24,BIL,45.840000,8779750,2026-09-05T01:17:07Z
2011-10-24,DBC,27.610001,1745600,2026-09-05T01:17:07Z
2011-10-24,IEF,102.650002,1381500,2026-09-05T01:17:07Z
2011-10-24,IWM,73.419998,81399100,2026-09-05T01:17:07Z
2011-10-24,SPY,125.489998,203215600,2026-09-05T01:17:07Z
2011-10-24,TIP,114.790001,636500,2026-09-05T01:17:07Z
2011-10-24,TLT,113.320000,6344500,2026-09-05T01:17:07Z
2011-10-24,VEA,33.419998,1212000,2026-09-05T01:17:07Z
2011-10-24,VNQ,56.529999,2858800,2026-09-05T01:17:07Z
2011-10-24,VWO,41.060001,31743800,2026-09-05T01:17:07Z
2011-10-25,BIL,45.849998,482500,2026-09-05T01:17:07Z
2011-10-25,DBC,27.700001,2603100,2026-09-05T01:17:07Z
2011-10-25,IEF,103.529999,1020200,2026-09-05T01:17:07Z
2011-10-25,IWM,71.360001,66767900,2026-09-05T01:17:07Z
2011-10-25,SPY,123.050003,268596800,2026-09-05T01:17:07Z
2011-10-25,TIP,115.820000,883700,2026-09-05T01:17:07Z
2011-10-25,TLT,116.199997,11791200,2026-09-05T01:17:07Z
2011-10-25,VEA,32.889999,3678600,2026-09-05T01:17:07Z
2011-10-25,VNQ,55.610001,2190500,2026-09-05T01:17:07Z
2011-10-25,VWO,40.299999,22296500,2026-09-05T01:17:07Z
2011-10-26,BIL,45.849998,239450,2026-09-05T01:17:07Z
2011-10-26,DBC,27.540001,1075300,2026-09-05T01:17:07Z
2011-10-26,IEF,102.769997,989900,2026-09-05T01:17:07Z
2011-10-26,IWM,72.589996,76643400,2026-09-05T01:17:07Z
2011-10-26,SPY,124.300003,289053800,2026-09-05T01:17:07Z
2011-10-26,TIP,115.720001,711100,2026-09-05T01:17:07Z
2011-10-26,TLT,114.169998,12747000,2026-09-05T01:17:07Z
2011-10-26,VEA,33.330002,1406200,2026-09-05T01:17:07Z
2011-10-26,VNQ,56.020000,1919000,2026-09-05T01:17:07Z
2011-10-26,VWO,41.020000,14933700,2026-09-05T01:17:07Z
2011-10-27,BIL,45.840000,1490300,2026-09-05T01:17:07Z
2011-10-27,DBC,28.270000,3792100,2026-09-05T01:17:07Z
2011-10-27,IEF,101.529999,1636600,2026-09-05T01:17:07Z
2011-10-27,IWM,76.419998,130508100,2026-09-05T01:17:07Z
2011-10-27,SPY,128.630005,393220200,2026-09-05T01:17:07Z
2011-10-27,TIP,115.059998,880400,2026-09-05T01:17:07Z
2011-10-27,TLT,110.300003,19471400,2026-09-05T01:17:07Z
2011-10-27,VEA,35.169998,1668900,2026-09-05T01:17:07Z
2011-10-27,VNQ,58.680000,2167600,2026-09-05T01:17:07Z
2011-10-27,VWO,43.470001,67958300,2026-09-05T01:17:07Z
2011-10-28,BIL,45.840000,404400,2026-09-05T01:17:07Z
2011-10-28,DBC,28.150000,3722700,2026-09-05T01:17:07Z
2011-10-28,IEF,102.139999,936300,2026-09-05T01:17:07Z
2011-10-28,IWM,76.029999,82397500,2026-09-05T01:17:07Z
2011-10-28,SPY,128.600006,225906500,2026-09-05T01:17:07Z
2011-10-28,TIP,115.459999,679100,2026-09-05T01:17:07Z
2011-10-28,TLT,111.459999,10127900,2026-09-05T01:17:07Z
2011-10-28,VEA,34.880001,1289400,2026-09-05T01:17:07Z
2011-10-28,VNQ,58.799999,1971100,2026-09-05T01:17:07Z
2011-10-28,VWO,43.230000,21817600,2026-09-05T01:17:07Z
2011-10-31,BIL,45.830002,3112450,2026-09-05T01:17:07Z
2011-10-31,DBC,27.719999,3209400,2026-09-05T01:17:07Z
2011-10-31,IEF,103.510002,1182700,2026-09-05T01:17:07Z
2011-10-31,IWM,74.010002,66969200,2026-09-05T01:17:07Z
2011-10-31,SPY,125.500000,228146700,2026-09-05T01:17:07Z
2011-10-31,TIP,116.489998,975600,2026-09-05T01:17:07Z
2011-10-31,TLT,115.879997,15242100,2026-09-05T01:17:07Z
2011-10-31,VEA,33.070000,1616600,2026-09-05T01:17:07Z
2011-10-31,VNQ,58.139999,2033500,2026-09-05T01:17:07Z
2011-10-31,VWO,41.529999,27466400,2026-09-05T01:17:07Z
2011-11-01,BIL,45.849998,1423150,2026-09-05T01:17:07Z
2011-11-01,DBC,27.389999,4349800,2026-09-05T01:17:07Z
2011-11-01,IEF,104.540001,2251700,2026-09-05T01:17:07Z
2011-11-01,IWM,71.389999,110064900,2026-09-05T01:17:07Z
2011-11-01,SPY,122.000000,416565800,2026-09-05T01:17:07Z
2011-11-01,TIP,117.550003,1865300,2026-09-05T01:17:07Z
2011-11-01,TLT,119.449997,24400600,2026-09-05T01:17:07Z
2011-11-01,VEA,31.969999,4668900,2026-09-05T01:17:07Z
2011-11-01,VNQ,56.270000,3614000,2026-09-05T01:17:07Z
2011-11-01,VWO,40.610001,41132900,2026-09-05T01:17:07Z
2011-11-02,BIL,45.840000,284650,2026-09-05T01:17:07Z
2011-11-02,DBC,27.559999,1600400,2026-09-05T01:17:07Z
2011-11-02,IEF,104.290001,1088000,2026-09-05T01:17:07Z
2011-11-02,IWM,73.150002,63821300,2026-09-05T01:17:07Z
2011-11-02,SPY,123.989998,244717600,2026-09-05T01:17:07Z
2011-11-02,TIP,117.589996,1203400,2026-09-05T01:17:07Z
2011-11-02,TLT,117.959999,13181100,2026-09-05T01:17:07Z
2011-11-02,VEA,32.369999,1692600,2026-09-05T01:17:07Z
2011-11-02,VNQ,57.349998,2302500,2026-09-05T01:17:07Z
2011-11-02,VWO,41.700001,40603900,2026-09-05T01:17:07Z
2011-11-03,BIL,45.830002,326800,2026-09-05T01:17:07Z
2011-11-03,DBC,27.900000,981800,2026-09-05T01:17:07Z
2011-11-03,IEF,103.800003,739700,2026-09-05T01:17:07Z
2011-11-03,IWM,74.970001,74622200,2026-09-05T01:17:07Z
2011-11-03,SPY,126.250000,291174800,2026-09-05T01:17:07Z
2011-11-03,TIP,116.769997,801900,2026-09-05T01:17:07Z
2011-11-03,TLT,116.339996,8386700,2026-09-05T01:17:07Z
2011-11-03,VEA,33.180000,1111400,2026-09-05T01:17:07Z
2011-11-03,VNQ,58.139999,2155400,2026-09-05T01:17:07Z
2011-11-03,VWO,42.160000,19027500,2026-09-05T01:17:07Z
2011-11-04,BIL,45.840000,203000,2026-09-05T01:17:07Z
2011-11-04,DBC,27.990000,1267600,2026-09-05T01:17:07Z
2011-11-04,IEF,104.110001,735400,2026-09-05T01:17:07Z
2011-11-04,IWM,74.599998,65262500,2026-09-05T01:17:07Z
2011-11-04,SPY,125.480003,249401600,2026-09-05T01:17:07Z
2011-11-04,TIP,117.400002,873100,2026-09-05T01:17:07Z
2011-11-04,TLT,116.480003,7583700,2026-09-05T01:17:07Z
2011-11-04,VEA,32.730000,1232200,2026-09-05T01:17:07Z
2011-11-04,VNQ,57.669998,1500600,2026-09-05T01:17:07Z
2011-11-04,VWO,41.980000,24140200,2026-09-05T01:17:07Z
2011-11-07,BIL,45.849998,197600,2026-09-05T01:17:07Z
2011-11-07,DBC,28.400000,1066500,2026-09-05T01:17:07Z
2011-11-07,IEF,104.230003,844100,2026-09-05T01:17:07Z
2011-11-07,IWM,74.449997,67136100,2026-09-05T01:17:07Z
2011-11-07,SPY,126.260002,196617200,2026-09-05T01:17:07Z
2011-11-07,TIP,117.989998,620100,2026-09-05T01:17:07Z
2011-11-07,TLT,117.220001,9279700,2026-09-05T01:17:07Z
2011-11-07,VEA,32.880001,1025700,2026-09-05T01:17:07Z
2011-11-07,VNQ,57.680000,1661500,2026-09-05T01:17:07Z
2011-11-07,VWO,42.279999,13267700,2026-09-05T01:17:07Z
2011-11-08,BIL,45.849998,537300,2026-09-05T01:17:07Z
2011-11-08,DBC,28.540001,1335700,2026-09-05T01:17:07Z
2011-11-08,IEF,103.760002,418300,2026-09-05T01:17:07Z
2011-11-08,IWM,75.540001,72278500,2026-09-05T01:17:07Z
2011-11-08,SPY,127.879997,224426300,2026-09-05T01:17:07Z
2011-11-08,TIP,117.209999,2446600,2026-09-05T01:17:07Z
2011-11-08,TLT,115.720001,7539400,2026-09-05T01:17:07Z
2011-11-08,VEA,33.290001,1319600,2026-09-05T01:17:07Z
2011-11-08,VNQ,58.430000,1250100,2026-09-05T01:17:07Z
2011-11-08,VWO,42.810001,16487800,2026-09-05T01:17:07Z
2011-11-09,BIL,45.840000,174200,2026-09-05T01:17:07Z
2011-11-09,DBC,27.910000,1283400,2026-09-05T01:17:07Z
2011-11-09,IEF,104.680000,760300,2026-09-05T01:17:07Z
2011-11-09,IWM,71.940002,78806400,2026-09-05T01:17:07Z
2011-11-09,SPY,123.160004,337982000,2026-09-05T01:17:07Z
2011-11-09,TIP,117.190002,779700,2026-09-05T01:17:07Z
2011-11-09,TLT,118.120003,13004500,2026-09-05T01:17:07Z
2011-11-09,VEA,31.570000,1570200,2026-09-05T01:17:07Z
2011-11-09,VNQ,55.759998,1950700,2026-09-05T01:17:07Z
2011-11-09,VWO,40.459999,21295600,2026-09-05T01:17:07Z
2011-11-10,BIL,45.849998,362150,2026-09-05T01:17:07Z
2011-11-10,DBC,27.879999,1880200,2026-09-05T01:17:07Z
2011-11-10,IEF,104.169998,664200,2026-09-05T01:17:07Z
2011-11-10,IWM,72.470001,72175100,2026-09-05T01:17:07Z
2011-11-10,SPY,124.320000,231866500,2026-09-05T01:17:07Z
2011-11-10,TIP,117.419998,860700,2026-09-05T01:17:07Z
2011-11-10,TLT,116.360001,11644600,2026-09-05T01:17:07Z
2011-11-10,VEA,31.990000,1348700,2026-09-05T01:17:07Z
2011-11-10,VNQ,55.750000,2765200,2026-09-05T01:17:07Z
2011-11-10,VWO,40.669998,14127700,2026-09-05T01:17:07Z
2011-11-11,BIL,45.840000,344400,2026-09-05T01:17:07Z
2011-11-11,DBC,28.150000,826500,2026-09-05T01:17:07Z
2011-11-11,IEF,103.690002,323600,2026-09-05T01:17:07Z
2011-11-11,IWM,74.379997,62452000,2026-09-05T01:17:07Z
2011-11-11,SPY,126.660004,189924400,2026-09-05T01:17:07Z
2011-11-11,TIP,117.059998,557900,2026-09-05T01:17:07Z
2011-11-11,TLT,115.650002,2483900,2026-09-05T01:17:07Z
2011-11-11,VEA,32.770000,1360900,2026-09-05T01:17:07Z
2011-11-11,VNQ,57.250000,1796700,2026-09-05T01:17:07Z
2011-11-11,VWO,41.599998,7550100,2026-09-05T01:17:07Z
2011-11-14,BIL,45.849998,649000,2026-09-05T01:17:07Z
2011-11-14,DBC,27.850000,700400,2026-09-05T01:17:07Z
2011-11-14,IEF,104.339996,586500,2026-09-05T01:17:07Z
2011-11-14,IWM,73.309998,61114200,2026-09-05T01:17:07Z
2011-11-14,SPY,125.459999,159258300,2026-09-05T01:17:07Z
2011-11-14,TIP,117.220001,516500,2026-09-05T01:17:07Z
2011-11-14,TLT,117.510002,9252600,2026-09-05T01:17:07Z
2011-11-14,VEA,32.169998,1221100,2026-09-05T01:17:07Z
2011-11-14,VNQ,56.189999,2019900,2026-09-05T01:17:07Z
2011-11-14,VWO,41.110001,7964000,2026-09-05T01:17:07Z
2011-11-15,BIL,45.840000,232900,2026-09-05T01:17:07Z
2011-11-15,DBC,28.049999,759800,2026-09-05T01:17:07Z
2011-11-15,IEF,104.199997,480100,2026-09-05T01:17:07Z
2011-11-15,IWM,74.239998,65795300,2026-09-05T01:17:07Z
2011-11-15,SPY,126.080002,184709400,2026-09-05T01:17:07Z
2011-11-15,TIP,116.769997,816000,2026-09-05T01:17:07Z
2011-11-15,TLT,117.349998,7587500,2026-09-05T01:17:07Z
2011-11-15,VEA,32.060001,1365300,2026-09-05T01:17:07Z
2011-11-15,VNQ,56.610001,1725800,2026-09-05T01:17:07Z
2011-11-15,VWO,41.320000,11414500,2026-09-05T01:17:07Z
2011-11-16,BIL,45.849998,341300,2026-09-05T01:17:07Z
2011-11-16,DBC,27.980000,1248300,2026-09-05T01:17:07Z
2011-11-16,IEF,104.580002,335200,2026-09-05T01:17:07Z
2011-11-16,IWM,73.040001,56938700,2026-09-05T01:17:07Z
2011-11-16,SPY,124.080002,235782500,2026-09-05T01:17:07Z
2011-11-16,TIP,116.440002,655300,2026-09-05T01:17:07Z
2011-11-16,TLT,118.419998,7470000,2026-09-05T01:17:07Z
2011-11-16,VEA,31.420000,1503400,2026-09-05T01:17:07Z
2011-11-16,VNQ,56.070000,1466300,2026-09-05T01:17:07Z
2011-11-16,VWO,40.349998,24760300,2026-09-05T01:17:07Z
2011-11-17,BIL,45.849998,843800,2026-09-05T01:17:07Z
2011-11-17,DBC,27.330000,2092500,2026-09-05T01:17:07Z
2011-11-17,IEF,104.790001,805500,2026-09-05T01:17:07Z
2011-11-17,IWM,72.000000,78923500,2026-09-05T01:17:07Z
2011-11-17,SPY,122.110001,331219600,2026-09-05T01:17:07Z
2011-11-17,TIP,116.430000,719100,2026-09-05T01:17:07Z
2011-11-17,TLT,119.370003,9907900,2026-09-05T01:17:07Z
2011-11-17,VEA,31.110001,1673800,2026-09-05T01:17:07Z
2011-11-17,VNQ,55.040001,2401000,2026-09-05T01:17:07Z
2011-11-17,VWO,39.349998,27050100,2026-09-05T01:17:07Z
2011-11-18,BIL,45.849998,274700,2026-09-05T01:17:07Z
2011-11-18,DBC,27.290001,6225400,2026-09-05T01:17:07Z
2011-11-18,IEF,104.400002,1883100,2026-09-05T01:17:07Z
2011-11-18,IWM,71.980003,53462900,2026-09-05T01:17:07Z
2011-11-18,SPY,121.980003,215580400,2026-09-05T01:17:07Z
2011-11-18,TIP,116.459999,660700,2026-09-05T01:17:07Z
2011-11-18,TLT,119.339996,6792600,2026-09-05T01:17:07Z
2011-11-18,VEA,31.200001,1388900,2026-09-05T01:17:07Z
2011-11-18,VNQ,55.389999,1924800,2026-09-05T01:17:07Z
2011-11-18,VWO,39.439999,13666500,2026-09-05T01:17:07Z
2011-11-21,BIL,45.849998,2169100,2026-09-05T01:17:07Z
2011-11-21,DBC,27.090000,1181500,2026-09-05T01:17:07Z
2011-11-21,IEF,104.690002,692300,2026-09-05T01:17:07Z
2011-11-21,IWM,70.260002,58233500,2026-09-05T01:17:07Z
2011-11-21,SPY,119.660004,229611600,2026-09-05T01:17:07Z
2011-11-21,TIP,116.250000,656800,2026-09-05T01:17:07Z
2011-11-21,TLT,120.050003,7345600,2026-09-05T01:17:07Z
2011-11-21,VEA,30.440001,2855000,2026-09-05T01:17:07Z
2011-11-21,VNQ,53.990002,2054100,2026-09-05T01:17:07Z
2011-11-21,VWO,38.220001,16272300,2026-09-05T01:17:07Z
2011-11-22,BIL,45.840000,631450,2026-09-05T01:17:07Z
2011-11-22,DBC,27.270000,2228300,2026-09-05T01:17:07Z
2011-11-22,IEF,105.010002,2619500,2026-09-05T01:17:07Z
2011-11-22,IWM,69.669998,55404700,2026-09-05T01:17:07Z
2011-11-22,SPY,119.190002,216494900,2026-09-05T01:17:07Z
2011-11-22,TIP,116.610001,558000,2026-09-05T01:17:07Z
2011-11-22,TLT,121.389999,7866300,2026-09-05T01:17:07Z
2011-11-22,VEA,30.350000,2171000,2026-09-05T01:17:07Z
2011-11-22,VNQ,53.740002,2021300,2026-09-05T01:17:07Z
2011-11-22,VWO,38.290001,18265000,2026-09-05T01:17:07Z
2011-11-23,BIL,45.849998,877150,2026-09-05T01:17:07Z
2011-11-23,DBC,26.860001,1752300,2026-09-05T01:17:07Z
2011-11-23,IEF,105.370003,2189500,2026-09-05T01:17:07Z
2011-11-23,IWM,67.480003,69700300,2026-09-05T01:17:07Z
2011-11-23,SPY,116.559998,224329100,2026-09-05T01:17:07Z
2011-11-23,TIP,117.099998,774900,2026-09-05T01:17:07Z
2011-11-23,TLT,122.580002,10129300,2026-09-05T01:17:07Z
2011-11-23,VEA,29.490000,3763600,2026-09-05T01:17:07Z
2011-11-23,VNQ,52.119999,1728000,2026-09-05T01:17:07Z
2011-11-23,VWO,37.180000,27847400,2026-09-05T01:17:07Z
2011-11-25,BIL,45.849998,268300,2026-09-05T01:17:07Z
2011-11-25,DBC,26.639999,514700,2026-09-05T01:17:07Z
2011-11-25,IEF,104.699997,466700,2026-09-05T01:17:07Z
2011-11-25,IWM,66.620003,28167900,2026-09-05T01:17:07Z
2011-11-25,SPY,116.339996,99557000,2026-09-05T01:17:07Z
2011-11-25,TIP,116.730003,421900,2026-09-05T01:17:07Z
2011-11-25,TLT,120.800003,4311900,2026-09-05T01:17:07Z
2011-11-25,VEA,29.379999,723900,2026-09-05T01:17:07Z
2011-11-25,VNQ,52.349998,680200,2026-09-05T01:17:07Z
2011-11-25,VWO,37.009998,10045900,2026-09-05T01:17:07Z
2011-11-28,BIL,45.849998,467550,2026-09-05T01:17:07Z
2011-11-28,DBC,26.969999,1063800,2026-09-05T01:17:07Z
2011-11-28,IEF,104.709999,1286600,2026-09-05T01:17:07Z
2011-11-28,IWM,69.790001,59167100,2026-09-05T01:17:07Z
2011-11-28,SPY,119.709999,210686000,2026-09-05T01:17:07Z
2011-11-28,TIP,117.110001,589700,2026-09-05T01:17:07Z
2011-11-28,TLT,120.739998,7661900,2026-09-05T01:17:07Z
2011-11-28,VEA,30.610001,1484500,2026-09-05T01:17:07Z
2011-11-28,VNQ,53.520000,1721900,2026-09-05T01:17:07Z
2011-11-28,VWO,38.639999,19723300,2026-09-05T01:17:07Z
2011-11-29,BIL,45.830002,537700,2026-09-05T01:17:07Z
2011-11-29,DBC,27.320000,1410300,2026-09-05T01:17:07Z
2011-11-29,IEF,104.510002,602100,2026-09-05T01:17:07Z
2011-11-29,IWM,69.660004,58157100,2026-09-05T01:17:07Z
2011-11-29,SPY,120.050003,199241500,2026-09-05T01:17:07Z
2011-11-29,TIP,117.080002,1123000,2026-09-05T01:17:07Z
2011-11-29,TLT,119.750000,8952800,2026-09-05T01:17:07Z
2011-11-29,VEA,30.809999,1931000,2026-09-05T01:17:07Z
2011-11-29,VNQ,53.439999,1794100,2026-09-05T01:17:07Z
2011-11-29,VWO,38.430000,14727200,2026-09-05T01:17:07Z
2011-11-30,BIL,45.840000,1701850,2026-09-05T01:17:07Z
2011-11-30,DBC,27.639999,1913600,2026-09-05T01:17:07Z
2011-11-30,IEF,103.900002,962800,2026-09-05T01:17:07Z
2011-11-30,IWM,73.730003,93802900,2026-09-05T01:17:07Z
2011-11-30,SPY,124.989998,324439500,2026-09-05T01:17:07Z
2011-11-30,TIP,116.739998,869100,2026-09-05T01:17:07Z
2011-11-30,TLT,117.879997,11806800,2026-09-05T01:17:07Z
2011-11-30,VEA,32.380001,2253900,2026-09-05T01:17:07Z
2011-11-30,VNQ,55.930000,2171600,2026-09-05T01:17:07Z
2011-11-30,VWO,40.820000,25517100,2026-09-05T01:17:07Z
2011-12-01,BIL,45.830002,2137000,2026-09-05T01:17:07Z
2011-12-01,DBC,27.540001,1844100,2026-09-05T01:17:07Z
2011-12-01,IEF,103.669998,1027100,2026-09-05T01:17:07Z
2011-12-01,IWM,73.199997,57394700,2026-09-05T01:17:07Z
2011-12-01,SPY,124.970001,176954800,2026-09-05T01:17:07Z
2011-12-01,TIP,116.459999,2561600,2026-09-05T01:17:07Z
2011-12-01,TLT,117.000000,9647200,2026-09-05T01:17:07Z
2011-12-01,VEA,32.049999,2582100,2026-09-05T01:17:07Z
2011-12-01,VNQ,55.470001,2356400,2026-09-05T01:17:07Z
2011-12-01,VWO,40.740002,15244600,2026-09-05T01:17:07Z
2011-12-02,BIL,45.840000,353750,2026-09-05T01:17:07Z
2011-12-02,DBC,27.780001,1308600,2026-09-05T01:17:07Z
2011-12-02,IEF,104.129997,892400,2026-09-05T01:17:07Z
2011-12-02,IWM,73.500000,47671500,2026-09-05T01:17:07Z
2011-12-02,SPY,124.860001,221109700,2026-09-05T01:17:07Z
2011-12-02,TIP,116.989998,1398300,2026-09-05T01:17:07Z
2011-12-02,TLT,118.639999,7764900,2026-09-05T01:17:07Z
2011-12-02,VEA,32.160000,2575800,2026-09-05T01:17:07Z
2011-12-02,VNQ,55.419998,1374500,2026-09-05T01:17:07Z
2011-12-02,VWO,40.639999,21057000,2026-09-05T01:17:07Z
2011-12-05,BIL,45.840000,2240550,2026-09-05T01:17:07Z
2011-12-05,DBC,27.629999,1503800,2026-09-05T01:17:07Z
2011-12-05,IEF,104.070000,979100,2026-09-05T01:17:07Z
2011-12-05,IWM,74.760002,58429900,2026-09-05T01:17:07Z
2011-12-05,SPY,126.220001,225263900,2026-09-05T01:17:07Z
2011-12-05,TIP,116.970001,976700,2026-09-05T01:17:07Z
2011-12-05,TLT,118.400002,7862800,2026-09-05T01:17:07Z
2011-12-05,VEA,32.500000,2742700,2026-09-05T01:17:07Z
2011-12-05,VNQ,55.889999,1362900,2026-09-05T01:17:07Z
2011-12-05,VWO,41.310001,40185800,2026-09-05T01:17:07Z
2011-12-06,BIL,45.849998,211150,2026-09-05T01:17:07Z
2011-12-06,DBC,27.780001,1075600,2026-09-05T01:17:07Z
2011-12-06,IEF,103.800003,543000,2026-09-05T01:17:07Z
2011-12-06,IWM,74.830002,43597000,2026-09-05T01:17:07Z
2011-12-06,SPY,126.260002,178842100,2026-09-05T01:17:07Z
2011-12-06,TIP,116.680000,686200,2026-09-05T01:17:07Z
2011-12-06,TLT,117.269997,8506300,2026-09-05T01:17:07Z
2011-12-06,VEA,32.369999,1253800,2026-09-05T01:17:07Z
2011-12-06,VNQ,55.799999,2075500,2026-09-05T01:17:07Z
2011-12-06,VWO,40.700001,13930300,2026-09-05T01:17:07Z
2011-12-07,BIL,45.840000,259950,2026-09-05T01:17:07Z
2011-12-07,DBC,27.540001,1494200,2026-09-05T01:17:07Z
2011-12-07,IEF,104.269997,739300,2026-09-05T01:17:07Z
2011-12-07,IWM,74.680000,55904400,2026-09-05T01:17:07Z
2011-12-07,SPY,126.730003,237802500,2026-09-05T01:17:07Z
2011-12-07,TIP,116.480003,610400,2026-09-05T01:17:07Z
2011-12-07,TLT,117.690002,6588300,2026-09-05T01:17:07Z
2011-12-07,VEA,32.580002,1547700,2026-09-05T01:17:07Z
2011-12-07,VNQ,56.410000,1675500,2026-09-05T01:17:07Z
2011-12-07,VWO,40.930000,30186200,2026-09-05T01:17:07Z
2011-12-08,BIL,45.840000,248050,2026-09-05T01:17:07Z
2011-12-08,DBC,27.190001,2211500,2026-09-05T01:17:07Z
2011-12-08,IEF,104.800003,658200,2026-09-05T01:17:07Z
2011-12-08,IWM,72.360001,71486700,2026-09-05T01:17:07Z
2011-12-08,SPY,123.949997,240862800,2026-09-05T01:17:07Z
2011-12-08,TIP,116.529999,508100,2026-09-05T01:17:07Z
2011-12-08,TLT,119.160004,8800500,2026-09-05T01:17:07Z
2011-12-08,VEA,31.559999,2177900,2026-09-05T01:17:07Z
2011-12-08,VNQ,55.130001,1642200,2026-09-05T01:17:07Z
2011-12-08,VWO,39.540001,14669500,2026-09-05T01:17:07Z
2011-12-09,BIL,45.830002,199800,2026-09-05T01:17:07Z
2011-12-09,DBC,27.290001,1114300,2026-09-05T01:17:07Z
2011-12-09,IEF,104.080002,961100,2026-09-05T01:17:07Z
2011-12-09,IWM,74.540001,72184900,2026-09-05T01:17:07Z
2011-12-09,SPY,126.050003,209111400,2026-09-05T01:17:07Z
2011-12-09,TIP,115.910004,803600,2026-09-05T01:17:07Z
2011-12-09,TLT,116.709999,9855100,2026-09-05T01:17:07Z
2011-12-09,VEA,32.250000,1585800,2026-09-05T01:17:07Z
2011-12-09,VNQ,56.340000,1221700,2026-09-05T01:17:07Z
2011-12-09,VWO,40.200001,15732500,2026-09-05T01:17:07Z
2011-12-12,BIL,45.830002,11094100,2026-09-05T01:17:07Z
2011-12-12,DBC,26.940001,1277800,2026-09-05T01:17:07Z
2011-12-12,IEF,104.440002,1068900,2026-09-05T01:17:07Z
2011-12-12,IWM,73.470001,47638600,2026-09-05T01:17:07Z
2011-12-12,SPY,124.209999,215826100,2026-09-05T01:17:07Z
2011-12-12,TIP,116.449997,965500,2026-09-05T01:17:07Z
2011-12-12,TLT,118.010002,5734600,2026-09-05T01:17:07Z
2011-12-12,VEA,31.320000,1807100,2026-09-05T01:17:07Z
2011-12-12,VNQ,55.340000,1710100,2026-09-05T01:17:07Z
2011-12-12,VWO,38.779999,30489700,2026-09-05T01:17:07Z
2011-12-13,BIL,45.830002,399150,2026-09-05T01:17:07Z
2011-12-13,DBC,27.049999,1615100,2026-09-05T01:17:07Z
2011-12-13,IEF,104.919998,512500,2026-09-05T01:17:07Z
2011-12-13,IWM,71.940002,79040300,2026-09-05T01:17:07Z
2011-12-13,SPY,123.050003,245159800,2026-09-05T01:17:07Z
2011-12-13,TIP,116.769997,478500,2026-09-05T01:17:07Z
2011-12-13,TLT,119.110001,8901800,2026-09-05T01:17:07Z
2011-12-13,VEA,30.930000,2184000,2026-09-05T01:17:07Z
2011-12-13,VNQ,54.689999,1555200,2026-09-05T01:17:07Z
2011-12-13,VWO,38.450001,25584500,2026-09-05T01:17:07Z
2011-12-14,BIL,45.840000,1237650,2026-09-05T01:17:07Z
2011-12-14,DBC,26.090000,1851500,2026-09-05T01:17:07Z
2011-12-14,IEF,105.360001,760100,2026-09-05T01:17:07Z
2011-12-14,IWM,71.040001,77704900,2026-09-05T01:17:07Z
2011-12-14,SPY,121.739998,238618800,2026-09-05T01:17:07Z
2011-12-14,TIP,117.000000,780200,2026-09-05T01:17:07Z
2011-12-14,TLT,121.360001,11247700,2026-09-05T01:17:07Z
2011-12-14,VEA,30.549999,3421000,2026-09-05T01:17:07Z
2011-12-14,VNQ,55.009998,2213400,2026-09-05T01:17:07Z
2011-12-14,VWO,37.900002,19308800,2026-09-05T01:17:07Z
2011-12-15,BIL,45.830002,535050,2026-09-05T01:17:07Z
2011-12-15,DBC,25.959999,1639500,2026-09-05T01:17:07Z
2011-12-15,IEF,105.269997,968900,2026-09-05T01:17:07Z
2011-12-15,IWM,71.699997,50096100,2026-09-05T01:17:07Z
2011-12-15,SPY,122.180000,199109200,2026-09-05T01:17:07Z
2011-12-15,TIP,116.709999,646000,2026-09-05T01:17:07Z
2011-12-15,TLT,120.910004,5438700,2026-09-05T01:17:07Z
2011-12-15,VEA,30.719999,2394800,2026-09-05T01:17:07Z
2011-12-15,VNQ,55.930000,1268500,2026-09-05T01:17:07Z
2011-12-15,VWO,38.130001,16025500,2026-09-05T01:17:07Z
2011-12-16,BIL,45.840000,264200,2026-09-05T01:17:07Z
2011-12-16,DBC,26.170000,2818400,2026-09-05T01:17:07Z
2011-12-16,IEF,105.779999,748700,2026-09-05T01:17:07Z
2011-12-16,IWM,72.260002,66225600,2026-09-05T01:17:07Z
2011-12-16,SPY,121.589996,220481400,2026-09-05T01:17:07Z
2011-12-16,TIP,116.970001,1066400,2026-09-05T01:17:07Z
2011-12-16,TLT,122.320000,9321900,2026-09-05T01:17:07Z
2011-12-16,VEA,30.590000,3246500,2026-09-05T01:17:07Z
2011-12-16,VNQ,56.549999,1749800,2026-09-05T01:17:07Z
2011-12-16,VWO,38.400002,24481400,2026-09-05T01:17:07Z
2011-12-19,BIL,45.840000,348500,2026-09-05T01:17:07Z
2011-12-19,DBC,26.049999,1679800,2026-09-05T01:17:07Z
2011-12-19,IEF,106.139999,1126600,2026-09-05T01:17:07Z
2011-12-19,IWM,71.010002,52897500,2026-09-05T01:17:07Z
2011-12-19,SPY,120.290001,183903000,2026-09-05T01:17:07Z
2011-12-19,TIP,117.440002,549300,2026-09-05T01:17:07Z
2011-12-19,TLT,123.870003,7845100,2026-09-05T01:17:07Z
2011-12-19,VEA,30.309999,4343500,2026-09-05T01:17:07Z
2011-12-19,VNQ,56.060001,1366200,2026-09-05T01:17:07Z
2011-12-19,VWO,37.410000,18613100,2026-09-05T01:17:07Z
2011-12-20,BIL,45.840000,235500,2026-09-05T01:17:07Z
2011-12-20,DBC,26.650000,1846600,2026-09-05T01:17:07Z
2011-12-20,IEF,105.180000,1365000,2026-09-05T01:17:07Z
2011-12-20,IWM,73.860001,74174400,2026-09-05T01:17:07Z
2011-12-20,SPY,123.930000,225418100,2026-09-05T01:17:07Z
2011-12-20,TIP,117.510002,635500,2026-09-05T01:17:07Z
2011-12-20,TLT,120.779999,13945400,2026-09-05T01:17:07Z
2011-12-20,VEA,31.330000,2623600,2026-09-05T01:17:07Z
2011-12-20,VNQ,57.759998,1248400,2026-09-05T01:17:07Z
2011-12-20,VWO,38.889999,19927900,2026-09-05T01:17:07Z
2011-12-21,BIL,45.840000,299450,2026-09-05T01:17:07Z
2011-12-21,DBC,26.840000,1802100,2026-09-05T01:17:07Z
2011-12-21,IEF,104.839996,479000,2026-09-05T01:17:07Z
2011-12-21,IWM,74.160004,59194600,2026-09-05T01:17:07Z
2011-12-21,SPY,124.169998,194230900,2026-09-05T01:17:07Z
2011-12-21,TIP,117.050003,598200,2026-09-05T01:17:07Z
2011-12-21,TLT,119.099998,11600100,2026-09-05T01:17:07Z
2011-12-21,VEA,30.170000,4168800,2026-09-05T01:17:07Z
2011-12-21,VNQ,57.740002,2621500,2026-09-05T01:17:07Z
2011-12-21,VWO,38.180000,23553400,2026-09-05T01:17:07Z
2011-12-22,BIL,45.840000,141850,2026-09-05T01:17:07Z
2011-12-22,DBC,26.870001,4658300,2026-09-05T01:17:07Z
2011-12-22,IEF,104.970001,731900,2026-09-05T01:17:07Z
2011-12-22,IWM,74.269997,41502800,2026-09-05T01:17:07Z
2011-12-22,SPY,125.269997,119465400,2026-09-05T01:17:07Z
2011-12-22,TIP,116.989998,573100,2026-09-05T01:17:07Z
2011-12-22,TLT,119.599998,5247400,2026-09-05T01:17:07Z
2011-12-22,VEA,30.410000,3889000,2026-09-05T01:17:07Z
2011-12-22,VNQ,58.570000,1388200,2026-09-05T01:17:07Z
2011-12-22,VWO,38.560001,29063900,2026-09-05T01:17:07Z
2011-12-23,BIL,45.840000,508300,2026-09-05T01:17:07Z
2011-12-23,DBC,27.000000,2872700,2026-09-05T01:17:07Z
2011-12-23,IEF,104.540001,435500,2026-09-05T01:17:07Z
2011-12-23,IWM,74.550003,24333600,2026-09-05T01:17:07Z
2011-12-23,SPY,126.389999,92187200,2026-09-05T01:17:07Z
2011-12-23,TIP,116.849998,675400,2026-09-05T01:17:07Z
2011-12-23,TLT,118.269997,5409700,2026-09-05T01:17:07Z
2011-12-23,VEA,30.660000,2580100,2026-09-05T01:17:07Z
2011-12-23,VNQ,58.180000,2307400,2026-09-05T01:17:07Z
2011-12-23,VWO,38.730000,14636300,2026-09-05T01:17:07Z
2011-12-27,BIL,45.830002,158500,2026-09-05T01:17:07Z
2011-12-27,DBC,27.120001,2493600,2026-09-05T01:17:07Z
2011-12-27,IEF,104.410004,616500,2026-09-05T01:17:07Z
2011-12-27,IWM,74.769997,26922400,2026-09-05T01:17:07Z
2011-12-27,SPY,126.489998,86075700,2026-09-05T01:17:07Z
2011-12-27,TIP,116.529999,574300,2026-09-05T01:17:07Z
2011-12-27,TLT,118.449997,4270300,2026-09-05T01:17:07Z
2011-12-27,VEA,30.500000,3646100,2026-09-05T01:17:07Z
2011-12-27,VNQ,58.439999,1173200,2026-09-05T01:17:07Z
2011-12-27,VWO,38.419998,15551500,2026-09-05T01:17:07Z
2011-12-28,BIL,45.830002,273600,2026-09-05T01:17:07Z
2011-12-28,DBC,26.799999,1930200,2026-09-05T01:17:07Z
2011-12-28,IEF,105.070000,919900,2026-09-05T01:17:07Z
2011-12-28,IWM,73.410004,37827500,2026-09-05T01:17:07Z
2011-12-28,SPY,124.830002,119107100,2026-09-05T01:17:07Z
2011-12-28,TIP,116.830002,609700,2026-09-05T01:17:07Z
2011-12-28,TLT,120.639999,8302300,2026-09-05T01:17:07Z
2011-12-28,VEA,29.990000,4691400,2026-09-05T01:17:07Z
2011-12-28,VNQ,57.740002,1359300,2026-09-05T01:17:07Z
2011-12-28,VWO,37.770000,19166300,2026-09-05T01:17:07Z
2011-12-29,BIL,45.830002,196900,2026-09-05T01:17:07Z
2011-12-29,DBC,26.879999,1941300,2026-09-05T01:17:07Z
2011-12-29,IEF,105.199997,556000,2026-09-05T01:17:07Z
2011-12-29,IWM,74.150002,27090500,2026-09-05T01:17:07Z
2011-12-29,SPY,126.120003,123507200,2026-09-05T01:17:07Z
2011-12-29,TIP,116.730003,605700,2026-09-05T01:17:07Z
2011-12-29,TLT,120.860001,4305000,2026-09-05T01:17:07Z
2011-12-29,VEA,30.510000,4490100,2026-09-05T01:17:07Z
2011-12-29,VNQ,58.250000,948500,2026-09-05T01:17:07Z
2011-12-29,VWO,38.160000,16190400,2026-09-05T01:17:07Z
2011-12-30,BIL,45.830002,200350,2026-09-05T01:17:07Z
2011-12-30,DBC,26.840000,2047500,2026-09-05T01:17:07Z
2011-12-30,IEF,105.570000,1230000,2026-09-05T01:17:07Z
2011-12-30,IWM,73.750000,31979800,2026-09-05T01:17:07Z
2011-12-30,SPY,125.500000,95599000,2026-09-05T01:17:07Z
2011-12-30,TIP,116.690002,758400,2026-09-05T01:17:07Z
2011-12-30,TLT,121.250000,5948800,2026-09-05T01:17:07Z
2011-12-30,VEA,30.629999,2739900,2026-09-05T01:17:07Z
2011-12-30,VNQ,58.000000,1969300,2026-09-05T01:17:07Z
2011-12-30,VWO,38.209999,15639900,2026-09-05T01:17:07Z
