date,symbol,close,volume,fetched_at
2013-01-02,BIL,45.810001,1277900,2026-09-05T01:17:07Z
2013-01-02,DBC,27.879999,3008900,2026-09-05T01:17:07Z
2013-01-02,IEF,107.000000,2561300,2026-09-05T01:17:07Z
2013-01-02,IWM,86.800003,116410600,2026-09-05T01:17:07Z
2013-01-02,SPY,146.059998,192059000,2026-09-05T01:17:07Z
2013-01-02,TIP,121.339996,2805000,2026-09-05T01:17:07Z
2013-01-02,TLT,119.559998,7472700,2026-09-05T01:17:07Z
2013-01-02,VEA,35.810001,4903500,2026-09-05T01:17:07Z
2013-01-02,VNQ,66.620003,5286400,2026-09-05T01:17:07Z
2013-01-02,VWO,45.470001,25446200,2026-09-05T01:17:07Z
2013-01-03,BIL,45.810001,294500,2026-09-05T01:17:07Z
2013-01-03,DBC,27.650000,2478800,2026-09-05T01:17:07Z
2013-01-03,IEF,106.449997,2131900,2026-09-05T01:17:07Z
2013-01-03,IWM,86.599998,45872900,2026-09-05T01:17:07Z
2013-01-03,SPY,145.729996,144761800,2026-09-05T01:17:07Z
2013-01-03,TIP,120.510002,3622300,2026-09-05T01:17:07Z
2013-01-03,TLT,117.940002,10004300,2026-09-05T01:17:07Z
2013-01-03,VEA,35.450001,3764100,2026-09-05T01:17:07Z
2013-01-03,VNQ,66.610001,3571000,2026-09-05T01:17:07Z
2013-01-03,VWO,45.200001,47765500,2026-09-05T01:17:07Z
2013-01-04,BIL,45.820000,192700,2026-09-05T01:17:07Z
2013-01-04,DBC,27.530001,3217000,2026-09-05T01:17:07Z
2013-01-04,IEF,106.500000,975400,2026-09-05T01:17:07Z
2013-01-04,IWM,87.239998,29852500,2026-09-05T01:17:07Z
2013-01-04,SPY,146.369995,116817700,2026-09-05T01:17:07Z
2013-01-04,TIP,120.459999,940600,2026-09-05T01:17:07Z
2013-01-04,TLT,118.400002,9574600,2026-09-05T01:17:07Z
2013-01-04,VEA,35.650002,3242400,2026-09-05T01:17:07Z
2013-01-04,VNQ,66.919998,2338700,2026-09-05T01:17:07Z
2013-01-04,VWO,45.279999,19000300,2026-09-05T01:17:07Z
2013-01-07,BIL,45.799999,179650,2026-09-05T01:17:07Z
2013-01-07,DBC,27.580000,1727800,2026-09-05T01:17:07Z
2013-01-07,IEF,106.559998,1387400,2026-09-05T01:17:07Z
2013-01-07,IWM,86.910004,23693400,2026-09-05T01:17:07Z
2013-01-07,SPY,145.970001,110002500,2026-09-05T01:17:07Z
2013-01-07,TIP,120.870003,1237600,2026-09-05T01:17:07Z
2013-01-07,TLT,118.449997,4193100,2026-09-05T01:17:07Z
2013-01-07,VEA,35.470001,5281800,2026-09-05T01:17:07Z
2013-01-07,VNQ,67.070000,2243600,2026-09-05T01:17:07Z
2013-01-07,VWO,44.889999,16385200,2026-09-05T01:17:07Z
2013-01-08,BIL,45.799999,106650,2026-09-05T01:17:07Z
2013-01-08,DBC,27.650000,1681900,2026-09-05T01:17:07Z
2013-01-08,IEF,106.820000,364200,2026-09-05T01:17:07Z
2013-01-08,IWM,86.849998,23760000,2026-09-05T01:17:07Z
2013-01-08,SPY,145.550003,121265100,2026-09-05T01:17:07Z
2013-01-08,TIP,121.040001,899300,2026-09-05T01:17:07Z
2013-01-08,TLT,119.230003,4380900,2026-09-05T01:17:07Z
2013-01-08,VEA,35.279999,2269900,2026-09-05T01:17:07Z
2013-01-08,VNQ,66.940002,1533700,2026-09-05T01:17:07Z
2013-01-08,VWO,44.520000,16626800,2026-09-05T01:17:07Z
2013-01-09,BIL,45.799999,197400,2026-09-05T01:17:07Z
2013-01-09,DBC,27.610001,1681200,2026-09-05T01:17:07Z
2013-01-09,IEF,106.879997,517700,2026-09-05T01:17:07Z
2013-01-09,IWM,87.269997,27425500,2026-09-05T01:17:07Z
2013-01-09,SPY,145.919998,90745600,2026-09-05T01:17:07Z
2013-01-09,TIP,121.260002,692300,2026-09-05T01:17:07Z
2013-01-09,TLT,119.120003,3870300,2026-09-05T01:17:07Z
2013-01-09,VEA,35.450001,2957000,2026-09-05T01:17:07Z
2013-01-09,VNQ,67.129997,2134400,2026-09-05T01:17:07Z
2013-01-09,VWO,44.779999,15458300,2026-09-05T01:17:07Z
2013-01-10,BIL,45.799999,81100,2026-09-05T01:17:07Z
2013-01-10,DBC,27.709999,1740600,2026-09-05T01:17:07Z
2013-01-10,IEF,106.570000,689100,2026-09-05T01:17:07Z
2013-01-10,IWM,87.470001,39753000,2026-09-05T01:17:07Z
2013-01-10,SPY,147.080002,130735400,2026-09-05T01:17:07Z
2013-01-10,TIP,121.150002,1017900,2026-09-05T01:17:07Z
2013-01-10,TLT,118.790001,5602800,2026-09-05T01:17:07Z
2013-01-10,VEA,35.939999,2827200,2026-09-05T01:17:07Z
2013-01-10,VNQ,67.199997,2824100,2026-09-05T01:17:07Z
2013-01-10,VWO,45.180000,22008300,2026-09-05T01:17:07Z
2013-01-11,BIL,45.799999,58750,2026-09-05T01:17:07Z
2013-01-11,DBC,27.590000,1492200,2026-09-05T01:17:07Z
2013-01-11,IEF,106.910004,553900,2026-09-05T01:17:07Z
2013-01-11,IWM,87.339996,27322400,2026-09-05T01:17:07Z
2013-01-11,SPY,147.070007,113917300,2026-09-05T01:17:07Z
2013-01-11,TIP,121.260002,691100,2026-09-05T01:17:07Z
2013-01-11,TLT,119.849998,4770700,2026-09-05T01:17:07Z
2013-01-11,VEA,36.000000,3513500,2026-09-05T01:17:07Z
2013-01-11,VNQ,67.160004,2022000,2026-09-05T01:17:07Z
2013-01-11,VWO,44.840000,20592300,2026-09-05T01:17:07Z
2013-01-14,BIL,45.799999,87250,2026-09-05T01:17:07Z
2013-01-14,DBC,27.770000,1996600,2026-09-05T01:17:07Z
2013-01-14,IEF,106.870003,971700,2026-09-05T01:17:07Z
2013-01-14,IWM,87.389999,24351900,2026-09-05T01:17:07Z
2013-01-14,SPY,146.970001,89567200,2026-09-05T01:17:07Z
2013-01-14,TIP,121.300003,709200,2026-09-05T01:17:07Z
2013-01-14,TLT,119.519997,3064600,2026-09-05T01:17:07Z
2013-01-14,VEA,36.049999,2356400,2026-09-05T01:17:07Z
2013-01-14,VNQ,67.349998,1787200,2026-09-05T01:17:07Z
2013-01-14,VWO,45.020000,14793500,2026-09-05T01:17:07Z
2013-01-15,BIL,45.799999,72400,2026-09-05T01:17:07Z
2013-01-15,DBC,27.650000,3970300,2026-09-05T01:17:07Z
2013-01-15,IEF,107.129997,428800,2026-09-05T01:17:07Z
2013-01-15,IWM,87.769997,34704100,2026-09-05T01:17:07Z
2013-01-15,SPY,147.070007,93172600,2026-09-05T01:17:07Z
2013-01-15,TIP,121.379997,654100,2026-09-05T01:17:07Z
2013-01-15,TLT,120.070000,5357800,2026-09-05T01:17:07Z
2013-01-15,VEA,36.000000,1850300,2026-09-05T01:17:07Z
2013-01-15,VNQ,67.669998,2101400,2026-09-05T01:17:07Z
2013-01-15,VWO,44.849998,15723900,2026-09-05T01:17:07Z
2013-01-16,BIL,45.799999,417550,2026-09-05T01:17:07Z
2013-01-16,DBC,27.680000,3361300,2026-09-05T01:17:07Z
2013-01-16,IEF,107.269997,534000,2026-09-05T01:17:07Z
2013-01-16,IWM,87.510002,20881400,2026-09-05T01:17:07Z
2013-01-16,SPY,147.050003,104849500,2026-09-05T01:17:07Z
2013-01-16,TIP,121.349998,968600,2026-09-05T01:17:07Z
2013-01-16,TLT,120.320000,4286100,2026-09-05T01:17:07Z
2013-01-16,VEA,35.779999,2203000,2026-09-05T01:17:07Z
2013-01-16,VNQ,67.589996,2384800,2026-09-05T01:17:07Z
2013-01-16,VWO,44.770000,12085600,2026-09-05T01:17:07Z
2013-01-17,BIL,45.810001,739550,2026-09-05T01:17:07Z
2013-01-17,DBC,27.799999,1419100,2026-09-05T01:17:07Z
2013-01-17,IEF,106.779999,436100,2026-09-05T01:17:07Z
2013-01-17,IWM,88.320000,34219400,2026-09-05T01:17:07Z
2013-01-17,SPY,148.000000,133833500,2026-09-05T01:17:07Z
2013-01-17,TIP,121.139999,596900,2026-09-05T01:17:07Z
2013-01-17,TLT,119.120003,7019200,2026-09-05T01:17:07Z
2013-01-17,VEA,36.080002,2186700,2026-09-05T01:17:07Z
2013-01-17,VNQ,67.800003,2421900,2026-09-05T01:17:07Z
2013-01-17,VWO,45.080002,15182200,2026-09-05T01:17:07Z
2013-01-18,BIL,45.799999,279400,2026-09-05T01:17:07Z
2013-01-18,DBC,27.980000,1631600,2026-09-05T01:17:07Z
2013-01-18,IEF,107.080002,560100,2026-09-05T01:17:07Z
2013-01-18,IWM,88.570000,23256900,2026-09-05T01:17:07Z
2013-01-18,SPY,148.330002,169906000,2026-09-05T01:17:07Z
2013-01-18,TIP,121.339996,892000,2026-09-05T01:17:07Z
2013-01-18,TLT,120.040001,4660000,2026-09-05T01:17:07Z
2013-01-18,VEA,36.060001,2375100,2026-09-05T01:17:07Z
2013-01-18,VNQ,68.089996,2277500,2026-09-05T01:17:07Z
2013-01-18,VWO,45.130001,10905200,2026-09-05T01:17:07Z
2013-01-22,BIL,45.799999,139500,2026-09-05T01:17:07Z
2013-01-22,DBC,28.059999,2017900,2026-09-05T01:17:07Z
2013-01-22,IEF,107.169998,595400,2026-09-05T01:17:07Z
2013-01-22,IWM,89.209999,31589000,2026-09-05T01:17:07Z
2013-01-22,SPY,149.130005,111797300,2026-09-05T01:17:07Z
2013-01-22,TIP,121.320000,634700,2026-09-05T01:17:07Z
2013-01-22,TLT,120.269997,3874100,2026-09-05T01:17:07Z
2013-01-22,VEA,36.080002,2694500,2026-09-05T01:17:07Z
2013-01-22,VNQ,68.440002,2187400,2026-09-05T01:17:07Z
2013-01-22,VWO,45.090000,12863000,2026-09-05T01:17:07Z
2013-01-23,BIL,45.799999,150250,2026-09-05T01:17:07Z
2013-01-23,DBC,28.090000,1704100,2026-09-05T01:17:07Z
2013-01-23,IEF,107.220001,603600,2026-09-05T01:17:07Z
2013-01-23,IWM,89.000000,32818900,2026-09-05T01:17:07Z
2013-01-23,SPY,149.369995,104596100,2026-09-05T01:17:07Z
2013-01-23,TIP,121.339996,1156300,2026-09-05T01:17:07Z
2013-01-23,TLT,120.089996,2848800,2026-09-05T01:17:07Z
2013-01-23,VEA,36.009998,3155200,2026-09-05T01:17:07Z
2013-01-23,VNQ,68.419998,2383100,2026-09-05T01:17:07Z
2013-01-23,VWO,44.799999,20810700,2026-09-05T01:17:07Z
2013-01-24,BIL,45.810001,2557850,2026-09-05T01:17:07Z
2013-01-24,DBC,28.070000,1555000,2026-09-05T01:17:07Z
2013-01-24,IEF,107.040001,376300,2026-09-05T01:17:07Z
2013-01-24,IWM,89.290001,39814600,2026-09-05T01:17:07Z
2013-01-24,SPY,149.410004,146426400,2026-09-05T01:17:07Z
2013-01-24,TIP,121.269997,947300,2026-09-05T01:17:07Z
2013-01-24,TLT,119.669998,4178900,2026-09-05T01:17:07Z
2013-01-24,VEA,36.220001,3211400,2026-09-05T01:17:07Z
2013-01-24,VNQ,68.559998,2346200,2026-09-05T01:17:07Z
2013-01-24,VWO,44.669998,17504400,2026-09-05T01:17:07Z
2013-01-25,BIL,45.799999,188800,2026-09-05T01:17:07Z
2013-01-25,DBC,28.010000,1470300,2026-09-05T01:17:07Z
2013-01-25,IEF,106.330002,570600,2026-09-05T01:17:07Z
2013-01-25,IWM,89.940002,34620300,2026-09-05T01:17:07Z
2013-01-25,SPY,150.250000,147211600,2026-09-05T01:17:07Z
2013-01-25,TIP,120.760002,1141600,2026-09-05T01:17:07Z
2013-01-25,TLT,118.029999,8750700,2026-09-05T01:17:07Z
2013-01-25,VEA,36.619999,2500800,2026-09-05T01:17:07Z
2013-01-25,VNQ,68.949997,2095600,2026-09-05T01:17:07Z
2013-01-25,VWO,44.560001,13662100,2026-09-05T01:17:07Z
2013-01-28,BIL,45.799999,285500,2026-09-05T01:17:07Z
2013-01-28,DBC,28.000000,1456900,2026-09-05T01:17:07Z
2013-01-28,IEF,106.110001,1328000,2026-09-05T01:17:07Z
2013-01-28,IWM,90.000000,42633600,2026-09-05T01:17:07Z
2013-01-28,SPY,150.070007,113357700,2026-09-05T01:17:07Z
2013-01-28,TIP,120.599998,1373900,2026-09-05T01:17:07Z
2013-01-28,TLT,117.599998,6059900,2026-09-05T01:17:07Z
2013-01-28,VEA,36.410000,2437700,2026-09-05T01:17:07Z
2013-01-28,VNQ,69.129997,3364700,2026-09-05T01:17:07Z
2013-01-28,VWO,44.230000,22382700,2026-09-05T01:17:07Z
2013-01-29,BIL,45.799999,85300,2026-09-05T01:17:07Z
2013-01-29,DBC,28.160000,1536500,2026-09-05T01:17:07Z
2013-01-29,IEF,105.949997,480600,2026-09-05T01:17:07Z
2013-01-29,IWM,90.050003,37055100,2026-09-05T01:17:07Z
2013-01-29,SPY,150.660004,105694400,2026-09-05T01:17:07Z
2013-01-29,TIP,120.379997,807100,2026-09-05T01:17:07Z
2013-01-29,TLT,116.949997,5553900,2026-09-05T01:17:07Z
2013-01-29,VEA,36.680000,4171300,2026-09-05T01:17:07Z
2013-01-29,VNQ,69.330002,2343700,2026-09-05T01:17:07Z
2013-01-29,VWO,44.750000,21512200,2026-09-05T01:17:07Z
2013-01-30,BIL,45.799999,160750,2026-09-05T01:17:07Z
2013-01-30,DBC,28.480000,2555200,2026-09-05T01:17:07Z
2013-01-30,IEF,106.010002,453200,2026-09-05T01:17:07Z
2013-01-30,IWM,88.970001,39299300,2026-09-05T01:17:07Z
2013-01-30,SPY,150.070007,137447700,2026-09-05T01:17:07Z
2013-01-30,TIP,120.419998,1540300,2026-09-05T01:17:07Z
2013-01-30,TLT,116.750000,9586800,2026-09-05T01:17:07Z
2013-01-30,VEA,36.720001,3510700,2026-09-05T01:17:07Z
2013-01-30,VNQ,68.669998,1872600,2026-09-05T01:17:07Z
2013-01-30,VWO,44.520000,14045900,2026-09-05T01:17:07Z
2013-01-31,BIL,45.810001,168450,2026-09-05T01:17:07Z
2013-01-31,DBC,28.469999,2636100,2026-09-05T01:17:07Z
2013-01-31,IEF,106.099998,902500,2026-09-05T01:17:07Z
2013-01-31,IWM,89.580002,36924200,2026-09-05T01:17:07Z
2013-01-31,SPY,149.699997,108975800,2026-09-05T01:17:07Z
2013-01-31,TIP,120.779999,1657800,2026-09-05T01:17:07Z
2013-01-31,TLT,117.320000,6789200,2026-09-05T01:17:07Z
2013-01-31,VEA,36.580002,2690100,2026-09-05T01:17:07Z
2013-01-31,VNQ,68.260002,2186400,2026-09-05T01:17:07Z
2013-01-31,VWO,44.560001,26095400,2026-09-05T01:17:07Z
2013-02-01,BIL,45.799999,171650,2026-09-05T01:17:07Z
2013-02-01,DBC,28.580000,2975900,2026-09-05T01:17:07Z
2013-02-01,IEF,105.599998,2587800,2026-09-05T01:17:07Z
2013-02-01,IWM,90.370003,33925100,2026-09-05T01:17:07Z
2013-02-01,SPY,151.240005,131173000,2026-09-05T01:17:07Z
2013-02-01,TIP,120.190002,4125100,2026-09-05T01:17:07Z
2013-02-01,TLT,115.540001,10928600,2026-09-05T01:17:07Z
2013-02-01,VEA,36.869999,3148600,2026-09-05T01:17:07Z
2013-02-01,VNQ,68.660004,3376600,2026-09-05T01:17:07Z
2013-02-01,VWO,44.860001,12021200,2026-09-05T01:17:07Z
2013-02-04,BIL,45.799999,112550,2026-09-05T01:17:07Z
2013-02-04,DBC,28.480000,1753700,2026-09-05T01:17:07Z
2013-02-04,IEF,106.209999,693400,2026-09-05T01:17:07Z
2013-02-04,IWM,89.279999,27006300,2026-09-05T01:17:07Z
2013-02-04,SPY,149.539993,159073600,2026-09-05T01:17:07Z
2013-02-04,TIP,120.970001,2899100,2026-09-05T01:17:07Z
2013-02-04,TLT,117.019997,9291900,2026-09-05T01:17:07Z
2013-02-04,VEA,36.200001,4194100,2026-09-05T01:17:07Z
2013-02-04,VNQ,68.500000,2827500,2026-09-05T01:17:07Z
2013-02-04,VWO,44.279999,13499000,2026-09-05T01:17:07Z
2013-02-05,BIL,45.810001,165500,2026-09-05T01:17:07Z
2013-02-05,DBC,28.590000,1421600,2026-09-05T01:17:07Z
2013-02-05,IEF,105.830002,797700,2026-09-05T01:17:07Z
2013-02-05,IWM,90.080002,26551000,2026-09-05T01:17:07Z
2013-02-05,SPY,151.050003,113912400,2026-09-05T01:17:07Z
2013-02-05,TIP,120.620003,978800,2026-09-05T01:17:07Z
2013-02-05,TLT,115.980003,6676500,2026-09-05T01:17:07Z
2013-02-05,VEA,36.360001,2887100,2026-09-05T01:17:07Z
2013-02-05,VNQ,68.339996,2401200,2026-09-05T01:17:07Z
2013-02-05,VWO,44.410000,33305400,2026-09-05T01:17:07Z
2013-02-06,BIL,45.810001,282550,2026-09-05T01:17:07Z
2013-02-06,DBC,28.549999,2511400,2026-09-05T01:17:07Z
2013-02-06,IEF,106.150002,816800,2026-09-05T01:17:07Z
2013-02-06,IWM,90.459999,24297800,2026-09-05T01:17:07Z
2013-02-06,SPY,151.160004,138762800,2026-09-05T01:17:07Z
2013-02-06,TIP,120.760002,3383300,2026-09-05T01:17:07Z
2013-02-06,TLT,116.930000,5892000,2026-09-05T01:17:07Z
2013-02-06,VEA,36.360001,3290300,2026-09-05T01:17:07Z
2013-02-06,VNQ,68.580002,8277600,2026-09-05T01:17:07Z
2013-02-06,VWO,44.299999,18427800,2026-09-05T01:17:07Z
2013-02-07,BIL,45.810001,50900,2026-09-05T01:17:07Z
2013-02-07,DBC,28.440001,2184600,2026-09-05T01:17:07Z
2013-02-07,IEF,106.199997,970000,2026-09-05T01:17:07Z
2013-02-07,IWM,90.160004,30206500,2026-09-05T01:17:07Z
2013-02-07,SPY,150.960007,162490000,2026-09-05T01:17:07Z
2013-02-07,TIP,120.650002,826400,2026-09-05T01:17:07Z
2013-02-07,TLT,116.669998,5951700,2026-09-05T01:17:07Z
2013-02-07,VEA,36.080002,5710000,2026-09-05T01:17:07Z
2013-02-07,VNQ,68.290001,1793400,2026-09-05T01:17:07Z
2013-02-07,VWO,43.939999,14299500,2026-09-05T01:17:07Z
2013-02-08,BIL,45.810001,579750,2026-09-05T01:17:07Z
2013-02-08,DBC,28.549999,1562500,2026-09-05T01:17:07Z
2013-02-08,IEF,106.279999,952800,2026-09-05T01:17:07Z
2013-02-08,IWM,90.800003,25189600,2026-09-05T01:17:07Z
2013-02-08,SPY,151.800003,103133700,2026-09-05T01:17:07Z
2013-02-08,TIP,120.610001,1400100,2026-09-05T01:17:07Z
2013-02-08,TLT,117.120003,5603400,2026-09-05T01:17:07Z
2013-02-08,VEA,36.330002,14154900,2026-09-05T01:17:07Z
2013-02-08,VNQ,68.919998,2799900,2026-09-05T01:17:07Z
2013-02-08,VWO,44.290001,13048000,2026-09-05T01:17:07Z
2013-02-11,BIL,45.810001,205000,2026-09-05T01:17:07Z
2013-02-11,DBC,28.450001,1981400,2026-09-05T01:17:07Z
2013-02-11,IEF,106.169998,558800,2026-09-05T01:17:07Z
2013-02-11,IWM,90.699997,15722100,2026-09-05T01:17:07Z
2013-02-11,SPY,151.770004,73775000,2026-09-05T01:17:07Z
2013-02-11,TIP,120.519997,733600,2026-09-05T01:17:07Z
2013-02-11,TLT,117.029999,3679900,2026-09-05T01:17:07Z
2013-02-11,VEA,36.299999,3617100,2026-09-05T01:17:07Z
2013-02-11,VNQ,69.019997,2177700,2026-09-05T01:17:07Z
2013-02-11,VWO,44.270000,10492600,2026-09-05T01:17:07Z
2013-02-12,BIL,45.810001,195600,2026-09-05T01:17:07Z
2013-02-12,DBC,28.500000,2520800,2026-09-05T01:17:07Z
2013-02-12,IEF,106.059998,531500,2026-09-05T01:17:07Z
2013-02-12,IWM,91.099998,19792700,2026-09-05T01:17:07Z
2013-02-12,SPY,152.020004,65392700,2026-09-05T01:17:07Z
2013-02-12,TIP,120.510002,749900,2026-09-05T01:17:07Z
2013-02-12,TLT,116.739998,4513700,2026-09-05T01:17:07Z
2013-02-12,VEA,36.450001,3053400,2026-09-05T01:17:07Z
2013-02-12,VNQ,69.540001,2357700,2026-09-05T01:17:07Z
2013-02-12,VWO,44.340000,11362600,2026-09-05T01:17:07Z
2013-02-13,BIL,45.799999,98300,2026-09-05T01:17:07Z
2013-02-13,DBC,28.510000,1532000,2026-09-05T01:17:07Z
2013-02-13,IEF,105.690002,610700,2026-09-05T01:17:07Z
2013-02-13,IWM,91.480003,22591300,2026-09-05T01:17:07Z
2013-02-13,SPY,152.149994,82322600,2026-09-05T01:17:07Z
2013-02-13,TIP,120.169998,1108600,2026-09-05T01:17:07Z
2013-02-13,TLT,115.790001,6586400,2026-09-05T01:17:07Z
2013-02-13,VEA,36.580002,4879300,2026-09-05T01:17:07Z
2013-02-13,VNQ,69.500000,2525900,2026-09-05T01:17:07Z
2013-02-13,VWO,44.520000,10556900,2026-09-05T01:17:07Z
2013-02-14,BIL,45.810001,116500,2026-09-05T01:17:07Z
2013-02-14,DBC,28.469999,1387900,2026-09-05T01:17:07Z
2013-02-14,IEF,106.139999,988000,2026-09-05T01:17:07Z
2013-02-14,IWM,91.709999,22359300,2026-09-05T01:17:07Z
2013-02-14,SPY,152.289993,80834300,2026-09-05T01:17:07Z
2013-02-14,TIP,120.379997,633400,2026-09-05T01:17:07Z
2013-02-14,TLT,116.839996,7096000,2026-09-05T01:17:07Z
2013-02-14,VEA,36.369999,2586400,2026-09-05T01:17:07Z
2013-02-14,VNQ,69.209999,2169200,2026-09-05T01:17:07Z
2013-02-14,VWO,44.480000,10268300,2026-09-05T01:17:07Z
2013-02-15,BIL,45.799999,51900,2026-09-05T01:17:07Z
2013-02-15,DBC,28.350000,2421000,2026-09-05T01:17:07Z
2013-02-15,IEF,106.040001,681700,2026-09-05T01:17:07Z
2013-02-15,IWM,91.739998,29339100,2026-09-05T01:17:07Z
2013-02-15,SPY,152.110001,215226500,2026-09-05T01:17:07Z
2013-02-15,TIP,120.050003,917900,2026-09-05T01:17:07Z
2013-02-15,TLT,116.500000,5861800,2026-09-05T01:17:07Z
2013-02-15,VEA,36.240002,2875300,2026-09-05T01:17:07Z
2013-02-15,VNQ,69.239998,1504200,2026-09-05T01:17:07Z
2013-02-15,VWO,44.410000,13824200,2026-09-05T01:17:07Z
2013-02-19,BIL,45.799999,89200,2026-09-05T01:17:07Z
2013-02-19,DBC,28.240000,2252600,2026-09-05T01:17:07Z
2013-02-19,IEF,105.870003,498800,2026-09-05T01:17:07Z
2013-02-19,IWM,92.550003,21162300,2026-09-05T01:17:07Z
2013-02-19,SPY,153.250000,95105400,2026-09-05T01:17:07Z
2013-02-19,TIP,119.989998,1096300,2026-09-05T01:17:07Z
2013-02-19,TLT,115.919998,7383600,2026-09-05T01:17:07Z
2013-02-19,VEA,36.689999,3127800,2026-09-05T01:17:07Z
2013-02-19,VNQ,69.790001,1673700,2026-09-05T01:17:07Z
2013-02-19,VWO,44.430000,19722800,2026-09-05T01:17:07Z
2013-02-20,BIL,45.810001,110450,2026-09-05T01:17:07Z
2013-02-20,DBC,27.920000,3037500,2026-09-05T01:17:07Z
2013-02-20,IEF,106.099998,869900,2026-09-05T01:17:07Z
2013-02-20,IWM,90.830002,41753800,2026-09-05T01:17:07Z
2013-02-20,SPY,151.339996,160574800,2026-09-05T01:17:07Z
2013-02-20,TIP,120.019997,1117900,2026-09-05T01:17:07Z
2013-02-20,TLT,116.269997,9603900,2026-09-05T01:17:07Z
2013-02-20,VEA,36.349998,2820400,2026-09-05T01:17:07Z
2013-02-20,VNQ,69.339996,1764500,2026-09-05T01:17:07Z
2013-02-20,VWO,44.020000,30313700,2026-09-05T01:17:07Z
2013-02-21,BIL,45.799999,290850,2026-09-05T01:17:07Z
2013-02-21,DBC,27.600000,2358300,2026-09-05T01:17:07Z
2013-02-21,IEF,106.309998,681000,2026-09-05T01:17:07Z
2013-02-21,IWM,89.949997,45067400,2026-09-05T01:17:07Z
2013-02-21,SPY,150.419998,183257000,2026-09-05T01:17:07Z
2013-02-21,TIP,120.169998,1253000,2026-09-05T01:17:07Z
2013-02-21,TLT,116.949997,8297400,2026-09-05T01:17:07Z
2013-02-21,VEA,35.790001,3494100,2026-09-05T01:17:07Z
2013-02-21,VNQ,68.820000,2185700,2026-09-05T01:17:07Z
2013-02-21,VWO,43.520000,26589300,2026-09-05T01:17:07Z
2013-02-22,BIL,45.810001,70800,2026-09-05T01:17:07Z
2013-02-22,DBC,27.600000,1897900,2026-09-05T01:17:07Z
2013-02-22,IEF,106.440002,412800,2026-09-05T01:17:07Z
2013-02-22,IWM,91.029999,24762300,2026-09-05T01:17:07Z
2013-02-22,SPY,151.889999,106356600,2026-09-05T01:17:07Z
2013-02-22,TIP,120.430000,758900,2026-09-05T01:17:07Z
2013-02-22,TLT,117.029999,5316900,2026-09-05T01:17:07Z
2013-02-22,VEA,36.320000,2084300,2026-09-05T01:17:07Z
2013-02-22,VNQ,69.510002,1941400,2026-09-05T01:17:07Z
2013-02-22,VWO,43.689999,18602100,2026-09-05T01:17:07Z
2013-02-25,BIL,45.799999,125400,2026-09-05T01:17:07Z
2013-02-25,DBC,27.469999,3079200,2026-09-05T01:17:07Z
2013-02-25,IEF,107.260002,2909000,2026-09-05T01:17:07Z
2013-02-25,IWM,89.019997,53492800,2026-09-05T01:17:07Z
2013-02-25,SPY,149.000000,245824800,2026-09-05T01:17:07Z
2013-02-25,TIP,121.029999,770200,2026-09-05T01:17:07Z
2013-02-25,TLT,119.330002,15948700,2026-09-05T01:17:07Z
2013-02-25,VEA,35.470001,3597300,2026-09-05T01:17:07Z
2013-02-25,VNQ,68.190002,2550400,2026-09-05T01:17:07Z
2013-02-25,VWO,43.040001,29123800,2026-09-05T01:17:07Z
2013-02-26,BIL,45.799999,145250,2026-09-05T01:17:07Z
2013-02-26,DBC,27.420000,2745100,2026-09-05T01:17:07Z
2013-02-26,IEF,107.059998,860900,2026-09-05T01:17:07Z
2013-02-26,IWM,89.370003,47522800,2026-09-05T01:17:07Z
2013-02-26,SPY,150.020004,186596200,2026-09-05T01:17:07Z
2013-02-26,TIP,120.739998,768900,2026-09-05T01:17:07Z
2013-02-26,TLT,118.639999,9822100,2026-09-05T01:17:07Z
2013-02-26,VEA,35.730000,4811200,2026-09-05T01:17:07Z
2013-02-26,VNQ,68.660004,2382800,2026-09-05T01:17:07Z
2013-02-26,VWO,43.330002,30166000,2026-09-05T01:17:07Z
2013-02-27,BIL,45.810001,101600,2026-09-05T01:17:07Z
2013-02-27,DBC,27.250000,2564300,2026-09-05T01:17:07Z
2013-02-27,IEF,107.010002,398800,2026-09-05T01:17:07Z
2013-02-27,IWM,90.309998,41192300,2026-09-05T01:17:07Z
2013-02-27,SPY,151.910004,150781900,2026-09-05T01:17:07Z
2013-02-27,TIP,120.739998,1033200,2026-09-05T01:17:07Z
2013-02-27,TLT,118.290001,7459600,2026-09-05T01:17:07Z
2013-02-27,VEA,36.180000,2074500,2026-09-05T01:17:07Z
2013-02-27,VNQ,69.160004,1551400,2026-09-05T01:17:07Z
2013-02-27,VWO,43.720001,20752600,2026-09-05T01:17:07Z
2013-02-28,BIL,45.810001,328500,2026-09-05T01:17:07Z
2013-02-28,DBC,27.129999,5327700,2026-09-05T01:17:07Z
2013-02-28,IEF,107.160004,534400,2026-09-05T01:17:07Z
2013-02-28,IWM,90.480003,31208800,2026-09-05T01:17:07Z
2013-02-28,SPY,151.610001,126866000,2026-09-05T01:17:07Z
2013-02-28,TIP,121.010002,1255100,2026-09-05T01:17:07Z
2013-02-28,TLT,118.510002,6023400,2026-09-05T01:17:07Z
2013-02-28,VEA,36.160000,4837100,2026-09-05T01:17:07Z
2013-02-28,VNQ,69.089996,4566400,2026-09-05T01:17:07Z
2013-02-28,VWO,43.509998,31158700,2026-09-05T01:17:07Z
2013-03-01,BIL,45.810001,67500,2026-09-05T01:17:07Z
2013-03-01,DBC,26.940001,2641200,2026-09-05T01:17:07Z
2013-03-01,IEF,107.300003,876500,2026-09-05T01:17:07Z
2013-03-01,IWM,90.889999,49278200,2026-09-05T01:17:07Z
2013-03-01,SPY,152.110001,170634800,2026-09-05T01:17:07Z
2013-03-01,TIP,121.519997,4043700,2026-09-05T01:17:07Z
2013-03-01,TLT,118.900002,7786800,2026-09-05T01:17:07Z
2013-03-01,VEA,36.080002,5763100,2026-09-05T01:17:07Z
2013-03-01,VNQ,69.320000,3862400,2026-09-05T01:17:07Z
2013-03-01,VWO,43.570000,17239900,2026-09-05T01:17:07Z
2013-03-04,BIL,45.799999,86700,2026-09-05T01:17:07Z
2013-03-04,DBC,26.840000,2031000,2026-09-05T01:17:07Z
2013-03-04,IEF,107.050003,572600,2026-09-05T01:17:07Z
2013-03-04,IWM,91.129997,27577000,2026-09-05T01:17:07Z
2013-03-04,SPY,152.919998,99010200,2026-09-05T01:17:07Z
2013-03-04,TIP,121.139999,964500,2026-09-05T01:17:07Z
2013-03-04,TLT,118.269997,4511400,2026-09-05T01:17:07Z
2013-03-04,VEA,36.240002,2535400,2026-09-05T01:17:07Z
2013-03-04,VNQ,69.839996,3141000,2026-09-05T01:17:07Z
2013-03-04,VWO,43.189999,18459000,2026-09-05T01:17:07Z
2013-03-05,BIL,45.810001,133700,2026-09-05T01:17:07Z
2013-03-05,DBC,27.090000,3225400,2026-09-05T01:17:07Z
2013-03-05,IEF,106.940002,224700,2026-09-05T01:17:07Z
2013-03-05,IWM,92.190002,35612300,2026-09-05T01:17:07Z
2013-03-05,SPY,154.289993,121431900,2026-09-05T01:17:07Z
2013-03-05,TIP,121.110001,3379200,2026-09-05T01:17:07Z
2013-03-05,TLT,117.930000,6539300,2026-09-05T01:17:07Z
2013-03-05,VEA,36.590000,2735800,2026-09-05T01:17:07Z
2013-03-05,VNQ,70.389999,2835800,2026-09-05T01:17:07Z
2013-03-05,VWO,43.680000,17769800,2026-09-05T01:17:07Z
2013-03-06,BIL,45.799999,186800,2026-09-05T01:17:07Z
2013-03-06,DBC,26.940001,1621800,2026-09-05T01:17:07Z
2013-03-06,IEF,106.599998,1091700,2026-09-05T01:17:07Z
2013-03-06,IWM,92.430000,28483000,2026-09-05T01:17:07Z
2013-03-06,SPY,154.500000,94469900,2026-09-05T01:17:07Z
2013-03-06,TIP,120.839996,665000,2026-09-05T01:17:07Z
2013-03-06,TLT,116.860001,6514900,2026-09-05T01:17:07Z
2013-03-06,VEA,36.680000,2391500,2026-09-05T01:17:07Z
2013-03-06,VNQ,70.180000,3021800,2026-09-05T01:17:07Z
2013-03-06,VWO,43.910000,13156800,2026-09-05T01:17:07Z
2013-03-07,BIL,45.810001,58250,2026-09-05T01:17:07Z
2013-03-07,DBC,27.120001,1534600,2026-09-05T01:17:07Z
2013-03-07,IEF,106.190002,804500,2026-09-05T01:17:07Z
2013-03-07,IWM,92.870003,27907700,2026-09-05T01:17:07Z
2013-03-07,SPY,154.779999,86101400,2026-09-05T01:17:07Z
2013-03-07,TIP,120.389999,594000,2026-09-05T01:17:07Z
2013-03-07,TLT,115.959999,8526700,2026-09-05T01:17:07Z
2013-03-07,VEA,36.790001,3122200,2026-09-05T01:17:07Z
2013-03-07,VNQ,69.849998,1923300,2026-09-05T01:17:07Z
2013-03-07,VWO,44.020000,18762400,2026-09-05T01:17:07Z
2013-03-08,BIL,45.799999,291400,2026-09-05T01:17:07Z
2013-03-08,DBC,27.200001,2571900,2026-09-05T01:17:07Z
2013-03-08,IEF,105.650002,1651900,2026-09-05T01:17:07Z
2013-03-08,IWM,93.730003,38066100,2026-09-05T01:17:07Z
2013-03-08,SPY,155.440002,123477800,2026-09-05T01:17:07Z
2013-03-08,TIP,120.000000,2900200,2026-09-05T01:17:07Z
2013-03-08,TLT,114.750000,15423600,2026-09-05T01:17:07Z
2013-03-08,VEA,36.869999,9391600,2026-09-05T01:17:07Z
2013-03-08,VNQ,69.970001,2473300,2026-09-05T01:17:07Z
2013-03-08,VWO,44.419998,27187200,2026-09-05T01:17:07Z
2013-03-11,BIL,45.810001,126700,2026-09-05T01:17:07Z
2013-03-11,DBC,27.219999,6676400,2026-09-05T01:17:07Z
2013-03-11,IEF,105.699997,1465800,2026-09-05T01:17:07Z
2013-03-11,IWM,93.699997,26716100,2026-09-05T01:17:07Z
2013-03-11,SPY,156.029999,83746800,2026-09-05T01:17:07Z
2013-03-11,TIP,119.940002,1062100,2026-09-05T01:17:07Z
2013-03-11,TLT,114.860001,5815800,2026-09-05T01:17:07Z
2013-03-11,VEA,36.970001,3205600,2026-09-05T01:17:07Z
2013-03-11,VNQ,70.029999,1712600,2026-09-05T01:17:07Z
2013-03-11,VWO,44.220001,14793400,2026-09-05T01:17:07Z
2013-03-12,BIL,45.799999,159950,2026-09-05T01:17:07Z
2013-03-12,DBC,27.280001,3456200,2026-09-05T01:17:07Z
2013-03-12,IEF,105.989998,525300,2026-09-05T01:17:07Z
2013-03-12,IWM,93.510002,21489000,2026-09-05T01:17:07Z
2013-03-12,SPY,155.679993,105755800,2026-09-05T01:17:07Z
2013-03-12,TIP,120.160004,1150700,2026-09-05T01:17:07Z
2013-03-12,TLT,115.690002,9264200,2026-09-05T01:17:07Z
2013-03-12,VEA,36.810001,2856400,2026-09-05T01:17:07Z
2013-03-12,VNQ,69.769997,2190100,2026-09-05T01:17:07Z
2013-03-12,VWO,43.770000,17453400,2026-09-05T01:17:07Z
2013-03-13,BIL,45.810001,161300,2026-09-05T01:17:07Z
2013-03-13,DBC,27.139999,3080000,2026-09-05T01:17:07Z
2013-03-13,IEF,105.900002,1116500,2026-09-05T01:17:07Z
2013-03-13,IWM,93.860001,28662200,2026-09-05T01:17:07Z
2013-03-13,SPY,155.899994,92550900,2026-09-05T01:17:07Z
2013-03-13,TIP,120.190002,961900,2026-09-05T01:17:07Z
2013-03-13,TLT,115.570000,7371500,2026-09-05T01:17:07Z
2013-03-13,VEA,36.730000,2813700,2026-09-05T01:17:07Z
2013-03-13,VNQ,69.839996,1785000,2026-09-05T01:17:07Z
2013-03-13,VWO,43.349998,12152600,2026-09-05T01:17:07Z
2013-03-14,BIL,45.810001,105100,2026-09-05T01:17:07Z
2013-03-14,DBC,27.340000,1860500,2026-09-05T01:17:07Z
2013-03-14,IEF,105.930000,557400,2026-09-05T01:17:07Z
2013-03-14,IWM,94.800003,24747300,2026-09-05T01:17:07Z
2013-03-14,SPY,156.729996,126329900,2026-09-05T01:17:07Z
2013-03-14,TIP,120.400002,900500,2026-09-05T01:17:07Z
2013-03-14,TLT,115.220001,9352100,2026-09-05T01:17:07Z
2013-03-14,VEA,37.130001,2777300,2026-09-05T01:17:07Z
2013-03-14,VNQ,70.279999,2647700,2026-09-05T01:17:07Z
2013-03-14,VWO,43.570000,13816800,2026-09-05T01:17:07Z
2013-03-15,BIL,45.810001,176800,2026-09-05T01:17:07Z
2013-03-15,DBC,27.400000,1869300,2026-09-05T01:17:07Z
2013-03-15,IEF,106.300003,1184700,2026-09-05T01:17:07Z
2013-03-15,IWM,94.750000,35361700,2026-09-05T01:17:07Z
2013-03-15,SPY,155.830002,138601100,2026-09-05T01:17:07Z
2013-03-15,TIP,120.559998,741800,2026-09-05T01:17:07Z
2013-03-15,TLT,115.760002,9673400,2026-09-05T01:17:07Z
2013-03-15,VEA,37.160000,3222300,2026-09-05T01:17:07Z
2013-03-15,VNQ,70.440002,2243800,2026-09-05T01:17:07Z
2013-03-15,VWO,43.209999,12922000,2026-09-05T01:17:07Z
2013-03-18,BIL,45.799999,2238950,2026-09-05T01:17:07Z
2013-03-18,DBC,27.240000,1485500,2026-09-05T01:17:07Z
2013-03-18,IEF,106.650002,1442000,2026-09-05T01:17:07Z
2013-03-18,IWM,94.230003,36700800,2026-09-05T01:17:07Z
2013-03-18,SPY,154.970001,126704300,2026-09-05T01:17:07Z
2013-03-18,TIP,120.820000,829400,2026-09-05T01:17:07Z
2013-03-18,TLT,116.639999,9152200,2026-09-05T01:17:07Z
2013-03-18,VEA,36.750000,2564200,2026-09-05T01:17:07Z
2013-03-18,VNQ,70.050003,2398300,2026-09-05T01:17:07Z
2013-03-18,VWO,42.730000,17460800,2026-09-05T01:17:07Z
2013-03-19,BIL,45.799999,93550,2026-09-05T01:17:07Z
2013-03-19,DBC,27.040001,1687100,2026-09-05T01:17:07Z
2013-03-19,IEF,106.980003,545300,2026-09-05T01:17:07Z
2013-03-19,IWM,93.830002,51516400,2026-09-05T01:17:07Z
2013-03-19,SPY,154.610001,167567300,2026-09-05T01:17:07Z
2013-03-19,TIP,120.940002,701600,2026-09-05T01:17:07Z
2013-03-19,TLT,117.430000,11986200,2026-09-05T01:17:07Z
2013-03-19,VEA,36.639999,3268100,2026-09-05T01:17:07Z
2013-03-19,VNQ,69.709999,3055200,2026-09-05T01:17:07Z
2013-03-19,VWO,42.400002,15842900,2026-09-05T01:17:07Z
2013-03-20,BIL,45.799999,140850,2026-09-05T01:17:07Z
2013-03-20,DBC,27.230000,2177200,2026-09-05T01:17:07Z
2013-03-20,IEF,106.570000,742800,2026-09-05T01:17:07Z
2013-03-20,IWM,94.699997,27958600,2026-09-05T01:17:07Z
2013-03-20,SPY,155.690002,113759300,2026-09-05T01:17:07Z
2013-03-20,TIP,120.599998,1002900,2026-09-05T01:17:07Z
2013-03-20,TLT,116.120003,8543900,2026-09-05T01:17:07Z
2013-03-20,VEA,36.889999,2445200,2026-09-05T01:17:07Z
2013-03-20,VNQ,69.930000,3110100,2026-09-05T01:17:07Z
2013-03-20,VWO,42.650002,19376800,2026-09-05T01:17:07Z
2013-03-21,BIL,45.799999,61650,2026-09-05T01:17:07Z
2013-03-21,DBC,27.110001,1375800,2026-09-05T01:17:07Z
2013-03-21,IEF,106.849998,669700,2026-09-05T01:17:07Z
2013-03-21,IWM,93.870003,37122600,2026-09-05T01:17:07Z
2013-03-21,SPY,154.360001,128605000,2026-09-05T01:17:07Z
2013-03-21,TIP,120.660004,701000,2026-09-05T01:17:07Z
2013-03-21,TLT,117.239998,6119400,2026-09-05T01:17:07Z
2013-03-21,VEA,36.580002,2447100,2026-09-05T01:17:07Z
2013-03-21,VNQ,69.720001,1723800,2026-09-05T01:17:07Z
2013-03-21,VWO,42.259998,17197000,2026-09-05T01:17:07Z
2013-03-22,BIL,45.810001,83900,2026-09-05T01:17:07Z
2013-03-22,DBC,27.160000,1133900,2026-09-05T01:17:07Z
2013-03-22,IEF,106.889999,297000,2026-09-05T01:17:07Z
2013-03-22,IWM,94.160004,33429900,2026-09-05T01:17:07Z
2013-03-22,SPY,155.600006,111163600,2026-09-05T01:17:07Z
2013-03-22,TIP,120.870003,1041300,2026-09-05T01:17:07Z
2013-03-22,TLT,117.330002,6323800,2026-09-05T01:17:07Z
2013-03-22,VEA,36.750000,2410600,2026-09-05T01:17:07Z
2013-03-22,VNQ,69.550003,3143500,2026-09-05T01:17:07Z
2013-03-22,VWO,42.330002,18292100,2026-09-05T01:17:07Z
2013-03-25,BIL,45.799999,338550,2026-09-05T01:17:07Z
2013-03-25,DBC,27.180000,2103000,2026-09-05T01:17:07Z
2013-03-25,IEF,106.970001,319500,2026-09-05T01:17:07Z
2013-03-25,IWM,93.949997,36680500,2026-09-05T01:17:07Z
2013-03-25,SPY,154.949997,151322300,2026-09-05T01:17:07Z
2013-03-25,TIP,120.879997,639400,2026-09-05T01:17:07Z
2013-03-25,TLT,117.220001,5839800,2026-09-05T01:17:07Z
2013-03-25,VEA,36.270000,3754300,2026-09-05T01:17:07Z
2013-03-25,VNQ,69.559998,2676500,2026-09-05T01:17:07Z
2013-03-25,VWO,42.240002,16929500,2026-09-05T01:17:07Z
2013-03-26,BIL,45.810001,119100,2026-09-05T01:17:07Z
2013-03-26,DBC,27.430000,1416700,2026-09-05T01:17:07Z
2013-03-26,IEF,107.080002,546300,2026-09-05T01:17:07Z
2013-03-26,IWM,94.250000,26348000,2026-09-05T01:17:07Z
2013-03-26,SPY,156.190002,86856600,2026-09-05T01:17:07Z
2013-03-26,TIP,120.949997,666000,2026-09-05T01:17:07Z
2013-03-26,TLT,117.360001,5093200,2026-09-05T01:17:07Z
2013-03-26,VEA,36.480000,2256900,2026-09-05T01:17:07Z
2013-03-26,VNQ,70.160004,1722600,2026-09-05T01:17:07Z
2013-03-26,VWO,42.720001,21237300,2026-09-05T01:17:07Z
2013-03-27,BIL,45.799999,262850,2026-09-05T01:17:07Z
2013-03-27,DBC,27.570000,2456700,2026-09-05T01:17:07Z
2013-03-27,IEF,107.540001,623700,2026-09-05T01:17:07Z
2013-03-27,IWM,94.309998,28461800,2026-09-05T01:17:07Z
2013-03-27,SPY,156.190002,99950600,2026-09-05T01:17:07Z
2013-03-27,TIP,121.320000,636400,2026-09-05T01:17:07Z
2013-03-27,TLT,118.360001,7742900,2026-09-05T01:17:07Z
2013-03-27,VEA,36.299999,2961400,2026-09-05T01:17:07Z
2013-03-27,VNQ,70.290001,2463100,2026-09-05T01:17:07Z
2013-03-27,VWO,42.880001,11982900,2026-09-05T01:17:07Z
2013-03-28,BIL,45.810001,97800,2026-09-05T01:17:07Z
2013-03-28,DBC,27.309999,1560200,2026-09-05T01:17:07Z
2013-03-28,IEF,107.339996,378400,2026-09-05T01:17:07Z
2013-03-28,IWM,94.430000,24160700,2026-09-05T01:17:07Z
2013-03-28,SPY,156.669998,102932800,2026-09-05T01:17:07Z
2013-03-28,TIP,121.269997,1139100,2026-09-05T01:17:07Z
2013-03-28,TLT,117.760002,5826400,2026-09-05T01:17:07Z
2013-03-28,VEA,36.430000,4782100,2026-09-05T01:17:07Z
2013-03-28,VNQ,70.529999,2632300,2026-09-05T01:17:07Z
2013-03-28,VWO,42.900002,17741300,2026-09-05T01:17:07Z
2013-04-01,BIL,45.799999,182100,2026-09-05T01:17:07Z
2013-04-01,DBC,27.309999,1980700,2026-09-05T01:17:07Z
2013-04-01,IEF,107.480003,2471100,2026-09-05T01:17:07Z
2013-04-01,IWM,93.160004,59660300,2026-09-05T01:17:07Z
2013-04-01,SPY,156.050003,99194100,2026-09-05T01:17:07Z
2013-04-01,TIP,121.239998,4659200,2026-09-05T01:17:07Z
2013-04-01,TLT,118.389999,6113800,2026-09-05T01:17:07Z
2013-04-01,VEA,36.000000,5633900,2026-09-05T01:17:07Z
2013-04-01,VNQ,70.739998,2501200,2026-09-05T01:17:07Z
2013-04-01,VWO,42.520000,21973300,2026-09-05T01:17:07Z
2013-04-02,BIL,45.810001,139900,2026-09-05T01:17:07Z
2013-04-02,DBC,27.180000,3237700,2026-09-05T01:17:07Z
2013-04-02,IEF,107.269997,984900,2026-09-05T01:17:07Z
2013-04-02,IWM,92.580002,47917200,2026-09-05T01:17:07Z
2013-04-02,SPY,156.820007,101504300,2026-09-05T01:17:07Z
2013-04-02,TIP,121.180000,1313900,2026-09-05T01:17:07Z
2013-04-02,TLT,117.910004,5438000,2026-09-05T01:17:07Z
2013-04-02,VEA,36.380001,2991400,2026-09-05T01:17:07Z
2013-04-02,VNQ,70.959999,2546100,2026-09-05T01:17:07Z
2013-04-02,VWO,42.560001,25705400,2026-09-05T01:17:07Z
2013-04-03,BIL,45.799999,143350,2026-09-05T01:17:07Z
2013-04-03,DBC,26.719999,2111900,2026-09-05T01:17:07Z
2013-04-03,IEF,107.720001,1234000,2026-09-05T01:17:07Z
2013-04-03,IWM,91.129997,65441400,2026-09-05T01:17:07Z
2013-04-03,SPY,155.229996,154167400,2026-09-05T01:17:07Z
2013-04-03,TIP,121.489998,803300,2026-09-05T01:17:07Z
2013-04-03,TLT,118.970001,9527400,2026-09-05T01:17:07Z
2013-04-03,VEA,36.209999,2245400,2026-09-05T01:17:07Z
2013-04-03,VNQ,70.709999,2215900,2026-09-05T01:17:07Z
2013-04-03,VWO,42.029999,14592800,2026-09-05T01:17:07Z
2013-04-04,BIL,45.799999,91800,2026-09-05T01:17:07Z
2013-04-04,DBC,26.690001,1327100,2026-09-05T01:17:07Z
2013-04-04,IEF,108.150002,584800,2026-09-05T01:17:07Z
2013-04-04,IWM,91.910004,37706300,2026-09-05T01:17:07Z
2013-04-04,SPY,155.860001,131885000,2026-09-05T01:17:07Z
2013-04-04,TIP,122.059998,2745400,2026-09-05T01:17:07Z
2013-04-04,TLT,120.389999,9365700,2026-09-05T01:17:07Z
2013-04-04,VEA,36.529999,2236100,2026-09-05T01:17:07Z
2013-04-04,VNQ,71.860001,1905200,2026-09-05T01:17:07Z
2013-04-04,VWO,42.020000,22689600,2026-09-05T01:17:07Z
2013-04-05,BIL,45.810001,182250,2026-09-05T01:17:07Z
2013-04-05,DBC,26.670000,1205300,2026-09-05T01:17:07Z
2013-04-05,IEF,108.489998,663800,2026-09-05T01:17:07Z
2013-04-05,IWM,91.730003,46418300,2026-09-05T01:17:07Z
2013-04-05,SPY,155.160004,159666000,2026-09-05T01:17:07Z
2013-04-05,TIP,122.570000,886300,2026-09-05T01:17:07Z
2013-04-05,TLT,122.820000,18626200,2026-09-05T01:17:07Z
2013-04-05,VEA,36.369999,2280900,2026-09-05T01:17:07Z
2013-04-05,VNQ,72.250000,2288300,2026-09-05T01:17:07Z
2013-04-05,VWO,41.959999,26455900,2026-09-05T01:17:07Z
2013-04-08,BIL,45.810001,113900,2026-09-05T01:17:07Z
2013-04-08,DBC,26.750000,1179300,2026-09-05T01:17:07Z
2013-04-08,IEF,108.139999,858200,2026-09-05T01:17:07Z
2013-04-08,IWM,92.489998,28886500,2026-09-05T01:17:07Z
2013-04-08,SPY,156.210007,86571200,2026-09-05T01:17:07Z
2013-04-08,TIP,122.029999,874800,2026-09-05T01:17:07Z
2013-04-08,TLT,121.879997,8020300,2026-09-05T01:17:07Z
2013-04-08,VEA,36.490002,2044900,2026-09-05T01:17:07Z
2013-04-08,VNQ,72.830002,1773500,2026-09-05T01:17:07Z
2013-04-08,VWO,42.070000,11990100,2026-09-05T01:17:07Z
2013-04-09,BIL,45.810001,82300,2026-09-05T01:17:07Z
2013-04-09,DBC,26.920000,1302800,2026-09-05T01:17:07Z
2013-04-09,IEF,108.180000,507800,2026-09-05T01:17:07Z
2013-04-09,IWM,92.220001,36828400,2026-09-05T01:17:07Z
2013-04-09,SPY,156.750000,101922200,2026-09-05T01:17:07Z
2013-04-09,TIP,121.919998,1076200,2026-09-05T01:17:07Z
2013-04-09,TLT,121.580002,7176100,2026-09-05T01:17:07Z
2013-04-09,VEA,36.639999,3858600,2026-09-05T01:17:07Z
2013-04-09,VNQ,72.839996,2537900,2026-09-05T01:17:07Z
2013-04-09,VWO,42.509998,14343000,2026-09-05T01:17:07Z
2013-04-10,BIL,45.810001,74250,2026-09-05T01:17:07Z
2013-04-10,DBC,26.860001,1260800,2026-09-05T01:17:07Z
2013-04-10,IEF,107.730003,340900,2026-09-05T01:17:07Z
2013-04-10,IWM,93.889999,50119600,2026-09-05T01:17:07Z
2013-04-10,SPY,158.669998,135711100,2026-09-05T01:17:07Z
2013-04-10,TIP,121.239998,976600,2026-09-05T01:17:07Z
2013-04-10,TLT,119.910004,10765200,2026-09-05T01:17:07Z
2013-04-10,VEA,37.160000,1716600,2026-09-05T01:17:07Z
2013-04-10,VNQ,73.290001,2088000,2026-09-05T01:17:07Z
2013-04-10,VWO,42.880001,12786300,2026-09-05T01:17:07Z
2013-04-11,BIL,45.799999,281900,2026-09-05T01:17:07Z
2013-04-11,DBC,26.750000,1748800,2026-09-05T01:17:07Z
2013-04-11,IEF,107.849998,1132200,2026-09-05T01:17:07Z
2013-04-11,IWM,94.019997,32619000,2026-09-05T01:17:07Z
2013-04-11,SPY,159.190002,110142500,2026-09-05T01:17:07Z
2013-04-11,TIP,121.580002,714000,2026-09-05T01:17:07Z
2013-04-11,TLT,120.139999,7501800,2026-09-05T01:17:07Z
2013-04-11,VEA,37.450001,1433200,2026-09-05T01:17:07Z
2013-04-11,VNQ,73.720001,2425000,2026-09-05T01:17:07Z
2013-04-11,VWO,42.869999,10005100,2026-09-05T01:17:07Z
2013-04-12,BIL,45.810001,91650,2026-09-05T01:17:07Z
2013-04-12,DBC,26.420000,2923900,2026-09-05T01:17:07Z
2013-04-12,IEF,108.449997,827700,2026-09-05T01:17:07Z
2013-04-12,IWM,93.639999,41931800,2026-09-05T01:17:07Z
2013-04-12,SPY,158.800003,116359900,2026-09-05T01:17:07Z
2013-04-12,TIP,122.080002,614400,2026-09-05T01:17:07Z
2013-04-12,TLT,121.930000,9253000,2026-09-05T01:17:07Z
2013-04-12,VEA,37.400002,2269400,2026-09-05T01:17:07Z
2013-04-12,VNQ,73.900002,1618800,2026-09-05T01:17:07Z
2013-04-12,VWO,42.340000,36404100,2026-09-05T01:17:07Z
2013-04-15,BIL,45.810001,146050,2026-09-05T01:17:07Z
2013-04-15,DBC,25.629999,3652600,2026-09-05T01:17:07Z
2013-04-15,IEF,108.690002,587300,2026-09-05T01:17:07Z
2013-04-15,IWM,90.110001,100204000,2026-09-05T01:17:07Z
2013-04-15,SPY,155.119995,217259000,2026-09-05T01:17:07Z
2013-04-15,TIP,122.059998,1087400,2026-09-05T01:17:07Z
2013-04-15,TLT,122.989998,12948400,2026-09-05T01:17:07Z
2013-04-15,VEA,36.619999,3318400,2026-09-05T01:17:07Z
2013-04-15,VNQ,72.370003,3345500,2026-09-05T01:17:07Z
2013-04-15,VWO,41.230000,22504100,2026-09-05T01:17:07Z
2013-04-16,BIL,45.810001,90350,2026-09-05T01:17:07Z
2013-04-16,DBC,25.900000,4928900,2026-09-05T01:17:07Z
2013-04-16,IEF,108.379997,1226700,2026-09-05T01:17:07Z
2013-04-16,IWM,91.669998,58061700,2026-09-05T01:17:07Z
2013-04-16,SPY,157.410004,147507800,2026-09-05T01:17:07Z
2013-04-16,TIP,121.849998,585400,2026-09-05T01:17:07Z
2013-04-16,TLT,121.980003,6553500,2026-09-05T01:17:07Z
2013-04-16,VEA,37.150002,1813100,2026-09-05T01:17:07Z
2013-04-16,VNQ,73.570000,3296300,2026-09-05T01:17:07Z
2013-04-16,VWO,42.139999,14326000,2026-09-05T01:17:07Z
2013-04-17,BIL,45.810001,73450,2026-09-05T01:17:07Z
2013-04-17,DBC,25.520000,1478900,2026-09-05T01:17:07Z
2013-04-17,IEF,108.580002,988300,2026-09-05T01:17:07Z
2013-04-17,IWM,90.080002,77710600,2026-09-05T01:17:07Z
2013-04-17,SPY,155.110001,226834800,2026-09-05T01:17:07Z
2013-04-17,TIP,121.830002,621000,2026-09-05T01:17:07Z
2013-04-17,TLT,122.790001,9020900,2026-09-05T01:17:07Z
2013-04-17,VEA,36.389999,2413100,2026-09-05T01:17:07Z
2013-04-17,VNQ,72.790001,3039700,2026-09-05T01:17:07Z
2013-04-17,VWO,41.529999,19005000,2026-09-05T01:17:07Z
2013-04-18,BIL,45.799999,247100,2026-09-05T01:17:07Z
2013-04-18,DBC,25.790001,2616600,2026-09-05T01:17:07Z
2013-04-18,IEF,108.639999,705600,2026-09-05T01:17:07Z
2013-04-18,IWM,89.580002,58516600,2026-09-05T01:17:07Z
2013-04-18,SPY,154.139999,167583200,2026-09-05T01:17:07Z
2013-04-18,TIP,120.980003,912100,2026-09-05T01:17:07Z
2013-04-18,TLT,123.089996,7009500,2026-09-05T01:17:07Z
2013-04-18,VEA,36.299999,2315700,2026-09-05T01:17:07Z
2013-04-18,VNQ,72.680000,2616900,2026-09-05T01:17:07Z
2013-04-18,VWO,41.619999,15909400,2026-09-05T01:17:07Z
2013-04-19,BIL,45.810001,90300,2026-09-05T01:17:07Z
2013-04-19,DBC,25.730000,1957900,2026-09-05T01:17:07Z
2013-04-19,IEF,108.580002,750500,2026-09-05T01:17:07Z
2013-04-19,IWM,90.610001,44931600,2026-09-05T01:17:07Z
2013-04-19,SPY,155.479996,149687600,2026-09-05T01:17:07Z
2013-04-19,TIP,121.449997,870600,2026-09-05T01:17:07Z
2013-04-19,TLT,122.830002,5474300,2026-09-05T01:17:07Z
2013-04-19,VEA,36.549999,1520000,2026-09-05T01:17:07Z
2013-04-19,VNQ,73.800003,1621200,2026-09-05T01:17:07Z
2013-04-19,VWO,42.220001,13701500,2026-09-05T01:17:07Z
2013-04-22,BIL,45.810001,57250,2026-09-05T01:17:07Z
2013-04-22,DBC,25.809999,1996500,2026-09-05T01:17:07Z
2013-04-22,IEF,108.639999,379900,2026-09-05T01:17:07Z
2013-04-22,IWM,90.870003,49190300,2026-09-05T01:17:07Z
2013-04-22,SPY,156.169998,106553500,2026-09-05T01:17:07Z
2013-04-22,TIP,121.769997,596300,2026-09-05T01:17:07Z
2013-04-22,TLT,122.919998,4519400,2026-09-05T01:17:07Z
2013-04-22,VEA,36.730000,1852000,2026-09-05T01:17:07Z
2013-04-22,VNQ,73.699997,2638500,2026-09-05T01:17:07Z
2013-04-22,VWO,42.330002,15684100,2026-09-05T01:17:07Z
2013-04-23,BIL,45.810001,355500,2026-09-05T01:17:07Z
2013-04-23,DBC,25.650000,2551900,2026-09-05T01:17:07Z
2013-04-23,IEF,108.570000,449800,2026-09-05T01:17:07Z
2013-04-23,IWM,92.309998,55313200,2026-09-05T01:17:07Z
2013-04-23,SPY,157.779999,166141300,2026-09-05T01:17:07Z
2013-04-23,TIP,121.830002,550300,2026-09-05T01:17:07Z
2013-04-23,TLT,122.489998,8042900,2026-09-05T01:17:07Z
2013-04-23,VEA,37.240002,2573600,2026-09-05T01:17:07Z
2013-04-23,VNQ,74.110001,3312300,2026-09-05T01:17:07Z
2013-04-23,VWO,42.540001,16112400,2026-09-05T01:17:07Z
2013-04-24,BIL,45.810001,159900,2026-09-05T01:17:07Z
2013-04-24,DBC,25.930000,1714400,2026-09-05T01:17:07Z
2013-04-24,IEF,108.620003,279400,2026-09-05T01:17:07Z
2013-04-24,IWM,92.790001,41020800,2026-09-05T01:17:07Z
2013-04-24,SPY,157.880005,96781200,2026-09-05T01:17:07Z
2013-04-24,TIP,122.010002,488400,2026-09-05T01:17:07Z
2013-04-24,TLT,122.800003,3673600,2026-09-05T01:17:07Z
2013-04-24,VEA,37.560001,3129400,2026-09-05T01:17:07Z
2013-04-24,VNQ,74.269997,1750700,2026-09-05T01:17:07Z
2013-04-24,VWO,42.810001,13020700,2026-09-05T01:17:07Z
2013-04-25,BIL,45.799999,104750,2026-09-05T01:17:07Z
2013-04-25,DBC,26.270000,2094300,2026-09-05T01:17:07Z
2013-04-25,IEF,108.500000,293300,2026-09-05T01:17:07Z
2013-04-25,IWM,93.400002,36543300,2026-09-05T01:17:07Z
2013-04-25,SPY,158.520004,131060600,2026-09-05T01:17:07Z
2013-04-25,TIP,122.099998,872300,2026-09-05T01:17:07Z
2013-04-25,TLT,122.269997,4297800,2026-09-05T01:17:07Z
2013-04-25,VEA,37.770000,3408800,2026-09-05T01:17:07Z
2013-04-25,VNQ,74.019997,2981700,2026-09-05T01:17:07Z
2013-04-25,VWO,43.169998,10662000,2026-09-05T01:17:07Z
2013-04-26,BIL,45.799999,81500,2026-09-05T01:17:07Z
2013-04-26,DBC,26.120001,2222900,2026-09-05T01:17:07Z
2013-04-26,IEF,108.889999,433300,2026-09-05T01:17:07Z
2013-04-26,IWM,92.900002,32405600,2026-09-05T01:17:07Z
2013-04-26,SPY,158.240005,95918800,2026-09-05T01:17:07Z
2013-04-26,TIP,122.550003,809900,2026-09-05T01:17:07Z
2013-04-26,TLT,123.389999,4898800,2026-09-05T01:17:07Z
2013-04-26,VEA,37.790001,1797800,2026-09-05T01:17:07Z
2013-04-26,VNQ,73.779999,2601000,2026-09-05T01:17:07Z
2013-04-26,VWO,42.770000,8478200,2026-09-05T01:17:07Z
2013-04-29,BIL,45.799999,117850,2026-09-05T01:17:07Z
2013-04-29,DBC,26.469999,1131000,2026-09-05T01:17:07Z
2013-04-29,IEF,108.849998,810000,2026-09-05T01:17:07Z
2013-04-29,IWM,93.570000,20791400,2026-09-05T01:17:07Z
2013-04-29,SPY,159.300003,88572800,2026-09-05T01:17:07Z
2013-04-29,TIP,122.220001,660600,2026-09-05T01:17:07Z
2013-04-29,TLT,122.940002,4916000,2026-09-05T01:17:07Z
2013-04-29,VEA,38.230000,4281400,2026-09-05T01:17:07Z
2013-04-29,VNQ,74.410004,1889800,2026-09-05T01:17:07Z
2013-04-29,VWO,43.220001,9419400,2026-09-05T01:17:07Z
2013-04-30,BIL,45.799999,184450,2026-09-05T01:17:07Z
2013-04-30,DBC,26.270000,1900600,2026-09-05T01:17:07Z
2013-04-30,IEF,108.830002,752700,2026-09-05T01:17:07Z
2013-04-30,IWM,94.099998,30488500,2026-09-05T01:17:07Z
2013-04-30,SPY,159.679993,116010700,2026-09-05T01:17:07Z
2013-04-30,TIP,122.150002,678300,2026-09-05T01:17:07Z
2013-04-30,TLT,123.010002,4477400,2026-09-05T01:17:07Z
2013-04-30,VEA,38.330002,5729000,2026-09-05T01:17:07Z
2013-04-30,VNQ,75.279999,2439700,2026-09-05T01:17:07Z
2013-04-30,VWO,43.759998,18425900,2026-09-05T01:17:07Z
2013-05-01,BIL,45.799999,704750,2026-09-05T01:17:07Z
2013-05-01,DBC,25.799999,1693900,2026-09-05T01:17:07Z
2013-05-01,IEF,109.050003,803600,2026-09-05T01:17:07Z
2013-05-01,IWM,91.820000,120177800,2026-09-05T01:17:07Z
2013-05-01,SPY,158.279999,138874200,2026-09-05T01:17:07Z
2013-05-01,TIP,121.809998,2321400,2026-09-05T01:17:07Z
2013-05-01,TLT,124.010002,10724600,2026-09-05T01:17:07Z
2013-05-01,VEA,38.040001,2074900,2026-09-05T01:17:07Z
2013-05-01,VNQ,74.680000,6260100,2026-09-05T01:17:07Z
2013-05-01,VWO,43.299999,13443000,2026-09-05T01:17:07Z
2013-05-02,BIL,45.810001,71800,2026-09-05T01:17:07Z
2013-05-02,DBC,26.129999,1538800,2026-09-05T01:17:07Z
2013-05-02,IEF,109.050003,921300,2026-09-05T01:17:07Z
2013-05-02,IWM,93.279999,38830300,2026-09-05T01:17:07Z
2013-05-02,SPY,159.750000,96407600,2026-09-05T01:17:07Z
2013-05-02,TIP,121.680000,506600,2026-09-05T01:17:07Z
2013-05-02,TLT,123.849998,4171800,2026-09-05T01:17:07Z
2013-05-02,VEA,38.160000,2532100,2026-09-05T01:17:07Z
2013-05-02,VNQ,75.169998,2590600,2026-09-05T01:17:07Z
2013-05-02,VWO,43.700001,14142600,2026-09-05T01:17:07Z
2013-05-03,BIL,45.799999,263600,2026-09-05T01:17:07Z
2013-05-03,DBC,26.420000,1188300,2026-09-05T01:17:07Z
2013-05-03,IEF,108.120003,879500,2026-09-05T01:17:07Z
2013-05-03,IWM,94.760002,51981000,2026-09-05T01:17:07Z
2013-05-03,SPY,161.369995,144202300,2026-09-05T01:17:07Z
2013-05-03,TIP,120.849998,1425800,2026-09-05T01:17:07Z
2013-05-03,TLT,120.930000,11283600,2026-09-05T01:17:07Z
2013-05-03,VEA,38.619999,1953800,2026-09-05T01:17:07Z
2013-05-03,VNQ,75.470001,2878800,2026-09-05T01:17:07Z
2013-05-03,VWO,44.000000,13122800,2026-09-05T01:17:07Z
2013-05-06,BIL,45.799999,117300,2026-09-05T01:17:07Z
2013-05-06,DBC,26.450001,7015100,2026-09-05T01:17:07Z
2013-05-06,IEF,107.980003,434000,2026-09-05T01:17:07Z
2013-05-06,IWM,95.370003,26893800,2026-09-05T01:17:07Z
2013-05-06,SPY,161.779999,66882100,2026-09-05T01:17:07Z
2013-05-06,TIP,120.669998,821100,2026-09-05T01:17:07Z
2013-05-06,TLT,120.629997,5121900,2026-09-05T01:17:07Z
2013-05-06,VEA,38.590000,1554700,2026-09-05T01:17:07Z
2013-05-06,VNQ,75.860001,2427700,2026-09-05T01:17:07Z
2013-05-06,VWO,44.049999,10360300,2026-09-05T01:17:07Z
2013-05-07,BIL,45.799999,51250,2026-09-05T01:17:07Z
2013-05-07,DBC,26.360001,1380300,2026-09-05T01:17:07Z
2013-05-07,IEF,107.830002,544000,2026-09-05T01:17:07Z
2013-05-07,IWM,96.150002,29920800,2026-09-05T01:17:07Z
2013-05-07,SPY,162.600006,90359200,2026-09-05T01:17:07Z
2013-05-07,TIP,120.660004,768300,2026-09-05T01:17:07Z
2013-05-07,TLT,120.160004,5049200,2026-09-05T01:17:07Z
2013-05-07,VEA,38.689999,1565800,2026-09-05T01:17:07Z
2013-05-07,VNQ,76.279999,2442800,2026-09-05T01:17:07Z
2013-05-07,VWO,44.400002,11356500,2026-09-05T01:17:07Z
2013-05-08,BIL,45.810001,186750,2026-09-05T01:17:07Z
2013-05-08,DBC,26.480000,1423400,2026-09-05T01:17:07Z
2013-05-08,IEF,107.959999,1114400,2026-09-05T01:17:07Z
2013-05-08,IWM,96.430000,37669300,2026-09-05T01:17:07Z
2013-05-08,SPY,163.339996,97419200,2026-09-05T01:17:07Z
2013-05-08,TIP,120.400002,782600,2026-09-05T01:17:07Z
2013-05-08,TLT,120.349998,5732900,2026-09-05T01:17:07Z
2013-05-08,VEA,39.090000,1968700,2026-09-05T01:17:07Z
2013-05-08,VNQ,76.320000,2703100,2026-09-05T01:17:07Z
2013-05-08,VWO,44.790001,8591000,2026-09-05T01:17:07Z
2013-05-09,BIL,45.810001,59800,2026-09-05T01:17:07Z
2013-05-09,DBC,26.469999,1137900,2026-09-05T01:17:07Z
2013-05-09,IEF,107.940002,587300,2026-09-05T01:17:07Z
2013-05-09,IWM,96.099998,32331100,2026-09-05T01:17:07Z
2013-05-09,SPY,162.880005,106738600,2026-09-05T01:17:07Z
2013-05-09,TIP,120.349998,679800,2026-09-05T01:17:07Z
2013-05-09,TLT,120.040001,7527000,2026-09-05T01:17:07Z
2013-05-09,VEA,38.720001,3591600,2026-09-05T01:17:07Z
2013-05-09,VNQ,75.820000,2255800,2026-09-05T01:17:07Z
2013-05-09,VWO,44.439999,10075900,2026-09-05T01:17:07Z
2013-05-10,BIL,45.799999,77150,2026-09-05T01:17:07Z
2013-05-10,DBC,26.350000,1402400,2026-09-05T01:17:07Z
2013-05-10,IEF,107.330002,529700,2026-09-05T01:17:07Z
2013-05-10,IWM,96.830002,39288900,2026-09-05T01:17:07Z
2013-05-10,SPY,163.410004,103203000,2026-09-05T01:17:07Z
2013-05-10,TIP,120.010002,654500,2026-09-05T01:17:07Z
2013-05-10,TLT,118.750000,11689000,2026-09-05T01:17:07Z
2013-05-10,VEA,38.740002,2628400,2026-09-05T01:17:07Z
2013-05-10,VNQ,76.099998,1706300,2026-09-05T01:17:07Z
2013-05-10,VWO,44.270000,10651600,2026-09-05T01:17:07Z
2013-05-13,BIL,45.810001,90700,2026-09-05T01:17:07Z
2013-05-13,DBC,26.230000,1380000,2026-09-05T01:17:07Z
2013-05-13,IEF,107.139999,417600,2026-09-05T01:17:07Z
2013-05-13,IWM,96.760002,22522300,2026-09-05T01:17:07Z
2013-05-13,SPY,163.539993,81843200,2026-09-05T01:17:07Z
2013-05-13,TIP,119.650002,834400,2026-09-05T01:17:07Z
2013-05-13,TLT,117.839996,8050800,2026-09-05T01:17:07Z
2013-05-13,VEA,38.740002,1862900,2026-09-05T01:17:07Z
2013-05-13,VNQ,76.459999,2114100,2026-09-05T01:17:07Z
2013-05-13,VWO,43.869999,6943700,2026-09-05T01:17:07Z
2013-05-14,BIL,45.799999,441750,2026-09-05T01:17:07Z
2013-05-14,DBC,26.139999,2765800,2026-09-05T01:17:07Z
2013-05-14,IEF,106.709999,876900,2026-09-05T01:17:07Z
2013-05-14,IWM,98.000000,33539600,2026-09-05T01:17:07Z
2013-05-14,SPY,165.229996,119000900,2026-09-05T01:17:07Z
2013-05-14,TIP,119.139999,965800,2026-09-05T01:17:07Z
2013-05-14,TLT,116.559998,9236100,2026-09-05T01:17:07Z
2013-05-14,VEA,38.880001,2218800,2026-09-05T01:17:07Z
2013-05-14,VNQ,76.739998,2081600,2026-09-05T01:17:07Z
2013-05-14,VWO,44.080002,16897600,2026-09-05T01:17:07Z
2013-05-15,BIL,45.799999,110150,2026-09-05T01:17:07Z
2013-05-15,DBC,26.080000,3652200,2026-09-05T01:17:07Z
2013-05-15,IEF,106.989998,768200,2026-09-05T01:17:07Z
2013-05-15,IWM,98.199997,34000200,2026-09-05T01:17:07Z
2013-05-15,SPY,166.119995,120718500,2026-09-05T01:17:07Z
2013-05-15,TIP,119.180000,985700,2026-09-05T01:17:07Z
2013-05-15,TLT,117.339996,14608600,2026-09-05T01:17:07Z
2013-05-15,VEA,39.009998,2242900,2026-09-05T01:17:07Z
2013-05-15,VNQ,77.500000,2836800,2026-09-05T01:17:07Z
2013-05-15,VWO,44.040001,17981000,2026-09-05T01:17:07Z
2013-05-16,BIL,45.799999,163650,2026-09-05T01:17:07Z
2013-05-16,DBC,26.049999,1532000,2026-09-05T01:17:07Z
2013-05-16,IEF,107.500000,697900,2026-09-05T01:17:07Z
2013-05-16,IWM,97.949997,42053300,2026-09-05T01:17:07Z
2013-05-16,SPY,165.339996,109913600,2026-09-05T01:17:07Z
2013-05-16,TIP,119.519997,1047300,2026-09-05T01:17:07Z
2013-05-16,TLT,118.559998,8458400,2026-09-05T01:17:07Z
2013-05-16,VEA,38.689999,2524300,2026-09-05T01:17:07Z
2013-05-16,VNQ,77.099998,2485200,2026-09-05T01:17:07Z
2013-05-16,VWO,43.869999,12388400,2026-09-05T01:17:07Z
2013-05-17,BIL,45.810001,181600,2026-09-05T01:17:07Z
2013-05-17,DBC,26.180000,1141500,2026-09-05T01:17:07Z
2013-05-17,IEF,106.919998,365800,2026-09-05T01:17:07Z
2013-05-17,IWM,99.050003,35675100,2026-09-05T01:17:07Z
2013-05-17,SPY,166.940002,129801000,2026-09-05T01:17:07Z
2013-05-17,TIP,118.919998,835400,2026-09-05T01:17:07Z
2013-05-17,TLT,117.059998,7435500,2026-09-05T01:17:07Z
2013-05-17,VEA,39.009998,1845800,2026-09-05T01:17:07Z
2013-05-17,VNQ,77.529999,1717700,2026-09-05T01:17:07Z
2013-05-17,VWO,44.020000,13544200,2026-09-05T01:17:07Z
2013-05-20,BIL,45.799999,239050,2026-09-05T01:17:07Z
2013-05-20,DBC,26.350000,1530400,2026-09-05T01:17:07Z
2013-05-20,IEF,106.839996,1440000,2026-09-05T01:17:07Z
2013-05-20,IWM,99.209999,25027400,2026-09-05T01:17:07Z
2013-05-20,SPY,166.929993,85071200,2026-09-05T01:17:07Z
2013-05-20,TIP,118.889999,1281000,2026-09-05T01:17:07Z
2013-05-20,TLT,116.919998,5839800,2026-09-05T01:17:07Z
2013-05-20,VEA,39.209999,5275200,2026-09-05T01:17:07Z
2013-05-20,VNQ,77.709999,2534100,2026-09-05T01:17:07Z
2013-05-20,VWO,44.119999,11132900,2026-09-05T01:17:07Z
2013-05-21,BIL,45.810001,113100,2026-09-05T01:17:07Z
2013-05-21,DBC,26.200001,1199900,2026-09-05T01:17:07Z
2013-05-21,IEF,107.120003,530600,2026-09-05T01:17:07Z
2013-05-21,IWM,99.230003,23596700,2026-09-05T01:17:07Z
2013-05-21,SPY,167.169998,95804200,2026-09-05T01:17:07Z
2013-05-21,TIP,119.139999,1008300,2026-09-05T01:17:07Z
2013-05-21,TLT,117.839996,7781800,2026-09-05T01:17:07Z
2013-05-21,VEA,39.270000,2587400,2026-09-05T01:17:07Z
2013-05-21,VNQ,78.150002,2321300,2026-09-05T01:17:07Z
2013-05-21,VWO,44.090000,12035000,2026-09-05T01:17:07Z
2013-05-22,BIL,45.810001,121000,2026-09-05T01:17:07Z
2013-05-22,DBC,26.080000,1302700,2026-09-05T01:17:07Z
2013-05-22,IEF,106.269997,1797400,2026-09-05T01:17:07Z
2013-05-22,IWM,97.779999,68650700,2026-09-05T01:17:07Z
2013-05-22,SPY,165.929993,244031800,2026-09-05T01:17:07Z
2013-05-22,TIP,118.070000,1543400,2026-09-05T01:17:07Z
2013-05-22,TLT,116.089996,18361500,2026-09-05T01:17:07Z
2013-05-22,VEA,38.919998,2732800,2026-09-05T01:17:07Z
2013-05-22,VNQ,76.250000,5514100,2026-09-05T01:17:07Z
2013-05-22,VWO,43.590000,17340800,2026-09-05T01:17:07Z
2013-05-23,BIL,45.810001,434350,2026-09-05T01:17:07Z
2013-05-23,DBC,26.200001,2251800,2026-09-05T01:17:07Z
2013-05-23,IEF,106.379997,950100,2026-09-05T01:17:07Z
2013-05-23,IWM,97.900002,44524500,2026-09-05T01:17:07Z
2013-05-23,SPY,165.449997,211064400,2026-09-05T01:17:07Z
2013-05-23,TIP,118.099998,1696500,2026-09-05T01:17:07Z
2013-05-23,TLT,116.639999,9207100,2026-09-05T01:17:07Z
2013-05-23,VEA,38.330002,3575300,2026-09-05T01:17:07Z
2013-05-23,VNQ,74.820000,5071800,2026-09-05T01:17:07Z
2013-05-23,VWO,43.270000,20936300,2026-09-05T01:17:07Z
2013-05-24,BIL,45.810001,55200,2026-09-05T01:17:07Z
2013-05-24,DBC,26.100000,1968100,2026-09-05T01:17:07Z
2013-05-24,IEF,106.419998,349800,2026-09-05T01:17:07Z
2013-05-24,IWM,97.879997,33332500,2026-09-05T01:17:07Z
2013-05-24,SPY,165.309998,151573900,2026-09-05T01:17:07Z
2013-05-24,TIP,118.199997,792300,2026-09-05T01:17:07Z
2013-05-24,TLT,116.800003,5357600,2026-09-05T01:17:07Z
2013-05-24,VEA,38.029999,2178500,2026-09-05T01:17:07Z
2013-05-24,VNQ,74.629997,3020000,2026-09-05T01:17:07Z
2013-05-24,VWO,42.840000,22998800,2026-09-05T01:17:07Z
2013-05-28,BIL,45.799999,110300,2026-09-05T01:17:07Z
2013-05-28,DBC,26.340000,2486900,2026-09-05T01:17:07Z
2013-05-28,IEF,105.169998,1157000,2026-09-05T01:17:07Z
2013-05-28,IWM,99.150002,46121100,2026-09-05T01:17:07Z
2013-05-28,SPY,166.300003,143679800,2026-09-05T01:17:07Z
2013-05-28,TIP,117.129997,1264300,2026-09-05T01:17:07Z
2013-05-28,TLT,113.839996,13567500,2026-09-05T01:17:07Z
2013-05-28,VEA,38.099998,3104800,2026-09-05T01:17:07Z
2013-05-28,VNQ,73.989998,3666200,2026-09-05T01:17:07Z
2013-05-28,VWO,43.049999,17409200,2026-09-05T01:17:07Z
2013-05-29,BIL,45.810001,230750,2026-09-05T01:17:07Z
2013-05-29,DBC,26.170000,1150400,2026-09-05T01:17:07Z
2013-05-29,IEF,105.599998,1588400,2026-09-05T01:17:07Z
2013-05-29,IWM,98.230003,40491500,2026-09-05T01:17:07Z
2013-05-29,SPY,165.220001,160363400,2026-09-05T01:17:07Z
2013-05-29,TIP,117.050003,1974600,2026-09-05T01:17:07Z
2013-05-29,TLT,115.120003,11298600,2026-09-05T01:17:07Z
2013-05-29,VEA,37.770000,2423100,2026-09-05T01:17:07Z
2013-05-29,VNQ,72.419998,5983200,2026-09-05T01:17:07Z
2013-05-29,VWO,42.450001,18052400,2026-09-05T01:17:07Z
2013-05-30,BIL,45.799999,92450,2026-09-05T01:17:07Z
2013-05-30,DBC,26.170000,1874300,2026-09-05T01:17:07Z
2013-05-30,IEF,105.610001,578000,2026-09-05T01:17:07Z
2013-05-30,IWM,98.889999,30620300,2026-09-05T01:17:07Z
2013-05-30,SPY,165.830002,107793800,2026-09-05T01:17:07Z
2013-05-30,TIP,116.620003,1562800,2026-09-05T01:17:07Z
2013-05-30,TLT,114.839996,10011800,2026-09-05T01:17:07Z
2013-05-30,VEA,37.950001,2531100,2026-09-05T01:17:07Z
2013-05-30,VNQ,71.739998,3753500,2026-09-05T01:17:07Z
2013-05-30,VWO,42.349998,20826400,2026-09-05T01:17:07Z
2013-05-31,BIL,45.810001,1031050,2026-09-05T01:17:07Z
2013-05-31,DBC,25.860001,5156100,2026-09-05T01:17:07Z
2013-05-31,IEF,105.320000,1639400,2026-09-05T01:17:07Z
2013-05-31,IWM,97.800003,38953700,2026-09-05T01:17:07Z
2013-05-31,SPY,163.449997,176850100,2026-09-05T01:17:07Z
2013-05-31,TIP,116.730003,3125700,2026-09-05T01:17:07Z
2013-05-31,TLT,114.449997,18158800,2026-09-05T01:17:07Z
2013-05-31,VEA,37.189999,4598500,2026-09-05T01:17:07Z
2013-05-31,VNQ,70.779999,6474200,2026-09-05T01:17:07Z
2013-05-31,VWO,41.540001,30571000,2026-09-05T01:17:07Z
2013-06-03,BIL,45.810001,453450,2026-09-05T01:17:07Z
2013-06-03,DBC,26.180000,2813800,2026-09-05T01:17:07Z
2013-06-03,IEF,105.330002,3269200,2026-09-05T01:17:07Z
2013-06-03,IWM,98.730003,87088500,2026-09-05T01:17:07Z
2013-06-03,SPY,164.350006,168390700,2026-09-05T01:17:07Z
2013-06-03,TIP,116.330002,5215700,2026-09-05T01:17:07Z
2013-06-03,TLT,114.779999,15564500,2026-09-05T01:17:07Z
2013-06-03,VEA,37.439999,6012600,2026-09-05T01:17:07Z
2013-06-03,VNQ,71.180000,6934600,2026-09-05T01:17:07Z
2013-06-03,VWO,42.200001,27019400,2026-09-05T01:17:07Z
2013-06-04,BIL,45.810001,147200,2026-09-05T01:17:07Z
2013-06-04,DBC,26.280001,1526100,2026-09-05T01:17:07Z
2013-06-04,IEF,105.059998,1235100,2026-09-05T01:17:07Z
2013-06-04,IWM,97.680000,68206900,2026-09-05T01:17:07Z
2013-06-04,SPY,163.559998,157631500,2026-09-05T01:17:07Z
2013-06-04,TIP,116.110001,1703000,2026-09-05T01:17:07Z
2013-06-04,TLT,113.720001,7504300,2026-09-05T01:17:07Z
2013-06-04,VEA,37.520000,2536600,2026-09-05T01:17:07Z
2013-06-04,VNQ,70.190002,4116400,2026-09-05T01:17:07Z
2013-06-04,VWO,41.720001,18723900,2026-09-05T01:17:07Z
2013-06-05,BIL,45.810001,123150,2026-09-05T01:17:07Z
2013-06-05,DBC,26.160000,2641500,2026-09-05T01:17:07Z
2013-06-05,IEF,105.570000,1298900,2026-09-05T01:17:07Z
2013-06-05,IWM,96.430000,58967500,2026-09-05T01:17:07Z
2013-06-05,SPY,161.270004,211737800,2026-09-05T01:17:07Z
2013-06-05,TIP,116.250000,1543700,2026-09-05T01:17:07Z
2013-06-05,TLT,115.290001,8056100,2026-09-05T01:17:07Z
2013-06-05,VEA,36.680000,3667600,2026-09-05T01:17:07Z
2013-06-05,VNQ,69.610001,4197000,2026-09-05T01:17:07Z
2013-06-05,VWO,40.869999,19904700,2026-09-05T01:17:07Z
2013-06-06,BIL,45.799999,2841800,2026-09-05T01:17:07Z
2013-06-06,DBC,26.260000,3320900,2026-09-05T01:17:07Z
2013-06-06,IEF,105.699997,2471900,2026-09-05T01:17:07Z
2013-06-06,IWM,97.449997,46335300,2026-09-05T01:17:07Z
2013-06-06,SPY,162.729996,200225500,2026-09-05T01:17:07Z
2013-06-06,TIP,116.120003,1286700,2026-09-05T01:17:07Z
2013-06-06,TLT,115.220001,8925200,2026-09-05T01:17:07Z
2013-06-06,VEA,36.889999,3508800,2026-09-05T01:17:07Z
2013-06-06,VNQ,70.730003,5111000,2026-09-05T01:17:07Z
2013-06-06,VWO,41.290001,18915000,2026-09-05T01:17:07Z
2013-06-07,BIL,45.810001,275000,2026-09-05T01:17:07Z
2013-06-07,DBC,26.320000,1316900,2026-09-05T01:17:07Z
2013-06-07,IEF,104.879997,652300,2026-09-05T01:17:07Z
2013-06-07,IWM,98.199997,44757500,2026-09-05T01:17:07Z
2013-06-07,SPY,164.800003,188337800,2026-09-05T01:17:07Z
2013-06-07,TIP,115.440002,1275200,2026-09-05T01:17:07Z
2013-06-07,TLT,113.160004,10459300,2026-09-05T01:17:07Z
2013-06-07,VEA,37.320000,3204300,2026-09-05T01:17:07Z
2013-06-07,VNQ,70.739998,3588900,2026-09-05T01:17:07Z
2013-06-07,VWO,41.110001,14339100,2026-09-05T01:17:07Z
2013-06-10,BIL,45.799999,212800,2026-09-05T01:17:07Z
2013-06-10,DBC,26.219999,1086400,2026-09-05T01:17:07Z
2013-06-10,IEF,104.620003,694600,2026-09-05T01:17:07Z
2013-06-10,IWM,98.800003,32136500,2026-09-05T01:17:07Z
2013-06-10,SPY,164.800003,105667100,2026-09-05T01:17:07Z
2013-06-10,TIP,114.639999,2052200,2026-09-05T01:17:07Z
2013-06-10,TLT,112.620003,7892600,2026-09-05T01:17:07Z
2013-06-10,VEA,37.340000,2707500,2026-09-05T01:17:07Z
2013-06-10,VNQ,70.129997,3347500,2026-09-05T01:17:07Z
2013-06-10,VWO,40.529999,16252000,2026-09-05T01:17:07Z
2013-06-11,BIL,45.810001,160350,2026-09-05T01:17:07Z
2013-06-11,DBC,25.990000,1148700,2026-09-05T01:17:07Z
2013-06-11,IEF,104.879997,756100,2026-09-05T01:17:07Z
2013-06-11,IWM,97.730003,43461300,2026-09-05T01:17:07Z
2013-06-11,SPY,163.100006,159505400,2026-09-05T01:17:07Z
2013-06-11,TIP,114.580002,2558500,2026-09-05T01:17:07Z
2013-06-11,TLT,113.959999,12841200,2026-09-05T01:17:07Z
2013-06-11,VEA,36.869999,3146100,2026-09-05T01:17:07Z
2013-06-11,VNQ,69.089996,4747000,2026-09-05T01:17:07Z
2013-06-11,VWO,39.730000,19352200,2026-09-05T01:17:07Z
2013-06-12,BIL,45.799999,490050,2026-09-05T01:17:07Z
2013-06-12,DBC,26.020000,3855200,2026-09-05T01:17:07Z
2013-06-12,IEF,104.410004,528700,2026-09-05T01:17:07Z
2013-06-12,IWM,96.760002,58446900,2026-09-05T01:17:07Z
2013-06-12,SPY,161.750000,177361500,2026-09-05T01:17:07Z
2013-06-12,TIP,113.699997,2283100,2026-09-05T01:17:07Z
2013-06-12,TLT,112.330002,10193200,2026-09-05T01:17:07Z
2013-06-12,VEA,36.849998,2009500,2026-09-05T01:17:07Z
2013-06-12,VNQ,68.150002,3558600,2026-09-05T01:17:07Z
2013-06-12,VWO,39.459999,16641000,2026-09-05T01:17:07Z
2013-06-13,BIL,45.810001,2133200,2026-09-05T01:17:07Z
2013-06-13,DBC,26.190001,2189600,2026-09-05T01:17:07Z
2013-06-13,IEF,105.199997,1180100,2026-09-05T01:17:07Z
2013-06-13,IWM,98.470001,47768600,2026-09-05T01:17:07Z
2013-06-13,SPY,164.210007,163587800,2026-09-05T01:17:07Z
2013-06-13,TIP,114.570000,2234400,2026-09-05T01:17:07Z
2013-06-13,TLT,114.089996,12506300,2026-09-05T01:17:07Z
2013-06-13,VEA,37.419998,1923700,2026-09-05T01:17:07Z
2013-06-13,VNQ,69.919998,4603500,2026-09-05T01:17:07Z
2013-06-13,VWO,40.369999,20134600,2026-09-05T01:17:07Z
2013-06-14,BIL,45.799999,350350,2026-09-05T01:17:07Z
2013-06-14,DBC,26.299999,1542800,2026-09-05T01:17:07Z
2013-06-14,IEF,105.339996,599700,2026-09-05T01:17:07Z
2013-06-14,IWM,97.709999,37838400,2026-09-05T01:17:07Z
2013-06-14,SPY,163.179993,141197500,2026-09-05T01:17:07Z
2013-06-14,TIP,114.470001,1083500,2026-09-05T01:17:07Z
2013-06-14,TLT,113.820000,6679100,2026-09-05T01:17:07Z
2013-06-14,VEA,36.980000,2461100,2026-09-05T01:17:07Z
2013-06-14,VNQ,70.180000,3547000,2026-09-05T01:17:07Z
2013-06-14,VWO,39.790001,25794300,2026-09-05T01:17:07Z
2013-06-17,BIL,45.799999,105150,2026-09-05T01:17:07Z
2013-06-17,DBC,26.360001,2642800,2026-09-05T01:17:07Z
2013-06-17,IEF,105.089996,478400,2026-09-05T01:17:07Z
2013-06-17,IWM,98.349998,33308600,2026-09-05T01:17:07Z
2013-06-17,SPY,164.440002,136295600,2026-09-05T01:17:07Z
2013-06-17,TIP,114.099998,1590000,2026-09-05T01:17:07Z
2013-06-17,TLT,113.220001,5982100,2026-09-05T01:17:07Z
2013-06-17,VEA,37.509998,1925200,2026-09-05T01:17:07Z
2013-06-17,VNQ,70.379997,4148100,2026-09-05T01:17:07Z
2013-06-17,VWO,40.070000,20658000,2026-09-05T01:17:07Z
2013-06-18,BIL,45.799999,169700,2026-09-05T01:17:07Z
2013-06-18,DBC,26.410000,2653200,2026-09-05T01:17:07Z
2013-06-18,IEF,105.029999,429000,2026-09-05T01:17:07Z
2013-06-18,IWM,99.510002,40520200,2026-09-05T01:17:07Z
2013-06-18,SPY,165.740005,114695600,2026-09-05T01:17:07Z
2013-06-18,TIP,114.410004,1267100,2026-09-05T01:17:07Z
2013-06-18,TLT,113.279999,5192700,2026-09-05T01:17:07Z
2013-06-18,VEA,37.740002,2252400,2026-09-05T01:17:07Z
2013-06-18,VNQ,70.739998,4303700,2026-09-05T01:17:07Z
2013-06-18,VWO,40.160000,19146900,2026-09-05T01:17:07Z
2013-06-19,BIL,45.799999,116200,2026-09-05T01:17:07Z
2013-06-19,DBC,26.450001,1080200,2026-09-05T01:17:07Z
2013-06-19,IEF,103.589996,1281500,2026-09-05T01:17:07Z
2013-06-19,IWM,98.290001,43193500,2026-09-05T01:17:07Z
2013-06-19,SPY,163.449997,206149500,2026-09-05T01:17:07Z
2013-06-19,TIP,112.889999,2040800,2026-09-05T01:17:07Z
2013-06-19,TLT,112.110001,17138200,2026-09-05T01:17:07Z
2013-06-19,VEA,37.049999,4551500,2026-09-05T01:17:07Z
2013-06-19,VNQ,68.570000,4929600,2026-09-05T01:17:07Z
2013-06-19,VWO,38.880001,36388300,2026-09-05T01:17:07Z
2013-06-20,BIL,45.799999,1520400,2026-09-05T01:17:07Z
2013-06-20,DBC,25.590000,3419500,2026-09-05T01:17:07Z
2013-06-20,IEF,103.120003,1982500,2026-09-05T01:17:07Z
2013-06-20,IWM,95.690002,76262300,2026-09-05T01:17:07Z
2013-06-20,SPY,159.399994,321255900,2026-09-05T01:17:07Z
2013-06-20,TIP,111.750000,3001500,2026-09-05T01:17:07Z
2013-06-20,TLT,110.269997,27898500,2026-09-05T01:17:07Z
2013-06-20,VEA,35.669998,5257800,2026-09-05T01:17:07Z
2013-06-20,VNQ,65.720001,8148100,2026-09-05T01:17:07Z
2013-06-20,VWO,37.189999,79385400,2026-09-05T01:17:07Z
2013-06-21,BIL,45.810001,444100,2026-09-05T01:17:07Z
2013-06-21,DBC,25.430000,3324300,2026-09-05T01:17:07Z
2013-06-21,IEF,102.029999,1777200,2026-09-05T01:17:07Z
2013-06-21,IWM,95.970001,66115300,2026-09-05T01:17:07Z
2013-06-21,SPY,159.070007,271956800,2026-09-05T01:17:07Z
2013-06-21,TIP,110.440002,2374200,2026-09-05T01:17:07Z
2013-06-21,TLT,108.400002,19781000,2026-09-05T01:17:07Z
2013-06-21,VEA,35.790001,3486600,2026-09-05T01:17:07Z
2013-06-21,VNQ,66.610001,7812200,2026-09-05T01:17:07Z
2013-06-21,VWO,37.849998,45082800,2026-09-05T01:17:07Z
2013-06-24,BIL,45.810001,384500,2026-09-05T01:17:07Z
2013-06-24,DBC,25.320000,2212800,2026-09-05T01:17:07Z
2013-06-24,IEF,101.779999,2731500,2026-09-05T01:17:07Z
2013-06-24,IWM,94.709999,58774600,2026-09-05T01:17:07Z
2013-06-24,SPY,157.059998,222329000,2026-09-05T01:17:07Z
2013-06-24,TIP,110.019997,3696700,2026-09-05T01:17:07Z
2013-06-24,TLT,108.849998,24588900,2026-09-05T01:17:07Z
2013-06-24,VEA,34.639999,3556500,2026-09-05T01:17:07Z
2013-06-24,VNQ,65.680000,8414700,2026-09-05T01:17:07Z
2013-06-24,VWO,36.500000,51498400,2026-09-05T01:17:07Z
2013-06-25,BIL,45.810001,3208500,2026-09-05T01:17:07Z
2013-06-25,DBC,25.340000,3226100,2026-09-05T01:17:07Z
2013-06-25,IEF,101.660004,772000,2026-09-05T01:17:07Z
2013-06-25,IWM,95.620003,32418400,2026-09-05T01:17:07Z
2013-06-25,SPY,158.570007,162262200,2026-09-05T01:17:07Z
2013-06-25,TIP,110.209999,1629600,2026-09-05T01:17:07Z
2013-06-25,TLT,107.879997,11078000,2026-09-05T01:17:07Z
2013-06-25,VEA,35.139999,3814000,2026-09-05T01:17:07Z
2013-06-25,VNQ,66.779999,11383300,2026-09-05T01:17:07Z
2013-06-25,VWO,37.200001,45888900,2026-09-05T01:17:07Z
2013-06-26,BIL,45.810001,473600,2026-09-05T01:17:07Z
2013-06-26,DBC,25.270000,3087100,2026-09-05T01:17:07Z
2013-06-26,IEF,102.070000,1015300,2026-09-05T01:17:07Z
2013-06-26,IWM,96.070000,33752300,2026-09-05T01:17:07Z
2013-06-26,SPY,160.139999,134848000,2026-09-05T01:17:07Z
2013-06-26,TIP,110.709999,1148400,2026-09-05T01:17:07Z
2013-06-26,TLT,108.580002,13582200,2026-09-05T01:17:07Z
2013-06-26,VEA,35.299999,2472300,2026-09-05T01:17:07Z
2013-06-26,VNQ,67.790001,6721700,2026-09-05T01:17:07Z
2013-06-26,VWO,37.990002,37348400,2026-09-05T01:17:07Z
2013-06-27,BIL,45.799999,185250,2026-09-05T01:17:07Z
2013-06-27,DBC,25.260000,1182000,2026-09-05T01:17:07Z
2013-06-27,IEF,102.620003,949000,2026-09-05T01:17:07Z
2013-06-27,IWM,97.559998,40852300,2026-09-05T01:17:07Z
2013-06-27,SPY,161.080002,129483700,2026-09-05T01:17:07Z
2013-06-27,TIP,111.629997,1227000,2026-09-05T01:17:07Z
2013-06-27,TLT,109.690002,12026000,2026-09-05T01:17:07Z
2013-06-27,VEA,35.680000,2158600,2026-09-05T01:17:07Z
2013-06-27,VNQ,69.150002,5114900,2026-09-05T01:17:07Z
2013-06-27,VWO,38.570000,43154000,2026-09-05T01:17:07Z
2013-06-28,BIL,45.799999,1420750,2026-09-05T01:17:07Z
2013-06-28,DBC,25.129999,2842400,2026-09-05T01:17:07Z
2013-06-28,IEF,102.500000,1017700,2026-09-05T01:17:07Z
2013-06-28,IWM,97.000000,46135800,2026-09-05T01:17:07Z
2013-06-28,SPY,160.419998,160402900,2026-09-05T01:17:07Z
2013-06-28,TIP,112.010002,1407800,2026-09-05T01:17:07Z
2013-06-28,TLT,110.440002,12017000,2026-09-05T01:17:07Z
2013-06-28,VEA,35.599998,3390200,2026-09-05T01:17:07Z
2013-06-28,VNQ,68.720001,6234200,2026-09-05T01:17:07Z
2013-06-28,VWO,38.790001,37191500,2026-09-05T01:17:07Z
2013-07-01,BIL,45.810001,437200,2026-09-05T01:17:07Z
2013-07-01,DBC,25.290001,1321500,2026-09-05T01:17:07Z
2013-07-01,IEF,102.400002,1127100,2026-09-05T01:17:07Z
2013-07-01,IWM,98.580002,37805800,2026-09-05T01:17:07Z
2013-07-01,SPY,161.360001,131954800,2026-09-05T01:17:07Z
2013-07-01,TIP,112.019997,1048000,2026-09-05T01:17:07Z
2013-07-01,TLT,110.410004,5500400,2026-09-05T01:17:07Z
2013-07-01,VEA,35.959999,4226100,2026-09-05T01:17:07Z
2013-07-01,VNQ,68.570000,3141000,2026-09-05T01:17:07Z
2013-07-01,VWO,38.860001,21667300,2026-09-05T01:17:07Z
2013-07-02,BIL,45.799999,378300,2026-09-05T01:17:07Z
2013-07-02,DBC,25.389999,1615800,2026-09-05T01:17:07Z
2013-07-02,IEF,102.440002,385400,2026-09-05T01:17:07Z
2013-07-02,IWM,98.080002,36848900,2026-09-05T01:17:07Z
2013-07-02,SPY,161.210007,154863700,2026-09-05T01:17:07Z
2013-07-02,TIP,112.379997,909700,2026-09-05T01:17:07Z
2013-07-02,TLT,110.339996,5333900,2026-09-05T01:17:07Z
2013-07-02,VEA,35.779999,2563900,2026-09-05T01:17:07Z
2013-07-02,VNQ,69.620003,3707600,2026-09-05T01:17:07Z
2013-07-02,VWO,38.200001,24205200,2026-09-05T01:17:07Z
2013-07-03,BIL,45.810001,208100,2026-09-05T01:17:07Z
2013-07-03,DBC,25.620001,1382900,2026-09-05T01:17:07Z
2013-07-03,IEF,102.239998,1233200,2026-09-05T01:17:07Z
2013-07-03,IWM,98.279999,19153600,2026-09-05T01:17:07Z
2013-07-03,SPY,161.279999,75216400,2026-09-05T01:17:07Z
2013-07-03,TIP,112.169998,772700,2026-09-05T01:17:07Z
2013-07-03,TLT,110.010002,3839000,2026-09-05T01:17:07Z
2013-07-03,VEA,35.770000,1982800,2026-09-05T01:17:07Z
2013-07-03,VNQ,69.160004,2446400,2026-09-05T01:17:07Z
2013-07-03,VWO,37.900002,20680400,2026-09-05T01:17:07Z
2013-07-05,BIL,45.810001,342300,2026-09-05T01:17:07Z
2013-07-05,DBC,25.559999,2627000,2026-09-05T01:17:07Z
2013-07-05,IEF,100.519997,924100,2026-09-05T01:17:07Z
2013-07-05,IWM,99.669998,29427500,2026-09-05T01:17:07Z
2013-07-05,SPY,163.020004,122416900,2026-09-05T01:17:07Z
2013-07-05,TIP,110.639999,1234200,2026-09-05T01:17:07Z
2013-07-05,TLT,106.260002,14511900,2026-09-05T01:17:07Z
2013-07-05,VEA,35.919998,2945800,2026-09-05T01:17:07Z
2013-07-05,VNQ,68.830002,2506100,2026-09-05T01:17:07Z
2013-07-05,VWO,37.720001,26303700,2026-09-05T01:17:07Z
2013-07-08,BIL,45.790001,152300,2026-09-05T01:17:07Z
2013-07-08,DBC,25.690001,3575400,2026-09-05T01:17:07Z
2013-07-08,IEF,101.110001,1137200,2026-09-05T01:17:07Z
2013-07-08,IWM,100.070000,30905300,2026-09-05T01:17:07Z
2013-07-08,SPY,163.949997,108092500,2026-09-05T01:17:07Z
2013-07-08,TIP,111.339996,1845500,2026-09-05T01:17:07Z
2013-07-08,TLT,107.290001,8044200,2026-09-05T01:17:07Z
2013-07-08,VEA,36.110001,2432700,2026-09-05T01:17:07Z
2013-07-08,VNQ,68.900002,2918000,2026-09-05T01:17:07Z
2013-07-08,VWO,37.779999,19516800,2026-09-05T01:17:07Z
2013-07-09,BIL,45.790001,631600,2026-09-05T01:17:07Z
2013-07-09,DBC,25.850000,1077600,2026-09-05T01:17:07Z
2013-07-09,IEF,101.279999,558400,2026-09-05T01:17:07Z
2013-07-09,IWM,101.000000,36010700,2026-09-05T01:17:07Z
2013-07-09,SPY,165.130005,119298000,2026-09-05T01:17:07Z
2013-07-09,TIP,111.290001,921900,2026-09-05T01:17:07Z
2013-07-09,TLT,107.400002,4700400,2026-09-05T01:17:07Z
2013-07-09,VEA,36.330002,4859600,2026-09-05T01:17:07Z
2013-07-09,VNQ,69.879997,1955900,2026-09-05T01:17:07Z
2013-07-09,VWO,38.230000,18296600,2026-09-05T01:17:07Z
2013-07-10,BIL,45.790001,239350,2026-09-05T01:17:07Z
2013-07-10,DBC,25.930000,3148900,2026-09-05T01:17:07Z
2013-07-10,IEF,100.919998,1005500,2026-09-05T01:17:07Z
2013-07-10,IWM,101.279999,36061100,2026-09-05T01:17:07Z
2013-07-10,SPY,165.190002,121410100,2026-09-05T01:17:07Z
2013-07-10,TIP,110.910004,1062800,2026-09-05T01:17:07Z
2013-07-10,TLT,106.559998,10792200,2026-09-05T01:17:07Z
2013-07-10,VEA,36.400002,5634600,2026-09-05T01:17:07Z
2013-07-10,VNQ,69.910004,3267800,2026-09-05T01:17:07Z
2013-07-10,VWO,37.860001,32041300,2026-09-05T01:17:07Z
2013-07-11,BIL,45.790001,790050,2026-09-05T01:17:07Z
2013-07-11,DBC,26.059999,1427200,2026-09-05T01:17:07Z
2013-07-11,IEF,101.930000,818700,2026-09-05T01:17:07Z
2013-07-11,IWM,102.470001,34434200,2026-09-05T01:17:07Z
2013-07-11,SPY,167.440002,135592200,2026-09-05T01:17:07Z
2013-07-11,TIP,111.680000,1469400,2026-09-05T01:17:07Z
2013-07-11,TLT,107.809998,10035500,2026-09-05T01:17:07Z
2013-07-11,VEA,37.400002,3517300,2026-09-05T01:17:07Z
2013-07-11,VNQ,71.599998,3844300,2026-09-05T01:17:07Z
2013-07-11,VWO,39.619999,54366800,2026-09-05T01:17:07Z
2013-07-12,BIL,45.790001,254550,2026-09-05T01:17:07Z
2013-07-12,DBC,26.160000,4106300,2026-09-05T01:17:07Z
2013-07-12,IEF,101.849998,1919500,2026-09-05T01:17:07Z
2013-07-12,IWM,102.680000,28584000,2026-09-05T01:17:07Z
2013-07-12,SPY,167.509995,104212700,2026-09-05T01:17:07Z
2013-07-12,TIP,111.720001,830800,2026-09-05T01:17:07Z
2013-07-12,TLT,107.720001,4730800,2026-09-05T01:17:07Z
2013-07-12,VEA,37.189999,2449000,2026-09-05T01:17:07Z
2013-07-12,VNQ,71.160004,3398200,2026-09-05T01:17:07Z
2013-07-12,VWO,39.200001,13095500,2026-09-05T01:17:07Z
2013-07-15,BIL,45.790001,298700,2026-09-05T01:17:07Z
2013-07-15,DBC,26.090000,1477600,2026-09-05T01:17:07Z
2013-07-15,IEF,102.169998,563700,2026-09-05T01:17:07Z
2013-07-15,IWM,103.580002,30786600,2026-09-05T01:17:07Z
2013-07-15,SPY,168.149994,69450600,2026-09-05T01:17:07Z
2013-07-15,TIP,112.260002,810600,2026-09-05T01:17:07Z
2013-07-15,TLT,108.290001,4574800,2026-09-05T01:17:07Z
2013-07-15,VEA,37.410000,3215700,2026-09-05T01:17:07Z
2013-07-15,VNQ,71.459999,2942200,2026-09-05T01:17:07Z
2013-07-15,VWO,39.709999,16138600,2026-09-05T01:17:07Z
2013-07-16,BIL,45.790001,146050,2026-09-05T01:17:07Z
2013-07-16,DBC,26.120001,1308400,2026-09-05T01:17:07Z
2013-07-16,IEF,102.220001,713300,2026-09-05T01:17:07Z
2013-07-16,IWM,103.059998,38630800,2026-09-05T01:17:07Z
2013-07-16,SPY,167.520004,88702100,2026-09-05T01:17:07Z
2013-07-16,TIP,112.709999,814600,2026-09-05T01:17:07Z
2013-07-16,TLT,108.660004,3650200,2026-09-05T01:17:07Z
2013-07-16,VEA,37.360001,1956000,2026-09-05T01:17:07Z
2013-07-16,VNQ,71.510002,2946400,2026-09-05T01:17:07Z
2013-07-16,VWO,39.779999,12195300,2026-09-05T01:17:07Z
2013-07-17,BIL,45.790001,156600,2026-09-05T01:17:07Z
2013-07-17,DBC,26.100000,944200,2026-09-05T01:17:07Z
2013-07-17,IEF,102.669998,696300,2026-09-05T01:17:07Z
2013-07-17,IWM,103.459999,28476600,2026-09-05T01:17:07Z
2013-07-17,SPY,167.949997,92873900,2026-09-05T01:17:07Z
2013-07-17,TIP,113.019997,615400,2026-09-05T01:17:07Z
2013-07-17,TLT,108.860001,5932000,2026-09-05T01:17:07Z
2013-07-17,VEA,37.500000,2503200,2026-09-05T01:17:07Z
2013-07-17,VNQ,71.769997,2209600,2026-09-05T01:17:07Z
2013-07-17,VWO,40.110001,22000400,2026-09-05T01:17:07Z
2013-07-18,BIL,45.799999,168700,2026-09-05T01:17:07Z
2013-07-18,DBC,26.209999,1176300,2026-09-05T01:17:07Z
2013-07-18,IEF,102.190002,717800,2026-09-05T01:17:07Z
2013-07-18,IWM,104.150002,32034100,2026-09-05T01:17:07Z
2013-07-18,SPY,168.869995,103620100,2026-09-05T01:17:07Z
2013-07-18,TIP,112.610001,795800,2026-09-05T01:17:07Z
2013-07-18,TLT,107.500000,9066400,2026-09-05T01:17:07Z
2013-07-18,VEA,37.720001,3698800,2026-09-05T01:17:07Z
2013-07-18,VNQ,72.379997,1931600,2026-09-05T01:17:07Z
2013-07-18,VWO,39.720001,22677600,2026-09-05T01:17:07Z
2013-07-19,BIL,45.799999,85550,2026-09-05T01:17:07Z
2013-07-19,DBC,26.230000,1327400,2026-09-05T01:17:07Z
2013-07-19,IEF,102.750000,459500,2026-09-05T01:17:07Z
2013-07-19,IWM,104.309998,22806600,2026-09-05T01:17:07Z
2013-07-19,SPY,169.169998,103831700,2026-09-05T01:17:07Z
2013-07-19,TIP,113.419998,641200,2026-09-05T01:17:07Z
2013-07-19,TLT,109.199997,8523800,2026-09-05T01:17:07Z
2013-07-19,VEA,37.680000,2084200,2026-09-05T01:17:07Z
2013-07-19,VNQ,72.330002,1864400,2026-09-05T01:17:07Z
2013-07-19,VWO,39.549999,20427200,2026-09-05T01:17:07Z
2013-07-22,BIL,45.799999,421550,2026-09-05T01:17:07Z
2013-07-22,DBC,26.209999,1807600,2026-09-05T01:17:07Z
2013-07-22,IEF,102.739998,450300,2026-09-05T01:17:07Z
2013-07-22,IWM,104.529999,25854900,2026-09-05T01:17:07Z
2013-07-22,SPY,169.500000,79428600,2026-09-05T01:17:07Z
2013-07-22,TIP,113.379997,639500,2026-09-05T01:17:07Z
2013-07-22,TLT,109.360001,3972600,2026-09-05T01:17:07Z
2013-07-22,VEA,37.880001,2801900,2026-09-05T01:17:07Z
2013-07-22,VNQ,72.550003,1934800,2026-09-05T01:17:07Z
2013-07-22,VWO,39.970001,17309900,2026-09-05T01:17:07Z
2013-07-23,BIL,45.799999,92900,2026-09-05T01:17:07Z
2013-07-23,DBC,26.250000,1237700,2026-09-05T01:17:07Z
2013-07-23,IEF,102.620003,13316500,2026-09-05T01:17:07Z
2013-07-23,IWM,104.459999,26309700,2026-09-05T01:17:07Z
2013-07-23,SPY,169.139999,80829700,2026-09-05T01:17:07Z
2013-07-23,TIP,113.120003,719700,2026-09-05T01:17:07Z
2013-07-23,TLT,108.900002,5015500,2026-09-05T01:17:07Z
2013-07-23,VEA,37.930000,2275400,2026-09-05T01:17:07Z
2013-07-23,VNQ,72.470001,1402800,2026-09-05T01:17:07Z
2013-07-23,VWO,40.410000,16429600,2026-09-05T01:17:07Z
2013-07-24,BIL,45.810001,747200,2026-09-05T01:17:07Z
2013-07-24,DBC,26.040001,1429000,2026-09-05T01:17:07Z
2013-07-24,IEF,101.930000,837400,2026-09-05T01:17:07Z
2013-07-24,IWM,103.589996,31809700,2026-09-05T01:17:07Z
2013-07-24,SPY,168.520004,112914000,2026-09-05T01:17:07Z
2013-07-24,TIP,112.199997,753000,2026-09-05T01:17:07Z
2013-07-24,TLT,107.519997,8853100,2026-09-05T01:17:07Z
2013-07-24,VEA,37.889999,2000800,2026-09-05T01:17:07Z
2013-07-24,VNQ,71.059998,3115300,2026-09-05T01:17:07Z
2013-07-24,VWO,39.919998,18677000,2026-09-05T01:17:07Z
2013-07-25,BIL,45.790001,149550,2026-09-05T01:17:07Z
2013-07-25,DBC,26.010000,1215100,2026-09-05T01:17:07Z
2013-07-25,IEF,102.080002,712300,2026-09-05T01:17:07Z
2013-07-25,IWM,104.540001,46093900,2026-09-05T01:17:07Z
2013-07-25,SPY,168.929993,111088600,2026-09-05T01:17:07Z
2013-07-25,TIP,112.260002,850600,2026-09-05T01:17:07Z
2013-07-25,TLT,107.480003,6443400,2026-09-05T01:17:07Z
2013-07-25,VEA,37.930000,2455200,2026-09-05T01:17:07Z
2013-07-25,VNQ,71.169998,1760800,2026-09-05T01:17:07Z
2013-07-25,VWO,40.189999,12092600,2026-09-05T01:17:07Z
2013-07-26,BIL,45.790001,378550,2026-09-05T01:17:07Z
2013-07-26,DBC,25.850000,833600,2026-09-05T01:17:07Z
2013-07-26,IEF,102.169998,544900,2026-09-05T01:17:07Z
2013-07-26,IWM,104.120003,23036800,2026-09-05T01:17:07Z
2013-07-26,SPY,169.110001,107814600,2026-09-05T01:17:07Z
2013-07-26,TIP,112.290001,1068200,2026-09-05T01:17:07Z
2013-07-26,TLT,108.139999,6795500,2026-09-05T01:17:07Z
2013-07-26,VEA,37.720001,3521600,2026-09-05T01:17:07Z
2013-07-26,VNQ,71.230003,1586800,2026-09-05T01:17:07Z
2013-07-26,VWO,40.060001,12764500,2026-09-05T01:17:07Z
2013-07-29,BIL,45.799999,160600,2026-09-05T01:17:07Z
2013-07-29,DBC,25.840000,882200,2026-09-05T01:17:07Z
2013-07-29,IEF,101.959999,420300,2026-09-05T01:17:07Z
2013-07-29,IWM,103.389999,30360800,2026-09-05T01:17:07Z
2013-07-29,SPY,168.589996,79695000,2026-09-05T01:17:07Z
2013-07-29,TIP,112.209999,694000,2026-09-05T01:17:07Z
2013-07-29,TLT,107.349998,6397800,2026-09-05T01:17:07Z
2013-07-29,VEA,37.389999,1932200,2026-09-05T01:17:07Z
2013-07-29,VNQ,70.699997,3562300,2026-09-05T01:17:07Z
2013-07-29,VWO,39.560001,18507300,2026-09-05T01:17:07Z
2013-07-30,BIL,45.790001,172400,2026-09-05T01:17:07Z
2013-07-30,DBC,25.750000,1729200,2026-09-05T01:17:07Z
2013-07-30,IEF,101.930000,306800,2026-09-05T01:17:07Z
2013-07-30,IWM,103.480003,26311000,2026-09-05T01:17:07Z
2013-07-30,SPY,168.589996,85209600,2026-09-05T01:17:07Z
2013-07-30,TIP,112.160004,692900,2026-09-05T01:17:07Z
2013-07-30,TLT,107.309998,3635400,2026-09-05T01:17:07Z
2013-07-30,VEA,37.380001,1841600,2026-09-05T01:17:07Z
2013-07-30,VNQ,70.489998,2362600,2026-09-05T01:17:07Z
2013-07-30,VWO,39.290001,23454600,2026-09-05T01:17:07Z
2013-07-31,BIL,45.799999,238800,2026-09-05T01:17:07Z
2013-07-31,DBC,25.930000,1257700,2026-09-05T01:17:07Z
2013-07-31,IEF,102.000000,930500,2026-09-05T01:17:07Z
2013-07-31,IWM,103.660004,38330400,2026-09-05T01:17:07Z
2013-07-31,SPY,168.710007,142388700,2026-09-05T01:17:07Z
2013-07-31,TIP,112.870003,1334900,2026-09-05T01:17:07Z
2013-07-31,TLT,107.699997,10483100,2026-09-05T01:17:07Z
2013-07-31,VEA,37.450001,7629300,2026-09-05T01:17:07Z
2013-07-31,VNQ,69.339996,3443900,2026-09-05T01:17:07Z
2013-07-31,VWO,39.060001,21470300,2026-09-05T01:17:07Z
2013-08-01,BIL,45.790001,207450,2026-09-05T01:17:07Z
2013-08-01,DBC,25.990000,1856300,2026-09-05T01:17:07Z
2013-08-01,IEF,100.959999,1177300,2026-09-05T01:17:07Z
2013-08-01,IWM,105.070000,34487100,2026-09-05T01:17:07Z
2013-08-01,SPY,170.660004,110438400,2026-09-05T01:17:07Z
2013-08-01,TIP,112.010002,1367000,2026-09-05T01:17:07Z
2013-08-01,TLT,105.360001,13568600,2026-09-05T01:17:07Z
2013-08-01,VEA,37.970001,14871200,2026-09-05T01:17:07Z
2013-08-01,VNQ,69.070000,3445000,2026-09-05T01:17:07Z
2013-08-01,VWO,39.779999,15774300,2026-09-05T01:17:07Z
2013-08-02,BIL,45.799999,273800,2026-09-05T01:17:07Z
2013-08-02,DBC,25.889999,1216700,2026-09-05T01:17:07Z
2013-08-02,IEF,101.820000,4360000,2026-09-05T01:17:07Z
2013-08-02,IWM,105.160004,22983000,2026-09-05T01:17:07Z
2013-08-02,SPY,170.949997,91116700,2026-09-05T01:17:07Z
2013-08-02,TIP,112.580002,768200,2026-09-05T01:17:07Z
2013-08-02,TLT,106.519997,9568400,2026-09-05T01:17:07Z
2013-08-02,VEA,38.270000,3388300,2026-09-05T01:17:07Z
2013-08-02,VNQ,68.730003,2578300,2026-09-05T01:17:07Z
2013-08-02,VWO,39.799999,17624200,2026-09-05T01:17:07Z
2013-08-05,BIL,45.799999,149900,2026-09-05T01:17:07Z
2013-08-05,DBC,25.760000,1031800,2026-09-05T01:17:07Z
2013-08-05,IEF,101.500000,390400,2026-09-05T01:17:07Z
2013-08-05,IWM,105.519997,14985000,2026-09-05T01:17:07Z
2013-08-05,SPY,170.699997,54072700,2026-09-05T01:17:07Z
2013-08-05,TIP,112.589996,626300,2026-09-05T01:17:07Z
2013-08-05,TLT,105.699997,6611800,2026-09-05T01:17:07Z
2013-08-05,VEA,38.230000,2521900,2026-09-05T01:17:07Z
2013-08-05,VNQ,68.680000,2831300,2026-09-05T01:17:07Z
2013-08-05,VWO,39.500000,9279000,2026-09-05T01:17:07Z
2013-08-06,BIL,45.799999,89300,2026-09-05T01:17:07Z
2013-08-06,DBC,25.549999,1781400,2026-09-05T01:17:07Z
2013-08-06,IEF,101.529999,257000,2026-09-05T01:17:07Z
2013-08-06,IWM,104.459999,24689300,2026-09-05T01:17:07Z
2013-08-06,SPY,169.729996,87495000,2026-09-05T01:17:07Z
2013-08-06,TIP,112.860001,614000,2026-09-05T01:17:07Z
2013-08-06,TLT,106.010002,4589000,2026-09-05T01:17:07Z
2013-08-06,VEA,38.150002,2554700,2026-09-05T01:17:07Z
2013-08-06,VNQ,68.440002,3889300,2026-09-05T01:17:07Z
2013-08-06,VWO,39.009998,17316700,2026-09-05T01:17:07Z
2013-08-07,BIL,45.790001,97100,2026-09-05T01:17:07Z
2013-08-07,DBC,25.379999,1298100,2026-09-05T01:17:07Z
2013-08-07,IEF,101.900002,493200,2026-09-05T01:17:07Z
2013-08-07,IWM,103.720001,23362200,2026-09-05T01:17:07Z
2013-08-07,SPY,169.179993,84854700,2026-09-05T01:17:07Z
2013-08-07,TIP,113.129997,762700,2026-09-05T01:17:07Z
2013-08-07,TLT,106.800003,7183400,2026-09-05T01:17:07Z
2013-08-07,VEA,37.930000,3540900,2026-09-05T01:17:07Z
2013-08-07,VNQ,68.260002,2021200,2026-09-05T01:17:07Z
2013-08-07,VWO,38.560001,15020500,2026-09-05T01:17:07Z
2013-08-08,BIL,45.790001,112050,2026-09-05T01:17:07Z
2013-08-08,DBC,25.510000,1150200,2026-09-05T01:17:07Z
2013-08-08,IEF,102.050003,804900,2026-09-05T01:17:07Z
2013-08-08,IWM,104.150002,27640300,2026-09-05T01:17:07Z
2013-08-08,SPY,169.800003,102181300,2026-09-05T01:17:07Z
2013-08-08,TIP,113.250000,573100,2026-09-05T01:17:07Z
2013-08-08,TLT,107.089996,5510900,2026-09-05T01:17:07Z
2013-08-08,VEA,38.270000,2302700,2026-09-05T01:17:07Z
2013-08-08,VNQ,68.290001,2476400,2026-09-05T01:17:07Z
2013-08-08,VWO,39.419998,14770900,2026-09-05T01:17:07Z
2013-08-09,BIL,45.799999,172650,2026-09-05T01:17:07Z
2013-08-09,DBC,25.690001,1063700,2026-09-05T01:17:07Z
2013-08-09,IEF,102.120003,557600,2026-09-05T01:17:07Z
2013-08-09,IWM,104.040001,27686900,2026-09-05T01:17:07Z
2013-08-09,SPY,169.309998,91757700,2026-09-05T01:17:07Z
2013-08-09,TIP,113.360001,419500,2026-09-05T01:17:07Z
2013-08-09,TLT,107.260002,3623400,2026-09-05T01:17:07Z
2013-08-09,VEA,38.290001,1902700,2026-09-05T01:17:07Z
2013-08-09,VNQ,68.889999,2893000,2026-09-05T01:17:07Z
2013-08-09,VWO,39.580002,12429900,2026-09-05T01:17:07Z
2013-08-12,BIL,45.799999,118550,2026-09-05T01:17:07Z
2013-08-12,DBC,26.000000,887800,2026-09-05T01:17:07Z
2013-08-12,IEF,101.919998,400400,2026-09-05T01:17:07Z
2013-08-12,IWM,104.589996,18960800,2026-09-05T01:17:07Z
2013-08-12,SPY,169.110001,68593300,2026-09-05T01:17:07Z
2013-08-12,TIP,113.059998,557500,2026-09-05T01:17:07Z
2013-08-12,TLT,106.529999,7562800,2026-09-05T01:17:07Z
2013-08-12,VEA,38.230000,1942900,2026-09-05T01:17:07Z
2013-08-12,VNQ,68.400002,2709000,2026-09-05T01:17:07Z
2013-08-12,VWO,39.900002,9830500,2026-09-05T01:17:07Z
2013-08-13,BIL,45.799999,60500,2026-09-05T01:17:07Z
2013-08-13,DBC,25.990000,917800,2026-09-05T01:17:07Z
2013-08-13,IEF,101.000000,566500,2026-09-05T01:17:07Z
2013-08-13,IWM,104.449997,22812900,2026-09-05T01:17:07Z
2013-08-13,SPY,169.610001,80806000,2026-09-05T01:17:07Z
2013-08-13,TIP,112.070000,699500,2026-09-05T01:17:07Z
2013-08-13,TLT,104.989998,11485600,2026-09-05T01:17:07Z
2013-08-13,VEA,38.520000,2590300,2026-09-05T01:17:07Z
2013-08-13,VNQ,67.459999,3778200,2026-09-05T01:17:07Z
2013-08-13,VWO,40.060001,15318100,2026-09-05T01:17:07Z
2013-08-14,BIL,45.799999,131400,2026-09-05T01:17:07Z
2013-08-14,DBC,26.200001,1693200,2026-09-05T01:17:07Z
2013-08-14,IEF,101.089996,1672300,2026-09-05T01:17:07Z
2013-08-14,IWM,104.040001,23629000,2026-09-05T01:17:07Z
2013-08-14,SPY,168.740005,79829200,2026-09-05T01:17:07Z
2013-08-14,TIP,111.830002,685700,2026-09-05T01:17:07Z
2013-08-14,TLT,105.150002,6431600,2026-09-05T01:17:07Z
2013-08-14,VEA,38.529999,2501700,2026-09-05T01:17:07Z
2013-08-14,VNQ,67.199997,2538300,2026-09-05T01:17:07Z
2013-08-14,VWO,40.180000,11819400,2026-09-05T01:17:07Z
2013-08-15,BIL,45.799999,668500,2026-09-05T01:17:07Z
2013-08-15,DBC,26.450001,1724200,2026-09-05T01:17:07Z
2013-08-15,IEF,100.529999,15452300,2026-09-05T01:17:07Z
2013-08-15,IWM,102.110001,50044500,2026-09-05T01:17:07Z
2013-08-15,SPY,166.380005,152931800,2026-09-05T01:17:07Z
2013-08-15,TIP,111.029999,929100,2026-09-05T01:17:07Z
2013-08-15,TLT,103.730003,11846300,2026-09-05T01:17:07Z
2013-08-15,VEA,38.200001,4027900,2026-09-05T01:17:07Z
2013-08-15,VNQ,65.970001,3630500,2026-09-05T01:17:07Z
2013-08-15,VWO,39.709999,13614500,2026-09-05T01:17:07Z
2013-08-16,BIL,45.799999,491950,2026-09-05T01:17:07Z
2013-08-16,DBC,26.459999,1708400,2026-09-05T01:17:07Z
2013-08-16,IEF,100.139999,1066900,2026-09-05T01:17:07Z
2013-08-16,IWM,101.680000,36059500,2026-09-05T01:17:07Z
2013-08-16,SPY,165.830002,130868200,2026-09-05T01:17:07Z
2013-08-16,TIP,110.510002,940700,2026-09-05T01:17:07Z
2013-08-16,TLT,103.370003,10175900,2026-09-05T01:17:07Z
2013-08-16,VEA,38.270000,2628200,2026-09-05T01:17:07Z
2013-08-16,VNQ,64.349998,4256700,2026-09-05T01:17:07Z
2013-08-16,VWO,39.279999,18802300,2026-09-05T01:17:07Z
2013-08-19,BIL,45.790001,233600,2026-09-05T01:17:07Z
2013-08-19,DBC,26.430000,2371900,2026-09-05T01:17:07Z
2013-08-19,IEF,99.709999,892200,2026-09-05T01:17:07Z
2013-08-19,IWM,100.650002,25184600,2026-09-05T01:17:07Z
2013-08-19,SPY,164.770004,96437600,2026-09-05T01:17:07Z
2013-08-19,TIP,109.849998,912100,2026-09-05T01:17:07Z
2013-08-19,TLT,102.470001,9022000,2026-09-05T01:17:07Z
2013-08-19,VEA,38.000000,1931200,2026-09-05T01:17:07Z
2013-08-19,VNQ,63.500000,4763500,2026-09-05T01:17:07Z
2013-08-19,VWO,38.509998,18225100,2026-09-05T01:17:07Z
2013-08-20,BIL,45.799999,207650,2026-09-05T01:17:07Z
2013-08-20,DBC,26.379999,1334800,2026-09-05T01:17:07Z
2013-08-20,IEF,100.250000,1221100,2026-09-05T01:17:07Z
2013-08-20,IWM,102.099998,32450400,2026-09-05T01:17:07Z
2013-08-20,SPY,165.580002,89294400,2026-09-05T01:17:07Z
2013-08-20,TIP,110.529999,719400,2026-09-05T01:17:07Z
2013-08-20,TLT,103.260002,10050100,2026-09-05T01:17:07Z
2013-08-20,VEA,37.939999,3442200,2026-09-05T01:17:07Z
2013-08-20,VNQ,64.940002,4124500,2026-09-05T01:17:07Z
2013-08-20,VWO,38.459999,18965400,2026-09-05T01:17:07Z
2013-08-21,BIL,45.799999,244300,2026-09-05T01:17:07Z
2013-08-21,DBC,26.350000,1423700,2026-09-05T01:17:07Z
2013-08-21,IEF,99.620003,945100,2026-09-05T01:17:07Z
2013-08-21,IWM,101.480003,41452900,2026-09-05T01:17:07Z
2013-08-21,SPY,164.559998,159530500,2026-09-05T01:17:07Z
2013-08-21,TIP,109.750000,959800,2026-09-05T01:17:07Z
2013-08-21,TLT,102.129997,13248800,2026-09-05T01:17:07Z
2013-08-21,VEA,37.490002,2878300,2026-09-05T01:17:07Z
2013-08-21,VNQ,64.790001,4437200,2026-09-05T01:17:07Z
2013-08-21,VWO,37.610001,19546700,2026-09-05T01:17:07Z
2013-08-22,BIL,45.790001,240850,2026-09-05T01:17:07Z
2013-08-22,DBC,26.360001,1673100,2026-09-05T01:17:07Z
2013-08-22,IEF,99.580002,755100,2026-09-05T01:17:07Z
2013-08-22,IWM,102.910004,24006100,2026-09-05T01:17:07Z
2013-08-22,SPY,166.059998,101471400,2026-09-05T01:17:07Z
2013-08-22,TIP,109.800003,1111600,2026-09-05T01:17:07Z
2013-08-22,TLT,103.169998,8751200,2026-09-05T01:17:07Z
2013-08-22,VEA,37.880001,1832600,2026-09-05T01:17:07Z
2013-08-22,VNQ,65.180000,2499500,2026-09-05T01:17:07Z
2013-08-22,VWO,38.220001,14534500,2026-09-05T01:17:07Z
2013-08-23,BIL,45.799999,86050,2026-09-05T01:17:07Z
2013-08-23,DBC,26.570000,1384500,2026-09-05T01:17:07Z
2013-08-23,IEF,100.139999,991100,2026-09-05T01:17:07Z
2013-08-23,IWM,103.169998,20801100,2026-09-05T01:17:07Z
2013-08-23,SPY,166.619995,90888900,2026-09-05T01:17:07Z
2013-08-23,TIP,110.570000,617600,2026-09-05T01:17:07Z
2013-08-23,TLT,104.290001,17441200,2026-09-05T01:17:07Z
2013-08-23,VEA,38.209999,2294500,2026-09-05T01:17:07Z
2013-08-23,VNQ,65.860001,2917800,2026-09-05T01:17:07Z
2013-08-23,VWO,38.669998,16412100,2026-09-05T01:17:07Z
2013-08-26,BIL,45.790001,249800,2026-09-05T01:17:07Z
2013-08-26,DBC,26.719999,1190000,2026-09-05T01:17:07Z
2013-08-26,IEF,100.339996,512600,2026-09-05T01:17:07Z
2013-08-26,IWM,103.180000,23376100,2026-09-05T01:17:07Z
2013-08-26,SPY,166.000000,89702100,2026-09-05T01:17:07Z
2013-08-26,TIP,110.959999,484700,2026-09-05T01:17:07Z
2013-08-26,TLT,104.809998,5879100,2026-09-05T01:17:07Z
2013-08-26,VEA,37.959999,2567900,2026-09-05T01:17:07Z
2013-08-26,VNQ,65.669998,2925200,2026-09-05T01:17:07Z
2013-08-26,VWO,38.209999,8761100,2026-09-05T01:17:07Z
2013-08-27,BIL,45.790001,231250,2026-09-05T01:17:07Z
2013-08-27,DBC,26.980000,1878200,2026-09-05T01:17:07Z
2013-08-27,IEF,100.910004,532500,2026-09-05T01:17:07Z
2013-08-27,IWM,100.760002,47269300,2026-09-05T01:17:07Z
2013-08-27,SPY,163.330002,158619400,2026-09-05T01:17:07Z
2013-08-27,TIP,111.639999,564300,2026-09-05T01:17:07Z
2013-08-27,TLT,106.129997,11573300,2026-09-05T01:17:07Z
2013-08-27,VEA,37.320000,2686000,2026-09-05T01:17:07Z
2013-08-27,VNQ,65.349998,3355100,2026-09-05T01:17:07Z
2013-08-27,VWO,37.220001,26627400,2026-09-05T01:17:07Z
2013-08-28,BIL,45.790001,77950,2026-09-05T01:17:07Z
2013-08-28,DBC,27.020000,2376700,2026-09-05T01:17:07Z
2013-08-28,IEF,100.500000,761700,2026-09-05T01:17:07Z
2013-08-28,IWM,100.959999,28927500,2026-09-05T01:17:07Z
2013-08-28,SPY,163.910004,108113000,2026-09-05T01:17:07Z
2013-08-28,TIP,111.230003,474000,2026-09-05T01:17:07Z
2013-08-28,TLT,105.269997,7497900,2026-09-05T01:17:07Z
2013-08-28,VEA,37.279999,2618200,2026-09-05T01:17:07Z
2013-08-28,VNQ,64.949997,2142600,2026-09-05T01:17:07Z
2013-08-28,VWO,37.189999,20212000,2026-09-05T01:17:07Z
2013-08-29,BIL,45.799999,133950,2026-09-05T01:17:07Z
2013-08-29,DBC,26.740000,1251800,2026-09-05T01:17:07Z
2013-08-29,IEF,100.599998,470900,2026-09-05T01:17:07Z
2013-08-29,IWM,101.970001,27628600,2026-09-05T01:17:07Z
2013-08-29,SPY,164.169998,119200500,2026-09-05T01:17:07Z
2013-08-29,TIP,111.080002,661000,2026-09-05T01:17:07Z
2013-08-29,TLT,106.110001,6672400,2026-09-05T01:17:07Z
2013-08-29,VEA,37.279999,2381800,2026-09-05T01:17:07Z
2013-08-29,VNQ,65.050003,2334600,2026-09-05T01:17:07Z
2013-08-29,VWO,37.410000,18987400,2026-09-05T01:17:07Z
2013-08-30,BIL,45.799999,500900,2026-09-05T01:17:07Z
2013-08-30,DBC,26.660000,5229600,2026-09-05T01:17:07Z
2013-08-30,IEF,100.410004,1038200,2026-09-05T01:17:07Z
2013-08-30,IWM,100.379997,43334600,2026-09-05T01:17:07Z
2013-08-30,SPY,163.649994,134928900,2026-09-05T01:17:07Z
2013-08-30,TIP,110.739998,1035000,2026-09-05T01:17:07Z
2013-08-30,TLT,105.989998,8987600,2026-09-05T01:17:07Z
2013-08-30,VEA,36.849998,3510100,2026-09-05T01:17:07Z
2013-08-30,VNQ,64.500000,3852400,2026-09-05T01:17:07Z
2013-08-30,VWO,37.720001,47137400,2026-09-05T01:17:07Z
2013-09-03,BIL,45.799999,370900,2026-09-05T01:17:07Z
2013-09-03,DBC,26.799999,5447200,2026-09-05T01:17:07Z
2013-09-03,IEF,99.690002,796000,2026-09-05T01:17:07Z
2013-09-03,IWM,101.059998,37995800,2026-09-05T01:17:07Z
2013-09-03,SPY,164.389999,142375100,2026-09-05T01:17:07Z
2013-09-03,TIP,110.059998,1211300,2026-09-05T01:17:07Z
2013-09-03,TLT,104.220001,12084300,2026-09-05T01:17:07Z
2013-09-03,VEA,37.540001,3378600,2026-09-05T01:17:07Z
2013-09-03,VNQ,63.939999,6455100,2026-09-05T01:17:07Z
2013-09-03,VWO,37.939999,29742300,2026-09-05T01:17:07Z
2013-09-04,BIL,45.799999,206500,2026-09-05T01:17:07Z
2013-09-04,DBC,26.570000,12295700,2026-09-05T01:17:07Z
2013-09-04,IEF,99.360001,824400,2026-09-05T01:17:07Z
2013-09-04,IWM,101.949997,22580800,2026-09-05T01:17:07Z
2013-09-04,SPY,165.750000,97389400,2026-09-05T01:17:07Z
2013-09-04,TIP,109.500000,783900,2026-09-05T01:17:07Z
2013-09-04,TLT,103.989998,4579600,2026-09-05T01:17:07Z
2013-09-04,VEA,37.880001,2401800,2026-09-05T01:17:07Z
2013-09-04,VNQ,64.489998,4261500,2026-09-05T01:17:07Z
2013-09-04,VWO,38.529999,15429300,2026-09-05T01:17:07Z
2013-09-05,BIL,45.799999,527000,2026-09-05T01:17:07Z
2013-09-05,DBC,26.510000,1297400,2026-09-05T01:17:07Z
2013-09-05,IEF,98.599998,1722700,2026-09-05T01:17:07Z
2013-09-05,IWM,102.110001,22770200,2026-09-05T01:17:07Z
2013-09-05,SPY,165.960007,63090500,2026-09-05T01:17:07Z
2013-09-05,TIP,108.709999,976500,2026-09-05T01:17:07Z
2013-09-05,TLT,102.540001,12290600,2026-09-05T01:17:07Z
2013-09-05,VEA,37.869999,2481400,2026-09-05T01:17:07Z
2013-09-05,VNQ,63.810001,3024700,2026-09-05T01:17:07Z
2013-09-05,VWO,39.049999,18443500,2026-09-05T01:17:07Z
2013-09-06,BIL,45.799999,265500,2026-09-05T01:17:07Z
2013-09-06,DBC,26.660000,2600500,2026-09-05T01:17:07Z
2013-09-06,IEF,99.199997,1033900,2026-09-05T01:17:07Z
2013-09-06,IWM,102.389999,36792000,2026-09-05T01:17:07Z
2013-09-06,SPY,166.039993,159756500,2026-09-05T01:17:07Z
2013-09-06,TIP,109.160004,567300,2026-09-05T01:17:07Z
2013-09-06,TLT,103.050003,9478400,2026-09-05T01:17:07Z
2013-09-06,VEA,38.090000,4463500,2026-09-05T01:17:07Z
2013-09-06,VNQ,64.800003,4582200,2026-09-05T01:17:07Z
2013-09-06,VWO,39.580002,20473300,2026-09-05T01:17:07Z
2013-09-09,BIL,45.779999,903150,2026-09-05T01:17:07Z
2013-09-09,DBC,26.490000,2148900,2026-09-05T01:17:07Z
2013-09-09,IEF,99.400002,764300,2026-09-05T01:17:07Z
2013-09-09,IWM,103.940002,27358500,2026-09-05T01:17:07Z
2013-09-09,SPY,167.630005,87559300,2026-09-05T01:17:07Z
2013-09-09,TIP,109.360001,652000,2026-09-05T01:17:07Z
2013-09-09,TLT,103.099998,6874900,2026-09-05T01:17:07Z
2013-09-09,VEA,38.630001,2250700,2026-09-05T01:17:07Z
2013-09-09,VNQ,66.150002,3579700,2026-09-05T01:17:07Z
2013-09-09,VWO,40.740002,21642900,2026-09-05T01:17:07Z
2013-09-10,BIL,45.790001,275950,2026-09-05T01:17:07Z
2013-09-10,DBC,26.250000,1288800,2026-09-05T01:17:07Z
2013-09-10,IEF,98.940002,1895300,2026-09-05T01:17:07Z
2013-09-10,IWM,104.959999,25126300,2026-09-05T01:17:07Z
2013-09-10,SPY,168.869995,105847200,2026-09-05T01:17:07Z
2013-09-10,TIP,109.180000,762400,2026-09-05T01:17:07Z
2013-09-10,TLT,102.379997,8069000,2026-09-05T01:17:07Z
2013-09-10,VEA,39.049999,4615300,2026-09-05T01:17:07Z
2013-09-10,VNQ,66.099998,2905300,2026-09-05T01:17:07Z
2013-09-10,VWO,41.060001,30922900,2026-09-05T01:17:07Z
2013-09-11,BIL,45.790001,417200,2026-09-05T01:17:07Z
2013-09-11,DBC,26.290001,1521400,2026-09-05T01:17:07Z
2013-09-11,IEF,99.440002,885300,2026-09-05T01:17:07Z
2013-09-11,IWM,105.010002,26412500,2026-09-05T01:17:07Z
2013-09-11,SPY,169.399994,94545900,2026-09-05T01:17:07Z
2013-09-11,TIP,109.800003,754600,2026-09-05T01:17:07Z
2013-09-11,TLT,103.290001,8962400,2026-09-05T01:17:07Z
2013-09-11,VEA,39.160000,2449100,2026-09-05T01:17:07Z
2013-09-11,VNQ,66.629997,2568000,2026-09-05T01:17:07Z
2013-09-11,VWO,41.119999,18174100,2026-09-05T01:17:07Z
2013-09-12,BIL,45.790001,97150,2026-09-05T01:17:07Z
2013-09-12,DBC,26.420000,2274300,2026-09-05T01:17:07Z
2013-09-12,IEF,99.449997,796800,2026-09-05T01:17:07Z
2013-09-12,IWM,104.239998,32707600,2026-09-05T01:17:07Z
2013-09-12,SPY,168.949997,83209000,2026-09-05T01:17:07Z
2013-09-12,TIP,109.849998,946300,2026-09-05T01:17:07Z
2013-09-12,TLT,103.150002,6254400,2026-09-05T01:17:07Z
2013-09-12,VEA,38.970001,7005100,2026-09-05T01:17:07Z
2013-09-12,VNQ,66.199997,2628600,2026-09-05T01:17:07Z
2013-09-12,VWO,40.580002,19544100,2026-09-05T01:17:07Z
2013-09-13,BIL,45.799999,355250,2026-09-05T01:17:07Z
2013-09-13,DBC,26.340000,1148600,2026-09-05T01:17:07Z
2013-09-13,IEF,99.580002,1166500,2026-09-05T01:17:07Z
2013-09-13,IWM,104.809998,29478700,2026-09-05T01:17:07Z
2013-09-13,SPY,169.330002,72727800,2026-09-05T01:17:07Z
2013-09-13,TIP,109.839996,868100,2026-09-05T01:17:07Z
2013-09-13,TLT,103.550003,6106200,2026-09-05T01:17:07Z
2013-09-13,VEA,39.110001,4754500,2026-09-05T01:17:07Z
2013-09-13,VNQ,66.389999,2582600,2026-09-05T01:17:07Z
2013-09-13,VWO,40.880001,19008600,2026-09-05T01:17:07Z
2013-09-16,BIL,45.790001,185150,2026-09-05T01:17:07Z
2013-09-16,DBC,26.010000,1427400,2026-09-05T01:17:07Z
2013-09-16,IEF,99.800003,1855200,2026-09-05T01:17:07Z
2013-09-16,IWM,105.040001,28755900,2026-09-05T01:17:07Z
2013-09-16,SPY,170.309998,106299200,2026-09-05T01:17:07Z
2013-09-16,TIP,110.139999,519400,2026-09-05T01:17:07Z
2013-09-16,TLT,102.860001,8231600,2026-09-05T01:17:07Z
2013-09-16,VEA,39.459999,2349200,2026-09-05T01:17:07Z
2013-09-16,VNQ,67.050003,4413800,2026-09-05T01:17:07Z
2013-09-16,VWO,41.330002,19618100,2026-09-05T01:17:07Z
2013-09-17,BIL,45.790001,158050,2026-09-05T01:17:07Z
2013-09-17,DBC,25.740000,3673300,2026-09-05T01:17:07Z
2013-09-17,IEF,100.000000,943300,2026-09-05T01:17:07Z
2013-09-17,IWM,106.080002,28901400,2026-09-05T01:17:07Z
2013-09-17,SPY,171.070007,82523300,2026-09-05T01:17:07Z
2013-09-17,TIP,110.570000,554400,2026-09-05T01:17:07Z
2013-09-17,TLT,103.709999,8795300,2026-09-05T01:17:07Z
2013-09-17,VEA,39.480000,2177400,2026-09-05T01:17:07Z
2013-09-17,VNQ,67.010002,3328300,2026-09-05T01:17:07Z
2013-09-17,VWO,41.299999,18979700,2026-09-05T01:17:07Z
2013-09-18,BIL,45.799999,295750,2026-09-05T01:17:07Z
2013-09-18,DBC,26.299999,1473700,2026-09-05T01:17:07Z
2013-09-18,IEF,101.239998,1341800,2026-09-05T01:17:07Z
2013-09-18,IWM,107.089996,46237100,2026-09-05T01:17:07Z
2013-09-18,SPY,173.050003,203460600,2026-09-05T01:17:07Z
2013-09-18,TIP,112.040001,859900,2026-09-05T01:17:07Z
2013-09-18,TLT,104.989998,19749200,2026-09-05T01:17:07Z
2013-09-18,VEA,40.520000,3735400,2026-09-05T01:17:07Z
2013-09-18,VNQ,69.279999,4452500,2026-09-05T01:17:07Z
2013-09-18,VWO,42.970001,30886500,2026-09-05T01:17:07Z
2013-09-19,BIL,45.799999,206200,2026-09-05T01:17:07Z
2013-09-19,DBC,26.200001,3198000,2026-09-05T01:17:07Z
2013-09-19,IEF,100.889999,1592800,2026-09-05T01:17:07Z
2013-09-19,IWM,106.980003,34775900,2026-09-05T01:17:07Z
2013-09-19,SPY,172.759995,146616900,2026-09-05T01:17:07Z
2013-09-19,TIP,111.680000,778200,2026-09-05T01:17:07Z
2013-09-19,TLT,104.370003,11627800,2026-09-05T01:17:07Z
2013-09-19,VEA,40.340000,3071000,2026-09-05T01:17:07Z
2013-09-19,VNQ,69.220001,5138400,2026-09-05T01:17:07Z
2013-09-19,VWO,42.799999,30950400,2026-09-05T01:17:07Z
2013-09-20,BIL,45.790001,647550,2026-09-05T01:17:07Z
2013-09-20,DBC,25.959999,1424600,2026-09-05T01:17:07Z
2013-09-20,IEF,100.989998,300600,2026-09-05T01:17:07Z
2013-09-20,IWM,106.589996,49522500,2026-09-05T01:17:07Z
2013-09-20,SPY,170.720001,132867100,2026-09-05T01:17:07Z
2013-09-20,TIP,111.989998,470900,2026-09-05T01:17:07Z
2013-09-20,TLT,104.919998,8421000,2026-09-05T01:17:07Z
2013-09-20,VEA,40.009998,2825000,2026-09-05T01:17:07Z
2013-09-20,VNQ,68.089996,4082500,2026-09-05T01:17:07Z
2013-09-20,VWO,41.779999,25118500,2026-09-05T01:17:07Z
2013-09-23,BIL,45.790001,191300,2026-09-05T01:17:07Z
2013-09-23,DBC,25.770000,3697100,2026-09-05T01:17:07Z
2013-09-23,IEF,101.370003,2003200,2026-09-05T01:17:07Z
2013-09-23,IWM,106.599998,47759700,2026-09-05T01:17:07Z
2013-09-23,SPY,169.929993,104616500,2026-09-05T01:17:07Z
2013-09-23,TIP,112.379997,703900,2026-09-05T01:17:07Z
2013-09-23,TLT,105.690002,10242100,2026-09-05T01:17:07Z
2013-09-23,VEA,39.869999,5032300,2026-09-05T01:17:07Z
2013-09-23,VNQ,67.010002,3523100,2026-09-05T01:17:07Z
2013-09-23,VWO,41.650002,22042800,2026-09-05T01:17:07Z
2013-09-24,BIL,45.790001,160600,2026-09-05T01:17:07Z
2013-09-24,DBC,25.760000,3354800,2026-09-05T01:17:07Z
2013-09-24,IEF,101.739998,1149800,2026-09-05T01:17:07Z
2013-09-24,IWM,106.669998,45267000,2026-09-05T01:17:07Z
2013-09-24,SPY,169.529999,106333100,2026-09-05T01:17:07Z
2013-09-24,TIP,112.400002,559100,2026-09-05T01:17:07Z
2013-09-24,TLT,106.830002,11446600,2026-09-05T01:17:07Z
2013-09-24,VEA,39.790001,3806900,2026-09-05T01:17:07Z
2013-09-24,VNQ,66.500000,4447700,2026-09-05T01:17:07Z
2013-09-24,VWO,41.230000,18014700,2026-09-05T01:17:07Z
2013-09-25,BIL,45.790001,83150,2026-09-05T01:17:07Z
2013-09-25,DBC,25.799999,2383300,2026-09-05T01:17:07Z
2013-09-25,IEF,102.019997,569900,2026-09-05T01:17:07Z
2013-09-25,IWM,106.470001,37106600,2026-09-05T01:17:07Z
2013-09-25,SPY,169.039993,117306500,2026-09-05T01:17:07Z
2013-09-25,TIP,112.500000,459000,2026-09-05T01:17:07Z
2013-09-25,TLT,107.050003,8130900,2026-09-05T01:17:07Z
2013-09-25,VEA,39.810001,4180900,2026-09-05T01:17:07Z
2013-09-25,VNQ,66.720001,2626300,2026-09-05T01:17:07Z
2013-09-25,VWO,40.980000,16543200,2026-09-05T01:17:07Z
2013-09-26,BIL,45.790001,102050,2026-09-05T01:17:07Z
2013-09-26,DBC,26.000000,1226000,2026-09-05T01:17:07Z
2013-09-26,IEF,101.800003,568100,2026-09-05T01:17:07Z
2013-09-26,IWM,107.059998,29490600,2026-09-05T01:17:07Z
2013-09-26,SPY,169.690002,77146900,2026-09-05T01:17:07Z
2013-09-26,TIP,112.339996,449900,2026-09-05T01:17:07Z
2013-09-26,TLT,106.300003,5117100,2026-09-05T01:17:07Z
2013-09-26,VEA,39.959999,2848400,2026-09-05T01:17:07Z
2013-09-26,VNQ,67.129997,1465400,2026-09-05T01:17:07Z
2013-09-26,VWO,41.099998,11859400,2026-09-05T01:17:07Z
2013-09-27,BIL,45.790001,247300,2026-09-05T01:17:07Z
2013-09-27,DBC,25.870001,1619700,2026-09-05T01:17:07Z
2013-09-27,IEF,101.940002,2349400,2026-09-05T01:17:07Z
2013-09-27,IWM,106.580002,30296400,2026-09-05T01:17:07Z
2013-09-27,SPY,168.910004,99141800,2026-09-05T01:17:07Z
2013-09-27,TIP,112.370003,360400,2026-09-05T01:17:07Z
2013-09-27,TLT,106.559998,6460000,2026-09-05T01:17:07Z
2013-09-27,VEA,39.880001,2742700,2026-09-05T01:17:07Z
2013-09-27,VNQ,66.849998,3412300,2026-09-05T01:17:07Z
2013-09-27,VWO,40.520000,17579700,2026-09-05T01:17:07Z
2013-09-30,BIL,45.790001,480950,2026-09-05T01:17:07Z
2013-09-30,DBC,25.760000,17407400,2026-09-05T01:17:07Z
2013-09-30,IEF,102.110001,3785200,2026-09-05T01:17:07Z
2013-09-30,IWM,106.610001,45771700,2026-09-05T01:17:07Z
2013-09-30,SPY,168.009995,143937000,2026-09-05T01:17:07Z
2013-09-30,TIP,112.580002,1100100,2026-09-05T01:17:07Z
2013-09-30,TLT,106.400002,8438800,2026-09-05T01:17:07Z
2013-09-30,VEA,39.580002,6128000,2026-09-05T01:17:07Z
2013-09-30,VNQ,66.139999,3804700,2026-09-05T01:17:07Z
2013-09-30,VWO,40.130001,26400200,2026-09-05T01:17:07Z
2013-10-01,BIL,45.799999,2340450,2026-09-05T01:17:07Z
2013-10-01,DBC,25.590000,6424400,2026-09-05T01:17:07Z
2013-10-01,IEF,101.730003,1937000,2026-09-05T01:17:07Z
2013-10-01,IWM,107.849998,39344400,2026-09-05T01:17:07Z
2013-10-01,SPY,169.339996,127160000,2026-09-05T01:17:07Z
2013-10-01,TIP,112.389999,1383500,2026-09-05T01:17:07Z
2013-10-01,TLT,105.800003,7592500,2026-09-05T01:17:07Z
2013-10-01,VEA,39.810001,7047900,2026-09-05T01:17:07Z
2013-10-01,VNQ,67.099998,4416100,2026-09-05T01:17:07Z
2013-10-01,VWO,40.930000,16989800,2026-09-05T01:17:07Z
2013-10-02,BIL,45.799999,185000,2026-09-05T01:17:07Z
2013-10-02,DBC,25.840000,2193100,2026-09-05T01:17:07Z
2013-10-02,IEF,101.900002,799900,2026-09-05T01:17:07Z
2013-10-02,IWM,107.410004,30622900,2026-09-05T01:17:07Z
2013-10-02,SPY,169.179993,113350000,2026-09-05T01:17:07Z
2013-10-02,TIP,112.570000,423700,2026-09-05T01:17:07Z
2013-10-02,TLT,105.959999,5967200,2026-09-05T01:17:07Z
2013-10-02,VEA,39.770000,4647700,2026-09-05T01:17:07Z
2013-10-02,VNQ,67.199997,2604000,2026-09-05T01:17:07Z
2013-10-02,VWO,41.060001,10574200,2026-09-05T01:17:07Z
2013-10-03,BIL,45.799999,1240550,2026-09-05T01:17:07Z
2013-10-03,DBC,25.799999,1212500,2026-09-05T01:17:07Z
2013-10-03,IEF,102.040001,651800,2026-09-05T01:17:07Z
2013-10-03,IWM,106.309998,57799200,2026-09-05T01:17:07Z
2013-10-03,SPY,167.619995,176698000,2026-09-05T01:17:07Z
2013-10-03,TIP,112.650002,480300,2026-09-05T01:17:07Z
2013-10-03,TLT,105.790001,6648900,2026-09-05T01:17:07Z
2013-10-03,VEA,39.520000,7443500,2026-09-05T01:17:07Z
2013-10-03,VNQ,66.029999,6150600,2026-09-05T01:17:07Z
2013-10-03,VWO,40.950001,15040400,2026-09-05T01:17:07Z
2013-10-04,BIL,45.799999,283800,2026-09-05T01:17:07Z
2013-10-04,DBC,25.879999,1224500,2026-09-05T01:17:07Z
2013-10-04,IEF,101.760002,1160900,2026-09-05T01:17:07Z
2013-10-04,IWM,107.019997,25902800,2026-09-05T01:17:07Z
2013-10-04,SPY,168.889999,96878000,2026-09-05T01:17:07Z
2013-10-04,TIP,112.410004,377300,2026-09-05T01:17:07Z
2013-10-04,TLT,105.709999,5545300,2026-09-05T01:17:07Z
2013-10-04,VEA,39.630001,2133300,2026-09-05T01:17:07Z
2013-10-04,VNQ,65.900002,2389200,2026-09-05T01:17:07Z
2013-10-04,VWO,41.500000,14847900,2026-09-05T01:17:07Z
2013-10-07,BIL,45.799999,203000,2026-09-05T01:17:07Z
2013-10-07,DBC,26.059999,1691800,2026-09-05T01:17:07Z
2013-10-07,IEF,101.849998,454400,2026-09-05T01:17:07Z
2013-10-07,IWM,105.769997,32924200,2026-09-05T01:17:07Z
2013-10-07,SPY,167.429993,96295000,2026-09-05T01:17:07Z
2013-10-07,TIP,112.529999,405300,2026-09-05T01:17:07Z
2013-10-07,TLT,106.139999,5761100,2026-09-05T01:17:07Z
2013-10-07,VEA,39.230000,2536800,2026-09-05T01:17:07Z
2013-10-07,VNQ,66.199997,2267400,2026-09-05T01:17:07Z
2013-10-07,VWO,41.130001,15935200,2026-09-05T01:17:07Z
2013-10-08,BIL,45.799999,215850,2026-09-05T01:17:07Z
2013-10-08,DBC,26.150000,1774400,2026-09-05T01:17:07Z
2013-10-08,IEF,101.800003,818100,2026-09-05T01:17:07Z
2013-10-08,IWM,104.059998,61365000,2026-09-05T01:17:07Z
2013-10-08,SPY,165.479996,178015000,2026-09-05T01:17:07Z
2013-10-08,TIP,112.230003,614800,2026-09-05T01:17:07Z
2013-10-08,TLT,106.169998,5904000,2026-09-05T01:17:07Z
2013-10-08,VEA,38.970001,3944100,2026-09-05T01:17:07Z
2013-10-08,VNQ,65.480003,2622000,2026-09-05T01:17:07Z
2013-10-08,VWO,40.740002,23228800,2026-09-05T01:17:07Z
2013-10-09,BIL,45.790001,325100,2026-09-05T01:17:07Z
2013-10-09,DBC,25.959999,2811500,2026-09-05T01:17:07Z
2013-10-09,IEF,101.620003,506500,2026-09-05T01:17:07Z
2013-10-09,IWM,103.639999,52604900,2026-09-05T01:17:07Z
2013-10-09,SPY,165.600006,168973000,2026-09-05T01:17:07Z
2013-10-09,TIP,112.239998,859000,2026-09-05T01:17:07Z
2013-10-09,TLT,105.320000,8439000,2026-09-05T01:17:07Z
2013-10-09,VEA,39.099998,3424500,2026-09-05T01:17:07Z
2013-10-09,VNQ,65.489998,2896600,2026-09-05T01:17:07Z
2013-10-09,VWO,41.060001,20172000,2026-09-05T01:17:07Z
2013-10-10,BIL,45.779999,939600,2026-09-05T01:17:07Z
2013-10-10,DBC,26.290001,1180600,2026-09-05T01:17:07Z
2013-10-10,IEF,101.400002,649100,2026-09-05T01:17:07Z
2013-10-10,IWM,106.139999,53157800,2026-09-05T01:17:07Z
2013-10-10,SPY,169.169998,195955000,2026-09-05T01:17:07Z
2013-10-10,TIP,112.150002,516000,2026-09-05T01:17:07Z
2013-10-10,TLT,105.489998,9944100,2026-09-05T01:17:07Z
2013-10-10,VEA,39.830002,2571600,2026-09-05T01:17:07Z
2013-10-10,VNQ,67.160004,2370200,2026-09-05T01:17:07Z
2013-10-10,VWO,41.980000,16318100,2026-09-05T01:17:07Z
2013-10-11,BIL,45.770000,6366750,2026-09-05T01:17:07Z
2013-10-11,DBC,26.150000,1076900,2026-09-05T01:17:07Z
2013-10-11,IEF,101.550003,850100,2026-09-05T01:17:07Z
2013-10-11,IWM,107.680000,43197100,2026-09-05T01:17:07Z
2013-10-11,SPY,170.259995,105040000,2026-09-05T01:17:07Z
2013-10-11,TIP,112.129997,641600,2026-09-05T01:17:07Z
2013-10-11,TLT,105.459999,6500800,2026-09-05T01:17:07Z
2013-10-11,VEA,40.049999,3102900,2026-09-05T01:17:07Z
2013-10-11,VNQ,67.830002,2111100,2026-09-05T01:17:07Z
2013-10-11,VWO,42.150002,11041300,2026-09-05T01:17:07Z
2013-10-14,BIL,45.770000,150500,2026-09-05T01:17:07Z
2013-10-14,DBC,26.139999,1560900,2026-09-05T01:17:07Z
2013-10-14,IEF,101.209999,183200,2026-09-05T01:17:07Z
2013-10-14,IWM,108.220001,38774800,2026-09-05T01:17:07Z
2013-10-14,SPY,170.940002,112106000,2026-09-05T01:17:07Z
2013-10-14,TIP,111.639999,303800,2026-09-05T01:17:07Z
2013-10-14,TLT,104.610001,4205600,2026-09-05T01:17:07Z
2013-10-14,VEA,40.169998,1715300,2026-09-05T01:17:07Z
2013-10-14,VNQ,67.870003,2278000,2026-09-05T01:17:07Z
2013-10-14,VWO,42.419998,15091100,2026-09-05T01:17:07Z
2013-10-15,BIL,45.770000,562650,2026-09-05T01:17:07Z
2013-10-15,DBC,26.049999,1346100,2026-09-05T01:17:07Z
2013-10-15,IEF,101.230003,368100,2026-09-05T01:17:07Z
2013-10-15,IWM,107.160004,42263500,2026-09-05T01:17:07Z
2013-10-15,SPY,169.699997,155485000,2026-09-05T01:17:07Z
2013-10-15,TIP,111.860001,517700,2026-09-05T01:17:07Z
2013-10-15,TLT,104.540001,8291000,2026-09-05T01:17:07Z
2013-10-15,VEA,39.959999,2943500,2026-09-05T01:17:07Z
2013-10-15,VNQ,67.620003,3231700,2026-09-05T01:17:07Z
2013-10-15,VWO,41.910000,19654800,2026-09-05T01:17:07Z
2013-10-16,BIL,45.779999,945500,2026-09-05T01:17:07Z
2013-10-16,DBC,26.250000,2097700,2026-09-05T01:17:07Z
2013-10-16,IEF,101.720001,2339600,2026-09-05T01:17:07Z
2013-10-16,IWM,108.489998,34333600,2026-09-05T01:17:07Z
2013-10-16,SPY,172.070007,161676000,2026-09-05T01:17:07Z
2013-10-16,TIP,112.089996,493600,2026-09-05T01:17:07Z
2013-10-16,TLT,105.849998,14460200,2026-09-05T01:17:07Z
2013-10-16,VEA,40.299999,2155700,2026-09-05T01:17:07Z
2013-10-16,VNQ,68.889999,3066400,2026-09-05T01:17:07Z
2013-10-16,VWO,42.209999,18815300,2026-09-05T01:17:07Z
2013-10-17,BIL,45.779999,140350,2026-09-05T01:17:07Z
2013-10-17,DBC,26.110001,2061600,2026-09-05T01:17:07Z
2013-10-17,IEF,102.300003,2950500,2026-09-05T01:17:07Z
2013-10-17,IWM,109.440002,38967200,2026-09-05T01:17:07Z
2013-10-17,SPY,173.220001,129389000,2026-09-05T01:17:07Z
2013-10-17,TIP,112.529999,503600,2026-09-05T01:17:07Z
2013-10-17,TLT,106.809998,11303400,2026-09-05T01:17:07Z
2013-10-17,VEA,40.790001,3721200,2026-09-05T01:17:07Z
2013-10-17,VNQ,69.930000,3258600,2026-09-05T01:17:07Z
2013-10-17,VWO,42.500000,17451300,2026-09-05T01:17:07Z
2013-10-18,BIL,45.790001,197450,2026-09-05T01:17:07Z
2013-10-18,DBC,26.260000,1289600,2026-09-05T01:17:07Z
2013-10-18,IEF,102.309998,582600,2026-09-05T01:17:07Z
2013-10-18,IWM,110.690002,39496400,2026-09-05T01:17:07Z
2013-10-18,SPY,174.389999,138316000,2026-09-05T01:17:07Z
2013-10-18,TIP,112.690002,493500,2026-09-05T01:17:07Z
2013-10-18,TLT,107.040001,9487800,2026-09-05T01:17:07Z
2013-10-18,VEA,41.029999,2437800,2026-09-05T01:17:07Z
2013-10-18,VNQ,69.860001,2685200,2026-09-05T01:17:07Z
2013-10-18,VWO,42.500000,16546000,2026-09-05T01:17:07Z
2013-10-21,BIL,45.790001,215550,2026-09-05T01:17:07Z
2013-10-21,DBC,26.200001,1468100,2026-09-05T01:17:07Z
2013-10-21,IEF,102.239998,321700,2026-09-05T01:17:07Z
2013-10-21,IWM,110.470001,29198900,2026-09-05T01:17:07Z
2013-10-21,SPY,174.399994,104104000,2026-09-05T01:17:07Z
2013-10-21,TIP,112.599998,391100,2026-09-05T01:17:07Z
2013-10-21,TLT,106.699997,6161600,2026-09-05T01:17:07Z
2013-10-21,VEA,41.090000,2215100,2026-09-05T01:17:07Z
2013-10-21,VNQ,69.440002,2276500,2026-09-05T01:17:07Z
2013-10-21,VWO,42.520000,13128700,2026-09-05T01:17:07Z
2013-10-22,BIL,45.790001,100200,2026-09-05T01:17:07Z
2013-10-22,DBC,26.170000,1276000,2026-09-05T01:17:07Z
2013-10-22,IEF,102.949997,484700,2026-09-05T01:17:07Z
2013-10-22,IWM,110.760002,38112600,2026-09-05T01:17:07Z
2013-10-22,SPY,175.410004,126663000,2026-09-05T01:17:07Z
2013-10-22,TIP,113.169998,484300,2026-09-05T01:17:07Z
2013-10-22,TLT,107.889999,9708500,2026-09-05T01:17:07Z
2013-10-22,VEA,41.480000,8545300,2026-09-05T01:17:07Z
2013-10-22,VNQ,70.080002,3611600,2026-09-05T01:17:07Z
2013-10-22,VWO,42.910000,19353200,2026-09-05T01:17:07Z
2013-10-23,BIL,45.790001,259950,2026-09-05T01:17:07Z
2013-10-23,DBC,25.770000,1036800,2026-09-05T01:17:07Z
2013-10-23,IEF,103.129997,280800,2026-09-05T01:17:07Z
2013-10-23,IWM,110.389999,32275300,2026-09-05T01:17:07Z
2013-10-23,SPY,174.570007,105484000,2026-09-05T01:17:07Z
2013-10-23,TIP,113.120003,369100,2026-09-05T01:17:07Z
2013-10-23,TLT,108.309998,9163100,2026-09-05T01:17:07Z
2013-10-23,VEA,41.029999,2865800,2026-09-05T01:17:07Z
2013-10-23,VNQ,70.209999,4650000,2026-09-05T01:17:07Z
2013-10-23,VWO,41.970001,22265300,2026-09-05T01:17:07Z
2013-10-24,BIL,45.779999,149050,2026-09-05T01:17:07Z
2013-10-24,DBC,25.780001,1128100,2026-09-05T01:17:07Z
2013-10-24,IEF,102.919998,591200,2026-09-05T01:17:07Z
2013-10-24,IWM,110.980003,24711800,2026-09-05T01:17:07Z
2013-10-24,SPY,175.149994,70350000,2026-09-05T01:17:07Z
2013-10-24,TIP,113.160004,435300,2026-09-05T01:17:07Z
2013-10-24,TLT,107.889999,7631400,2026-09-05T01:17:07Z
2013-10-24,VEA,41.310001,2246700,2026-09-05T01:17:07Z
2013-10-24,VNQ,70.190002,1600400,2026-09-05T01:17:07Z
2013-10-24,VWO,41.880001,18132700,2026-09-05T01:17:07Z
2013-10-25,BIL,45.790001,69650,2026-09-05T01:17:07Z
2013-10-25,DBC,25.860001,1197600,2026-09-05T01:17:07Z
2013-10-25,IEF,103.099998,552800,2026-09-05T01:17:07Z
2013-10-25,IWM,111.080002,21321900,2026-09-05T01:17:07Z
2013-10-25,SPY,175.949997,93625000,2026-09-05T01:17:07Z
2013-10-25,TIP,113.410004,538800,2026-09-05T01:17:07Z
2013-10-25,TLT,108.290001,4429500,2026-09-05T01:17:07Z
2013-10-25,VEA,41.200001,2544000,2026-09-05T01:17:07Z
2013-10-25,VNQ,71.050003,2213000,2026-09-05T01:17:07Z
2013-10-25,VWO,42.119999,14390700,2026-09-05T01:17:07Z
2013-10-28,BIL,45.790001,88300,2026-09-05T01:17:07Z
2013-10-28,DBC,25.959999,1137200,2026-09-05T01:17:07Z
2013-10-28,IEF,103.000000,600800,2026-09-05T01:17:07Z
2013-10-28,IWM,111.029999,22512200,2026-09-05T01:17:07Z
2013-10-28,SPY,176.229996,84979000,2026-09-05T01:17:07Z
2013-10-28,TIP,113.360001,385300,2026-09-05T01:17:07Z
2013-10-28,TLT,107.919998,6466400,2026-09-05T01:17:07Z
2013-10-28,VEA,41.139999,2391500,2026-09-05T01:17:07Z
2013-10-28,VNQ,70.540001,3347400,2026-09-05T01:17:07Z
2013-10-28,VWO,42.240002,13861700,2026-09-05T01:17:07Z
2013-10-29,BIL,45.779999,873700,2026-09-05T01:17:07Z
2013-10-29,DBC,25.889999,2494000,2026-09-05T01:17:07Z
2013-10-29,IEF,103.139999,274700,2026-09-05T01:17:07Z
2013-10-29,IWM,111.349998,30026900,2026-09-05T01:17:07Z
2013-10-29,SPY,177.169998,87401000,2026-09-05T01:17:07Z
2013-10-29,TIP,113.290001,409400,2026-09-05T01:17:07Z
2013-10-29,TLT,108.059998,5270500,2026-09-05T01:17:07Z
2013-10-29,VEA,41.209999,2652700,2026-09-05T01:17:07Z
2013-10-29,VNQ,70.129997,3174900,2026-09-05T01:17:07Z
2013-10-29,VWO,42.360001,9218500,2026-09-05T01:17:07Z
2013-10-30,BIL,45.779999,399450,2026-09-05T01:17:07Z
2013-10-30,DBC,25.969999,1106100,2026-09-05T01:17:07Z
2013-10-30,IEF,102.870003,1753100,2026-09-05T01:17:07Z
2013-10-30,IWM,109.830002,46076600,2026-09-05T01:17:07Z
2013-10-30,SPY,176.289993,140002000,2026-09-05T01:17:07Z
2013-10-30,TIP,113.139999,476600,2026-09-05T01:17:07Z
2013-10-30,TLT,107.410004,10199300,2026-09-05T01:17:07Z
2013-10-30,VEA,41.119999,3053800,2026-09-05T01:17:07Z
2013-10-30,VNQ,69.540001,2466500,2026-09-05T01:17:07Z
2013-10-30,VWO,42.150002,17838800,2026-09-05T01:17:07Z
2013-10-31,BIL,45.779999,143900,2026-09-05T01:17:07Z
2013-10-31,DBC,25.750000,2376000,2026-09-05T01:17:07Z
2013-10-31,IEF,102.750000,893000,2026-09-05T01:17:07Z
2013-10-31,IWM,109.190002,47370000,2026-09-05T01:17:07Z
2013-10-31,SPY,175.789993,133795000,2026-09-05T01:17:07Z
2013-10-31,TIP,112.919998,1095000,2026-09-05T01:17:07Z
2013-10-31,TLT,107.639999,11452100,2026-09-05T01:17:07Z
2013-10-31,VEA,40.849998,3825400,2026-09-05T01:17:07Z
2013-10-31,VNQ,69.129997,4039600,2026-09-05T01:17:07Z
2013-10-31,VWO,41.869999,20353600,2026-09-05T01:17:07Z
2013-11-01,BIL,45.779999,539750,2026-09-05T01:17:07Z
2013-11-01,DBC,25.430000,2624000,2026-09-05T01:17:07Z
2013-11-01,IEF,102.019997,680100,2026-09-05T01:17:07Z
2013-11-01,IWM,108.720001,117030400,2026-09-05T01:17:07Z
2013-11-01,SPY,176.210007,142805000,2026-09-05T01:17:07Z
2013-11-01,TIP,112.040001,951100,2026-09-05T01:17:07Z
2013-11-01,TLT,106.190002,11349500,2026-09-05T01:17:07Z
2013-11-01,VEA,40.650002,4260900,2026-09-05T01:17:07Z
2013-11-01,VNQ,69.489998,3448800,2026-09-05T01:17:07Z
2013-11-01,VWO,41.849998,19047400,2026-09-05T01:17:07Z
2013-11-04,BIL,45.779999,138100,2026-09-05T01:17:07Z
2013-11-04,DBC,25.320000,1648500,2026-09-05T01:17:07Z
2013-11-04,IEF,102.220001,437000,2026-09-05T01:17:07Z
2013-11-04,IWM,109.970001,31960000,2026-09-05T01:17:07Z
2013-11-04,SPY,176.830002,85677000,2026-09-05T01:17:07Z
2013-11-04,TIP,112.099998,586000,2026-09-05T01:17:07Z
2013-11-04,TLT,106.290001,4733200,2026-09-05T01:17:07Z
2013-11-04,VEA,40.830002,3206400,2026-09-05T01:17:07Z
2013-11-04,VNQ,69.620003,2640800,2026-09-05T01:17:07Z
2013-11-04,VWO,42.119999,12040900,2026-09-05T01:17:07Z
2013-11-05,BIL,45.779999,85150,2026-09-05T01:17:07Z
2013-11-05,DBC,25.250000,1522900,2026-09-05T01:17:07Z
2013-11-05,IEF,101.760002,656900,2026-09-05T01:17:07Z
2013-11-05,IWM,109.589996,26643500,2026-09-05T01:17:07Z
2013-11-05,SPY,176.270004,85825000,2026-09-05T01:17:07Z
2013-11-05,TIP,111.660004,506200,2026-09-05T01:17:07Z
2013-11-05,TLT,105.019997,8753400,2026-09-05T01:17:07Z
2013-11-05,VEA,40.480000,3421600,2026-09-05T01:17:07Z
2013-11-05,VNQ,68.480003,2533800,2026-09-05T01:17:07Z
2013-11-05,VWO,41.279999,17095000,2026-09-05T01:17:07Z
2013-11-06,BIL,45.790001,502800,2026-09-05T01:17:07Z
2013-11-06,DBC,25.270000,1702900,2026-09-05T01:17:07Z
2013-11-06,IEF,102.070000,692700,2026-09-05T01:17:07Z
2013-11-06,IWM,109.120003,31773400,2026-09-05T01:17:07Z
2013-11-06,SPY,177.169998,87348000,2026-09-05T01:17:07Z
2013-11-06,TIP,112.300003,723800,2026-09-05T01:17:07Z
2013-11-06,TLT,105.070000,5643000,2026-09-05T01:17:07Z
2013-11-06,VEA,40.869999,2109600,2026-09-05T01:17:07Z
2013-11-06,VNQ,68.379997,2256900,2026-09-05T01:17:07Z
2013-11-06,VWO,41.430000,15901700,2026-09-05T01:17:07Z
2013-11-07,BIL,45.779999,156350,2026-09-05T01:17:07Z
2013-11-07,DBC,25.090000,2842900,2026-09-05T01:17:07Z
2013-11-07,IEF,102.339996,415000,2026-09-05T01:17:07Z
2013-11-07,IWM,107.279999,60459700,2026-09-05T01:17:07Z
2013-11-07,SPY,174.929993,157000000,2026-09-05T01:17:07Z
2013-11-07,TIP,112.449997,524400,2026-09-05T01:17:07Z
2013-11-07,TLT,105.959999,7893700,2026-09-05T01:17:07Z
2013-11-07,VEA,40.180000,3235900,2026-09-05T01:17:07Z
2013-11-07,VNQ,67.529999,3236900,2026-09-05T01:17:07Z
2013-11-07,VWO,40.709999,19648100,2026-09-05T01:17:07Z
2013-11-08,BIL,45.779999,296000,2026-09-05T01:17:07Z
2013-11-08,DBC,25.230000,1453000,2026-09-05T01:17:07Z
2013-11-08,IEF,101.190002,2497700,2026-09-05T01:17:07Z
2013-11-08,IWM,109.230003,48147500,2026-09-05T01:17:07Z
2013-11-08,SPY,177.289993,136713000,2026-09-05T01:17:07Z
2013-11-08,TIP,111.489998,653800,2026-09-05T01:17:07Z
2013-11-08,TLT,103.410004,16889900,2026-09-05T01:17:07Z
2013-11-08,VEA,40.419998,4894600,2026-09-05T01:17:07Z
2013-11-08,VNQ,66.620003,3577500,2026-09-05T01:17:07Z
2013-11-08,VWO,40.570000,47208300,2026-09-05T01:17:07Z
2013-11-11,BIL,45.790001,125500,2026-09-05T01:17:07Z
2013-11-11,DBC,25.340000,1045400,2026-09-05T01:17:07Z
2013-11-11,IEF,101.139999,144000,2026-09-05T01:17:07Z
2013-11-11,IWM,109.379997,19897700,2026-09-05T01:17:07Z
2013-11-11,SPY,177.320007,62614000,2026-09-05T01:17:07Z
2013-11-11,TIP,111.279999,809100,2026-09-05T01:17:07Z
2013-11-11,TLT,103.019997,4927200,2026-09-05T01:17:07Z
2013-11-11,VEA,40.470001,1952600,2026-09-05T01:17:07Z
2013-11-11,VNQ,66.690002,2243000,2026-09-05T01:17:07Z
2013-11-11,VWO,40.380001,10337900,2026-09-05T01:17:07Z
2013-11-12,BIL,45.790001,129600,2026-09-05T01:17:07Z
2013-11-12,DBC,25.170000,1606600,2026-09-05T01:17:07Z
2013-11-12,IEF,101.050003,1052100,2026-09-05T01:17:07Z
2013-11-12,IWM,109.470001,28075100,2026-09-05T01:17:07Z
2013-11-12,SPY,176.960007,83990000,2026-09-05T01:17:07Z
2013-11-12,TIP,111.339996,751500,2026-09-05T01:17:07Z
2013-11-12,TLT,103.500000,4839500,2026-09-05T01:17:07Z
2013-11-12,VEA,40.380001,2732800,2026-09-05T01:17:07Z
2013-11-12,VNQ,66.389999,2269900,2026-09-05T01:17:07Z
2013-11-12,VWO,40.099998,18527500,2026-09-05T01:17:07Z
2013-11-13,BIL,45.790001,117500,2026-09-05T01:17:07Z
2013-11-13,DBC,25.280001,1313700,2026-09-05T01:17:07Z
2013-11-13,IEF,101.470001,1122700,2026-09-05T01:17:07Z
2013-11-13,IWM,110.519997,36465900,2026-09-05T01:17:07Z
2013-11-13,SPY,178.380005,103844000,2026-09-05T01:17:07Z
2013-11-13,TIP,111.529999,413100,2026-09-05T01:17:07Z
2013-11-13,TLT,103.879997,5782900,2026-09-05T01:17:07Z
2013-11-13,VEA,40.490002,7775400,2026-09-05T01:17:07Z
2013-11-13,VNQ,66.820000,2547100,2026-09-05T01:17:07Z
2013-11-13,VWO,40.259998,19114000,2026-09-05T01:17:07Z
2013-11-14,BIL,45.779999,156700,2026-09-05T01:17:07Z
2013-11-14,DBC,25.389999,1524500,2026-09-05T01:17:07Z
2013-11-14,IEF,101.959999,694100,2026-09-05T01:17:07Z
2013-11-14,IWM,110.410004,33226800,2026-09-05T01:17:07Z
2013-11-14,SPY,179.270004,103435000,2026-09-05T01:17:07Z
2013-11-14,TIP,112.139999,415200,2026-09-05T01:17:07Z
2013-11-14,TLT,104.519997,8895500,2026-09-05T01:17:07Z
2013-11-14,VEA,40.680000,1856700,2026-09-05T01:17:07Z
2013-11-14,VNQ,67.290001,2483500,2026-09-05T01:17:07Z
2013-11-14,VWO,40.919998,14657100,2026-09-05T01:17:07Z
2013-11-15,BIL,45.779999,91950,2026-09-05T01:17:07Z
2013-11-15,DBC,25.350000,1369400,2026-09-05T01:17:07Z
2013-11-15,IEF,101.879997,359200,2026-09-05T01:17:07Z
2013-11-15,IWM,110.830002,27518500,2026-09-05T01:17:07Z
2013-11-15,SPY,180.050003,102818000,2026-09-05T01:17:07Z
2013-11-15,TIP,112.190002,565800,2026-09-05T01:17:07Z
2013-11-15,TLT,104.730003,6344800,2026-09-05T01:17:07Z
2013-11-15,VEA,41.049999,2559800,2026-09-05T01:17:07Z
2013-11-15,VNQ,67.540001,2140300,2026-09-05T01:17:07Z
2013-11-15,VWO,41.610001,18723400,2026-09-05T01:17:07Z
2013-11-18,BIL,45.779999,180200,2026-09-05T01:17:07Z
2013-11-18,DBC,25.180000,2611100,2026-09-05T01:17:07Z
2013-11-18,IEF,102.239998,2853000,2026-09-05T01:17:07Z
2013-11-18,IWM,110.050003,35509600,2026-09-05T01:17:07Z
2013-11-18,SPY,179.419998,104796000,2026-09-05T01:17:07Z
2013-11-18,TIP,112.489998,413100,2026-09-05T01:17:07Z
2013-11-18,TLT,105.360001,5451300,2026-09-05T01:17:07Z
2013-11-18,VEA,41.080002,3023700,2026-09-05T01:17:07Z
2013-11-18,VNQ,67.120003,1739500,2026-09-05T01:17:07Z
2013-11-18,VWO,42.020000,17858700,2026-09-05T01:17:07Z
2013-11-19,BIL,45.779999,93750,2026-09-05T01:17:07Z
2013-11-19,DBC,25.139999,1426900,2026-09-05T01:17:07Z
2013-11-19,IEF,101.860001,559100,2026-09-05T01:17:07Z
2013-11-19,IWM,109.370003,36081300,2026-09-05T01:17:07Z
2013-11-19,SPY,179.029999,93891000,2026-09-05T01:17:07Z
2013-11-19,TIP,112.050003,531900,2026-09-05T01:17:07Z
2013-11-19,TLT,104.559998,7251100,2026-09-05T01:17:07Z
2013-11-19,VEA,40.959999,2304000,2026-09-05T01:17:07Z
2013-11-19,VNQ,66.650002,2202800,2026-09-05T01:17:07Z
2013-11-19,VWO,41.619999,18596600,2026-09-05T01:17:07Z
2013-11-20,BIL,45.779999,108300,2026-09-05T01:17:07Z
2013-11-20,DBC,25.160000,1313500,2026-09-05T01:17:07Z
2013-11-20,IEF,101.300003,1562700,2026-09-05T01:17:07Z
2013-11-20,IWM,109.330002,43376700,2026-09-05T01:17:07Z
2013-11-20,SPY,178.470001,124909000,2026-09-05T01:17:07Z
2013-11-20,TIP,111.360001,748000,2026-09-05T01:17:07Z
2013-11-20,TLT,102.779999,14190900,2026-09-05T01:17:07Z
2013-11-20,VEA,40.680000,3792100,2026-09-05T01:17:07Z
2013-11-20,VNQ,65.839996,2922700,2026-09-05T01:17:07Z
2013-11-20,VWO,41.099998,25865700,2026-09-05T01:17:07Z
2013-11-21,BIL,45.790001,287750,2026-09-05T01:17:07Z
2013-11-21,DBC,25.480000,2304500,2026-09-05T01:17:07Z
2013-11-21,IEF,101.389999,804800,2026-09-05T01:17:07Z
2013-11-21,IWM,111.300003,45585000,2026-09-05T01:17:07Z
2013-11-21,SPY,179.910004,92841000,2026-09-05T01:17:07Z
2013-11-21,TIP,111.550003,814500,2026-09-05T01:17:07Z
2013-11-21,TLT,102.949997,8903000,2026-09-05T01:17:07Z
2013-11-21,VEA,40.919998,2725200,2026-09-05T01:17:07Z
2013-11-21,VNQ,66.349998,2998000,2026-09-05T01:17:07Z
2013-11-21,VWO,41.090000,12720800,2026-09-05T01:17:07Z
2013-11-22,BIL,45.779999,385000,2026-09-05T01:17:07Z
2013-11-22,DBC,25.559999,1999100,2026-09-05T01:17:07Z
2013-11-22,IEF,101.680000,807900,2026-09-05T01:17:07Z
2013-11-22,IWM,111.849998,28786400,2026-09-05T01:17:07Z
2013-11-22,SPY,180.809998,81296000,2026-09-05T01:17:07Z
2013-11-22,TIP,111.860001,465500,2026-09-05T01:17:07Z
2013-11-22,TLT,103.910004,7950700,2026-09-05T01:17:07Z
2013-11-22,VEA,41.040001,2345400,2026-09-05T01:17:07Z
2013-11-22,VNQ,66.089996,1919400,2026-09-05T01:17:07Z
2013-11-22,VWO,41.349998,9531100,2026-09-05T01:17:07Z
2013-11-25,BIL,45.779999,630850,2026-09-05T01:17:07Z
2013-11-25,DBC,25.530001,1378200,2026-09-05T01:17:07Z
2013-11-25,IEF,101.760002,487400,2026-09-05T01:17:07Z
2013-11-25,IWM,111.989998,22968600,2026-09-05T01:17:07Z
2013-11-25,SPY,180.630005,79486000,2026-09-05T01:17:07Z
2013-11-25,TIP,111.930000,372400,2026-09-05T01:17:07Z
2013-11-25,TLT,104.209999,3755500,2026-09-05T01:17:07Z
2013-11-25,VEA,40.919998,3176600,2026-09-05T01:17:07Z
2013-11-25,VNQ,65.779999,2934200,2026-09-05T01:17:07Z
2013-11-25,VWO,40.849998,15174100,2026-09-05T01:17:07Z
2013-11-26,BIL,45.779999,62550,2026-09-05T01:17:07Z
2013-11-26,DBC,25.520000,1754900,2026-09-05T01:17:07Z
2013-11-26,IEF,101.980003,425400,2026-09-05T01:17:07Z
2013-11-26,IWM,112.820000,30760700,2026-09-05T01:17:07Z
2013-11-26,SPY,180.679993,86994000,2026-09-05T01:17:07Z
2013-11-26,TIP,111.919998,418700,2026-09-05T01:17:07Z
2013-11-26,TLT,104.599998,6659200,2026-09-05T01:17:07Z
2013-11-26,VEA,40.910000,3171300,2026-09-05T01:17:07Z
2013-11-26,VNQ,65.550003,2673400,2026-09-05T01:17:07Z
2013-11-26,VWO,40.880001,12566300,2026-09-05T01:17:07Z
2013-11-27,BIL,45.790001,145900,2026-09-05T01:17:07Z
2013-11-27,DBC,25.520000,1040100,2026-09-05T01:17:07Z
2013-11-27,IEF,101.750000,476900,2026-09-05T01:17:07Z
2013-11-27,IWM,113.449997,29099600,2026-09-05T01:17:07Z
2013-11-27,SPY,181.119995,58800000,2026-09-05T01:17:07Z
2013-11-27,TIP,111.699997,333800,2026-09-05T01:17:07Z
2013-11-27,TLT,104.419998,6063000,2026-09-05T01:17:07Z
2013-11-27,VEA,41.049999,2515200,2026-09-05T01:17:07Z
2013-11-27,VNQ,66.110001,2990600,2026-09-05T01:17:07Z
2013-11-27,VWO,41.139999,9395600,2026-09-05T01:17:07Z
2013-11-29,BIL,45.770000,465750,2026-09-05T01:17:07Z
2013-11-29,DBC,25.510000,1029700,2026-09-05T01:17:07Z
2013-11-29,IEF,101.690002,652100,2026-09-05T01:17:07Z
2013-11-29,IWM,113.510002,15675500,2026-09-05T01:17:07Z
2013-11-29,SPY,181.000000,55870900,2026-09-05T01:17:07Z
2013-11-29,TIP,111.610001,584300,2026-09-05T01:17:07Z
2013-11-29,TLT,104.449997,5084400,2026-09-05T01:17:07Z
2013-11-29,VEA,41.119999,3048200,2026-09-05T01:17:07Z
2013-11-29,VNQ,65.500000,2259600,2026-09-05T01:17:07Z
2013-11-29,VWO,41.480000,8886600,2026-09-05T01:17:07Z
2013-12-02,BIL,45.779999,187800,2026-09-05T01:17:07Z
2013-12-02,DBC,25.480000,5001000,2026-09-05T01:17:07Z
2013-12-02,IEF,101.089996,2912200,2026-09-05T01:17:07Z
2013-12-02,IWM,112.370003,43155200,2026-09-05T01:17:07Z
2013-12-02,SPY,180.529999,99726000,2026-09-05T01:17:07Z
2013-12-02,TIP,111.029999,550300,2026-09-05T01:17:07Z
2013-12-02,TLT,103.330002,7527800,2026-09-05T01:17:07Z
2013-12-02,VEA,40.840000,3005100,2026-09-05T01:17:07Z
2013-12-02,VNQ,65.120003,3659000,2026-09-05T01:17:07Z
2013-12-02,VWO,40.700001,24138300,2026-09-05T01:17:07Z
2013-12-03,BIL,45.790001,312850,2026-09-05T01:17:07Z
2013-12-03,DBC,25.629999,1399600,2026-09-05T01:17:07Z
2013-12-03,IEF,101.269997,477200,2026-09-05T01:17:07Z
2013-12-03,IWM,111.830002,36930700,2026-09-05T01:17:07Z
2013-12-03,SPY,179.750000,116563000,2026-09-05T01:17:07Z
2013-12-03,TIP,111.089996,670700,2026-09-05T01:17:07Z
2013-12-03,TLT,103.709999,5076900,2026-09-05T01:17:07Z
2013-12-03,VEA,40.509998,2755700,2026-09-05T01:17:07Z
2013-12-03,VNQ,64.989998,2246800,2026-09-05T01:17:07Z
2013-12-03,VWO,40.549999,21322000,2026-09-05T01:17:07Z
2013-12-04,BIL,45.790001,329300,2026-09-05T01:17:07Z
2013-12-04,DBC,25.680000,2137800,2026-09-05T01:17:07Z
2013-12-04,IEF,100.809998,943600,2026-09-05T01:17:07Z
2013-12-04,IWM,111.529999,40609500,2026-09-05T01:17:07Z
2013-12-04,SPY,179.729996,123033000,2026-09-05T01:17:07Z
2013-12-04,TIP,110.470001,670300,2026-09-05T01:17:07Z
2013-12-04,TLT,102.720001,8502700,2026-09-05T01:17:07Z
2013-12-04,VEA,40.279999,5513100,2026-09-05T01:17:07Z
2013-12-04,VNQ,65.230003,3189600,2026-09-05T01:17:07Z
2013-12-04,VWO,40.560001,29191100,2026-09-05T01:17:07Z
2013-12-05,BIL,45.790001,139800,2026-09-05T01:17:07Z
2013-12-05,DBC,25.650000,1672300,2026-09-05T01:17:07Z
2013-12-05,IEF,100.559998,374100,2026-09-05T01:17:07Z
2013-12-05,IWM,111.610001,37926700,2026-09-05T01:17:07Z
2013-12-05,SPY,178.940002,106934000,2026-09-05T01:17:07Z
2013-12-05,TIP,110.339996,680900,2026-09-05T01:17:07Z
2013-12-05,TLT,102.430000,7445700,2026-09-05T01:17:07Z
2013-12-05,VEA,40.060001,2103500,2026-09-05T01:17:07Z
2013-12-05,VNQ,65.459999,2622100,2026-09-05T01:17:07Z
2013-12-05,VWO,40.430000,27715500,2026-09-05T01:17:07Z
2013-12-06,BIL,45.790001,188750,2026-09-05T01:17:07Z
2013-12-06,DBC,25.740000,1050000,2026-09-05T01:17:07Z
2013-12-06,IEF,100.650002,415600,2026-09-05T01:17:07Z
2013-12-06,IWM,112.480003,36471900,2026-09-05T01:17:07Z
2013-12-06,SPY,180.940002,127728000,2026-09-05T01:17:07Z
2013-12-06,TIP,110.330002,809600,2026-09-05T01:17:07Z
2013-12-06,TLT,102.919998,7352000,2026-09-05T01:17:07Z
2013-12-06,VEA,40.549999,2557700,2026-09-05T01:17:07Z
2013-12-06,VNQ,65.930000,2022500,2026-09-05T01:17:07Z
2013-12-06,VWO,41.330002,23180700,2026-09-05T01:17:07Z
2013-12-09,BIL,45.790001,224250,2026-09-05T01:17:07Z
2013-12-09,DBC,25.650000,2037300,2026-09-05T01:17:07Z
2013-12-09,IEF,100.769997,540900,2026-09-05T01:17:07Z
2013-12-09,IWM,112.449997,31236500,2026-09-05T01:17:07Z
2013-12-09,SPY,181.399994,70124000,2026-09-05T01:17:07Z
2013-12-09,TIP,110.419998,581700,2026-09-05T01:17:07Z
2013-12-09,TLT,103.160004,5678800,2026-09-05T01:17:07Z
2013-12-09,VEA,40.560001,2660800,2026-09-05T01:17:07Z
2013-12-09,VNQ,66.250000,2326100,2026-09-05T01:17:07Z
2013-12-09,VWO,41.340000,15373900,2026-09-05T01:17:07Z
2013-12-10,BIL,45.779999,66400,2026-09-05T01:17:07Z
2013-12-10,DBC,25.730000,1973700,2026-09-05T01:17:07Z
2013-12-10,IEF,101.190002,334700,2026-09-05T01:17:07Z
2013-12-10,IWM,111.430000,34938800,2026-09-05T01:17:07Z
2013-12-10,SPY,180.750000,80976000,2026-09-05T01:17:07Z
2013-12-10,TIP,110.709999,1088900,2026-09-05T01:17:07Z
2013-12-10,TLT,103.900002,7040400,2026-09-05T01:17:07Z
2013-12-10,VEA,40.430000,2741000,2026-09-05T01:17:07Z
2013-12-10,VNQ,66.080002,2439600,2026-09-05T01:17:07Z
2013-12-10,VWO,41.419998,26049000,2026-09-05T01:17:07Z
2013-12-11,BIL,45.790001,95000,2026-09-05T01:17:07Z
2013-12-11,DBC,25.730000,1964800,2026-09-05T01:17:07Z
2013-12-11,IEF,100.800003,371700,2026-09-05T01:17:07Z
2013-12-11,IWM,109.599998,47181600,2026-09-05T01:17:07Z
2013-12-11,SPY,178.720001,130591000,2026-09-05T01:17:07Z
2013-12-11,TIP,110.529999,1103600,2026-09-05T01:17:07Z
2013-12-11,TLT,103.099998,8190900,2026-09-05T01:17:07Z
2013-12-11,VEA,40.099998,4804800,2026-09-05T01:17:07Z
2013-12-11,VNQ,64.559998,2789100,2026-09-05T01:17:07Z
2013-12-11,VWO,40.580002,25228300,2026-09-05T01:17:07Z
2013-12-12,BIL,45.790001,1124650,2026-09-05T01:17:07Z
2013-12-12,DBC,25.490000,1840200,2026-09-05T01:17:07Z
2013-12-12,IEF,100.510002,1156200,2026-09-05T01:17:07Z
2013-12-12,IWM,109.839996,37706200,2026-09-05T01:17:07Z
2013-12-12,SPY,178.130005,115565000,2026-09-05T01:17:07Z
2013-12-12,TIP,110.220001,754900,2026-09-05T01:17:07Z
2013-12-12,TLT,102.709999,6208600,2026-09-05T01:17:07Z
2013-12-12,VEA,39.799999,3794100,2026-09-05T01:17:07Z
2013-12-12,VNQ,64.199997,2746100,2026-09-05T01:17:07Z
2013-12-12,VWO,40.220001,19571300,2026-09-05T01:17:07Z
2013-12-13,BIL,45.790001,75850,2026-09-05T01:17:07Z
2013-12-13,DBC,25.389999,1585100,2026-09-05T01:17:07Z
2013-12-13,IEF,100.660004,434000,2026-09-05T01:17:07Z
2013-12-13,IWM,110.199997,32980300,2026-09-05T01:17:07Z
2013-12-13,SPY,178.110001,107808000,2026-09-05T01:17:07Z
2013-12-13,TIP,110.540001,557200,2026-09-05T01:17:07Z
2013-12-13,TLT,103.209999,6471300,2026-09-05T01:17:07Z
2013-12-13,VEA,39.759998,2611300,2026-09-05T01:17:07Z
2013-12-13,VNQ,64.360001,3165400,2026-09-05T01:17:07Z
2013-12-13,VWO,40.340000,18957500,2026-09-05T01:17:07Z
2013-12-16,BIL,45.779999,412600,2026-09-05T01:17:07Z
2013-12-16,DBC,25.469999,3035200,2026-09-05T01:17:07Z
2013-12-16,IEF,100.610001,572400,2026-09-05T01:17:07Z
2013-12-16,IWM,111.510002,33991200,2026-09-05T01:17:07Z
2013-12-16,SPY,179.220001,96195000,2026-09-05T01:17:07Z
2013-12-16,TIP,110.620003,563500,2026-09-05T01:17:07Z
2013-12-16,TLT,102.830002,6376400,2026-09-05T01:17:07Z
2013-12-16,VEA,40.049999,4917900,2026-09-05T01:17:07Z
2013-12-16,VNQ,64.580002,2571400,2026-09-05T01:17:07Z
2013-12-16,VWO,40.540001,15484000,2026-09-05T01:17:07Z
2013-12-17,BIL,45.779999,112400,2026-09-05T01:17:07Z
2013-12-17,DBC,25.350000,9614600,2026-09-05T01:17:07Z
2013-12-17,IEF,100.930000,694800,2026-09-05T01:17:07Z
2013-12-17,IWM,111.349998,32399800,2026-09-05T01:17:07Z
2013-12-17,SPY,178.649994,89886000,2026-09-05T01:17:07Z
2013-12-17,TIP,110.949997,1164000,2026-09-05T01:17:07Z
2013-12-17,TLT,103.290001,6014400,2026-09-05T01:17:07Z
2013-12-17,VEA,39.900002,3148200,2026-09-05T01:17:07Z
2013-12-17,VNQ,64.879997,2640100,2026-09-05T01:17:07Z
2013-12-17,VWO,40.270000,15132200,2026-09-05T01:17:07Z
2013-12-18,BIL,45.790001,114400,2026-09-05T01:17:07Z
2013-12-18,DBC,25.400000,6495600,2026-09-05T01:17:07Z
2013-12-18,IEF,100.550003,1997700,2026-09-05T01:17:07Z
2013-12-18,IWM,112.879997,52979000,2026-09-05T01:17:07Z
2013-12-18,SPY,181.699997,234906000,2026-09-05T01:17:07Z
2013-12-18,TIP,110.459999,1143500,2026-09-05T01:17:07Z
2013-12-18,TLT,102.769997,12973200,2026-09-05T01:17:07Z
2013-12-18,VEA,40.490002,4402500,2026-09-05T01:17:07Z
2013-12-18,VNQ,66.029999,4120500,2026-09-05T01:17:07Z
2013-12-18,VWO,40.930000,37865600,2026-09-05T01:17:07Z
2013-12-19,BIL,45.790001,1356750,2026-09-05T01:17:07Z
2013-12-19,DBC,25.459999,2614300,2026-09-05T01:17:07Z
2013-12-19,IEF,100.129997,978700,2026-09-05T01:17:07Z
2013-12-19,IWM,112.040001,32871100,2026-09-05T01:17:07Z
2013-12-19,SPY,181.490005,136531200,2026-09-05T01:17:07Z
2013-12-19,TIP,110.050003,855300,2026-09-05T01:17:07Z
2013-12-19,TLT,102.669998,6708400,2026-09-05T01:17:07Z
2013-12-19,VEA,40.470001,3711800,2026-09-05T01:17:07Z
2013-12-19,VNQ,65.120003,3297500,2026-09-05T01:17:07Z
2013-12-19,VWO,40.250000,20168300,2026-09-05T01:17:07Z
2013-12-20,BIL,45.779999,715800,2026-09-05T01:17:07Z
2013-12-20,DBC,25.660000,2716700,2026-09-05T01:17:07Z
2013-12-20,IEF,100.440002,510500,2026-09-05T01:17:07Z
2013-12-20,IWM,113.930000,48770500,2026-09-05T01:17:07Z
2013-12-20,SPY,181.559998,197087000,2026-09-05T01:17:07Z
2013-12-20,TIP,110.419998,783000,2026-09-05T01:17:07Z
2013-12-20,TLT,104.250000,12425700,2026-09-05T01:17:07Z
2013-12-20,VEA,40.470001,3157800,2026-09-05T01:17:07Z
2013-12-20,VNQ,65.519997,3832900,2026-09-05T01:17:07Z
2013-12-20,VWO,39.950001,21910500,2026-09-05T01:17:07Z
2013-12-23,BIL,45.779999,284700,2026-09-05T01:17:07Z
2013-12-23,DBC,25.660000,2961900,2026-09-05T01:17:07Z
2013-12-23,IEF,100.120003,5238400,2026-09-05T01:17:07Z
2013-12-23,IWM,114.779999,37049100,2026-09-05T01:17:07Z
2013-12-23,SPY,182.529999,85598000,2026-09-05T01:17:07Z
2013-12-23,TIP,110.230003,579700,2026-09-05T01:17:07Z
2013-12-23,TLT,103.660004,6378600,2026-09-05T01:17:07Z
2013-12-23,VEA,40.869999,4007500,2026-09-05T01:17:07Z
2013-12-23,VNQ,65.650002,4183400,2026-09-05T01:17:07Z
2013-12-23,VWO,40.240002,19991100,2026-09-05T01:17:07Z
2013-12-24,BIL,45.779999,111300,2026-09-05T01:17:07Z
2013-12-24,DBC,25.740000,1252600,2026-09-05T01:17:07Z
2013-12-24,IEF,99.730003,770600,2026-09-05T01:17:07Z
2013-12-24,IWM,115.220001,17371200,2026-09-05T01:17:07Z
2013-12-24,SPY,182.929993,45368800,2026-09-05T01:17:07Z
2013-12-24,TIP,109.860001,297600,2026-09-05T01:17:07Z
2013-12-24,TLT,102.830002,4897000,2026-09-05T01:17:07Z
2013-12-24,VEA,40.939999,1492800,2026-09-05T01:17:07Z
2013-12-24,VNQ,64.699997,1801200,2026-09-05T01:17:07Z
2013-12-24,VWO,40.450001,10329600,2026-09-05T01:17:07Z
2013-12-26,BIL,45.779999,81300,2026-09-05T01:17:07Z
2013-12-26,DBC,25.780001,1759700,2026-09-05T01:17:07Z
2013-12-26,IEF,99.480003,787500,2026-09-05T01:17:07Z
2013-12-26,IWM,115.230003,19670000,2026-09-05T01:17:07Z
2013-12-26,SPY,183.860001,63365000,2026-09-05T01:17:07Z
2013-12-26,TIP,109.809998,470300,2026-09-05T01:17:07Z
2013-12-26,TLT,102.099998,4645300,2026-09-05T01:17:07Z
2013-12-26,VEA,41.180000,2428100,2026-09-05T01:17:07Z
2013-12-26,VNQ,64.750000,4333500,2026-09-05T01:17:07Z
2013-12-26,VWO,40.189999,8545800,2026-09-05T01:17:07Z
2013-12-27,BIL,45.790001,150600,2026-09-05T01:17:07Z
2013-12-27,DBC,25.850000,1865900,2026-09-05T01:17:07Z
2013-12-27,IEF,99.419998,640400,2026-09-05T01:17:07Z
2013-12-27,IWM,115.160004,20069700,2026-09-05T01:17:07Z
2013-12-27,SPY,183.850006,61814000,2026-09-05T01:17:07Z
2013-12-27,TIP,109.750000,466500,2026-09-05T01:17:07Z
2013-12-27,TLT,101.809998,4755000,2026-09-05T01:17:07Z
2013-12-27,VEA,41.389999,2871500,2026-09-05T01:17:07Z
2013-12-27,VNQ,64.889999,3277100,2026-09-05T01:17:07Z
2013-12-27,VWO,40.669998,12732200,2026-09-05T01:17:07Z
2013-12-30,BIL,45.790001,83650,2026-09-05T01:17:07Z
2013-12-30,DBC,25.700001,3367600,2026-09-05T01:17:07Z
2013-12-30,IEF,99.690002,1328000,2026-09-05T01:17:07Z
2013-12-30,IWM,115.089996,28917400,2026-09-05T01:17:07Z
2013-12-30,SPY,183.820007,56857000,2026-09-05T01:17:07Z
2013-12-30,TIP,110.059998,633200,2026-09-05T01:17:07Z
2013-12-30,TLT,102.510002,4491700,2026-09-05T01:17:07Z
2013-12-30,VEA,41.610001,2218000,2026-09-05T01:17:07Z
2013-12-30,VNQ,64.910004,3603900,2026-09-05T01:17:07Z
2013-12-30,VWO,40.820000,12105200,2026-09-05T01:17:07Z
2013-12-31,BIL,45.770000,209300,2026-09-05T01:17:07Z
2013-12-31,DBC,25.660000,2268200,2026-09-05T01:17:07Z
2013-12-31,IEF,99.239998,1553600,2026-09-05T01:17:07Z
2013-12-31,IWM,115.360001,38357200,2026-09-05T01:17:07Z
2013-12-31,SPY,184.690002,86119900,2026-09-05T01:17:07Z
2013-12-31,TIP,109.900002,1010000,2026-09-05T01:17:07Z
2013-12-31,TLT,101.860001,7218600,2026-09-05T01:17:07Z
2013-12-31,VEA,41.680000,3160100,2026-09-05T01:17:07Z
2013-12-31,VNQ,64.559998,5576900,2026-09-05T01:17:07Z
2013-12-31,VWO,41.139999,13949700,2026-09-05T01:17:07Z
