date,symbol,close,volume,fetched_at
2016-01-04,BIL,45.689999,1065800,2026-09-05T01:17:07Z
2016-01-04,DBC,13.260000,2307600,2026-09-05T01:17:07Z
2016-01-04,IEF,106.040001,6183700,2026-09-05T01:17:07Z
2016-01-04,IWM,110.010002,66665900,2026-09-05T01:17:07Z
2016-01-04,SPY,201.020004,222353500,2026-09-05T01:17:07Z
2016-01-04,TIP,110.110001,1356200,2026-09-05T01:17:07Z
2016-01-04,TLT,121.449997,10591900,2026-09-05T01:17:07Z
2016-01-04,VEA,36.169998,12529400,2026-09-05T01:17:07Z
2016-01-04,VNQ,78.769997,8843700,2026-09-05T01:17:07Z
2016-01-04,VWO,31.780001,27116100,2026-09-05T01:17:07Z
2016-01-05,BIL,45.689999,4878450,2026-09-05T01:17:07Z
2016-01-05,DBC,13.130000,1210000,2026-09-05T01:17:07Z
2016-01-05,IEF,106.010002,2122800,2026-09-05T01:17:07Z
2016-01-05,IWM,110.250000,28253300,2026-09-05T01:17:07Z
2016-01-05,SPY,201.360001,110845800,2026-09-05T01:17:07Z
2016-01-05,TIP,110.040001,648000,2026-09-05T01:17:07Z
2016-01-05,TLT,120.959999,6242600,2026-09-05T01:17:07Z
2016-01-05,VEA,36.130001,6913600,2026-09-05T01:17:07Z
2016-01-05,VNQ,80.290001,7114700,2026-09-05T01:17:07Z
2016-01-05,VWO,31.850000,17664200,2026-09-05T01:17:07Z
2016-01-06,BIL,45.669998,377400,2026-09-05T01:17:07Z
2016-01-06,DBC,12.920000,2668600,2026-09-05T01:17:07Z
2016-01-06,IEF,106.650002,1906100,2026-09-05T01:17:07Z
2016-01-06,IWM,108.570000,35569200,2026-09-05T01:17:07Z
2016-01-06,SPY,198.820007,152112600,2026-09-05T01:17:07Z
2016-01-06,TIP,110.389999,418200,2026-09-05T01:17:07Z
2016-01-06,TLT,122.589996,8916900,2026-09-05T01:17:07Z
2016-01-06,VEA,35.470001,10205400,2026-09-05T01:17:07Z
2016-01-06,VNQ,80.070000,5481200,2026-09-05T01:17:07Z
2016-01-06,VWO,31.280001,19744800,2026-09-05T01:17:07Z
2016-01-07,BIL,45.680000,651350,2026-09-05T01:17:07Z
2016-01-07,DBC,12.860000,10692400,2026-09-05T01:17:07Z
2016-01-07,IEF,106.879997,3106000,2026-09-05T01:17:07Z
2016-01-07,IWM,105.669998,52482000,2026-09-05T01:17:07Z
2016-01-07,SPY,194.050003,213436100,2026-09-05T01:17:07Z
2016-01-07,TIP,110.300003,877600,2026-09-05T01:17:07Z
2016-01-07,TLT,122.809998,10202200,2026-09-05T01:17:07Z
2016-01-07,VEA,34.799999,31307000,2026-09-05T01:17:07Z
2016-01-07,VNQ,78.510002,6297500,2026-09-05T01:17:07Z
2016-01-07,VWO,30.270000,29616400,2026-09-05T01:17:07Z
2016-01-08,BIL,45.680000,585650,2026-09-05T01:17:07Z
2016-01-08,DBC,12.800000,2809600,2026-09-05T01:17:07Z
2016-01-08,IEF,107.150002,1783200,2026-09-05T01:17:07Z
2016-01-08,IWM,103.849998,60299300,2026-09-05T01:17:07Z
2016-01-08,SPY,191.919998,209817200,2026-09-05T01:17:07Z
2016-01-08,TIP,110.389999,587300,2026-09-05T01:17:07Z
2016-01-08,TLT,123.360001,9577200,2026-09-05T01:17:07Z
2016-01-08,VEA,34.369999,15695200,2026-09-05T01:17:07Z
2016-01-08,VNQ,77.459999,4628600,2026-09-05T01:17:07Z
2016-01-08,VWO,30.000000,32237200,2026-09-05T01:17:07Z
2016-01-11,BIL,45.680000,1457550,2026-09-05T01:17:07Z
2016-01-11,DBC,12.450000,2629100,2026-09-05T01:17:07Z
2016-01-11,IEF,106.809998,4816100,2026-09-05T01:17:07Z
2016-01-11,IWM,103.400002,47144800,2026-09-05T01:17:07Z
2016-01-11,SPY,192.110001,187941300,2026-09-05T01:17:07Z
2016-01-11,TIP,109.809998,758400,2026-09-05T01:17:07Z
2016-01-11,TLT,122.010002,10040300,2026-09-05T01:17:07Z
2016-01-11,VEA,34.520000,12922300,2026-09-05T01:17:07Z
2016-01-11,VNQ,77.900002,4956800,2026-09-05T01:17:07Z
2016-01-11,VWO,29.870001,22946800,2026-09-05T01:17:07Z
2016-01-12,BIL,45.689999,441900,2026-09-05T01:17:07Z
2016-01-12,DBC,12.370000,2398200,2026-09-05T01:17:07Z
2016-01-12,IEF,107.290001,8962500,2026-09-05T01:17:07Z
2016-01-12,IWM,103.709999,53702900,2026-09-05T01:17:07Z
2016-01-12,SPY,193.660004,172330500,2026-09-05T01:17:07Z
2016-01-12,TIP,110.110001,799100,2026-09-05T01:17:07Z
2016-01-12,TLT,123.769997,12897700,2026-09-05T01:17:07Z
2016-01-12,VEA,34.660000,9926200,2026-09-05T01:17:07Z
2016-01-12,VNQ,77.379997,5951900,2026-09-05T01:17:07Z
2016-01-12,VWO,29.980000,18211700,2026-09-05T01:17:07Z
2016-01-13,BIL,45.680000,2031450,2026-09-05T01:17:07Z
2016-01-13,DBC,12.300000,2554200,2026-09-05T01:17:07Z
2016-01-13,IEF,107.709999,2664100,2026-09-05T01:17:07Z
2016-01-13,IWM,100.379997,70591600,2026-09-05T01:17:07Z
2016-01-13,SPY,188.830002,221168900,2026-09-05T01:17:07Z
2016-01-13,TIP,110.339996,544600,2026-09-05T01:17:07Z
2016-01-13,TLT,124.989998,15577600,2026-09-05T01:17:07Z
2016-01-13,VEA,34.139999,12504800,2026-09-05T01:17:07Z
2016-01-13,VNQ,76.269997,7679400,2026-09-05T01:17:07Z
2016-01-13,VWO,29.639999,25802600,2026-09-05T01:17:07Z
2016-01-14,BIL,45.669998,1757450,2026-09-05T01:17:07Z
2016-01-14,DBC,12.330000,1813100,2026-09-05T01:17:07Z
2016-01-14,IEF,107.489998,2597300,2026-09-05T01:17:07Z
2016-01-14,IWM,101.769997,69373400,2026-09-05T01:17:07Z
2016-01-14,SPY,191.929993,240795600,2026-09-05T01:17:07Z
2016-01-14,TIP,110.239998,1006200,2026-09-05T01:17:07Z
2016-01-14,TLT,123.820000,12873800,2026-09-05T01:17:07Z
2016-01-14,VEA,34.540001,15388200,2026-09-05T01:17:07Z
2016-01-14,VNQ,76.089996,5167500,2026-09-05T01:17:07Z
2016-01-14,VWO,30.020000,28402100,2026-09-05T01:17:07Z
2016-01-15,BIL,45.669998,601550,2026-09-05T01:17:07Z
2016-01-15,DBC,12.070000,1963500,2026-09-05T01:17:07Z
2016-01-15,IEF,107.989998,4334300,2026-09-05T01:17:07Z
2016-01-15,IWM,100.120003,85759200,2026-09-05T01:17:07Z
2016-01-15,SPY,187.809998,324846400,2026-09-05T01:17:07Z
2016-01-15,TIP,110.239998,851400,2026-09-05T01:17:07Z
2016-01-15,TLT,125.750000,13976300,2026-09-05T01:17:07Z
2016-01-15,VEA,33.340000,21773800,2026-09-05T01:17:07Z
2016-01-15,VNQ,75.570000,5571400,2026-09-05T01:17:07Z
2016-01-15,VWO,28.760000,30550400,2026-09-05T01:17:07Z
2016-01-19,BIL,45.680000,4424450,2026-09-05T01:17:07Z
2016-01-19,DBC,11.970000,3776800,2026-09-05T01:17:07Z
2016-01-19,IEF,107.849998,4896500,2026-09-05T01:17:07Z
2016-01-19,IWM,98.769997,51391100,2026-09-05T01:17:07Z
2016-01-19,SPY,188.059998,195244400,2026-09-05T01:17:07Z
2016-01-19,TIP,110.129997,967900,2026-09-05T01:17:07Z
2016-01-19,TLT,125.360001,8926600,2026-09-05T01:17:07Z
2016-01-19,VEA,33.630001,17414400,2026-09-05T01:17:07Z
2016-01-19,VNQ,75.970001,4978100,2026-09-05T01:17:07Z
2016-01-19,VWO,29.160000,27171300,2026-09-05T01:17:07Z
2016-01-20,BIL,45.680000,738700,2026-09-05T01:17:07Z
2016-01-20,DBC,11.880000,2239200,2026-09-05T01:17:07Z
2016-01-20,IEF,108.379997,4949100,2026-09-05T01:17:07Z
2016-01-20,IWM,99.180000,94385800,2026-09-05T01:17:07Z
2016-01-20,SPY,185.649994,286547800,2026-09-05T01:17:07Z
2016-01-20,TIP,110.190002,784300,2026-09-05T01:17:07Z
2016-01-20,TLT,126.680000,17283300,2026-09-05T01:17:07Z
2016-01-20,VEA,32.860001,14011600,2026-09-05T01:17:07Z
2016-01-20,VNQ,73.930000,9091600,2026-09-05T01:17:07Z
2016-01-20,VWO,28.549999,37987300,2026-09-05T01:17:07Z
2016-01-21,BIL,45.689999,1290650,2026-09-05T01:17:07Z
2016-01-21,DBC,12.040000,2564100,2026-09-05T01:17:07Z
2016-01-21,IEF,108.110001,2385700,2026-09-05T01:17:07Z
2016-01-21,IWM,98.949997,65798200,2026-09-05T01:17:07Z
2016-01-21,SPY,186.690002,195772900,2026-09-05T01:17:07Z
2016-01-21,TIP,109.790001,1344300,2026-09-05T01:17:07Z
2016-01-21,TLT,125.820000,11001600,2026-09-05T01:17:07Z
2016-01-21,VEA,33.110001,18334300,2026-09-05T01:17:07Z
2016-01-21,VNQ,74.339996,6849300,2026-09-05T01:17:07Z
2016-01-21,VWO,28.600000,35402900,2026-09-05T01:17:07Z
2016-01-22,BIL,45.669998,1004350,2026-09-05T01:17:07Z
2016-01-22,DBC,12.400000,1994500,2026-09-05T01:17:07Z
2016-01-22,IEF,107.870003,1735600,2026-09-05T01:17:07Z
2016-01-22,IWM,101.370003,46056700,2026-09-05T01:17:07Z
2016-01-22,SPY,190.520004,168319600,2026-09-05T01:17:07Z
2016-01-22,TIP,109.949997,1215200,2026-09-05T01:17:07Z
2016-01-22,TLT,125.339996,10164300,2026-09-05T01:17:07Z
2016-01-22,VEA,34.070000,14333900,2026-09-05T01:17:07Z
2016-01-22,VNQ,76.410004,4542700,2026-09-05T01:17:07Z
2016-01-22,VWO,29.570000,27700100,2026-09-05T01:17:07Z
2016-01-25,BIL,45.680000,605250,2026-09-05T01:17:07Z
2016-01-25,DBC,12.130000,1983100,2026-09-05T01:17:07Z
2016-01-25,IEF,108.230003,1190900,2026-09-05T01:17:07Z
2016-01-25,IWM,99.120003,35019600,2026-09-05T01:17:07Z
2016-01-25,SPY,187.639999,130371700,2026-09-05T01:17:07Z
2016-01-25,TIP,110.160004,810600,2026-09-05T01:17:07Z
2016-01-25,TLT,126.019997,5738200,2026-09-05T01:17:07Z
2016-01-25,VEA,33.580002,17822600,2026-09-05T01:17:07Z
2016-01-25,VNQ,75.930000,4670100,2026-09-05T01:17:07Z
2016-01-25,VWO,29.080000,23231500,2026-09-05T01:17:07Z
2016-01-26,BIL,45.669998,311800,2026-09-05T01:17:07Z
2016-01-26,DBC,12.370000,2018600,2026-09-05T01:17:07Z
2016-01-26,IEF,108.309998,1288000,2026-09-05T01:17:07Z
2016-01-26,IWM,101.099998,33349600,2026-09-05T01:17:07Z
2016-01-26,SPY,190.199997,141036800,2026-09-05T01:17:07Z
2016-01-26,TIP,110.440002,415100,2026-09-05T01:17:07Z
2016-01-26,TLT,126.080002,5692600,2026-09-05T01:17:07Z
2016-01-26,VEA,34.189999,6704400,2026-09-05T01:17:07Z
2016-01-26,VNQ,77.519997,5214000,2026-09-05T01:17:07Z
2016-01-26,VWO,29.500000,19936800,2026-09-05T01:17:07Z
2016-01-27,BIL,45.680000,1668300,2026-09-05T01:17:07Z
2016-01-27,DBC,12.520000,1485200,2026-09-05T01:17:07Z
2016-01-27,IEF,108.389999,1802300,2026-09-05T01:17:07Z
2016-01-27,IWM,99.709999,47973900,2026-09-05T01:17:07Z
2016-01-27,SPY,188.130005,185681700,2026-09-05T01:17:07Z
2016-01-27,TIP,110.720001,567200,2026-09-05T01:17:07Z
2016-01-27,TLT,126.050003,7957800,2026-09-05T01:17:07Z
2016-01-27,VEA,33.970001,8531000,2026-09-05T01:17:07Z
2016-01-27,VNQ,76.019997,4883200,2026-09-05T01:17:07Z
2016-01-27,VWO,29.309999,27060500,2026-09-05T01:17:07Z
2016-01-28,BIL,45.680000,163800,2026-09-05T01:17:07Z
2016-01-28,DBC,12.660000,1943200,2026-09-05T01:17:07Z
2016-01-28,IEF,108.529999,2222900,2026-09-05T01:17:07Z
2016-01-28,IWM,99.690002,41951100,2026-09-05T01:17:07Z
2016-01-28,SPY,189.110001,143798800,2026-09-05T01:17:07Z
2016-01-28,TIP,110.949997,1020500,2026-09-05T01:17:07Z
2016-01-28,TLT,126.230003,10575400,2026-09-05T01:17:07Z
2016-01-28,VEA,34.099998,10151300,2026-09-05T01:17:07Z
2016-01-28,VNQ,75.440002,5584400,2026-09-05T01:17:07Z
2016-01-28,VWO,29.780001,24075900,2026-09-05T01:17:07Z
2016-01-29,BIL,45.689999,793200,2026-09-05T01:17:07Z
2016-01-29,DBC,12.780000,2920600,2026-09-05T01:17:07Z
2016-01-29,IEF,109.110001,3805500,2026-09-05T01:17:07Z
2016-01-29,IWM,102.959999,42245300,2026-09-05T01:17:07Z
2016-01-29,SPY,193.720001,210529300,2026-09-05T01:17:07Z
2016-01-29,TIP,111.400002,1017200,2026-09-05T01:17:07Z
2016-01-29,TLT,127.300003,13170700,2026-09-05T01:17:07Z
2016-01-29,VEA,34.689999,10950700,2026-09-05T01:17:07Z
2016-01-29,VNQ,76.989998,11112200,2026-09-05T01:17:07Z
2016-01-29,VWO,30.830000,26927300,2026-09-05T01:17:07Z
2016-02-01,BIL,45.669998,844900,2026-09-05T01:17:07Z
2016-02-01,DBC,12.540000,1724600,2026-09-05T01:17:07Z
2016-02-01,IEF,108.699997,6813000,2026-09-05T01:17:07Z
2016-02-01,IWM,102.489998,33615700,2026-09-05T01:17:07Z
2016-02-01,SPY,193.649994,136061600,2026-09-05T01:17:07Z
2016-02-01,TIP,111.199997,1366700,2026-09-05T01:17:07Z
2016-02-01,TLT,126.669998,9948400,2026-09-05T01:17:07Z
2016-02-01,VEA,34.619999,12162500,2026-09-05T01:17:07Z
2016-02-01,VNQ,77.120003,6925300,2026-09-05T01:17:07Z
2016-02-01,VWO,30.520000,24750700,2026-09-05T01:17:07Z
2016-02-02,BIL,45.669998,1627300,2026-09-05T01:17:07Z
2016-02-02,DBC,12.320000,5602500,2026-09-05T01:17:07Z
2016-02-02,IEF,109.470001,4141600,2026-09-05T01:17:07Z
2016-02-02,IWM,100.279999,39692700,2026-09-05T01:17:07Z
2016-02-02,SPY,190.160004,182564900,2026-09-05T01:17:07Z
2016-02-02,TIP,111.540001,1061800,2026-09-05T01:17:07Z
2016-02-02,TLT,129.020004,10400000,2026-09-05T01:17:07Z
2016-02-02,VEA,33.840000,7540900,2026-09-05T01:17:07Z
2016-02-02,VNQ,76.419998,6406000,2026-09-05T01:17:07Z
2016-02-02,VWO,29.610001,29716500,2026-09-05T01:17:07Z
2016-02-03,BIL,45.680000,2395650,2026-09-05T01:17:07Z
2016-02-03,DBC,12.630000,3106600,2026-09-05T01:17:07Z
2016-02-03,IEF,109.349998,12145000,2026-09-05T01:17:07Z
2016-02-03,IWM,100.410004,55262500,2026-09-05T01:17:07Z
2016-02-03,SPY,191.300003,205054900,2026-09-05T01:17:07Z
2016-02-03,TIP,111.680000,822800,2026-09-05T01:17:07Z
2016-02-03,TLT,127.949997,13309000,2026-09-05T01:17:07Z
2016-02-03,VEA,34.139999,10571000,2026-09-05T01:17:07Z
2016-02-03,VNQ,76.930000,5729100,2026-09-05T01:17:07Z
2016-02-03,VWO,30.400000,32564800,2026-09-05T01:17:07Z
2016-02-04,BIL,45.689999,275450,2026-09-05T01:17:07Z
2016-02-04,DBC,12.610000,2606400,2026-09-05T01:17:07Z
2016-02-04,IEF,109.610001,2431100,2026-09-05T01:17:07Z
2016-02-04,IWM,100.800003,51188400,2026-09-05T01:17:07Z
2016-02-04,SPY,191.600006,139531800,2026-09-05T01:17:07Z
2016-02-04,TIP,111.699997,608200,2026-09-05T01:17:07Z
2016-02-04,TLT,128.570007,9953500,2026-09-05T01:17:07Z
2016-02-04,VEA,34.209999,11076300,2026-09-05T01:17:07Z
2016-02-04,VNQ,76.970001,4286700,2026-09-05T01:17:07Z
2016-02-04,VWO,30.610001,29315800,2026-09-05T01:17:07Z
2016-02-05,BIL,45.689999,324200,2026-09-05T01:17:07Z
2016-02-05,DBC,12.530000,1709200,2026-09-05T01:17:07Z
2016-02-05,IEF,109.750000,1440200,2026-09-05T01:17:07Z
2016-02-05,IWM,98.040001,53366600,2026-09-05T01:17:07Z
2016-02-05,SPY,187.949997,180788300,2026-09-05T01:17:07Z
2016-02-05,TIP,111.389999,554800,2026-09-05T01:17:07Z
2016-02-05,TLT,128.720001,9200800,2026-09-05T01:17:07Z
2016-02-05,VEA,33.700001,10073200,2026-09-05T01:17:07Z
2016-02-05,VNQ,75.510002,4033800,2026-09-05T01:17:07Z
2016-02-05,VWO,30.290001,21578900,2026-09-05T01:17:07Z
2016-02-08,BIL,45.680000,599450,2026-09-05T01:17:07Z
2016-02-08,DBC,12.470000,1685700,2026-09-05T01:17:07Z
2016-02-08,IEF,110.570000,2824800,2026-09-05T01:17:07Z
2016-02-08,IWM,96.430000,61107700,2026-09-05T01:17:07Z
2016-02-08,SPY,185.419998,191526700,2026-09-05T01:17:07Z
2016-02-08,TIP,111.470001,782400,2026-09-05T01:17:07Z
2016-02-08,TLT,131.490005,14452200,2026-09-05T01:17:07Z
2016-02-08,VEA,33.090000,13906800,2026-09-05T01:17:07Z
2016-02-08,VNQ,73.349998,5440900,2026-09-05T01:17:07Z
2016-02-08,VWO,29.870001,21019500,2026-09-05T01:17:07Z
2016-02-09,BIL,45.689999,869550,2026-09-05T01:17:07Z
2016-02-09,DBC,12.150000,2762900,2026-09-05T01:17:07Z
2016-02-09,IEF,110.589996,2679600,2026-09-05T01:17:07Z
2016-02-09,IWM,95.779999,55857200,2026-09-05T01:17:07Z
2016-02-09,SPY,185.429993,184513100,2026-09-05T01:17:07Z
2016-02-09,TIP,111.220001,652100,2026-09-05T01:17:07Z
2016-02-09,TLT,131.630005,15232100,2026-09-05T01:17:07Z
2016-02-09,VEA,32.730000,14142400,2026-09-05T01:17:07Z
2016-02-09,VNQ,72.000000,8405600,2026-09-05T01:17:07Z
2016-02-09,VWO,29.490000,24152800,2026-09-05T01:17:07Z
2016-02-10,BIL,45.680000,610950,2026-09-05T01:17:07Z
2016-02-10,DBC,12.170000,3157100,2026-09-05T01:17:07Z
2016-02-10,IEF,110.919998,2027200,2026-09-05T01:17:07Z
2016-02-10,IWM,95.830002,42756100,2026-09-05T01:17:07Z
2016-02-10,SPY,185.270004,148214100,2026-09-05T01:17:07Z
2016-02-10,TIP,111.629997,795300,2026-09-05T01:17:07Z
2016-02-10,TLT,132.789993,12797100,2026-09-05T01:17:07Z
2016-02-10,VEA,32.660000,12716300,2026-09-05T01:17:07Z
2016-02-10,VNQ,72.500000,3877700,2026-09-05T01:17:07Z
2016-02-10,VWO,29.580000,24953100,2026-09-05T01:17:07Z
2016-02-11,BIL,45.689999,465450,2026-09-05T01:17:07Z
2016-02-11,DBC,12.320000,1966700,2026-09-05T01:17:07Z
2016-02-11,IEF,111.430000,3743000,2026-09-05T01:17:07Z
2016-02-11,IWM,94.790001,57923200,2026-09-05T01:17:07Z
2016-02-11,SPY,182.860001,219058900,2026-09-05T01:17:07Z
2016-02-11,TIP,112.019997,1290400,2026-09-05T01:17:07Z
2016-02-11,TLT,133.720001,21620200,2026-09-05T01:17:07Z
2016-02-11,VEA,32.230000,27173800,2026-09-05T01:17:07Z
2016-02-11,VNQ,71.470001,4930700,2026-09-05T01:17:07Z
2016-02-11,VWO,29.150000,33509500,2026-09-05T01:17:07Z
2016-02-12,BIL,45.680000,438850,2026-09-05T01:17:07Z
2016-02-12,DBC,12.500000,3251400,2026-09-05T01:17:07Z
2016-02-12,IEF,110.580002,3258700,2026-09-05T01:17:07Z
2016-02-12,IWM,96.589996,40097300,2026-09-05T01:17:07Z
2016-02-12,SPY,186.630005,127632400,2026-09-05T01:17:07Z
2016-02-12,TIP,111.599998,626700,2026-09-05T01:17:07Z
2016-02-12,TLT,131.500000,13888400,2026-09-05T01:17:07Z
2016-02-12,VEA,32.740002,11300000,2026-09-05T01:17:07Z
2016-02-12,VNQ,72.290001,5067000,2026-09-05T01:17:07Z
2016-02-12,VWO,29.629999,14751400,2026-09-05T01:17:07Z
2016-02-16,BIL,45.680000,392650,2026-09-05T01:17:07Z
2016-02-16,DBC,12.360000,3558900,2026-09-05T01:17:07Z
2016-02-16,IEF,110.250000,2816800,2026-09-05T01:17:07Z
2016-02-16,IWM,98.879997,38882100,2026-09-05T01:17:07Z
2016-02-16,SPY,189.779999,120250700,2026-09-05T01:17:07Z
2016-02-16,TIP,111.139999,1349900,2026-09-05T01:17:07Z
2016-02-16,TLT,130.110001,11766000,2026-09-05T01:17:07Z
2016-02-16,VEA,33.369999,9176700,2026-09-05T01:17:07Z
2016-02-16,VNQ,73.620003,3888900,2026-09-05T01:17:07Z
2016-02-16,VWO,30.330000,15600800,2026-09-05T01:17:07Z
2016-02-17,BIL,45.680000,1282250,2026-09-05T01:17:07Z
2016-02-17,DBC,12.620000,1704300,2026-09-05T01:17:07Z
2016-02-17,IEF,109.980003,4856500,2026-09-05T01:17:07Z
2016-02-17,IWM,100.430000,40940400,2026-09-05T01:17:07Z
2016-02-17,SPY,192.880005,136009500,2026-09-05T01:17:07Z
2016-02-17,TIP,110.949997,718600,2026-09-05T01:17:07Z
2016-02-17,TLT,129.309998,13157300,2026-09-05T01:17:07Z
2016-02-17,VEA,33.970001,9328500,2026-09-05T01:17:07Z
2016-02-17,VNQ,74.250000,3060900,2026-09-05T01:17:07Z
2016-02-17,VWO,30.959999,14718700,2026-09-05T01:17:07Z
2016-02-18,BIL,45.689999,712250,2026-09-05T01:17:07Z
2016-02-18,DBC,12.550000,2005500,2026-09-05T01:17:07Z
2016-02-18,IEF,110.489998,3125700,2026-09-05T01:17:07Z
2016-02-18,IWM,99.949997,35043600,2026-09-05T01:17:07Z
2016-02-18,SPY,192.089996,102343000,2026-09-05T01:17:07Z
2016-02-18,TIP,111.260002,987400,2026-09-05T01:17:07Z
2016-02-18,TLT,130.899994,10196700,2026-09-05T01:17:07Z
2016-02-18,VEA,33.810001,8859800,2026-09-05T01:17:07Z
2016-02-18,VNQ,75.000000,3539700,2026-09-05T01:17:07Z
2016-02-18,VWO,30.809999,19042100,2026-09-05T01:17:07Z
2016-02-19,BIL,45.689999,911150,2026-09-05T01:17:07Z
2016-02-19,DBC,12.440000,835500,2026-09-05T01:17:07Z
2016-02-19,IEF,110.489998,1340000,2026-09-05T01:17:07Z
2016-02-19,IWM,100.449997,32424800,2026-09-05T01:17:07Z
2016-02-19,SPY,192.000000,114793000,2026-09-05T01:17:07Z
2016-02-19,TIP,111.349998,659400,2026-09-05T01:17:07Z
2016-02-19,TLT,131.009995,8188700,2026-09-05T01:17:07Z
2016-02-19,VEA,33.750000,11576300,2026-09-05T01:17:07Z
2016-02-19,VNQ,75.430000,2885500,2026-09-05T01:17:07Z
2016-02-19,VWO,30.680000,12877300,2026-09-05T01:17:07Z
2016-02-22,BIL,45.689999,201600,2026-09-05T01:17:07Z
2016-02-22,DBC,12.630000,719000,2026-09-05T01:17:07Z
2016-02-22,IEF,110.379997,1012200,2026-09-05T01:17:07Z
2016-02-22,IWM,101.570000,28867400,2026-09-05T01:17:07Z
2016-02-22,SPY,194.779999,103640300,2026-09-05T01:17:07Z
2016-02-22,TIP,111.620003,493400,2026-09-05T01:17:07Z
2016-02-22,TLT,130.940002,5054300,2026-09-05T01:17:07Z
2016-02-22,VEA,34.160000,9063600,2026-09-05T01:17:07Z
2016-02-22,VNQ,76.150002,2966500,2026-09-05T01:17:07Z
2016-02-22,VWO,31.440001,11432300,2026-09-05T01:17:07Z
2016-02-23,BIL,45.680000,1000450,2026-09-05T01:17:07Z
2016-02-23,DBC,12.460000,1496800,2026-09-05T01:17:07Z
2016-02-23,IEF,110.599998,2257800,2026-09-05T01:17:07Z
2016-02-23,IWM,100.639999,29857100,2026-09-05T01:17:07Z
2016-02-23,SPY,192.320007,111455300,2026-09-05T01:17:07Z
2016-02-23,TIP,111.959999,497400,2026-09-05T01:17:07Z
2016-02-23,TLT,131.470001,8320700,2026-09-05T01:17:07Z
2016-02-23,VEA,33.590000,6969700,2026-09-05T01:17:07Z
2016-02-23,VNQ,75.949997,2608300,2026-09-05T01:17:07Z
2016-02-23,VWO,30.760000,15057200,2026-09-05T01:17:07Z
2016-02-24,BIL,45.689999,664950,2026-09-05T01:17:07Z
2016-02-24,DBC,12.620000,2438900,2026-09-05T01:17:07Z
2016-02-24,IEF,110.599998,2947700,2026-09-05T01:17:07Z
2016-02-24,IWM,101.610001,36909600,2026-09-05T01:17:07Z
2016-02-24,SPY,193.199997,150812200,2026-09-05T01:17:07Z
2016-02-24,TIP,112.209999,708600,2026-09-05T01:17:07Z
2016-02-24,TLT,131.210007,9091200,2026-09-05T01:17:07Z
2016-02-24,VEA,33.490002,9894700,2026-09-05T01:17:07Z
2016-02-24,VNQ,75.860001,2997500,2026-09-05T01:17:07Z
2016-02-24,VWO,30.760000,26766800,2026-09-05T01:17:07Z
2016-02-25,BIL,45.680000,1243200,2026-09-05T01:17:07Z
2016-02-25,DBC,12.610000,3589400,2026-09-05T01:17:07Z
2016-02-25,IEF,110.930000,1983600,2026-09-05T01:17:07Z
2016-02-25,IWM,102.540001,22612600,2026-09-05T01:17:07Z
2016-02-25,SPY,195.539993,110728300,2026-09-05T01:17:07Z
2016-02-25,TIP,112.669998,1431300,2026-09-05T01:17:07Z
2016-02-25,TLT,131.679993,6097200,2026-09-05T01:17:07Z
2016-02-25,VEA,33.889999,8416200,2026-09-05T01:17:07Z
2016-02-25,VNQ,77.410004,3399900,2026-09-05T01:17:07Z
2016-02-25,VWO,30.809999,13856000,2026-09-05T01:17:07Z
2016-02-26,BIL,45.680000,883250,2026-09-05T01:17:07Z
2016-02-26,DBC,12.590000,1686500,2026-09-05T01:17:07Z
2016-02-26,IEF,110.389999,2957900,2026-09-05T01:17:07Z
2016-02-26,IWM,103.190002,27474700,2026-09-05T01:17:07Z
2016-02-26,SPY,195.089996,129833700,2026-09-05T01:17:07Z
2016-02-26,TIP,112.379997,860800,2026-09-05T01:17:07Z
2016-02-26,TLT,130.410004,9245000,2026-09-05T01:17:07Z
2016-02-26,VEA,33.770000,5811100,2026-09-05T01:17:07Z
2016-02-26,VNQ,77.010002,3180500,2026-09-05T01:17:07Z
2016-02-26,VWO,30.540001,23966300,2026-09-05T01:17:07Z
2016-02-29,BIL,45.689999,1613200,2026-09-05T01:17:07Z
2016-02-29,DBC,12.750000,1814000,2026-09-05T01:17:07Z
2016-02-29,IEF,110.570000,3861600,2026-09-05T01:17:07Z
2016-02-29,IWM,102.730003,32014400,2026-09-05T01:17:07Z
2016-02-29,SPY,193.559998,125918100,2026-09-05T01:17:07Z
2016-02-29,TIP,112.760002,1823600,2026-09-05T01:17:07Z
2016-02-29,TLT,130.979996,8016100,2026-09-05T01:17:07Z
2016-02-29,VEA,33.619999,10145300,2026-09-05T01:17:07Z
2016-02-29,VNQ,76.709999,5057700,2026-09-05T01:17:07Z
2016-02-29,VWO,30.730000,15013400,2026-09-05T01:17:07Z
2016-03-01,BIL,45.689999,630600,2026-09-05T01:17:07Z
2016-03-01,DBC,12.760000,2144600,2026-09-05T01:17:07Z
2016-03-01,IEF,109.550003,5901200,2026-09-05T01:17:07Z
2016-03-01,IWM,104.940002,36422700,2026-09-05T01:17:07Z
2016-03-01,SPY,198.110001,141799700,2026-09-05T01:17:07Z
2016-03-01,TIP,112.449997,3510600,2026-09-05T01:17:07Z
2016-03-01,TLT,128.429993,13729100,2026-09-05T01:17:07Z
2016-03-01,VEA,34.490002,6417000,2026-09-05T01:17:07Z
2016-03-01,VNQ,78.870003,5309500,2026-09-05T01:17:07Z
2016-03-01,VWO,31.850000,18666900,2026-09-05T01:17:07Z
2016-03-02,BIL,45.680000,1869950,2026-09-05T01:17:07Z
2016-03-02,DBC,12.830000,4519700,2026-09-05T01:17:07Z
2016-03-02,IEF,109.360001,3011200,2026-09-05T01:17:07Z
2016-03-02,IWM,106.019997,24937100,2026-09-05T01:17:07Z
2016-03-02,SPY,199.000000,102415000,2026-09-05T01:17:07Z
2016-03-02,TIP,112.690002,2099800,2026-09-05T01:17:07Z
2016-03-02,TLT,128.960007,7047700,2026-09-05T01:17:07Z
2016-03-02,VEA,34.730000,9564000,2026-09-05T01:17:07Z
2016-03-02,VNQ,79.440002,3621700,2026-09-05T01:17:07Z
2016-03-02,VWO,32.340000,20574900,2026-09-05T01:17:07Z
2016-03-03,BIL,45.689999,1296950,2026-09-05T01:17:07Z
2016-03-03,DBC,12.900000,1597000,2026-09-05T01:17:07Z
2016-03-03,IEF,109.489998,2093000,2026-09-05T01:17:07Z
2016-03-03,IWM,107.129997,28216300,2026-09-05T01:17:07Z
2016-03-03,SPY,199.779999,95172200,2026-09-05T01:17:07Z
2016-03-03,TIP,112.919998,1068800,2026-09-05T01:17:07Z
2016-03-03,TLT,129.429993,6394800,2026-09-05T01:17:07Z
2016-03-03,VEA,35.099998,6772000,2026-09-05T01:17:07Z
2016-03-03,VNQ,79.860001,2907800,2026-09-05T01:17:07Z
2016-03-03,VWO,32.689999,21570700,2026-09-05T01:17:07Z
2016-03-04,BIL,45.689999,2205550,2026-09-05T01:17:07Z
2016-03-04,DBC,13.150000,2063900,2026-09-05T01:17:07Z
2016-03-04,IEF,109.120003,1781200,2026-09-05T01:17:07Z
2016-03-04,IWM,107.720001,38180900,2026-09-05T01:17:07Z
2016-03-04,SPY,200.429993,129293600,2026-09-05T01:17:07Z
2016-03-04,TIP,112.570000,2049500,2026-09-05T01:17:07Z
2016-03-04,TLT,128.600006,8687000,2026-09-05T01:17:07Z
2016-03-04,VEA,35.369999,7626100,2026-09-05T01:17:07Z
2016-03-04,VNQ,79.870003,2740000,2026-09-05T01:17:07Z
2016-03-04,VWO,33.410000,27889000,2026-09-05T01:17:07Z
2016-03-07,BIL,45.689999,908700,2026-09-05T01:17:07Z
2016-03-07,DBC,13.390000,2785500,2026-09-05T01:17:07Z
2016-03-07,IEF,108.900002,2349400,2026-09-05T01:17:07Z
2016-03-07,IWM,108.889999,38739900,2026-09-05T01:17:07Z
2016-03-07,SPY,200.589996,100219000,2026-09-05T01:17:07Z
2016-03-07,TIP,112.120003,807400,2026-09-05T01:17:07Z
2016-03-07,TLT,128.559998,5493300,2026-09-05T01:17:07Z
2016-03-07,VEA,35.340000,12654200,2026-09-05T01:17:07Z
2016-03-07,VNQ,80.080002,3504600,2026-09-05T01:17:07Z
2016-03-07,VWO,33.340000,20468000,2026-09-05T01:17:07Z
2016-03-08,BIL,45.680000,542200,2026-09-05T01:17:07Z
2016-03-08,DBC,13.210000,2116400,2026-09-05T01:17:07Z
2016-03-08,IEF,109.529999,1747600,2026-09-05T01:17:07Z
2016-03-08,IWM,106.260002,46193900,2026-09-05T01:17:07Z
2016-03-08,SPY,198.399994,123974900,2026-09-05T01:17:07Z
2016-03-08,TIP,112.550003,763800,2026-09-05T01:17:07Z
2016-03-08,TLT,129.979996,7175400,2026-09-05T01:17:07Z
2016-03-08,VEA,34.950001,7501500,2026-09-05T01:17:07Z
2016-03-08,VNQ,79.260002,2829000,2026-09-05T01:17:07Z
2016-03-08,VWO,32.759998,14888800,2026-09-05T01:17:07Z
2016-03-09,BIL,45.689999,661400,2026-09-05T01:17:07Z
2016-03-09,DBC,13.410000,2552700,2026-09-05T01:17:07Z
2016-03-09,IEF,109.099998,1537800,2026-09-05T01:17:07Z
2016-03-09,IWM,106.800003,25627200,2026-09-05T01:17:07Z
2016-03-09,SPY,199.380005,94801200,2026-09-05T01:17:07Z
2016-03-09,TIP,112.480003,664000,2026-09-05T01:17:07Z
2016-03-09,TLT,129.190002,7194700,2026-09-05T01:17:07Z
2016-03-09,VEA,35.099998,5706800,2026-09-05T01:17:07Z
2016-03-09,VNQ,79.699997,3566700,2026-09-05T01:17:07Z
2016-03-09,VWO,32.970001,22002800,2026-09-05T01:17:07Z
2016-03-10,BIL,45.689999,198500,2026-09-05T01:17:07Z
2016-03-10,DBC,13.390000,2836700,2026-09-05T01:17:07Z
2016-03-10,IEF,108.709999,2798700,2026-09-05T01:17:07Z
2016-03-10,IWM,105.930000,47051200,2026-09-05T01:17:07Z
2016-03-10,SPY,199.539993,156838700,2026-09-05T01:17:07Z
2016-03-10,TIP,112.089996,1119700,2026-09-05T01:17:07Z
2016-03-10,TLT,128.660004,10091600,2026-09-05T01:17:07Z
2016-03-10,VEA,35.070000,28665000,2026-09-05T01:17:07Z
2016-03-10,VNQ,79.410004,2472500,2026-09-05T01:17:07Z
2016-03-10,VWO,32.889999,18410400,2026-09-05T01:17:07Z
2016-03-11,BIL,45.680000,383600,2026-09-05T01:17:07Z
2016-03-11,DBC,13.440000,1010900,2026-09-05T01:17:07Z
2016-03-11,IEF,108.400002,1785000,2026-09-05T01:17:07Z
2016-03-11,IWM,108.199997,33625000,2026-09-05T01:17:07Z
2016-03-11,SPY,202.759995,137964500,2026-09-05T01:17:07Z
2016-03-11,TIP,112.050003,580500,2026-09-05T01:17:07Z
2016-03-11,TLT,127.360001,8927000,2026-09-05T01:17:07Z
2016-03-11,VEA,35.980000,5780600,2026-09-05T01:17:07Z
2016-03-11,VNQ,81.190002,2520900,2026-09-05T01:17:07Z
2016-03-11,VWO,33.610001,13730600,2026-09-05T01:17:07Z
2016-03-14,BIL,45.680000,292700,2026-09-05T01:17:07Z
2016-03-14,DBC,13.320000,1062700,2026-09-05T01:17:07Z
2016-03-14,IEF,108.480003,2661800,2026-09-05T01:17:07Z
2016-03-14,IWM,107.919998,24422700,2026-09-05T01:17:07Z
2016-03-14,SPY,202.500000,73612000,2026-09-05T01:17:07Z
2016-03-14,TIP,111.919998,752000,2026-09-05T01:17:07Z
2016-03-14,TLT,127.760002,5177000,2026-09-05T01:17:07Z
2016-03-14,VEA,35.900002,5980900,2026-09-05T01:17:07Z
2016-03-14,VNQ,81.199997,2593900,2026-09-05T01:17:07Z
2016-03-14,VWO,33.419998,11353200,2026-09-05T01:17:07Z
2016-03-15,BIL,45.680000,2669300,2026-09-05T01:17:07Z
2016-03-15,DBC,13.210000,1619200,2026-09-05T01:17:07Z
2016-03-15,IEF,108.459999,2960800,2026-09-05T01:17:07Z
2016-03-15,IWM,106.239998,34258400,2026-09-05T01:17:07Z
2016-03-15,SPY,202.169998,93169100,2026-09-05T01:17:07Z
2016-03-15,TIP,111.699997,828100,2026-09-05T01:17:07Z
2016-03-15,TLT,127.879997,6413200,2026-09-05T01:17:07Z
2016-03-15,VEA,35.380001,5866600,2026-09-05T01:17:07Z
2016-03-15,VNQ,81.239998,1898100,2026-09-05T01:17:07Z
2016-03-15,VWO,32.799999,11979500,2026-09-05T01:17:07Z
2016-03-16,BIL,45.689999,306250,2026-09-05T01:17:07Z
2016-03-16,DBC,13.440000,2431000,2026-09-05T01:17:07Z
2016-03-16,IEF,109.029999,2052300,2026-09-05T01:17:07Z
2016-03-16,IWM,106.989998,37952200,2026-09-05T01:17:07Z
2016-03-16,SPY,203.339996,129303200,2026-09-05T01:17:07Z
2016-03-16,TIP,112.889999,823500,2026-09-05T01:17:07Z
2016-03-16,TLT,128.259995,9728900,2026-09-05T01:17:07Z
2016-03-16,VEA,35.750000,8075400,2026-09-05T01:17:07Z
2016-03-16,VNQ,82.220001,3439600,2026-09-05T01:17:07Z
2016-03-16,VWO,33.490002,13208200,2026-09-05T01:17:07Z
2016-03-17,BIL,45.680000,199450,2026-09-05T01:17:07Z
2016-03-17,DBC,13.590000,1000400,2026-09-05T01:17:07Z
2016-03-17,IEF,109.150002,2745500,2026-09-05T01:17:07Z
2016-03-17,IWM,108.629997,41724500,2026-09-05T01:17:07Z
2016-03-17,SPY,204.630005,134278500,2026-09-05T01:17:07Z
2016-03-17,TIP,113.139999,1926700,2026-09-05T01:17:07Z
2016-03-17,TLT,128.789993,7805500,2026-09-05T01:17:07Z
2016-03-17,VEA,36.080002,6595400,2026-09-05T01:17:07Z
2016-03-17,VNQ,83.379997,5526400,2026-09-05T01:17:07Z
2016-03-17,VWO,34.169998,15864200,2026-09-05T01:17:07Z
2016-03-18,BIL,45.680000,598800,2026-09-05T01:17:07Z
2016-03-18,DBC,13.580000,1791100,2026-09-05T01:17:07Z
2016-03-18,IEF,109.339996,2434600,2026-09-05T01:17:07Z
2016-03-18,IWM,109.610001,36512600,2026-09-05T01:17:07Z
2016-03-18,SPY,204.380005,138372400,2026-09-05T01:17:07Z
2016-03-18,TIP,113.519997,1320200,2026-09-05T01:17:07Z
2016-03-18,TLT,129.059998,8198600,2026-09-05T01:17:07Z
2016-03-18,VEA,36.020000,6833000,2026-09-05T01:17:07Z
2016-03-18,VNQ,83.019997,3281800,2026-09-05T01:17:07Z
2016-03-18,VWO,34.400002,16644200,2026-09-05T01:17:07Z
2016-03-21,BIL,45.689999,1510600,2026-09-05T01:17:07Z
2016-03-21,DBC,13.620000,9810500,2026-09-05T01:17:07Z
2016-03-21,IEF,109.029999,1725000,2026-09-05T01:17:07Z
2016-03-21,IWM,109.349998,29903700,2026-09-05T01:17:07Z
2016-03-21,SPY,204.669998,72926700,2026-09-05T01:17:07Z
2016-03-21,TIP,113.550003,1011700,2026-09-05T01:17:07Z
2016-03-21,TLT,128.070007,5514800,2026-09-05T01:17:07Z
2016-03-21,VEA,35.950001,5915700,2026-09-05T01:17:07Z
2016-03-21,VNQ,81.360001,4343000,2026-09-05T01:17:07Z
2016-03-21,VWO,34.540001,10944400,2026-09-05T01:17:07Z
2016-03-22,BIL,45.689999,286650,2026-09-05T01:17:07Z
2016-03-22,DBC,13.720000,1498800,2026-09-05T01:17:07Z
2016-03-22,IEF,108.800003,1437700,2026-09-05T01:17:07Z
2016-03-22,IWM,109.220001,23602100,2026-09-05T01:17:07Z
2016-03-22,SPY,204.559998,97471900,2026-09-05T01:17:07Z
2016-03-22,TIP,113.260002,1029000,2026-09-05T01:17:07Z
2016-03-22,TLT,128.039993,4997900,2026-09-05T01:17:07Z
2016-03-22,VEA,35.910000,5297800,2026-09-05T01:17:07Z
2016-03-22,VNQ,81.360001,4791300,2026-09-05T01:17:07Z
2016-03-22,VWO,34.389999,16639700,2026-09-05T01:17:07Z
2016-03-23,BIL,45.680000,260400,2026-09-05T01:17:07Z
2016-03-23,DBC,13.430000,3167100,2026-09-05T01:17:07Z
2016-03-23,IEF,109.300003,1405400,2026-09-05T01:17:07Z
2016-03-23,IWM,106.879997,39243300,2026-09-05T01:17:07Z
2016-03-23,SPY,203.210007,81052500,2026-09-05T01:17:07Z
2016-03-23,TIP,113.379997,753500,2026-09-05T01:17:07Z
2016-03-23,TLT,129.490005,10628200,2026-09-05T01:17:07Z
2016-03-23,VEA,35.520000,5261300,2026-09-05T01:17:07Z
2016-03-23,VNQ,80.919998,2837500,2026-09-05T01:17:07Z
2016-03-23,VWO,33.860001,11668200,2026-09-05T01:17:07Z
2016-03-24,BIL,45.689999,711350,2026-09-05T01:17:07Z
2016-03-24,DBC,13.350000,1838700,2026-09-05T01:17:07Z
2016-03-24,IEF,109.190002,1548200,2026-09-05T01:17:07Z
2016-03-24,IWM,107.199997,30924300,2026-09-05T01:17:07Z
2016-03-24,SPY,203.119995,84360900,2026-09-05T01:17:07Z
2016-03-24,TIP,113.120003,1225500,2026-09-05T01:17:07Z
2016-03-24,TLT,129.539993,6343300,2026-09-05T01:17:07Z
2016-03-24,VEA,35.290001,5802700,2026-09-05T01:17:07Z
2016-03-24,VNQ,80.949997,2839400,2026-09-05T01:17:07Z
2016-03-24,VWO,33.810001,16494700,2026-09-05T01:17:07Z
2016-03-28,BIL,45.689999,347950,2026-09-05T01:17:07Z
2016-03-28,DBC,13.390000,1000300,2026-09-05T01:17:07Z
2016-03-28,IEF,109.349998,1291400,2026-09-05T01:17:07Z
2016-03-28,IWM,107.330002,21096400,2026-09-05T01:17:07Z
2016-03-28,SPY,203.240005,62408200,2026-09-05T01:17:07Z
2016-03-28,TIP,113.260002,877500,2026-09-05T01:17:07Z
2016-03-28,TLT,129.710007,5058700,2026-09-05T01:17:07Z
2016-03-28,VEA,35.509998,5374900,2026-09-05T01:17:07Z
2016-03-28,VNQ,81.680000,3885100,2026-09-05T01:17:07Z
2016-03-28,VWO,33.900002,11695400,2026-09-05T01:17:07Z
2016-03-29,BIL,45.689999,631250,2026-09-05T01:17:07Z
2016-03-29,DBC,13.360000,2303600,2026-09-05T01:17:07Z
2016-03-29,IEF,110.089996,2981000,2026-09-05T01:17:07Z
2016-03-29,IWM,110.309998,46761100,2026-09-05T01:17:07Z
2016-03-29,SPY,205.119995,92922900,2026-09-05T01:17:07Z
2016-03-29,TIP,114.449997,1761200,2026-09-05T01:17:07Z
2016-03-29,TLT,131.070007,9396700,2026-09-05T01:17:07Z
2016-03-29,VEA,35.930000,4990000,2026-09-05T01:17:07Z
2016-03-29,VNQ,83.449997,5022700,2026-09-05T01:17:07Z
2016-03-29,VWO,34.230000,16646000,2026-09-05T01:17:07Z
2016-03-30,BIL,45.689999,264000,2026-09-05T01:17:07Z
2016-03-30,DBC,13.310000,1336100,2026-09-05T01:17:07Z
2016-03-30,IEF,109.940002,2808800,2026-09-05T01:17:07Z
2016-03-30,IWM,110.320000,35683500,2026-09-05T01:17:07Z
2016-03-30,SPY,206.020004,86365300,2026-09-05T01:17:07Z
2016-03-30,TIP,114.519997,752100,2026-09-05T01:17:07Z
2016-03-30,TLT,129.690002,8478700,2026-09-05T01:17:07Z
2016-03-30,VEA,36.200001,5391300,2026-09-05T01:17:07Z
2016-03-30,VNQ,83.290001,3503100,2026-09-05T01:17:07Z
2016-03-30,VWO,34.619999,12617700,2026-09-05T01:17:07Z
2016-03-31,BIL,45.689999,2956800,2026-09-05T01:17:07Z
2016-03-31,DBC,13.290000,3581700,2026-09-05T01:17:07Z
2016-03-31,IEF,110.339996,3759100,2026-09-05T01:17:07Z
2016-03-31,IWM,110.629997,28555900,2026-09-05T01:17:07Z
2016-03-31,SPY,205.520004,94584100,2026-09-05T01:17:07Z
2016-03-31,TIP,114.639999,1702800,2026-09-05T01:17:07Z
2016-03-31,TLT,130.610001,7832300,2026-09-05T01:17:07Z
2016-03-31,VEA,35.880001,5447900,2026-09-05T01:17:07Z
2016-03-31,VNQ,83.800003,7533800,2026-09-05T01:17:07Z
2016-03-31,VWO,34.580002,15589400,2026-09-05T01:17:07Z
2016-04-01,BIL,45.689999,942500,2026-09-05T01:17:07Z
2016-04-01,DBC,13.060000,1170800,2026-09-05T01:17:07Z
2016-04-01,IEF,110.139999,5489100,2026-09-05T01:17:07Z
2016-04-01,IWM,111.120003,29981400,2026-09-05T01:17:07Z
2016-04-01,SPY,206.919998,114423500,2026-09-05T01:17:07Z
2016-04-01,TIP,114.730003,2303600,2026-09-05T01:17:07Z
2016-04-01,TLT,130.679993,9341400,2026-09-05T01:17:07Z
2016-04-01,VEA,35.480000,5803600,2026-09-05T01:17:07Z
2016-04-01,VNQ,83.690002,5267300,2026-09-05T01:17:07Z
2016-04-01,VWO,34.680000,19357800,2026-09-05T01:17:07Z
2016-04-04,BIL,45.689999,1619200,2026-09-05T01:17:07Z
2016-04-04,DBC,12.880000,4662300,2026-09-05T01:17:07Z
2016-04-04,IEF,110.269997,3035600,2026-09-05T01:17:07Z
2016-04-04,IWM,110.190002,21529400,2026-09-05T01:17:07Z
2016-04-04,SPY,206.250000,63497000,2026-09-05T01:17:07Z
2016-04-04,TIP,114.870003,2679600,2026-09-05T01:17:07Z
2016-04-04,TLT,130.759995,5145100,2026-09-05T01:17:07Z
2016-04-04,VEA,35.400002,8759600,2026-09-05T01:17:07Z
2016-04-04,VNQ,83.570000,6908900,2026-09-05T01:17:07Z
2016-04-04,VWO,34.209999,8805500,2026-09-05T01:17:07Z
2016-04-05,BIL,45.700001,1829950,2026-09-05T01:17:07Z
2016-04-05,DBC,12.850000,1833000,2026-09-05T01:17:07Z
2016-04-05,IEF,110.709999,1951500,2026-09-05T01:17:07Z
2016-04-05,IWM,108.940002,32515800,2026-09-05T01:17:07Z
2016-04-05,SPY,204.190002,99662200,2026-09-05T01:17:07Z
2016-04-05,TIP,114.989998,1817000,2026-09-05T01:17:07Z
2016-04-05,TLT,132.190002,6482800,2026-09-05T01:17:07Z
2016-04-05,VEA,34.740002,5392100,2026-09-05T01:17:07Z
2016-04-05,VNQ,83.019997,3251300,2026-09-05T01:17:07Z
2016-04-05,VWO,33.570000,16533000,2026-09-05T01:17:07Z
2016-04-06,BIL,45.700001,1081800,2026-09-05T01:17:07Z
2016-04-06,DBC,12.990000,4849500,2026-09-05T01:17:07Z
2016-04-06,IEF,110.470001,1646000,2026-09-05T01:17:07Z
2016-04-06,IWM,110.169998,28157800,2026-09-05T01:17:07Z
2016-04-06,SPY,206.419998,91839800,2026-09-05T01:17:07Z
2016-04-06,TIP,114.690002,2744100,2026-09-05T01:17:07Z
2016-04-06,TLT,131.229996,6393700,2026-09-05T01:17:07Z
2016-04-06,VEA,35.299999,5042600,2026-09-05T01:17:07Z
2016-04-06,VNQ,83.220001,2940500,2026-09-05T01:17:07Z
2016-04-06,VWO,34.000000,11604700,2026-09-05T01:17:07Z
2016-04-07,BIL,45.689999,1307000,2026-09-05T01:17:07Z
2016-04-07,DBC,12.950000,1046200,2026-09-05T01:17:07Z
2016-04-07,IEF,111.040001,2069600,2026-09-05T01:17:07Z
2016-04-07,IWM,108.680000,33298400,2026-09-05T01:17:07Z
2016-04-07,SPY,203.949997,113859000,2026-09-05T01:17:07Z
2016-04-07,TIP,115.089996,1217300,2026-09-05T01:17:07Z
2016-04-07,TLT,132.850006,5963300,2026-09-05T01:17:07Z
2016-04-07,VEA,34.799999,6946300,2026-09-05T01:17:07Z
2016-04-07,VNQ,82.699997,2339400,2026-09-05T01:17:07Z
2016-04-07,VWO,33.290001,11248400,2026-09-05T01:17:07Z
2016-04-08,BIL,45.700001,191950,2026-09-05T01:17:07Z
2016-04-08,DBC,13.260000,1298800,2026-09-05T01:17:07Z
2016-04-08,IEF,110.870003,1309500,2026-09-05T01:17:07Z
2016-04-08,IWM,109.110001,26151700,2026-09-05T01:17:07Z
2016-04-08,SPY,204.500000,95040600,2026-09-05T01:17:07Z
2016-04-08,TIP,114.860001,769500,2026-09-05T01:17:07Z
2016-04-08,TLT,132.009995,5584800,2026-09-05T01:17:07Z
2016-04-08,VEA,35.459999,5736200,2026-09-05T01:17:07Z
2016-04-08,VNQ,83.160004,3370300,2026-09-05T01:17:07Z
2016-04-08,VWO,33.869999,14067100,2026-09-05T01:17:07Z
2016-04-11,BIL,45.689999,587150,2026-09-05T01:17:07Z
2016-04-11,DBC,13.360000,1763800,2026-09-05T01:17:07Z
2016-04-11,IEF,110.849998,879600,2026-09-05T01:17:07Z
2016-04-11,IWM,108.769997,25842100,2026-09-05T01:17:07Z
2016-04-11,SPY,204.020004,83757500,2026-09-05T01:17:07Z
2016-04-11,TIP,114.570000,686000,2026-09-05T01:17:07Z
2016-04-11,TLT,131.839996,4805500,2026-09-05T01:17:07Z
2016-04-11,VEA,35.490002,9456200,2026-09-05T01:17:07Z
2016-04-11,VNQ,82.989998,2848100,2026-09-05T01:17:07Z
2016-04-11,VWO,34.320000,14099300,2026-09-05T01:17:07Z
2016-04-12,BIL,45.689999,169600,2026-09-05T01:17:07Z
2016-04-12,DBC,13.650000,2560000,2026-09-05T01:17:07Z
2016-04-12,IEF,110.410004,1363200,2026-09-05T01:17:07Z
2016-04-12,IWM,109.940002,25058700,2026-09-05T01:17:07Z
2016-04-12,SPY,205.919998,115350600,2026-09-05T01:17:07Z
2016-04-12,TIP,114.089996,1314400,2026-09-05T01:17:07Z
2016-04-12,TLT,130.929993,4276000,2026-09-05T01:17:07Z
2016-04-12,VEA,36.029999,6381000,2026-09-05T01:17:07Z
2016-04-12,VNQ,83.589996,2504600,2026-09-05T01:17:07Z
2016-04-12,VWO,34.849998,15883900,2026-09-05T01:17:07Z
2016-04-13,BIL,45.700001,182400,2026-09-05T01:17:07Z
2016-04-13,DBC,13.720000,1907900,2026-09-05T01:17:07Z
2016-04-13,IEF,110.489998,1466400,2026-09-05T01:17:07Z
2016-04-13,IWM,112.309998,40534700,2026-09-05T01:17:07Z
2016-04-13,SPY,208.000000,96336400,2026-09-05T01:17:07Z
2016-04-13,TIP,114.190002,809600,2026-09-05T01:17:07Z
2016-04-13,TLT,131.389999,5207900,2026-09-05T01:17:07Z
2016-04-13,VEA,36.599998,4354800,2026-09-05T01:17:07Z
2016-04-13,VNQ,83.220001,2827000,2026-09-05T01:17:07Z
2016-04-13,VWO,35.500000,20159200,2026-09-05T01:17:07Z
2016-04-14,BIL,45.700001,143950,2026-09-05T01:17:07Z
2016-04-14,DBC,13.610000,1084600,2026-09-05T01:17:07Z
2016-04-14,IEF,110.230003,1403900,2026-09-05T01:17:07Z
2016-04-14,IWM,112.169998,25538600,2026-09-05T01:17:07Z
2016-04-14,SPY,208.009995,65212900,2026-09-05T01:17:07Z
2016-04-14,TIP,113.919998,1222500,2026-09-05T01:17:07Z
2016-04-14,TLT,130.759995,6967000,2026-09-05T01:17:07Z
2016-04-14,VEA,36.639999,5240600,2026-09-05T01:17:07Z
2016-04-14,VNQ,82.760002,2044200,2026-09-05T01:17:07Z
2016-04-14,VWO,35.320000,12682300,2026-09-05T01:17:07Z
2016-04-15,BIL,45.689999,219000,2026-09-05T01:17:07Z
2016-04-15,DBC,13.560000,879400,2026-09-05T01:17:07Z
2016-04-15,IEF,110.559998,1657800,2026-09-05T01:17:07Z
2016-04-15,IWM,112.449997,21176100,2026-09-05T01:17:07Z
2016-04-15,SPY,207.779999,75761600,2026-09-05T01:17:07Z
2016-04-15,TIP,114.330002,541600,2026-09-05T01:17:07Z
2016-04-15,TLT,131.880005,5831100,2026-09-05T01:17:07Z
2016-04-15,VEA,36.540001,5351600,2026-09-05T01:17:07Z
2016-04-15,VNQ,83.379997,2429100,2026-09-05T01:17:07Z
2016-04-15,VWO,35.110001,14448200,2026-09-05T01:17:07Z
2016-04-18,BIL,45.700001,1972050,2026-09-05T01:17:07Z
2016-04-18,DBC,13.620000,1204700,2026-09-05T01:17:07Z
2016-04-18,IEF,110.449997,1297800,2026-09-05T01:17:07Z
2016-04-18,IWM,113.300003,19428300,2026-09-05T01:17:07Z
2016-04-18,SPY,209.240005,82531000,2026-09-05T01:17:07Z
2016-04-18,TIP,114.309998,755000,2026-09-05T01:17:07Z
2016-04-18,TLT,131.309998,4486600,2026-09-05T01:17:07Z
2016-04-18,VEA,36.869999,4375000,2026-09-05T01:17:07Z
2016-04-18,VNQ,83.779999,2347400,2026-09-05T01:17:07Z
2016-04-18,VWO,35.230000,14337200,2026-09-05T01:17:07Z
2016-04-19,BIL,45.700001,138400,2026-09-05T01:17:07Z
2016-04-19,DBC,13.910000,2227000,2026-09-05T01:17:07Z
2016-04-19,IEF,110.269997,1219600,2026-09-05T01:17:07Z
2016-04-19,IWM,113.389999,23228100,2026-09-05T01:17:07Z
2016-04-19,SPY,209.899994,88316100,2026-09-05T01:17:07Z
2016-04-19,TIP,114.510002,619600,2026-09-05T01:17:07Z
2016-04-19,TLT,130.899994,5212200,2026-09-05T01:17:07Z
2016-04-19,VEA,37.509998,5620200,2026-09-05T01:17:07Z
2016-04-19,VNQ,83.820000,3137200,2026-09-05T01:17:07Z
2016-04-19,VWO,35.770000,14039400,2026-09-05T01:17:07Z
2016-04-20,BIL,45.700001,199350,2026-09-05T01:17:07Z
2016-04-20,DBC,14.180000,2408200,2026-09-05T01:17:07Z
2016-04-20,IEF,109.709999,1939800,2026-09-05T01:17:07Z
2016-04-20,IWM,113.559998,21422500,2026-09-05T01:17:07Z
2016-04-20,SPY,210.100006,81100300,2026-09-05T01:17:07Z
2016-04-20,TIP,114.029999,631500,2026-09-05T01:17:07Z
2016-04-20,TLT,129.460007,10920700,2026-09-05T01:17:07Z
2016-04-20,VEA,37.520000,4809800,2026-09-05T01:17:07Z
2016-04-20,VNQ,82.400002,4085800,2026-09-05T01:17:07Z
2016-04-20,VWO,35.540001,11243500,2026-09-05T01:17:07Z
2016-04-21,BIL,45.689999,446300,2026-09-05T01:17:07Z
2016-04-21,DBC,14.120000,2702000,2026-09-05T01:17:07Z
2016-04-21,IEF,109.529999,1636600,2026-09-05T01:17:07Z
2016-04-21,IWM,112.989998,20535700,2026-09-05T01:17:07Z
2016-04-21,SPY,208.970001,85695000,2026-09-05T01:17:07Z
2016-04-21,TIP,113.889999,838000,2026-09-05T01:17:07Z
2016-04-21,TLT,128.690002,11154200,2026-09-05T01:17:07Z
2016-04-21,VEA,37.299999,4594500,2026-09-05T01:17:07Z
2016-04-21,VNQ,80.930000,5046100,2026-09-05T01:17:07Z
2016-04-21,VWO,35.150002,14503400,2026-09-05T01:17:07Z
2016-04-22,BIL,45.700001,388450,2026-09-05T01:17:07Z
2016-04-22,DBC,14.060000,2134900,2026-09-05T01:17:07Z
2016-04-22,IEF,109.410004,952100,2026-09-05T01:17:07Z
2016-04-22,IWM,114.110001,29094500,2026-09-05T01:17:07Z
2016-04-22,SPY,208.970001,99251700,2026-09-05T01:17:07Z
2016-04-22,TIP,113.820000,743300,2026-09-05T01:17:07Z
2016-04-22,TLT,128.360001,5826400,2026-09-05T01:17:07Z
2016-04-22,VEA,37.270000,5629500,2026-09-05T01:17:07Z
2016-04-22,VNQ,81.809998,3124400,2026-09-05T01:17:07Z
2016-04-22,VWO,35.020000,13128300,2026-09-05T01:17:07Z
2016-04-25,BIL,45.689999,515350,2026-09-05T01:17:07Z
2016-04-25,DBC,14.050000,1574200,2026-09-05T01:17:07Z
2016-04-25,IEF,109.290001,1416300,2026-09-05T01:17:07Z
2016-04-25,IWM,113.300003,16369600,2026-09-05T01:17:07Z
2016-04-25,SPY,208.610001,66166500,2026-09-05T01:17:07Z
2016-04-25,TIP,113.690002,1148000,2026-09-05T01:17:07Z
2016-04-25,TLT,127.830002,5539500,2026-09-05T01:17:07Z
2016-04-25,VEA,37.110001,4449500,2026-09-05T01:17:07Z
2016-04-25,VNQ,82.489998,2385600,2026-09-05T01:17:07Z
2016-04-25,VWO,34.740002,14106300,2026-09-05T01:17:07Z
2016-04-26,BIL,45.700001,250000,2026-09-05T01:17:07Z
2016-04-26,DBC,14.230000,1528300,2026-09-05T01:17:07Z
2016-04-26,IEF,109.059998,1127100,2026-09-05T01:17:07Z
2016-04-26,IWM,114.410004,30564100,2026-09-05T01:17:07Z
2016-04-26,SPY,208.919998,75864200,2026-09-05T01:17:07Z
2016-04-26,TIP,113.639999,816800,2026-09-05T01:17:07Z
2016-04-26,TLT,127.250000,7840000,2026-09-05T01:17:07Z
2016-04-26,VEA,37.250000,5341500,2026-09-05T01:17:07Z
2016-04-26,VNQ,82.809998,3190800,2026-09-05T01:17:07Z
2016-04-26,VWO,35.150002,8723400,2026-09-05T01:17:07Z
2016-04-27,BIL,45.700001,104050,2026-09-05T01:17:07Z
2016-04-27,DBC,14.360000,1682600,2026-09-05T01:17:07Z
2016-04-27,IEF,109.660004,1734000,2026-09-05T01:17:07Z
2016-04-27,IWM,114.809998,24360300,2026-09-05T01:17:07Z
2016-04-27,SPY,209.350006,77329400,2026-09-05T01:17:07Z
2016-04-27,TIP,114.330002,677700,2026-09-05T01:17:07Z
2016-04-27,TLT,128.520004,8380100,2026-09-05T01:17:07Z
2016-04-27,VEA,37.310001,4544200,2026-09-05T01:17:07Z
2016-04-27,VNQ,82.760002,3244500,2026-09-05T01:17:07Z
2016-04-27,VWO,35.360001,17920200,2026-09-05T01:17:07Z
2016-04-28,BIL,45.700001,274200,2026-09-05T01:17:07Z
2016-04-28,DBC,14.440000,1944200,2026-09-05T01:17:07Z
2016-04-28,IEF,110.040001,2807300,2026-09-05T01:17:07Z
2016-04-28,IWM,113.500000,26126500,2026-09-05T01:17:07Z
2016-04-28,SPY,207.449997,97216200,2026-09-05T01:17:07Z
2016-04-28,TIP,114.930000,1822300,2026-09-05T01:17:07Z
2016-04-28,TLT,129.050003,7974600,2026-09-05T01:17:07Z
2016-04-28,VEA,36.830002,9761000,2026-09-05T01:17:07Z
2016-04-28,VNQ,82.589996,2870600,2026-09-05T01:17:07Z
2016-04-28,VWO,35.000000,12803200,2026-09-05T01:17:07Z
2016-04-29,BIL,45.709999,722100,2026-09-05T01:17:07Z
2016-04-29,DBC,14.580000,8719300,2026-09-05T01:17:07Z
2016-04-29,IEF,110.000000,2858500,2026-09-05T01:17:07Z
2016-04-29,IWM,112.480003,33284500,2026-09-05T01:17:07Z
2016-04-29,SPY,206.330002,142424100,2026-09-05T01:17:07Z
2016-04-29,TIP,114.879997,798600,2026-09-05T01:17:07Z
2016-04-29,TLT,129.380005,7416300,2026-09-05T01:17:07Z
2016-04-29,VEA,36.709999,10557400,2026-09-05T01:17:07Z
2016-04-29,VNQ,81.830002,4117300,2026-09-05T01:17:07Z
2016-04-29,VWO,34.930000,15634500,2026-09-05T01:17:07Z
2016-05-02,BIL,45.700001,370050,2026-09-05T01:17:07Z
2016-05-02,DBC,14.380000,6749000,2026-09-05T01:17:07Z
2016-05-02,IEF,109.519997,2226800,2026-09-05T01:17:07Z
2016-05-02,IWM,113.480003,21881000,2026-09-05T01:17:07Z
2016-05-02,SPY,207.970001,62188000,2026-09-05T01:17:07Z
2016-05-02,TIP,114.500000,4130100,2026-09-05T01:17:07Z
2016-05-02,TLT,127.820000,11035200,2026-09-05T01:17:07Z
2016-05-02,VEA,37.020000,12828100,2026-09-05T01:17:07Z
2016-05-02,VNQ,83.099998,4008000,2026-09-05T01:17:07Z
2016-05-02,VWO,34.840000,14558400,2026-09-05T01:17:07Z
2016-05-03,BIL,45.709999,665850,2026-09-05T01:17:07Z
2016-05-03,DBC,14.160000,2723600,2026-09-05T01:17:07Z
2016-05-03,IEF,110.169998,2330900,2026-09-05T01:17:07Z
2016-05-03,IWM,111.620003,37929600,2026-09-05T01:17:07Z
2016-05-03,SPY,206.160004,106422100,2026-09-05T01:17:07Z
2016-05-03,TIP,114.550003,2645800,2026-09-05T01:17:07Z
2016-05-03,TLT,129.429993,10736700,2026-09-05T01:17:07Z
2016-05-03,VEA,36.400002,8450300,2026-09-05T01:17:07Z
2016-05-03,VNQ,83.230003,3305700,2026-09-05T01:17:07Z
2016-05-03,VWO,33.869999,15472600,2026-09-05T01:17:07Z
2016-05-04,BIL,45.700001,700400,2026-09-05T01:17:07Z
2016-05-04,DBC,14.170000,2021000,2026-09-05T01:17:07Z
2016-05-04,IEF,110.370003,1176900,2026-09-05T01:17:07Z
2016-05-04,IWM,110.699997,30767200,2026-09-05T01:17:07Z
2016-05-04,SPY,205.009995,92243800,2026-09-05T01:17:07Z
2016-05-04,TIP,114.680000,1321300,2026-09-05T01:17:07Z
2016-05-04,TLT,130.139999,7211200,2026-09-05T01:17:07Z
2016-05-04,VEA,35.959999,9979400,2026-09-05T01:17:07Z
2016-05-04,VNQ,84.419998,4138600,2026-09-05T01:17:07Z
2016-05-04,VWO,33.389999,18129500,2026-09-05T01:17:07Z
2016-05-05,BIL,45.700001,578500,2026-09-05T01:17:07Z
2016-05-05,DBC,14.030000,1184200,2026-09-05T01:17:07Z
2016-05-05,IEF,110.669998,1257500,2026-09-05T01:17:07Z
2016-05-05,IWM,110.260002,26249200,2026-09-05T01:17:07Z
2016-05-05,SPY,204.970001,67619200,2026-09-05T01:17:07Z
2016-05-05,TIP,115.050003,2363900,2026-09-05T01:17:07Z
2016-05-05,TLT,131.009995,7870400,2026-09-05T01:17:07Z
2016-05-05,VEA,35.930000,7024000,2026-09-05T01:17:07Z
2016-05-05,VNQ,84.660004,3324300,2026-09-05T01:17:07Z
2016-05-05,VWO,33.389999,10408300,2026-09-05T01:17:07Z
2016-05-06,BIL,45.709999,2157200,2026-09-05T01:17:07Z
2016-05-06,DBC,14.120000,6854200,2026-09-05T01:17:07Z
2016-05-06,IEF,110.410004,1675600,2026-09-05T01:17:07Z
2016-05-06,IWM,110.910004,25497400,2026-09-05T01:17:07Z
2016-05-06,SPY,205.720001,89315000,2026-09-05T01:17:07Z
2016-05-06,TIP,114.650002,1271900,2026-09-05T01:17:07Z
2016-05-06,TLT,130.449997,7232500,2026-09-05T01:17:07Z
2016-05-06,VEA,36.009998,6479000,2026-09-05T01:17:07Z
2016-05-06,VNQ,85.589996,3499300,2026-09-05T01:17:07Z
2016-05-06,VWO,33.470001,17872600,2026-09-05T01:17:07Z
2016-05-09,BIL,45.709999,108850,2026-09-05T01:17:07Z
2016-05-09,DBC,13.810000,2163300,2026-09-05T01:17:07Z
2016-05-09,IEF,110.620003,1459900,2026-09-05T01:17:07Z
2016-05-09,IWM,111.230003,23427000,2026-09-05T01:17:07Z
2016-05-09,SPY,205.889999,74374900,2026-09-05T01:17:07Z
2016-05-09,TIP,114.720001,1020600,2026-09-05T01:17:07Z
2016-05-09,TLT,130.860001,4950800,2026-09-05T01:17:07Z
2016-05-09,VEA,35.889999,6645700,2026-09-05T01:17:07Z
2016-05-09,VNQ,86.529999,4568700,2026-09-05T01:17:07Z
2016-05-09,VWO,32.959999,13903000,2026-09-05T01:17:07Z
2016-05-10,BIL,45.709999,875050,2026-09-05T01:17:07Z
2016-05-10,DBC,14.150000,1420900,2026-09-05T01:17:07Z
2016-05-10,IEF,110.599998,1506900,2026-09-05T01:17:07Z
2016-05-10,IWM,112.349998,18635300,2026-09-05T01:17:07Z
2016-05-10,SPY,208.449997,77472200,2026-09-05T01:17:07Z
2016-05-10,TIP,115.070000,1118100,2026-09-05T01:17:07Z
2016-05-10,TLT,130.869995,4331900,2026-09-05T01:17:07Z
2016-05-10,VEA,36.419998,4971200,2026-09-05T01:17:07Z
2016-05-10,VNQ,86.519997,4034800,2026-09-05T01:17:07Z
2016-05-10,VWO,33.619999,15833000,2026-09-05T01:17:07Z
2016-05-11,BIL,45.689999,156800,2026-09-05T01:17:07Z
2016-05-11,DBC,14.480000,1851100,2026-09-05T01:17:07Z
2016-05-11,IEF,110.769997,1606800,2026-09-05T01:17:07Z
2016-05-11,IWM,110.959999,23604600,2026-09-05T01:17:07Z
2016-05-11,SPY,206.500000,81727000,2026-09-05T01:17:07Z
2016-05-11,TIP,115.050003,3774200,2026-09-05T01:17:07Z
2016-05-11,TLT,131.610001,9256000,2026-09-05T01:17:07Z
2016-05-11,VEA,36.160000,6016200,2026-09-05T01:17:07Z
2016-05-11,VNQ,84.669998,4063900,2026-09-05T01:17:07Z
2016-05-11,VWO,33.520000,7523200,2026-09-05T01:17:07Z
2016-05-12,BIL,45.689999,189900,2026-09-05T01:17:07Z
2016-05-12,DBC,14.500000,1270700,2026-09-05T01:17:07Z
2016-05-12,IEF,110.470001,1261500,2026-09-05T01:17:07Z
2016-05-12,IWM,110.370003,34803000,2026-09-05T01:17:07Z
2016-05-12,SPY,206.559998,89586300,2026-09-05T01:17:07Z
2016-05-12,TIP,114.970001,1327900,2026-09-05T01:17:07Z
2016-05-12,TLT,131.009995,6087400,2026-09-05T01:17:07Z
2016-05-12,VEA,36.130001,6321900,2026-09-05T01:17:07Z
2016-05-12,VNQ,85.160004,3471000,2026-09-05T01:17:07Z
2016-05-12,VWO,33.459999,13447900,2026-09-05T01:17:07Z
2016-05-13,BIL,45.689999,512850,2026-09-05T01:17:07Z
2016-05-13,DBC,14.480000,1550800,2026-09-05T01:17:07Z
2016-05-13,IEF,110.889999,5007300,2026-09-05T01:17:07Z
2016-05-13,IWM,109.639999,24510300,2026-09-05T01:17:07Z
2016-05-13,SPY,204.759995,96474600,2026-09-05T01:17:07Z
2016-05-13,TIP,115.250000,835500,2026-09-05T01:17:07Z
2016-05-13,TLT,132.279999,8707300,2026-09-05T01:17:07Z
2016-05-13,VEA,35.730000,5473200,2026-09-05T01:17:07Z
2016-05-13,VNQ,84.400002,3991500,2026-09-05T01:17:07Z
2016-05-13,VWO,32.860001,32199700,2026-09-05T01:17:07Z
2016-05-16,BIL,45.689999,184500,2026-09-05T01:17:07Z
2016-05-16,DBC,14.640000,3273500,2026-09-05T01:17:07Z
2016-05-16,IEF,110.489998,1708100,2026-09-05T01:17:07Z
2016-05-16,IWM,111.029999,27337000,2026-09-05T01:17:07Z
2016-05-16,SPY,206.779999,77486800,2026-09-05T01:17:07Z
2016-05-16,TIP,115.120003,704500,2026-09-05T01:17:07Z
2016-05-16,TLT,131.139999,5137000,2026-09-05T01:17:07Z
2016-05-16,VEA,36.169998,4569600,2026-09-05T01:17:07Z
2016-05-16,VNQ,85.199997,3374900,2026-09-05T01:17:07Z
2016-05-16,VWO,33.240002,11871300,2026-09-05T01:17:07Z
2016-05-17,BIL,45.689999,410200,2026-09-05T01:17:07Z
2016-05-17,DBC,14.750000,1425200,2026-09-05T01:17:07Z
2016-05-17,IEF,110.339996,1158700,2026-09-05T01:17:07Z
2016-05-17,IWM,109.269997,46676300,2026-09-05T01:17:07Z
2016-05-17,SPY,204.850006,114924900,2026-09-05T01:17:07Z
2016-05-17,TIP,115.199997,781000,2026-09-05T01:17:07Z
2016-05-17,TLT,131.360001,4449100,2026-09-05T01:17:07Z
2016-05-17,VEA,35.959999,9874200,2026-09-05T01:17:07Z
2016-05-17,VNQ,83.620003,4308300,2026-09-05T01:17:07Z
2016-05-17,VWO,33.099998,11682000,2026-09-05T01:17:07Z
2016-05-18,BIL,45.700001,1319700,2026-09-05T01:17:07Z
2016-05-18,DBC,14.640000,1987300,2026-09-05T01:17:07Z
2016-05-18,IEF,109.449997,2946500,2026-09-05T01:17:07Z
2016-05-18,IWM,109.839996,35734400,2026-09-05T01:17:07Z
2016-05-18,SPY,204.910004,120062100,2026-09-05T01:17:07Z
2016-05-18,TIP,114.199997,1320600,2026-09-05T01:17:07Z
2016-05-18,TLT,129.490005,12681000,2026-09-05T01:17:07Z
2016-05-18,VEA,35.930000,10720900,2026-09-05T01:17:07Z
2016-05-18,VNQ,82.309998,4708500,2026-09-05T01:17:07Z
2016-05-18,VWO,32.840000,20860300,2026-09-05T01:17:07Z
2016-05-19,BIL,45.689999,122150,2026-09-05T01:17:07Z
2016-05-19,DBC,14.600000,5004300,2026-09-05T01:17:07Z
2016-05-19,IEF,109.559998,1345000,2026-09-05T01:17:07Z
2016-05-19,IWM,108.959999,36995600,2026-09-05T01:17:07Z
2016-05-19,SPY,204.199997,115430500,2026-09-05T01:17:07Z
2016-05-19,TIP,114.150002,795000,2026-09-05T01:17:07Z
2016-05-19,TLT,130.050003,6209400,2026-09-05T01:17:07Z
2016-05-19,VEA,35.689999,20024200,2026-09-05T01:17:07Z
2016-05-19,VNQ,81.389999,4316000,2026-09-05T01:17:07Z
2016-05-19,VWO,32.439999,14302500,2026-09-05T01:17:07Z
2016-05-20,BIL,45.700001,389400,2026-09-05T01:17:07Z
2016-05-20,DBC,14.660000,3424800,2026-09-05T01:17:07Z
2016-05-20,IEF,109.629997,1059400,2026-09-05T01:17:07Z
2016-05-20,IWM,110.790001,37404500,2026-09-05T01:17:07Z
2016-05-20,SPY,205.490005,104990400,2026-09-05T01:17:07Z
2016-05-20,TIP,114.089996,818200,2026-09-05T01:17:07Z
2016-05-20,TLT,130.149994,5348900,2026-09-05T01:17:07Z
2016-05-20,VEA,36.020000,10857900,2026-09-05T01:17:07Z
2016-05-20,VNQ,82.040001,3296100,2026-09-05T01:17:07Z
2016-05-20,VWO,32.799999,20352900,2026-09-05T01:17:07Z
2016-05-23,BIL,45.709999,827400,2026-09-05T01:17:07Z
2016-05-23,DBC,14.580000,1290200,2026-09-05T01:17:07Z
2016-05-23,IEF,109.699997,892300,2026-09-05T01:17:07Z
2016-05-23,IWM,110.660004,23721700,2026-09-05T01:17:07Z
2016-05-23,SPY,205.210007,58682600,2026-09-05T01:17:07Z
2016-05-23,TIP,114.150002,748600,2026-09-05T01:17:07Z
2016-05-23,TLT,130.440002,6979700,2026-09-05T01:17:07Z
2016-05-23,VEA,35.900002,7097100,2026-09-05T01:17:07Z
2016-05-23,VNQ,82.050003,2744000,2026-09-05T01:17:07Z
2016-05-23,VWO,32.730000,16081800,2026-09-05T01:17:07Z
2016-05-24,BIL,45.689999,612800,2026-09-05T01:17:07Z
2016-05-24,DBC,14.580000,964200,2026-09-05T01:17:07Z
2016-05-24,IEF,109.519997,965200,2026-09-05T01:17:07Z
2016-05-24,IWM,112.940002,41124300,2026-09-05T01:17:07Z
2016-05-24,SPY,207.869995,93537800,2026-09-05T01:17:07Z
2016-05-24,TIP,114.040001,456700,2026-09-05T01:17:07Z
2016-05-24,TLT,129.860001,5968200,2026-09-05T01:17:07Z
2016-05-24,VEA,36.340000,12342500,2026-09-05T01:17:07Z
2016-05-24,VNQ,83.070000,2998500,2026-09-05T01:17:07Z
2016-05-24,VWO,33.119999,18077800,2026-09-05T01:17:07Z
2016-05-25,BIL,45.700001,242100,2026-09-05T01:17:07Z
2016-05-25,DBC,14.750000,1638500,2026-09-05T01:17:07Z
2016-05-25,IEF,109.470001,890300,2026-09-05T01:17:07Z
2016-05-25,IWM,113.599998,26202900,2026-09-05T01:17:07Z
2016-05-25,SPY,209.279999,76621400,2026-09-05T01:17:07Z
2016-05-25,TIP,114.129997,546400,2026-09-05T01:17:07Z
2016-05-25,TLT,129.369995,6367400,2026-09-05T01:17:07Z
2016-05-25,VEA,36.700001,8883600,2026-09-05T01:17:07Z
2016-05-25,VNQ,83.070000,3250000,2026-09-05T01:17:07Z
2016-05-25,VWO,33.500000,10387000,2026-09-05T01:17:07Z
2016-05-26,BIL,45.700001,284150,2026-09-05T01:17:07Z
2016-05-26,DBC,14.740000,1422400,2026-09-05T01:17:07Z
2016-05-26,IEF,109.809998,998200,2026-09-05T01:17:07Z
2016-05-26,IWM,113.470001,15157200,2026-09-05T01:17:07Z
2016-05-26,SPY,209.339996,55280700,2026-09-05T01:17:07Z
2016-05-26,TIP,114.459999,1096900,2026-09-05T01:17:07Z
2016-05-26,TLT,130.039993,5419300,2026-09-05T01:17:07Z
2016-05-26,VEA,36.779999,6272900,2026-09-05T01:17:07Z
2016-05-26,VNQ,83.230003,3053400,2026-09-05T01:17:07Z
2016-05-26,VWO,33.720001,9200700,2026-09-05T01:17:07Z
2016-05-27,BIL,45.709999,270350,2026-09-05T01:17:07Z
2016-05-27,DBC,14.800000,1472500,2026-09-05T01:17:07Z
2016-05-27,IEF,109.599998,1995300,2026-09-05T01:17:07Z
2016-05-27,IWM,114.599998,21265100,2026-09-05T01:17:07Z
2016-05-27,SPY,210.240005,64211200,2026-09-05T01:17:07Z
2016-05-27,TIP,114.309998,532800,2026-09-05T01:17:07Z
2016-05-27,TLT,129.850006,5267600,2026-09-05T01:17:07Z
2016-05-27,VEA,36.730000,4320300,2026-09-05T01:17:07Z
2016-05-27,VNQ,83.680000,3006900,2026-09-05T01:17:07Z
2016-05-27,VWO,33.709999,13249900,2026-09-05T01:17:07Z
2016-05-31,BIL,45.709999,498850,2026-09-05T01:17:07Z
2016-05-31,DBC,14.710000,10015000,2026-09-05T01:17:07Z
2016-05-31,IEF,109.730003,1734700,2026-09-05T01:17:07Z
2016-05-31,IWM,115.000000,32764400,2026-09-05T01:17:07Z
2016-05-31,SPY,209.839996,109879400,2026-09-05T01:17:07Z
2016-05-31,TIP,114.139999,588700,2026-09-05T01:17:07Z
2016-05-31,TLT,130.160004,8344300,2026-09-05T01:17:07Z
2016-05-31,VEA,36.599998,14875800,2026-09-05T01:17:07Z
2016-05-31,VNQ,83.669998,4810900,2026-09-05T01:17:07Z
2016-05-31,VWO,33.799999,23613800,2026-09-05T01:17:07Z
2016-06-01,BIL,45.709999,578400,2026-09-05T01:17:07Z
2016-06-01,DBC,14.860000,3179200,2026-09-05T01:17:07Z
2016-06-01,IEF,109.529999,2786400,2026-09-05T01:17:07Z
2016-06-01,IWM,115.779999,26806100,2026-09-05T01:17:07Z
2016-06-01,SPY,210.270004,69936200,2026-09-05T01:17:07Z
2016-06-01,TIP,113.930000,5882800,2026-09-05T01:17:07Z
2016-06-01,TLT,130.419998,9874900,2026-09-05T01:17:07Z
2016-06-01,VEA,36.580002,8542300,2026-09-05T01:17:07Z
2016-06-01,VNQ,83.739998,4417500,2026-09-05T01:17:07Z
2016-06-01,VWO,33.770000,16739100,2026-09-05T01:17:07Z
2016-06-02,BIL,45.700001,175600,2026-09-05T01:17:07Z
2016-06-02,DBC,14.890000,6854400,2026-09-05T01:17:07Z
2016-06-02,IEF,109.870003,5038500,2026-09-05T01:17:07Z
2016-06-02,IWM,116.669998,23303300,2026-09-05T01:17:07Z
2016-06-02,SPY,210.910004,63044700,2026-09-05T01:17:07Z
2016-06-02,TIP,114.320000,1874200,2026-09-05T01:17:07Z
2016-06-02,TLT,131.360001,5835400,2026-09-05T01:17:07Z
2016-06-02,VEA,36.590000,4733700,2026-09-05T01:17:07Z
2016-06-02,VNQ,84.169998,8043500,2026-09-05T01:17:07Z
2016-06-02,VWO,34.040001,12816100,2026-09-05T01:17:07Z
2016-06-03,BIL,45.709999,735650,2026-09-05T01:17:07Z
2016-06-03,DBC,14.990000,2211300,2026-09-05T01:17:07Z
2016-06-03,IEF,110.889999,1971300,2026-09-05T01:17:07Z
2016-06-03,IWM,115.970001,28733200,2026-09-05T01:17:07Z
2016-06-03,SPY,210.279999,101757100,2026-09-05T01:17:07Z
2016-06-03,TIP,115.059998,580400,2026-09-05T01:17:07Z
2016-06-03,TLT,133.229996,11077200,2026-09-05T01:17:07Z
2016-06-03,VEA,36.880001,14495400,2026-09-05T01:17:07Z
2016-06-03,VNQ,84.510002,4295200,2026-09-05T01:17:07Z
2016-06-03,VWO,34.570000,31196000,2026-09-05T01:17:07Z
2016-06-06,BIL,45.720001,365550,2026-09-05T01:17:07Z
2016-06-06,DBC,15.170000,2936900,2026-09-05T01:17:07Z
2016-06-06,IEF,110.599998,1715700,2026-09-05T01:17:07Z
2016-06-06,IWM,117.220001,26946000,2026-09-05T01:17:07Z
2016-06-06,SPY,211.350006,64887000,2026-09-05T01:17:07Z
2016-06-06,TIP,115.190002,543800,2026-09-05T01:17:07Z
2016-06-06,TLT,132.240005,7573700,2026-09-05T01:17:07Z
2016-06-06,VEA,37.130001,9932900,2026-09-05T01:17:07Z
2016-06-06,VNQ,83.860001,3231900,2026-09-05T01:17:07Z
2016-06-06,VWO,34.860001,14301300,2026-09-05T01:17:07Z
2016-06-07,BIL,45.720001,154600,2026-09-05T01:17:07Z
2016-06-07,DBC,15.320000,1394200,2026-09-05T01:17:07Z
2016-06-07,IEF,110.760002,2672900,2026-09-05T01:17:07Z
2016-06-07,IWM,117.559998,21038500,2026-09-05T01:17:07Z
2016-06-07,SPY,211.679993,60974800,2026-09-05T01:17:07Z
2016-06-07,TIP,115.500000,1030600,2026-09-05T01:17:07Z
2016-06-07,TLT,132.559998,4680200,2026-09-05T01:17:07Z
2016-06-07,VEA,37.410000,4908800,2026-09-05T01:17:07Z
2016-06-07,VNQ,84.370003,2424600,2026-09-05T01:17:07Z
2016-06-07,VWO,35.200001,12981800,2026-09-05T01:17:07Z
2016-06-08,BIL,45.720001,250550,2026-09-05T01:17:07Z
2016-06-08,DBC,15.580000,2748200,2026-09-05T01:17:07Z
2016-06-08,IEF,110.889999,1284200,2026-09-05T01:17:07Z
2016-06-08,IWM,118.430000,27999900,2026-09-05T01:17:07Z
2016-06-08,SPY,212.369995,66170900,2026-09-05T01:17:07Z
2016-06-08,TIP,115.769997,1086500,2026-09-05T01:17:07Z
2016-06-08,TLT,133.270004,5313200,2026-09-05T01:17:07Z
2016-06-08,VEA,37.529999,4654100,2026-09-05T01:17:07Z
2016-06-08,VNQ,84.910004,3099000,2026-09-05T01:17:07Z
2016-06-08,VWO,35.490002,13666600,2026-09-05T01:17:07Z
2016-06-09,BIL,45.700001,1767200,2026-09-05T01:17:07Z
2016-06-09,DBC,15.550000,3062200,2026-09-05T01:17:07Z
2016-06-09,IEF,111.059998,1328400,2026-09-05T01:17:07Z
2016-06-09,IWM,117.669998,23440700,2026-09-05T01:17:07Z
2016-06-09,SPY,212.080002,73786900,2026-09-05T01:17:07Z
2016-06-09,TIP,115.809998,535500,2026-09-05T01:17:07Z
2016-06-09,TLT,134.130005,6820300,2026-09-05T01:17:07Z
2016-06-09,VEA,37.060001,6600600,2026-09-05T01:17:07Z
2016-06-09,VNQ,85.099998,4132700,2026-09-05T01:17:07Z
2016-06-09,VWO,35.090000,12983200,2026-09-05T01:17:07Z
2016-06-10,BIL,45.700001,278100,2026-09-05T01:17:07Z
2016-06-10,DBC,15.360000,2965700,2026-09-05T01:17:07Z
2016-06-10,IEF,111.449997,1878900,2026-09-05T01:17:07Z
2016-06-10,IWM,116.070000,32686800,2026-09-05T01:17:07Z
2016-06-10,SPY,210.070007,113829200,2026-09-05T01:17:07Z
2016-06-10,TIP,115.809998,662600,2026-09-05T01:17:07Z
2016-06-10,TLT,134.779999,6984600,2026-09-05T01:17:07Z
2016-06-10,VEA,36.060001,5918400,2026-09-05T01:17:07Z
2016-06-10,VNQ,84.699997,2538400,2026-09-05T01:17:07Z
2016-06-10,VWO,34.200001,13902700,2026-09-05T01:17:07Z
2016-06-13,BIL,45.700001,159100,2026-09-05T01:17:07Z
2016-06-13,DBC,15.360000,1594600,2026-09-05T01:17:07Z
2016-06-13,IEF,111.669998,1026200,2026-09-05T01:17:07Z
2016-06-13,IWM,114.809998,36169500,2026-09-05T01:17:07Z
2016-06-13,SPY,208.449997,117751200,2026-09-05T01:17:07Z
2016-06-13,TIP,115.660004,650500,2026-09-05T01:17:07Z
2016-06-13,TLT,135.380005,7283300,2026-09-05T01:17:07Z
2016-06-13,VEA,35.540001,10385200,2026-09-05T01:17:07Z
2016-06-13,VNQ,84.720001,3250300,2026-09-05T01:17:07Z
2016-06-13,VWO,33.770000,17217100,2026-09-05T01:17:07Z
2016-06-14,BIL,45.700001,771300,2026-09-05T01:17:07Z
2016-06-14,DBC,15.260000,1276500,2026-09-05T01:17:07Z
2016-06-14,IEF,111.639999,1390600,2026-09-05T01:17:07Z
2016-06-14,IWM,114.480003,34267600,2026-09-05T01:17:07Z
2016-06-14,SPY,208.039993,125059300,2026-09-05T01:17:07Z
2016-06-14,TIP,115.370003,659100,2026-09-05T01:17:07Z
2016-06-14,TLT,135.279999,9012500,2026-09-05T01:17:07Z
2016-06-14,VEA,34.560001,13060100,2026-09-05T01:17:07Z
2016-06-14,VNQ,84.500000,3437300,2026-09-05T01:17:07Z
2016-06-14,VWO,33.450001,21714100,2026-09-05T01:17:07Z
2016-06-15,BIL,45.700001,683100,2026-09-05T01:17:07Z
2016-06-15,DBC,15.180000,1829800,2026-09-05T01:17:07Z
2016-06-15,IEF,111.980003,2377600,2026-09-05T01:17:07Z
2016-06-15,IWM,114.559998,24197700,2026-09-05T01:17:07Z
2016-06-15,SPY,207.750000,109124500,2026-09-05T01:17:07Z
2016-06-15,TIP,115.910004,1116500,2026-09-05T01:17:07Z
2016-06-15,TLT,135.800003,7953200,2026-09-05T01:17:07Z
2016-06-15,VEA,34.790001,14624200,2026-09-05T01:17:07Z
2016-06-15,VNQ,85.300003,2829400,2026-09-05T01:17:07Z
2016-06-15,VWO,33.759998,14844500,2026-09-05T01:17:07Z
2016-06-16,BIL,45.709999,876400,2026-09-05T01:17:07Z
2016-06-16,DBC,14.920000,1836500,2026-09-05T01:17:07Z
2016-06-16,IEF,112.099998,3088700,2026-09-05T01:17:07Z
2016-06-16,IWM,114.550003,36306600,2026-09-05T01:17:07Z
2016-06-16,SPY,208.369995,149533100,2026-09-05T01:17:07Z
2016-06-16,TIP,115.680000,567100,2026-09-05T01:17:07Z
2016-06-16,TLT,136.460007,10372700,2026-09-05T01:17:07Z
2016-06-16,VEA,34.799999,10151400,2026-09-05T01:17:07Z
2016-06-16,VNQ,85.779999,2827100,2026-09-05T01:17:07Z
2016-06-16,VWO,33.680000,18044900,2026-09-05T01:17:07Z
2016-06-17,BIL,45.700001,463250,2026-09-05T01:17:07Z
2016-06-17,DBC,15.270000,2476300,2026-09-05T01:17:07Z
2016-06-17,IEF,111.720001,3140900,2026-09-05T01:17:07Z
2016-06-17,IWM,114.059998,30096400,2026-09-05T01:17:07Z
2016-06-17,SPY,206.520004,117055700,2026-09-05T01:17:07Z
2016-06-17,TIP,115.389999,747900,2026-09-05T01:17:07Z
2016-06-17,TLT,135.610001,8489900,2026-09-05T01:17:07Z
2016-06-17,VEA,35.130001,9513300,2026-09-05T01:17:07Z
2016-06-17,VNQ,85.639999,4408400,2026-09-05T01:17:07Z
2016-06-17,VWO,33.830002,25507600,2026-09-05T01:17:07Z
2016-06-20,BIL,45.709999,130900,2026-09-05T01:17:07Z
2016-06-20,DBC,15.410000,1654100,2026-09-05T01:17:07Z
2016-06-20,IEF,111.239998,1956500,2026-09-05T01:17:07Z
2016-06-20,IWM,115.300003,28219800,2026-09-05T01:17:07Z
2016-06-20,SPY,207.850006,82789600,2026-09-05T01:17:07Z
2016-06-20,TIP,115.059998,955400,2026-09-05T01:17:07Z
2016-06-20,TLT,134.160004,7365900,2026-09-05T01:17:07Z
2016-06-20,VEA,35.950001,13512400,2026-09-05T01:17:07Z
2016-06-20,VNQ,85.760002,3987000,2026-09-05T01:17:07Z
2016-06-20,VWO,34.320000,26054100,2026-09-05T01:17:07Z
2016-06-21,BIL,45.709999,965700,2026-09-05T01:17:07Z
2016-06-21,DBC,15.290000,1550500,2026-09-05T01:17:07Z
2016-06-21,IEF,110.989998,1494500,2026-09-05T01:17:07Z
2016-06-21,IWM,115.080002,34706800,2026-09-05T01:17:07Z
2016-06-21,SPY,208.440002,72461700,2026-09-05T01:17:07Z
2016-06-21,TIP,114.709999,1413800,2026-09-05T01:17:07Z
2016-06-21,TLT,133.539993,6005800,2026-09-05T01:17:07Z
2016-06-21,VEA,36.230000,9676800,2026-09-05T01:17:07Z
2016-06-21,VNQ,85.320000,3614700,2026-09-05T01:17:07Z
2016-06-21,VWO,34.580002,17067200,2026-09-05T01:17:07Z
2016-06-22,BIL,45.709999,171250,2026-09-05T01:17:07Z
2016-06-22,DBC,15.200000,2251100,2026-09-05T01:17:07Z
2016-06-22,IEF,111.209999,1378700,2026-09-05T01:17:07Z
2016-06-22,IWM,114.629997,27226100,2026-09-05T01:17:07Z
2016-06-22,SPY,208.100006,95560500,2026-09-05T01:17:07Z
2016-06-22,TIP,115.019997,3495300,2026-09-05T01:17:07Z
2016-06-22,TLT,133.759995,5773700,2026-09-05T01:17:07Z
2016-06-22,VEA,36.169998,14039300,2026-09-05T01:17:07Z
2016-06-22,VNQ,85.190002,3994500,2026-09-05T01:17:07Z
2016-06-22,VWO,34.630001,30414000,2026-09-05T01:17:07Z
2016-06-23,BIL,45.709999,1232700,2026-09-05T01:17:07Z
2016-06-23,DBC,15.320000,1561500,2026-09-05T01:17:07Z
2016-06-23,IEF,110.680000,1715000,2026-09-05T01:17:07Z
2016-06-23,IWM,116.820000,30240300,2026-09-05T01:17:07Z
2016-06-23,SPY,210.809998,102731400,2026-09-05T01:17:07Z
2016-06-23,TIP,115.059998,510300,2026-09-05T01:17:07Z
2016-06-23,TLT,132.229996,9029100,2026-09-05T01:17:07Z
2016-06-23,VEA,37.119999,7340800,2026-09-05T01:17:07Z
2016-06-23,VNQ,85.620003,1672700,2026-09-05T01:17:07Z
2016-06-23,VWO,35.490002,15544600,2026-09-05T01:17:07Z
2016-06-24,BIL,45.700001,640800,2026-09-05T01:17:07Z
2016-06-24,DBC,15.010000,1583000,2026-09-05T01:17:07Z
2016-06-24,IEF,112.209999,4390000,2026-09-05T01:17:07Z
2016-06-24,IWM,112.379997,74945400,2026-09-05T01:17:07Z
2016-06-24,SPY,203.240005,333444400,2026-09-05T01:17:07Z
2016-06-24,TIP,115.779999,1366100,2026-09-05T01:17:07Z
2016-06-24,TLT,135.779999,17155000,2026-09-05T01:17:07Z
2016-06-24,VEA,34.080002,20033400,2026-09-05T01:17:07Z
2016-06-24,VNQ,84.860001,5661700,2026-09-05T01:17:07Z
2016-06-24,VWO,33.480000,33890700,2026-09-05T01:17:07Z
2016-06-27,BIL,45.700001,3124250,2026-09-05T01:17:07Z
2016-06-27,DBC,14.980000,2276900,2026-09-05T01:17:07Z
2016-06-27,IEF,113.180000,4493700,2026-09-05T01:17:07Z
2016-06-27,IWM,108.690002,58358800,2026-09-05T01:17:07Z
2016-06-27,SPY,199.600006,230775800,2026-09-05T01:17:07Z
2016-06-27,TIP,116.120003,826100,2026-09-05T01:17:07Z
2016-06-27,TLT,139.169998,16577100,2026-09-05T01:17:07Z
2016-06-27,VEA,33.419998,16229100,2026-09-05T01:17:07Z
2016-06-27,VNQ,84.919998,4769800,2026-09-05T01:17:07Z
2016-06-27,VWO,33.130001,35826600,2026-09-05T01:17:07Z
2016-06-28,BIL,45.700001,794050,2026-09-05T01:17:07Z
2016-06-28,DBC,15.220000,1645800,2026-09-05T01:17:07Z
2016-06-28,IEF,113.160004,1799700,2026-09-05T01:17:07Z
2016-06-28,IWM,110.370003,42040600,2026-09-05T01:17:07Z
2016-06-28,SPY,203.199997,159382400,2026-09-05T01:17:07Z
2016-06-28,TIP,116.519997,729800,2026-09-05T01:17:07Z
2016-06-28,TLT,139.460007,14006400,2026-09-05T01:17:07Z
2016-06-28,VEA,34.310001,19627400,2026-09-05T01:17:07Z
2016-06-28,VNQ,86.709999,5128700,2026-09-05T01:17:07Z
2016-06-28,VWO,34.080002,17853600,2026-09-05T01:17:07Z
2016-06-29,BIL,45.700001,1667550,2026-09-05T01:17:07Z
2016-06-29,DBC,15.440000,1671000,2026-09-05T01:17:07Z
2016-06-29,IEF,112.699997,2670900,2026-09-05T01:17:07Z
2016-06-29,IWM,112.879997,34031600,2026-09-05T01:17:07Z
2016-06-29,SPY,206.660004,137328600,2026-09-05T01:17:07Z
2016-06-29,TIP,116.449997,792200,2026-09-05T01:17:07Z
2016-06-29,TLT,138.389999,12999800,2026-09-05T01:17:07Z
2016-06-29,VEA,34.930000,12729900,2026-09-05T01:17:07Z
2016-06-29,VNQ,87.760002,4395600,2026-09-05T01:17:07Z
2016-06-29,VWO,34.880001,16422300,2026-09-05T01:17:07Z
2016-06-30,BIL,45.700001,690150,2026-09-05T01:17:07Z
2016-06-30,DBC,15.350000,2216100,2026-09-05T01:17:07Z
2016-06-30,IEF,112.949997,5690800,2026-09-05T01:17:07Z
2016-06-30,IWM,114.980003,42973800,2026-09-05T01:17:07Z
2016-06-30,SPY,209.479996,165021900,2026-09-05T01:17:07Z
2016-06-30,TIP,116.669998,1322400,2026-09-05T01:17:07Z
2016-06-30,TLT,138.899994,14698500,2026-09-05T01:17:07Z
2016-06-30,VEA,35.360001,15905200,2026-09-05T01:17:07Z
2016-06-30,VNQ,88.669998,6555800,2026-09-05T01:17:07Z
2016-06-30,VWO,35.230000,24261600,2026-09-05T01:17:07Z
2016-07-01,BIL,45.720001,511550,2026-09-05T01:17:07Z
2016-07-01,DBC,15.540000,3913400,2026-09-05T01:17:07Z
2016-07-01,IEF,113.089996,5292300,2026-09-05T01:17:07Z
2016-07-01,IWM,115.389999,24401900,2026-09-05T01:17:07Z
2016-07-01,SPY,209.919998,106055300,2026-09-05T01:17:07Z
2016-07-01,TIP,117.059998,2362500,2026-09-05T01:17:07Z
2016-07-01,TLT,140.570007,15430200,2026-09-05T01:17:07Z
2016-07-01,VEA,35.439999,10763000,2026-09-05T01:17:07Z
2016-07-01,VNQ,88.699997,4731800,2026-09-05T01:17:07Z
2016-07-01,VWO,35.490002,18071300,2026-09-05T01:17:07Z
2016-07-05,BIL,45.720001,1129200,2026-09-05T01:17:07Z
2016-07-05,DBC,15.100000,4526800,2026-09-05T01:17:07Z
2016-07-05,IEF,113.709999,2926300,2026-09-05T01:17:07Z
2016-07-05,IWM,113.690002,29347200,2026-09-05T01:17:07Z
2016-07-05,SPY,208.410004,109803700,2026-09-05T01:17:07Z
2016-07-05,TIP,117.250000,691400,2026-09-05T01:17:07Z
2016-07-05,TLT,142.330002,8840800,2026-09-05T01:17:07Z
2016-07-05,VEA,34.740002,7082700,2026-09-05T01:17:07Z
2016-07-05,VNQ,89.680000,3808400,2026-09-05T01:17:07Z
2016-07-05,VWO,34.790001,21404200,2026-09-05T01:17:07Z
2016-07-06,BIL,45.709999,734450,2026-09-05T01:17:07Z
2016-07-06,DBC,15.160000,2535300,2026-09-05T01:17:07Z
2016-07-06,IEF,113.730003,1921600,2026-09-05T01:17:07Z
2016-07-06,IWM,113.889999,24678300,2026-09-05T01:17:07Z
2016-07-06,SPY,209.660004,96021500,2026-09-05T01:17:07Z
2016-07-06,TIP,117.529999,791300,2026-09-05T01:17:07Z
2016-07-06,TLT,142.559998,14352800,2026-09-05T01:17:07Z
2016-07-06,VEA,34.750000,10036700,2026-09-05T01:17:07Z
2016-07-06,VNQ,89.290001,4577200,2026-09-05T01:17:07Z
2016-07-06,VWO,34.790001,19563600,2026-09-05T01:17:07Z
2016-07-07,BIL,45.720001,199950,2026-09-05T01:17:07Z
2016-07-07,DBC,14.730000,3347900,2026-09-05T01:17:07Z
2016-07-07,IEF,113.580002,1323000,2026-09-05T01:17:07Z
2016-07-07,IWM,114.129997,20780600,2026-09-05T01:17:07Z
2016-07-07,SPY,209.529999,85593800,2026-09-05T01:17:07Z
2016-07-07,TIP,117.290001,1912700,2026-09-05T01:17:07Z
2016-07-07,TLT,142.550003,9676400,2026-09-05T01:17:07Z
2016-07-07,VEA,34.599998,6562500,2026-09-05T01:17:07Z
2016-07-07,VNQ,88.370003,5342000,2026-09-05T01:17:07Z
2016-07-07,VWO,34.639999,11178100,2026-09-05T01:17:07Z
2016-07-08,BIL,45.709999,724150,2026-09-05T01:17:07Z
2016-07-08,DBC,14.880000,1516800,2026-09-05T01:17:07Z
2016-07-08,IEF,113.800003,2097900,2026-09-05T01:17:07Z
2016-07-08,IWM,116.790001,37964800,2026-09-05T01:17:07Z
2016-07-08,SPY,212.649994,133971000,2026-09-05T01:17:07Z
2016-07-08,TIP,117.550003,1047800,2026-09-05T01:17:07Z
2016-07-08,TLT,143.600006,10355300,2026-09-05T01:17:07Z
2016-07-08,VEA,35.080002,5240300,2026-09-05T01:17:07Z
2016-07-08,VNQ,89.800003,2663400,2026-09-05T01:17:07Z
2016-07-08,VWO,35.410000,9527200,2026-09-05T01:17:07Z
2016-07-11,BIL,45.720001,580150,2026-09-05T01:17:07Z
2016-07-11,DBC,14.820000,1756600,2026-09-05T01:17:07Z
2016-07-11,IEF,113.199997,2728800,2026-09-05T01:17:07Z
2016-07-11,IWM,118.139999,26987300,2026-09-05T01:17:07Z
2016-07-11,SPY,213.399994,73633900,2026-09-05T01:17:07Z
2016-07-11,TIP,116.980003,904600,2026-09-05T01:17:07Z
2016-07-11,TLT,142.339996,8099000,2026-09-05T01:17:07Z
2016-07-11,VEA,35.560001,8942000,2026-09-05T01:17:07Z
2016-07-11,VNQ,90.400002,3381400,2026-09-05T01:17:07Z
2016-07-11,VWO,35.700001,15134400,2026-09-05T01:17:07Z
2016-07-12,BIL,45.700001,1158200,2026-09-05T01:17:07Z
2016-07-12,DBC,15.100000,1414900,2026-09-05T01:17:07Z
2016-07-12,IEF,112.529999,4116200,2026-09-05T01:17:07Z
2016-07-12,IWM,119.720001,44153000,2026-09-05T01:17:07Z
2016-07-12,SPY,214.949997,101275600,2026-09-05T01:17:07Z
2016-07-12,TIP,116.589996,894100,2026-09-05T01:17:07Z
2016-07-12,TLT,140.000000,15810600,2026-09-05T01:17:07Z
2016-07-12,VEA,36.060001,10073600,2026-09-05T01:17:07Z
2016-07-12,VNQ,90.389999,3727600,2026-09-05T01:17:07Z
2016-07-12,VWO,36.250000,18160500,2026-09-05T01:17:07Z
2016-07-13,BIL,45.709999,422500,2026-09-05T01:17:07Z
2016-07-13,DBC,14.910000,2742600,2026-09-05T01:17:07Z
2016-07-13,IEF,112.820000,3077200,2026-09-05T01:17:07Z
2016-07-13,IWM,119.250000,28050200,2026-09-05T01:17:07Z
2016-07-13,SPY,214.919998,87324100,2026-09-05T01:17:07Z
2016-07-13,TIP,116.839996,813200,2026-09-05T01:17:07Z
2016-07-13,TLT,141.649994,8181700,2026-09-05T01:17:07Z
2016-07-13,VEA,36.029999,8674400,2026-09-05T01:17:07Z
2016-07-13,VNQ,90.889999,4902800,2026-09-05T01:17:07Z
2016-07-13,VWO,36.189999,15234600,2026-09-05T01:17:07Z
2016-07-14,BIL,45.720001,2044250,2026-09-05T01:17:07Z
2016-07-14,DBC,14.970000,1645000,2026-09-05T01:17:07Z
2016-07-14,IEF,112.349998,2761900,2026-09-05T01:17:07Z
2016-07-14,IWM,119.370003,19345400,2026-09-05T01:17:07Z
2016-07-14,SPY,216.119995,91230900,2026-09-05T01:17:07Z
2016-07-14,TIP,116.540001,860500,2026-09-05T01:17:07Z
2016-07-14,TLT,139.589996,10817000,2026-09-05T01:17:07Z
2016-07-14,VEA,36.340000,6508900,2026-09-05T01:17:07Z
2016-07-14,VNQ,90.080002,3060500,2026-09-05T01:17:07Z
2016-07-14,VWO,36.689999,14575100,2026-09-05T01:17:07Z
2016-07-15,BIL,45.709999,93400,2026-09-05T01:17:07Z
2016-07-15,DBC,14.930000,1406800,2026-09-05T01:17:07Z
2016-07-15,IEF,111.919998,2811600,2026-09-05T01:17:07Z
2016-07-15,IWM,119.699997,23857300,2026-09-05T01:17:07Z
2016-07-15,SPY,215.830002,107155400,2026-09-05T01:17:07Z
2016-07-15,TIP,116.410004,2211600,2026-09-05T01:17:07Z
2016-07-15,TLT,138.389999,9958600,2026-09-05T01:17:07Z
2016-07-15,VEA,36.160000,6603800,2026-09-05T01:17:07Z
2016-07-15,VNQ,90.110001,3345600,2026-09-05T01:17:07Z
2016-07-15,VWO,36.560001,16445900,2026-09-05T01:17:07Z
2016-07-18,BIL,45.709999,167100,2026-09-05T01:17:07Z
2016-07-18,DBC,14.860000,1465100,2026-09-05T01:17:07Z
2016-07-18,IEF,111.889999,4173500,2026-09-05T01:17:07Z
2016-07-18,IWM,119.900002,17422400,2026-09-05T01:17:07Z
2016-07-18,SPY,216.410004,58725900,2026-09-05T01:17:07Z
2016-07-18,TIP,116.330002,928200,2026-09-05T01:17:07Z
2016-07-18,TLT,138.259995,5955900,2026-09-05T01:17:07Z
2016-07-18,VEA,36.240002,8629700,2026-09-05T01:17:07Z
2016-07-18,VNQ,90.349998,2699700,2026-09-05T01:17:07Z
2016-07-18,VWO,36.880001,10288200,2026-09-05T01:17:07Z
2016-07-19,BIL,45.720001,447400,2026-09-05T01:17:07Z
2016-07-19,DBC,14.770000,854300,2026-09-05T01:17:07Z
2016-07-19,IEF,112.190002,4171900,2026-09-05T01:17:07Z
2016-07-19,IWM,119.300003,19734100,2026-09-05T01:17:07Z
2016-07-19,SPY,216.190002,54345700,2026-09-05T01:17:07Z
2016-07-19,TIP,116.339996,1040100,2026-09-05T01:17:07Z
2016-07-19,TLT,139.039993,8073900,2026-09-05T01:17:07Z
2016-07-19,VEA,35.950001,4204200,2026-09-05T01:17:07Z
2016-07-19,VNQ,90.790001,1916500,2026-09-05T01:17:07Z
2016-07-19,VWO,36.560001,10503800,2026-09-05T01:17:07Z
2016-07-20,BIL,45.720001,167500,2026-09-05T01:17:07Z
2016-07-20,DBC,14.670000,1813100,2026-09-05T01:17:07Z
2016-07-20,IEF,111.959999,2213700,2026-09-05T01:17:07Z
2016-07-20,IWM,120.080002,22390500,2026-09-05T01:17:07Z
2016-07-20,SPY,217.089996,58159500,2026-09-05T01:17:07Z
2016-07-20,TIP,116.129997,789600,2026-09-05T01:17:07Z
2016-07-20,TLT,138.279999,6942500,2026-09-05T01:17:07Z
2016-07-20,VEA,36.209999,6348100,2026-09-05T01:17:07Z
2016-07-20,VNQ,90.800003,2100600,2026-09-05T01:17:07Z
2016-07-20,VWO,36.750000,7415600,2026-09-05T01:17:07Z
2016-07-21,BIL,45.720001,116700,2026-09-05T01:17:07Z
2016-07-21,DBC,14.590000,1309000,2026-09-05T01:17:07Z
2016-07-21,IEF,112.209999,1944700,2026-09-05T01:17:07Z
2016-07-21,IWM,119.510002,19018700,2026-09-05T01:17:07Z
2016-07-21,SPY,216.270004,67777300,2026-09-05T01:17:07Z
2016-07-21,TIP,116.180000,645900,2026-09-05T01:17:07Z
2016-07-21,TLT,138.559998,10398400,2026-09-05T01:17:07Z
2016-07-21,VEA,36.119999,8032800,2026-09-05T01:17:07Z
2016-07-21,VNQ,90.980003,2179600,2026-09-05T01:17:07Z
2016-07-21,VWO,36.650002,10652300,2026-09-05T01:17:07Z
2016-07-22,BIL,45.720001,180450,2026-09-05T01:17:07Z
2016-07-22,DBC,14.560000,1728300,2026-09-05T01:17:07Z
2016-07-22,IEF,112.120003,1140000,2026-09-05T01:17:07Z
2016-07-22,IWM,120.400002,17796100,2026-09-05T01:17:07Z
2016-07-22,SPY,217.240005,62787500,2026-09-05T01:17:07Z
2016-07-22,TIP,116.080002,820600,2026-09-05T01:17:07Z
2016-07-22,TLT,138.800003,5811400,2026-09-05T01:17:07Z
2016-07-22,VEA,36.139999,7760000,2026-09-05T01:17:07Z
2016-07-22,VNQ,91.779999,2482900,2026-09-05T01:17:07Z
2016-07-22,VWO,36.889999,13089900,2026-09-05T01:17:07Z
2016-07-25,BIL,45.709999,129050,2026-09-05T01:17:07Z
2016-07-25,DBC,14.400000,1248400,2026-09-05T01:17:07Z
2016-07-25,IEF,112.029999,889100,2026-09-05T01:17:07Z
2016-07-25,IWM,120.220001,13694600,2026-09-05T01:17:07Z
2016-07-25,SPY,216.649994,55873100,2026-09-05T01:17:07Z
2016-07-25,TIP,115.830002,770000,2026-09-05T01:17:07Z
2016-07-25,TLT,138.699997,4243800,2026-09-05T01:17:07Z
2016-07-25,VEA,36.080002,3846900,2026-09-05T01:17:07Z
2016-07-25,VNQ,91.610001,2374700,2026-09-05T01:17:07Z
2016-07-25,VWO,36.590000,7189200,2026-09-05T01:17:07Z
2016-07-26,BIL,45.709999,180700,2026-09-05T01:17:07Z
2016-07-26,DBC,14.340000,1451600,2026-09-05T01:17:07Z
2016-07-26,IEF,112.099998,1694100,2026-09-05T01:17:07Z
2016-07-26,IWM,120.800003,19551100,2026-09-05T01:17:07Z
2016-07-26,SPY,216.750000,70080500,2026-09-05T01:17:07Z
2016-07-26,TIP,116.029999,928800,2026-09-05T01:17:07Z
2016-07-26,TLT,138.919998,5243400,2026-09-05T01:17:07Z
2016-07-26,VEA,36.250000,4521600,2026-09-05T01:17:07Z
2016-07-26,VNQ,91.160004,2460200,2026-09-05T01:17:07Z
2016-07-26,VWO,36.810001,12670200,2026-09-05T01:17:07Z
2016-07-27,BIL,45.720001,220300,2026-09-05T01:17:07Z
2016-07-27,DBC,14.200000,2628900,2026-09-05T01:17:07Z
2016-07-27,IEF,112.580002,1962700,2026-09-05T01:17:07Z
2016-07-27,IWM,121.139999,21064700,2026-09-05T01:17:07Z
2016-07-27,SPY,216.520004,84083900,2026-09-05T01:17:07Z
2016-07-27,TIP,116.480003,714200,2026-09-05T01:17:07Z
2016-07-27,TLT,140.649994,8508100,2026-09-05T01:17:07Z
2016-07-27,VEA,36.410000,5256500,2026-09-05T01:17:07Z
2016-07-27,VNQ,90.449997,3935200,2026-09-05T01:17:07Z
2016-07-27,VWO,36.860001,13836300,2026-09-05T01:17:07Z
2016-07-28,BIL,45.709999,136700,2026-09-05T01:17:07Z
2016-07-28,DBC,14.160000,1235000,2026-09-05T01:17:07Z
2016-07-28,IEF,112.639999,1220200,2026-09-05T01:17:07Z
2016-07-28,IWM,120.830002,16540100,2026-09-05T01:17:07Z
2016-07-28,SPY,216.770004,65035700,2026-09-05T01:17:07Z
2016-07-28,TIP,116.639999,1113300,2026-09-05T01:17:07Z
2016-07-28,TLT,140.389999,7336100,2026-09-05T01:17:07Z
2016-07-28,VEA,36.410000,4251200,2026-09-05T01:17:07Z
2016-07-28,VNQ,91.290001,2853100,2026-09-05T01:17:07Z
2016-07-28,VWO,36.840000,8528500,2026-09-05T01:17:07Z
2016-07-29,BIL,45.720001,84000,2026-09-05T01:17:07Z
2016-07-29,DBC,14.280000,3017000,2026-09-05T01:17:07Z
2016-07-29,IEF,113.070000,2386800,2026-09-05T01:17:07Z
2016-07-29,IWM,121.070000,30267900,2026-09-05T01:17:07Z
2016-07-29,SPY,217.119995,79519400,2026-09-05T01:17:07Z
2016-07-29,TIP,116.900002,971500,2026-09-05T01:17:07Z
2016-07-29,TLT,141.559998,8766700,2026-09-05T01:17:07Z
2016-07-29,VEA,36.830002,5422100,2026-09-05T01:17:07Z
2016-07-29,VNQ,92.449997,3502600,2026-09-05T01:17:07Z
2016-07-29,VWO,37.040001,17030800,2026-09-05T01:17:07Z
2016-08-01,BIL,45.709999,97000,2026-09-05T01:17:07Z
2016-08-01,DBC,14.030000,4540600,2026-09-05T01:17:07Z
2016-08-01,IEF,112.519997,2479100,2026-09-05T01:17:07Z
2016-08-01,IWM,121.169998,34771700,2026-09-05T01:17:07Z
2016-08-01,SPY,216.940002,73311400,2026-09-05T01:17:07Z
2016-08-01,TIP,115.750000,3330800,2026-09-05T01:17:07Z
2016-08-01,TLT,139.770004,9809300,2026-09-05T01:17:07Z
2016-08-01,VEA,36.619999,10705200,2026-09-05T01:17:07Z
2016-08-01,VNQ,92.650002,3335100,2026-09-05T01:17:07Z
2016-08-01,VWO,36.900002,11055000,2026-09-05T01:17:07Z
2016-08-02,BIL,45.720001,267100,2026-09-05T01:17:07Z
2016-08-02,DBC,14.010000,3700300,2026-09-05T01:17:07Z
2016-08-02,IEF,112.250000,2920500,2026-09-05T01:17:07Z
2016-08-02,IWM,119.480003,28691000,2026-09-05T01:17:07Z
2016-08-02,SPY,215.550003,92295500,2026-09-05T01:17:07Z
2016-08-02,TIP,115.180000,1182500,2026-09-05T01:17:07Z
2016-08-02,TLT,138.330002,10051200,2026-09-05T01:17:07Z
2016-08-02,VEA,36.439999,7383400,2026-09-05T01:17:07Z
2016-08-02,VNQ,91.169998,3877100,2026-09-05T01:17:07Z
2016-08-02,VWO,36.700001,12871300,2026-09-05T01:17:07Z
2016-08-03,BIL,45.709999,658950,2026-09-05T01:17:07Z
2016-08-03,DBC,14.240000,2559600,2026-09-05T01:17:07Z
2016-08-03,IEF,112.309998,1148600,2026-09-05T01:17:07Z
2016-08-03,IWM,120.449997,17830300,2026-09-05T01:17:07Z
2016-08-03,SPY,216.179993,53993600,2026-09-05T01:17:07Z
2016-08-03,TIP,115.510002,968500,2026-09-05T01:17:07Z
2016-08-03,TLT,138.410004,4930600,2026-09-05T01:17:07Z
2016-08-03,VEA,36.299999,7072300,2026-09-05T01:17:07Z
2016-08-03,VNQ,90.639999,3829400,2026-09-05T01:17:07Z
2016-08-03,VWO,36.900002,14441500,2026-09-05T01:17:07Z
2016-08-04,BIL,45.709999,128750,2026-09-05T01:17:07Z
2016-08-04,DBC,14.300000,1414600,2026-09-05T01:17:07Z
2016-08-04,IEF,112.580002,1065000,2026-09-05T01:17:07Z
2016-08-04,IWM,120.559998,17526700,2026-09-05T01:17:07Z
2016-08-04,SPY,216.410004,46585500,2026-09-05T01:17:07Z
2016-08-04,TIP,115.989998,591000,2026-09-05T01:17:07Z
2016-08-04,TLT,139.449997,5646000,2026-09-05T01:17:07Z
2016-08-04,VEA,36.509998,7456400,2026-09-05T01:17:07Z
2016-08-04,VNQ,90.269997,2649700,2026-09-05T01:17:07Z
2016-08-04,VWO,37.080002,17134100,2026-09-05T01:17:07Z
2016-08-05,BIL,45.709999,192100,2026-09-05T01:17:07Z
2016-08-05,DBC,14.360000,2201400,2026-09-05T01:17:07Z
2016-08-05,IEF,111.879997,2368100,2026-09-05T01:17:07Z
2016-08-05,IWM,122.300003,28643400,2026-09-05T01:17:07Z
2016-08-05,SPY,218.179993,71892200,2026-09-05T01:17:07Z
2016-08-05,TIP,115.709999,628500,2026-09-05T01:17:07Z
2016-08-05,TLT,138.000000,7778600,2026-09-05T01:17:07Z
2016-08-05,VEA,36.639999,4473600,2026-09-05T01:17:07Z
2016-08-05,VNQ,90.330002,2941600,2026-09-05T01:17:07Z
2016-08-05,VWO,37.490002,12316500,2026-09-05T01:17:07Z
2016-08-08,BIL,45.709999,161400,2026-09-05T01:17:07Z
2016-08-08,DBC,14.440000,2999900,2026-09-05T01:17:07Z
2016-08-08,IEF,111.820000,1304000,2026-09-05T01:17:07Z
2016-08-08,IWM,122.239998,14625700,2026-09-05T01:17:07Z
2016-08-08,SPY,218.050003,39906500,2026-09-05T01:17:07Z
2016-08-08,TIP,115.790001,881300,2026-09-05T01:17:07Z
2016-08-08,TLT,138.259995,5185200,2026-09-05T01:17:07Z
2016-08-08,VEA,36.759998,4865100,2026-09-05T01:17:07Z
2016-08-08,VNQ,90.489998,2240200,2026-09-05T01:17:07Z
2016-08-08,VWO,37.730000,8541800,2026-09-05T01:17:07Z
2016-08-09,BIL,45.709999,1148800,2026-09-05T01:17:07Z
2016-08-09,DBC,14.400000,1660300,2026-09-05T01:17:07Z
2016-08-09,IEF,112.220001,1817000,2026-09-05T01:17:07Z
2016-08-09,IWM,122.370003,12487700,2026-09-05T01:17:07Z
2016-08-09,SPY,218.179993,51251700,2026-09-05T01:17:07Z
2016-08-09,TIP,116.070000,633000,2026-09-05T01:17:07Z
2016-08-09,TLT,139.619995,5503200,2026-09-05T01:17:07Z
2016-08-09,VEA,37.060001,7133900,2026-09-05T01:17:07Z
2016-08-09,VNQ,90.980003,3474300,2026-09-05T01:17:07Z
2016-08-09,VWO,37.980000,12643400,2026-09-05T01:17:07Z
2016-08-10,BIL,45.709999,100450,2026-09-05T01:17:07Z
2016-08-10,DBC,14.230000,2213200,2026-09-05T01:17:07Z
2016-08-10,IEF,112.519997,1262500,2026-09-05T01:17:07Z
2016-08-10,IWM,121.489998,19138100,2026-09-05T01:17:07Z
2016-08-10,SPY,217.639999,57941100,2026-09-05T01:17:07Z
2016-08-10,TIP,116.099998,883800,2026-09-05T01:17:07Z
2016-08-10,TLT,140.160004,5843500,2026-09-05T01:17:07Z
2016-08-10,VEA,37.189999,4781100,2026-09-05T01:17:07Z
2016-08-10,VNQ,90.879997,5302900,2026-09-05T01:17:07Z
2016-08-10,VWO,37.889999,12931300,2026-09-05T01:17:07Z
2016-08-11,BIL,45.709999,98900,2026-09-05T01:17:07Z
2016-08-11,DBC,14.450000,1959300,2026-09-05T01:17:07Z
2016-08-11,IEF,111.980003,1823600,2026-09-05T01:17:07Z
2016-08-11,IWM,122.070000,21144600,2026-09-05T01:17:07Z
2016-08-11,SPY,218.649994,72504300,2026-09-05T01:17:07Z
2016-08-11,TIP,115.790001,690800,2026-09-05T01:17:07Z
2016-08-11,TLT,138.910004,7624600,2026-09-05T01:17:07Z
2016-08-11,VEA,37.470001,3871100,2026-09-05T01:17:07Z
2016-08-11,VNQ,89.849998,4788300,2026-09-05T01:17:07Z
2016-08-11,VWO,38.330002,15284900,2026-09-05T01:17:07Z
2016-08-12,BIL,45.709999,101150,2026-09-05T01:17:07Z
2016-08-12,DBC,14.560000,1653700,2026-09-05T01:17:07Z
2016-08-12,IEF,112.379997,1377100,2026-09-05T01:17:07Z
2016-08-12,IWM,122.190002,12251200,2026-09-05T01:17:07Z
2016-08-12,SPY,218.460007,61313500,2026-09-05T01:17:07Z
2016-08-12,TIP,116.089996,1798200,2026-09-05T01:17:07Z
2016-08-12,TLT,140.080002,7989600,2026-09-05T01:17:07Z
2016-08-12,VEA,37.369999,3882600,2026-09-05T01:17:07Z
2016-08-12,VNQ,90.230003,2972100,2026-09-05T01:17:07Z
2016-08-12,VWO,38.180000,10770300,2026-09-05T01:17:07Z
2016-08-15,BIL,45.709999,296650,2026-09-05T01:17:07Z
2016-08-15,DBC,14.800000,1281800,2026-09-05T01:17:07Z
2016-08-15,IEF,112.050003,1031800,2026-09-05T01:17:07Z
2016-08-15,IWM,123.400002,22048000,2026-09-05T01:17:07Z
2016-08-15,SPY,219.089996,49813500,2026-09-05T01:17:07Z
2016-08-15,TIP,115.790001,604700,2026-09-05T01:17:07Z
2016-08-15,TLT,138.759995,5108600,2026-09-05T01:17:07Z
2016-08-15,VEA,37.529999,6785800,2026-09-05T01:17:07Z
2016-08-15,VNQ,90.139999,2961400,2026-09-05T01:17:07Z
2016-08-15,VWO,38.599998,9350500,2026-09-05T01:17:07Z
2016-08-16,BIL,45.709999,101000,2026-09-05T01:17:07Z
2016-08-16,DBC,14.920000,3543400,2026-09-05T01:17:07Z
2016-08-16,IEF,111.860001,1433500,2026-09-05T01:17:07Z
2016-08-16,IWM,122.400002,20244300,2026-09-05T01:17:07Z
2016-08-16,SPY,217.960007,53213600,2026-09-05T01:17:07Z
2016-08-16,TIP,115.629997,800300,2026-09-05T01:17:07Z
2016-08-16,TLT,138.389999,6182700,2026-09-05T01:17:07Z
2016-08-16,VEA,37.439999,6848000,2026-09-05T01:17:07Z
2016-08-16,VNQ,89.059998,4166800,2026-09-05T01:17:07Z
2016-08-16,VWO,38.400002,26223200,2026-09-05T01:17:07Z
2016-08-17,BIL,45.709999,342800,2026-09-05T01:17:07Z
2016-08-17,DBC,14.980000,2806700,2026-09-05T01:17:07Z
2016-08-17,IEF,112.040001,1733900,2026-09-05T01:17:07Z
2016-08-17,IWM,122.040001,20632600,2026-09-05T01:17:07Z
2016-08-17,SPY,218.369995,75134300,2026-09-05T01:17:07Z
2016-08-17,TIP,115.980003,509500,2026-09-05T01:17:07Z
2016-08-17,TLT,139.220001,5002000,2026-09-05T01:17:07Z
2016-08-17,VEA,37.439999,6099900,2026-09-05T01:17:07Z
2016-08-17,VNQ,89.419998,5192000,2026-09-05T01:17:07Z
2016-08-17,VWO,38.259998,22088600,2026-09-05T01:17:07Z
2016-08-18,BIL,45.720001,109350,2026-09-05T01:17:07Z
2016-08-18,DBC,15.170000,1961600,2026-09-05T01:17:07Z
2016-08-18,IEF,112.239998,1245600,2026-09-05T01:17:07Z
2016-08-18,IWM,122.940002,16244600,2026-09-05T01:17:07Z
2016-08-18,SPY,218.860001,52989300,2026-09-05T01:17:07Z
2016-08-18,TIP,116.180000,895700,2026-09-05T01:17:07Z
2016-08-18,TLT,139.440002,3805200,2026-09-05T01:17:07Z
2016-08-18,VEA,37.630001,4580100,2026-09-05T01:17:07Z
2016-08-18,VNQ,89.089996,4074800,2026-09-05T01:17:07Z
2016-08-18,VWO,38.570000,8914100,2026-09-05T01:17:07Z
2016-08-19,BIL,45.709999,120200,2026-09-05T01:17:07Z
2016-08-19,DBC,15.120000,1215400,2026-09-05T01:17:07Z
2016-08-19,IEF,111.860001,1396700,2026-09-05T01:17:07Z
2016-08-19,IWM,122.940002,17379500,2026-09-05T01:17:07Z
2016-08-19,SPY,218.539993,75443000,2026-09-05T01:17:07Z
2016-08-19,TIP,115.989998,501300,2026-09-05T01:17:07Z
2016-08-19,TLT,138.710007,5516300,2026-09-05T01:17:07Z
2016-08-19,VEA,37.349998,5043300,2026-09-05T01:17:07Z
2016-08-19,VNQ,88.519997,3284900,2026-09-05T01:17:07Z
2016-08-19,VWO,38.340000,11658200,2026-09-05T01:17:07Z
2016-08-22,BIL,45.709999,1466200,2026-09-05T01:17:07Z
2016-08-22,DBC,14.980000,931700,2026-09-05T01:17:07Z
2016-08-22,IEF,112.110001,1084600,2026-09-05T01:17:07Z
2016-08-22,IWM,123.220001,16929700,2026-09-05T01:17:07Z
2016-08-22,SPY,218.529999,61368800,2026-09-05T01:17:07Z
2016-08-22,TIP,116.230003,576600,2026-09-05T01:17:07Z
2016-08-22,TLT,139.880005,5549700,2026-09-05T01:17:07Z
2016-08-22,VEA,37.380001,4844400,2026-09-05T01:17:07Z
2016-08-22,VNQ,89.000000,3671000,2026-09-05T01:17:07Z
2016-08-22,VWO,37.860001,12970200,2026-09-05T01:17:07Z
2016-08-23,BIL,45.709999,124250,2026-09-05T01:17:07Z
2016-08-23,DBC,15.040000,934000,2026-09-05T01:17:07Z
2016-08-23,IEF,112.099998,939900,2026-09-05T01:17:07Z
2016-08-23,IWM,124.080002,21539400,2026-09-05T01:17:07Z
2016-08-23,SPY,218.970001,53399200,2026-09-05T01:17:07Z
2016-08-23,TIP,116.389999,1067800,2026-09-05T01:17:07Z
2016-08-23,TLT,140.029999,6841400,2026-09-05T01:17:07Z
2016-08-23,VEA,37.540001,7786300,2026-09-05T01:17:07Z
2016-08-23,VNQ,89.050003,6526100,2026-09-05T01:17:07Z
2016-08-23,VWO,37.669998,14133800,2026-09-05T01:17:07Z
2016-08-24,BIL,45.720001,85100,2026-09-05T01:17:07Z
2016-08-24,DBC,14.860000,1471700,2026-09-05T01:17:07Z
2016-08-24,IEF,112.059998,1345600,2026-09-05T01:17:07Z
2016-08-24,IWM,123.070000,21533400,2026-09-05T01:17:07Z
2016-08-24,SPY,217.850006,71728900,2026-09-05T01:17:07Z
2016-08-24,TIP,116.209999,914200,2026-09-05T01:17:07Z
2016-08-24,TLT,139.699997,6027800,2026-09-05T01:17:07Z
2016-08-24,VEA,37.430000,9368300,2026-09-05T01:17:07Z
2016-08-24,VNQ,88.660004,6064800,2026-09-05T01:17:07Z
2016-08-24,VWO,37.779999,19143000,2026-09-05T01:17:07Z
2016-08-25,BIL,45.709999,154050,2026-09-05T01:17:07Z
2016-08-25,DBC,14.920000,694600,2026-09-05T01:17:07Z
2016-08-25,IEF,111.879997,1037700,2026-09-05T01:17:07Z
2016-08-25,IWM,123.309998,17023200,2026-09-05T01:17:07Z
2016-08-25,SPY,217.699997,69224800,2026-09-05T01:17:07Z
2016-08-25,TIP,116.150002,1819600,2026-09-05T01:17:07Z
2016-08-25,TLT,139.169998,5855500,2026-09-05T01:17:07Z
2016-08-25,VEA,37.310001,4531800,2026-09-05T01:17:07Z
2016-08-25,VNQ,89.059998,3219700,2026-09-05T01:17:07Z
2016-08-25,VWO,37.770000,17293700,2026-09-05T01:17:07Z
2016-08-26,BIL,45.709999,182050,2026-09-05T01:17:07Z
2016-08-26,DBC,14.870000,808500,2026-09-05T01:17:07Z
2016-08-26,IEF,111.449997,1988300,2026-09-05T01:17:07Z
2016-08-26,IWM,123.059998,26734400,2026-09-05T01:17:07Z
2016-08-26,SPY,217.289993,122506300,2026-09-05T01:17:07Z
2016-08-26,TIP,115.699997,1004500,2026-09-05T01:17:07Z
2016-08-26,TLT,138.360001,12962500,2026-09-05T01:17:07Z
2016-08-26,VEA,37.049999,8167800,2026-09-05T01:17:07Z
2016-08-26,VNQ,88.180000,5844000,2026-09-05T01:17:07Z
2016-08-26,VWO,37.470001,24056100,2026-09-05T01:17:07Z
2016-08-29,BIL,45.720001,330350,2026-09-05T01:17:07Z
2016-08-29,DBC,14.810000,841700,2026-09-05T01:17:07Z
2016-08-29,IEF,111.910004,1497400,2026-09-05T01:17:07Z
2016-08-29,IWM,123.699997,14013900,2026-09-05T01:17:07Z
2016-08-29,SPY,218.360001,70502200,2026-09-05T01:17:07Z
2016-08-29,TIP,116.120003,696200,2026-09-05T01:17:07Z
2016-08-29,TLT,140.210007,7310400,2026-09-05T01:17:07Z
2016-08-29,VEA,37.189999,4362900,2026-09-05T01:17:07Z
2016-08-29,VNQ,89.050003,3318600,2026-09-05T01:17:07Z
2016-08-29,VWO,37.750000,9128800,2026-09-05T01:17:07Z
2016-08-30,BIL,45.720001,299450,2026-09-05T01:17:07Z
2016-08-30,DBC,14.670000,1382300,2026-09-05T01:17:07Z
2016-08-30,IEF,111.900002,2498400,2026-09-05T01:17:07Z
2016-08-30,IWM,123.930000,14031300,2026-09-05T01:17:07Z
2016-08-30,SPY,218.000000,58114500,2026-09-05T01:17:07Z
2016-08-30,TIP,116.019997,579500,2026-09-05T01:17:07Z
2016-08-30,TLT,139.669998,5161800,2026-09-05T01:17:07Z
2016-08-30,VEA,37.110001,4919800,2026-09-05T01:17:07Z
2016-08-30,VNQ,88.879997,3431900,2026-09-05T01:17:07Z
2016-08-30,VWO,37.689999,12146200,2026-09-05T01:17:07Z
2016-08-31,BIL,45.720001,190000,2026-09-05T01:17:07Z
2016-08-31,DBC,14.390000,13259500,2026-09-05T01:17:07Z
2016-08-31,IEF,111.769997,2008100,2026-09-05T01:17:07Z
2016-08-31,IWM,123.230003,29236300,2026-09-05T01:17:07Z
2016-08-31,SPY,217.380005,85269500,2026-09-05T01:17:07Z
2016-08-31,TIP,116.040001,690900,2026-09-05T01:17:07Z
2016-08-31,TLT,139.869995,7349700,2026-09-05T01:17:07Z
2016-08-31,VEA,36.980000,5791700,2026-09-05T01:17:07Z
2016-08-31,VNQ,88.970001,5003000,2026-09-05T01:17:07Z
2016-08-31,VWO,37.330002,20049800,2026-09-05T01:17:07Z
2016-09-01,BIL,45.720001,174350,2026-09-05T01:17:07Z
2016-09-01,DBC,14.230000,2227000,2026-09-05T01:17:07Z
2016-09-01,IEF,111.790001,1775900,2026-09-05T01:17:07Z
2016-09-01,IWM,123.320000,22964700,2026-09-05T01:17:07Z
2016-09-01,SPY,217.389999,97844200,2026-09-05T01:17:07Z
2016-09-01,TIP,115.720001,3705600,2026-09-05T01:17:07Z
2016-09-01,TLT,139.770004,9149100,2026-09-05T01:17:07Z
2016-09-01,VEA,37.290001,5829300,2026-09-05T01:17:07Z
2016-09-01,VNQ,88.750000,4098000,2026-09-05T01:17:07Z
2016-09-01,VWO,37.529999,18507300,2026-09-05T01:17:07Z
2016-09-02,BIL,45.730000,307000,2026-09-05T01:17:07Z
2016-09-02,DBC,14.390000,3184400,2026-09-05T01:17:07Z
2016-09-02,IEF,111.500000,1550100,2026-09-05T01:17:07Z
2016-09-02,IWM,124.510002,23083300,2026-09-05T01:17:07Z
2016-09-02,SPY,218.369995,79293900,2026-09-05T01:17:07Z
2016-09-02,TIP,115.589996,1089300,2026-09-05T01:17:07Z
2016-09-02,TLT,138.630005,8397000,2026-09-05T01:17:07Z
2016-09-02,VEA,37.669998,5723200,2026-09-05T01:17:07Z
2016-09-02,VNQ,89.519997,4439500,2026-09-05T01:17:07Z
2016-09-02,VWO,38.099998,18244600,2026-09-05T01:17:07Z
2016-09-06,BIL,45.730000,352500,2026-09-05T01:17:07Z
2016-09-06,DBC,14.490000,1680200,2026-09-05T01:17:07Z
2016-09-06,IEF,112.019997,1284000,2026-09-05T01:17:07Z
2016-09-06,IWM,124.629997,13711000,2026-09-05T01:17:07Z
2016-09-06,SPY,219.029999,56702100,2026-09-05T01:17:07Z
2016-09-06,TIP,116.139999,1670800,2026-09-05T01:17:07Z
2016-09-06,TLT,139.639999,8542600,2026-09-05T01:17:07Z
2016-09-06,VEA,38.029999,5048700,2026-09-05T01:17:07Z
2016-09-06,VNQ,90.209999,3874300,2026-09-05T01:17:07Z
2016-09-06,VWO,38.759998,20559900,2026-09-05T01:17:07Z
2016-09-07,BIL,45.720001,790650,2026-09-05T01:17:07Z
2016-09-07,DBC,14.620000,1148500,2026-09-05T01:17:07Z
2016-09-07,IEF,112.080002,836800,2026-09-05T01:17:07Z
2016-09-07,IWM,125.410004,17830500,2026-09-05T01:17:07Z
2016-09-07,SPY,219.009995,76554900,2026-09-05T01:17:07Z
2016-09-07,TIP,116.290001,811800,2026-09-05T01:17:07Z
2016-09-07,TLT,139.539993,5421800,2026-09-05T01:17:07Z
2016-09-07,VEA,38.029999,5116800,2026-09-05T01:17:07Z
2016-09-07,VNQ,90.750000,2874200,2026-09-05T01:17:07Z
2016-09-07,VWO,38.709999,15457800,2026-09-05T01:17:07Z
2016-09-08,BIL,45.720001,497150,2026-09-05T01:17:07Z
2016-09-08,DBC,14.880000,2248200,2026-09-05T01:17:07Z
2016-09-08,IEF,111.529999,1287300,2026-09-05T01:17:07Z
2016-09-08,IWM,125.160004,16265500,2026-09-05T01:17:07Z
2016-09-08,SPY,218.509995,74102900,2026-09-05T01:17:07Z
2016-09-08,TIP,115.879997,668000,2026-09-05T01:17:07Z
2016-09-08,TLT,137.789993,14301500,2026-09-05T01:17:07Z
2016-09-08,VEA,37.950001,8884200,2026-09-05T01:17:07Z
2016-09-08,VNQ,89.639999,3123900,2026-09-05T01:17:07Z
2016-09-08,VWO,38.630001,23677200,2026-09-05T01:17:07Z
2016-09-09,BIL,45.730000,342800,2026-09-05T01:17:07Z
2016-09-09,DBC,14.650000,2072800,2026-09-05T01:17:07Z
2016-09-09,IEF,111.000000,1700700,2026-09-05T01:17:07Z
2016-09-09,IWM,121.250000,54239000,2026-09-05T01:17:07Z
2016-09-09,SPY,213.279999,221589100,2026-09-05T01:17:07Z
2016-09-09,TIP,115.080002,863400,2026-09-05T01:17:07Z
2016-09-09,TLT,135.520004,13347700,2026-09-05T01:17:07Z
2016-09-09,VEA,37.150002,7267600,2026-09-05T01:17:07Z
2016-09-09,VNQ,86.089996,7589300,2026-09-05T01:17:07Z
2016-09-09,VWO,37.410000,17067000,2026-09-05T01:17:07Z
2016-09-12,BIL,45.709999,725000,2026-09-05T01:17:07Z
2016-09-12,DBC,14.650000,2022200,2026-09-05T01:17:07Z
2016-09-12,IEF,111.099998,1446600,2026-09-05T01:17:07Z
2016-09-12,IWM,122.940002,33408100,2026-09-05T01:17:07Z
2016-09-12,SPY,216.339996,168110900,2026-09-05T01:17:07Z
2016-09-12,TIP,115.120003,776100,2026-09-05T01:17:07Z
2016-09-12,TLT,135.589996,9096600,2026-09-05T01:17:07Z
2016-09-12,VEA,37.439999,6300300,2026-09-05T01:17:07Z
2016-09-12,VNQ,87.110001,7088200,2026-09-05T01:17:07Z
2016-09-12,VWO,37.720001,18950400,2026-09-05T01:17:07Z
2016-09-13,BIL,45.720001,264650,2026-09-05T01:17:07Z
2016-09-13,DBC,14.460000,1215500,2026-09-05T01:17:07Z
2016-09-13,IEF,110.690002,1993700,2026-09-05T01:17:07Z
2016-09-13,IWM,120.580002,47536200,2026-09-05T01:17:07Z
2016-09-13,SPY,213.229996,182828800,2026-09-05T01:17:07Z
2016-09-13,TIP,114.610001,1087800,2026-09-05T01:17:07Z
2016-09-13,TLT,134.050003,15645400,2026-09-05T01:17:07Z
2016-09-13,VEA,36.480000,11134200,2026-09-05T01:17:07Z
2016-09-13,VNQ,84.339996,7223000,2026-09-05T01:17:07Z
2016-09-13,VWO,36.340000,26155200,2026-09-05T01:17:07Z
2016-09-14,BIL,45.720001,202550,2026-09-05T01:17:07Z
2016-09-14,DBC,14.350000,1505100,2026-09-05T01:17:07Z
2016-09-14,IEF,110.940002,1062100,2026-09-05T01:17:07Z
2016-09-14,IWM,120.599998,30545500,2026-09-05T01:17:07Z
2016-09-14,SPY,213.149994,134185500,2026-09-05T01:17:07Z
2016-09-14,TIP,114.790001,688100,2026-09-05T01:17:07Z
2016-09-14,TLT,134.250000,7037700,2026-09-05T01:17:07Z
2016-09-14,VEA,36.459999,9598400,2026-09-05T01:17:07Z
2016-09-14,VNQ,84.610001,4781900,2026-09-05T01:17:07Z
2016-09-14,VWO,36.470001,19857100,2026-09-05T01:17:07Z
2016-09-15,BIL,45.720001,374150,2026-09-05T01:17:07Z
2016-09-15,DBC,14.420000,1056200,2026-09-05T01:17:07Z
2016-09-15,IEF,110.970001,994100,2026-09-05T01:17:07Z
2016-09-15,IWM,122.040001,29499800,2026-09-05T01:17:07Z
2016-09-15,SPY,215.279999,134427900,2026-09-05T01:17:07Z
2016-09-15,TIP,114.760002,698300,2026-09-05T01:17:07Z
2016-09-15,TLT,133.669998,9874500,2026-09-05T01:17:07Z
2016-09-15,VEA,36.779999,9381500,2026-09-05T01:17:07Z
2016-09-15,VNQ,84.930000,4320500,2026-09-05T01:17:07Z
2016-09-15,VWO,37.049999,15309100,2026-09-05T01:17:07Z
2016-09-16,BIL,45.720001,425950,2026-09-05T01:17:07Z
2016-09-16,DBC,14.440000,977800,2026-09-05T01:17:07Z
2016-09-16,IEF,111.089996,833600,2026-09-05T01:17:07Z
2016-09-16,IWM,121.860001,31940500,2026-09-05T01:17:07Z
2016-09-16,SPY,213.369995,155236400,2026-09-05T01:17:07Z
2016-09-16,TIP,114.949997,1003200,2026-09-05T01:17:07Z
2016-09-16,TLT,134.750000,7507900,2026-09-05T01:17:07Z
2016-09-16,VEA,36.330002,7787700,2026-09-05T01:17:07Z
2016-09-16,VNQ,84.970001,6251400,2026-09-05T01:17:07Z
2016-09-16,VWO,36.799999,18397800,2026-09-05T01:17:07Z
2016-09-19,BIL,45.720001,1269550,2026-09-05T01:17:07Z
2016-09-19,DBC,14.430000,2235400,2026-09-05T01:17:07Z
2016-09-19,IEF,110.900002,490400,2026-09-05T01:17:07Z
2016-09-19,IWM,122.669998,22807000,2026-09-05T01:17:07Z
2016-09-19,SPY,213.410004,80250500,2026-09-05T01:17:07Z
2016-09-19,TIP,114.809998,517700,2026-09-05T01:17:07Z
2016-09-19,TLT,134.309998,7105900,2026-09-05T01:17:07Z
2016-09-19,VEA,36.570000,7653400,2026-09-05T01:17:07Z
2016-09-19,VNQ,85.739998,3407700,2026-09-05T01:17:07Z
2016-09-19,VWO,37.110001,12623900,2026-09-05T01:17:07Z
2016-09-20,BIL,45.720001,706800,2026-09-05T01:17:07Z
2016-09-20,DBC,14.480000,1666700,2026-09-05T01:17:07Z
2016-09-20,IEF,111.070000,1177800,2026-09-05T01:17:07Z
2016-09-20,IWM,122.150002,16877900,2026-09-05T01:17:07Z
2016-09-20,SPY,213.419998,69665300,2026-09-05T01:17:07Z
2016-09-20,TIP,114.790001,485200,2026-09-05T01:17:07Z
2016-09-20,TLT,134.779999,6054800,2026-09-05T01:17:07Z
2016-09-20,VEA,36.730000,5993200,2026-09-05T01:17:07Z
2016-09-20,VNQ,85.610001,3905800,2026-09-05T01:17:07Z
2016-09-20,VWO,37.119999,18862700,2026-09-05T01:17:07Z
2016-09-21,BIL,45.720001,536150,2026-09-05T01:17:07Z
2016-09-21,DBC,14.660000,1457700,2026-09-05T01:17:07Z
2016-09-21,IEF,111.250000,1108300,2026-09-05T01:17:07Z
2016-09-21,IWM,123.919998,30784700,2026-09-05T01:17:07Z
2016-09-21,SPY,215.820007,110284400,2026-09-05T01:17:07Z
2016-09-21,TIP,115.330002,842600,2026-09-05T01:17:07Z
2016-09-21,TLT,135.869995,10698100,2026-09-05T01:17:07Z
2016-09-21,VEA,37.430000,10972100,2026-09-05T01:17:07Z
2016-09-21,VNQ,86.709999,6905000,2026-09-05T01:17:07Z
2016-09-21,VWO,38.020000,25792800,2026-09-05T01:17:07Z
2016-09-22,BIL,45.730000,514950,2026-09-05T01:17:07Z
2016-09-22,DBC,14.740000,950600,2026-09-05T01:17:07Z
2016-09-22,IEF,111.580002,1012300,2026-09-05T01:17:07Z
2016-09-22,IWM,125.699997,36287700,2026-09-05T01:17:07Z
2016-09-22,SPY,217.179993,76678700,2026-09-05T01:17:07Z
2016-09-22,TIP,115.900002,746900,2026-09-05T01:17:07Z
2016-09-22,TLT,136.949997,12426200,2026-09-05T01:17:07Z
2016-09-22,VEA,37.799999,4444200,2026-09-05T01:17:07Z
2016-09-22,VNQ,88.260002,3575700,2026-09-05T01:17:07Z
2016-09-22,VWO,38.189999,15670400,2026-09-05T01:17:07Z
2016-09-23,BIL,45.730000,369250,2026-09-05T01:17:07Z
2016-09-23,DBC,14.570000,1551600,2026-09-05T01:17:07Z
2016-09-23,IEF,111.629997,952500,2026-09-05T01:17:07Z
2016-09-23,IWM,124.809998,26118000,2026-09-05T01:17:07Z
2016-09-23,SPY,215.990005,73630900,2026-09-05T01:17:07Z
2016-09-23,TIP,116.220001,768400,2026-09-05T01:17:07Z
2016-09-23,TLT,136.820007,5928800,2026-09-05T01:17:07Z
2016-09-23,VEA,37.439999,4717600,2026-09-05T01:17:07Z
2016-09-23,VNQ,88.529999,4722300,2026-09-05T01:17:07Z
2016-09-23,VWO,37.689999,11140500,2026-09-05T01:17:07Z
2016-09-26,BIL,45.730000,433400,2026-09-05T01:17:07Z
2016-09-26,DBC,14.670000,1043900,2026-09-05T01:17:07Z
2016-09-26,IEF,111.949997,764000,2026-09-05T01:17:07Z
2016-09-26,IWM,123.230003,20028000,2026-09-05T01:17:07Z
2016-09-26,SPY,214.240005,89827300,2026-09-05T01:17:07Z
2016-09-26,TIP,116.269997,813700,2026-09-05T01:17:07Z
2016-09-26,TLT,137.690002,8661300,2026-09-05T01:17:07Z
2016-09-26,VEA,37.110001,9302800,2026-09-05T01:17:07Z
2016-09-26,VNQ,88.739998,3440200,2026-09-05T01:17:07Z
2016-09-26,VWO,37.230000,9973500,2026-09-05T01:17:07Z
2016-09-27,BIL,45.720001,453800,2026-09-05T01:17:07Z
2016-09-27,DBC,14.530000,1134000,2026-09-05T01:17:07Z
2016-09-27,IEF,112.139999,1583700,2026-09-05T01:17:07Z
2016-09-27,IWM,123.730003,16939500,2026-09-05T01:17:07Z
2016-09-27,SPY,215.570007,78494800,2026-09-05T01:17:07Z
2016-09-27,TIP,116.370003,953100,2026-09-05T01:17:07Z
2016-09-27,TLT,138.699997,9450400,2026-09-05T01:17:07Z
2016-09-27,VEA,37.290001,5045600,2026-09-05T01:17:07Z
2016-09-27,VNQ,87.800003,6479800,2026-09-05T01:17:07Z
2016-09-27,VWO,37.619999,11045800,2026-09-05T01:17:07Z
2016-09-28,BIL,45.720001,481200,2026-09-05T01:17:07Z
2016-09-28,DBC,14.870000,2413800,2026-09-05T01:17:07Z
2016-09-28,IEF,112.089996,594800,2026-09-05T01:17:07Z
2016-09-28,IWM,124.680000,19426400,2026-09-05T01:17:07Z
2016-09-28,SPY,216.639999,87411000,2026-09-05T01:17:07Z
2016-09-28,TIP,116.510002,1517400,2026-09-05T01:17:07Z
2016-09-28,TLT,138.399994,7958700,2026-09-05T01:17:07Z
2016-09-28,VEA,37.619999,5659800,2026-09-05T01:17:07Z
2016-09-28,VNQ,88.519997,2676300,2026-09-05T01:17:07Z
2016-09-28,VWO,37.990002,10150800,2026-09-05T01:17:07Z
2016-09-29,BIL,45.720001,878100,2026-09-05T01:17:07Z
2016-09-29,DBC,14.960000,1276900,2026-09-05T01:17:07Z
2016-09-29,IEF,112.160004,1123900,2026-09-05T01:17:07Z
2016-09-29,IWM,122.860001,26657700,2026-09-05T01:17:07Z
2016-09-29,SPY,214.679993,128070600,2026-09-05T01:17:07Z
2016-09-29,TIP,116.489998,973200,2026-09-05T01:17:07Z
2016-09-29,TLT,138.750000,8319800,2026-09-05T01:17:07Z
2016-09-29,VEA,37.160000,6147200,2026-09-05T01:17:07Z
2016-09-29,VNQ,87.339996,4662800,2026-09-05T01:17:07Z
2016-09-29,VWO,37.360001,12570900,2026-09-05T01:17:07Z
2016-09-30,BIL,45.730000,458350,2026-09-05T01:17:07Z
2016-09-30,DBC,15.010000,1924000,2026-09-05T01:17:07Z
2016-09-30,IEF,111.879997,1774600,2026-09-05T01:17:07Z
2016-09-30,IWM,124.209999,31764500,2026-09-05T01:17:07Z
2016-09-30,SPY,216.300003,117202900,2026-09-05T01:17:07Z
2016-09-30,TIP,116.489998,1450200,2026-09-05T01:17:07Z
2016-09-30,TLT,137.509995,11747100,2026-09-05T01:17:07Z
2016-09-30,VEA,37.410000,5468900,2026-09-05T01:17:07Z
2016-09-30,VNQ,86.739998,6718600,2026-09-05T01:17:07Z
2016-09-30,VWO,37.630001,19286700,2026-09-05T01:17:07Z
2016-10-03,BIL,45.720001,231800,2026-09-05T01:17:07Z
2016-10-03,DBC,15.140000,4734500,2026-09-05T01:17:07Z
2016-10-03,IEF,111.470001,3112000,2026-09-05T01:17:07Z
2016-10-03,IWM,123.820000,18674300,2026-09-05T01:17:07Z
2016-10-03,SPY,215.779999,83512100,2026-09-05T01:17:07Z
2016-10-03,TIP,116.379997,2319400,2026-09-05T01:17:07Z
2016-10-03,TLT,136.809998,7588800,2026-09-05T01:17:07Z
2016-10-03,VEA,37.340000,6687000,2026-09-05T01:17:07Z
2016-10-03,VNQ,85.120003,10473900,2026-09-05T01:17:07Z
2016-10-03,VWO,37.880001,23704700,2026-09-05T01:17:07Z
2016-10-04,BIL,45.730000,392400,2026-09-05T01:17:07Z
2016-10-04,DBC,15.100000,1430600,2026-09-05T01:17:07Z
2016-10-04,IEF,110.959999,3949600,2026-09-05T01:17:07Z
2016-10-04,IWM,123.209999,26057300,2026-09-05T01:17:07Z
2016-10-04,SPY,214.679993,119948100,2026-09-05T01:17:07Z
2016-10-04,TIP,115.809998,3761700,2026-09-05T01:17:07Z
2016-10-04,TLT,135.210007,12048700,2026-09-05T01:17:07Z
2016-10-04,VEA,37.230000,7483400,2026-09-05T01:17:07Z
2016-10-04,VNQ,83.959999,7415500,2026-09-05T01:17:07Z
2016-10-04,VWO,37.500000,17833400,2026-09-05T01:17:07Z
2016-10-05,BIL,45.730000,518500,2026-09-05T01:17:07Z
2016-10-05,DBC,15.190000,4075500,2026-09-05T01:17:07Z
2016-10-05,IEF,110.709999,1490600,2026-09-05T01:17:07Z
2016-10-05,IWM,123.949997,24317300,2026-09-05T01:17:07Z
2016-10-05,SPY,215.630005,72816000,2026-09-05T01:17:07Z
2016-10-05,TIP,115.620003,1071600,2026-09-05T01:17:07Z
2016-10-05,TLT,134.580002,8917700,2026-09-05T01:17:07Z
2016-10-05,VEA,37.430000,5694900,2026-09-05T01:17:07Z
2016-10-05,VNQ,82.260002,8125200,2026-09-05T01:17:07Z
2016-10-05,VWO,38.070000,11921900,2026-09-05T01:17:07Z
2016-10-06,BIL,45.730000,193850,2026-09-05T01:17:07Z
2016-10-06,DBC,15.220000,1460000,2026-09-05T01:17:07Z
2016-10-06,IEF,110.480003,1577400,2026-09-05T01:17:07Z
2016-10-06,IWM,123.820000,18937100,2026-09-05T01:17:07Z
2016-10-06,SPY,215.779999,62927400,2026-09-05T01:17:07Z
2016-10-06,TIP,115.680000,820100,2026-09-05T01:17:07Z
2016-10-06,TLT,133.830002,7839900,2026-09-05T01:17:07Z
2016-10-06,VEA,37.230000,3518100,2026-09-05T01:17:07Z
2016-10-06,VNQ,82.290001,6760300,2026-09-05T01:17:07Z
2016-10-06,VWO,38.070000,13547500,2026-09-05T01:17:07Z
2016-10-07,BIL,45.730000,139550,2026-09-05T01:17:07Z
2016-10-07,DBC,15.180000,1358400,2026-09-05T01:17:07Z
2016-10-07,IEF,110.639999,1601100,2026-09-05T01:17:07Z
2016-10-07,IWM,122.830002,28732700,2026-09-05T01:17:07Z
2016-10-07,SPY,215.039993,89788300,2026-09-05T01:17:07Z
2016-10-07,TIP,115.650002,990100,2026-09-05T01:17:07Z
2016-10-07,TLT,133.919998,9953200,2026-09-05T01:17:07Z
2016-10-07,VEA,36.990002,5814300,2026-09-05T01:17:07Z
2016-10-07,VNQ,82.150002,6036800,2026-09-05T01:17:07Z
2016-10-07,VWO,37.939999,17118600,2026-09-05T01:17:07Z
2016-10-10,BIL,45.730000,67050,2026-09-05T01:17:07Z
2016-10-10,DBC,15.350000,1547900,2026-09-05T01:17:07Z
2016-10-10,IEF,110.349998,1067000,2026-09-05T01:17:07Z
2016-10-10,IWM,124.300003,21481700,2026-09-05T01:17:07Z
2016-10-10,SPY,216.160004,51855000,2026-09-05T01:17:07Z
2016-10-10,TIP,115.489998,912500,2026-09-05T01:17:07Z
2016-10-10,TLT,133.130005,6089100,2026-09-05T01:17:07Z
2016-10-10,VEA,37.139999,3996500,2026-09-05T01:17:07Z
2016-10-10,VNQ,82.660004,2818300,2026-09-05T01:17:07Z
2016-10-10,VWO,38.200001,8509400,2026-09-05T01:17:07Z
2016-10-11,BIL,45.720001,374900,2026-09-05T01:17:07Z
2016-10-11,DBC,15.260000,2989800,2026-09-05T01:17:07Z
2016-10-11,IEF,110.320000,1942600,2026-09-05T01:17:07Z
2016-10-11,IWM,122.029999,31931300,2026-09-05T01:17:07Z
2016-10-11,SPY,213.429993,130367400,2026-09-05T01:17:07Z
2016-10-11,TIP,115.400002,839600,2026-09-05T01:17:07Z
2016-10-11,TLT,132.830002,9670400,2026-09-05T01:17:07Z
2016-10-11,VEA,36.599998,5274900,2026-09-05T01:17:07Z
2016-10-11,VNQ,81.860001,4306600,2026-09-05T01:17:07Z
2016-10-11,VWO,37.490002,19170700,2026-09-05T01:17:07Z
2016-10-12,BIL,45.730000,411550,2026-09-05T01:17:07Z
2016-10-12,DBC,15.150000,3655800,2026-09-05T01:17:07Z
2016-10-12,IEF,110.320000,1037800,2026-09-05T01:17:07Z
2016-10-12,IWM,121.930000,20210400,2026-09-05T01:17:07Z
2016-10-12,SPY,213.710007,73866100,2026-09-05T01:17:07Z
2016-10-12,TIP,115.360001,627100,2026-09-05T01:17:07Z
2016-10-12,TLT,132.960007,7582400,2026-09-05T01:17:07Z
2016-10-12,VEA,36.549999,6390900,2026-09-05T01:17:07Z
2016-10-12,VNQ,82.800003,3492600,2026-09-05T01:17:07Z
2016-10-12,VWO,37.450001,12309300,2026-09-05T01:17:07Z
2016-10-13,BIL,45.720001,156250,2026-09-05T01:17:07Z
2016-10-13,DBC,15.250000,1197700,2026-09-05T01:17:07Z
2016-10-13,IEF,110.550003,1188400,2026-09-05T01:17:07Z
2016-10-13,IWM,120.919998,26302500,2026-09-05T01:17:07Z
2016-10-13,SPY,213.009995,101357000,2026-09-05T01:17:07Z
2016-10-13,TIP,115.540001,727700,2026-09-05T01:17:07Z
2016-10-13,TLT,133.460007,7080600,2026-09-05T01:17:07Z
2016-10-13,VEA,36.450001,4618700,2026-09-05T01:17:07Z
2016-10-13,VNQ,83.449997,3633600,2026-09-05T01:17:07Z
2016-10-13,VWO,37.220001,12723300,2026-09-05T01:17:07Z
2016-10-14,BIL,45.720001,130100,2026-09-05T01:17:07Z
2016-10-14,DBC,15.260000,1170100,2026-09-05T01:17:07Z
2016-10-14,IEF,110.209999,2105300,2026-09-05T01:17:07Z
2016-10-14,IWM,120.430000,24554600,2026-09-05T01:17:07Z
2016-10-14,SPY,213.119995,93346200,2026-09-05T01:17:07Z
2016-10-14,TIP,115.430000,753500,2026-09-05T01:17:07Z
2016-10-14,TLT,131.589996,11415100,2026-09-05T01:17:07Z
2016-10-14,VEA,36.480000,8612700,2026-09-05T01:17:07Z
2016-10-14,VNQ,83.080002,3187500,2026-09-05T01:17:07Z
2016-10-14,VWO,37.320000,13522800,2026-09-05T01:17:07Z
2016-10-17,BIL,45.720001,237750,2026-09-05T01:17:07Z
2016-10-17,DBC,15.280000,2010500,2026-09-05T01:17:07Z
2016-10-17,IEF,110.449997,1490800,2026-09-05T01:17:07Z
2016-10-17,IWM,120.290001,17119500,2026-09-05T01:17:07Z
2016-10-17,SPY,212.380005,58275700,2026-09-05T01:17:07Z
2016-10-17,TIP,115.949997,616600,2026-09-05T01:17:07Z
2016-10-17,TLT,132.429993,10595900,2026-09-05T01:17:07Z
2016-10-17,VEA,36.419998,9982600,2026-09-05T01:17:07Z
2016-10-17,VNQ,83.260002,3154000,2026-09-05T01:17:07Z
2016-10-17,VWO,37.250000,13280100,2026-09-05T01:17:07Z
2016-10-18,BIL,45.720001,180350,2026-09-05T01:17:07Z
2016-10-18,DBC,15.310000,786500,2026-09-05T01:17:07Z
2016-10-18,IEF,110.669998,1484400,2026-09-05T01:17:07Z
2016-10-18,IWM,120.980003,19158900,2026-09-05T01:17:07Z
2016-10-18,SPY,213.710007,76869700,2026-09-05T01:17:07Z
2016-10-18,TIP,116.019997,945300,2026-09-05T01:17:07Z
2016-10-18,TLT,132.860001,7151000,2026-09-05T01:17:07Z
2016-10-18,VEA,36.810001,4969200,2026-09-05T01:17:07Z
2016-10-18,VNQ,83.790001,2533200,2026-09-05T01:17:07Z
2016-10-18,VWO,37.910000,11709200,2026-09-05T01:17:07Z
2016-10-19,BIL,45.730000,138150,2026-09-05T01:17:07Z
2016-10-19,DBC,15.410000,2279500,2026-09-05T01:17:07Z
2016-10-19,IEF,110.720001,1264200,2026-09-05T01:17:07Z
2016-10-19,IWM,121.489998,18477400,2026-09-05T01:17:07Z
2016-10-19,SPY,214.279999,66519200,2026-09-05T01:17:07Z
2016-10-19,TIP,116.180000,910900,2026-09-05T01:17:07Z
2016-10-19,TLT,132.970001,6941300,2026-09-05T01:17:07Z
2016-10-19,VEA,36.939999,4518800,2026-09-05T01:17:07Z
2016-10-19,VNQ,83.970001,2871000,2026-09-05T01:17:07Z
2016-10-19,VWO,38.110001,10188100,2026-09-05T01:17:07Z
2016-10-20,BIL,45.720001,261900,2026-09-05T01:17:07Z
2016-10-20,DBC,15.270000,1212700,2026-09-05T01:17:07Z
2016-10-20,IEF,110.620003,979900,2026-09-05T01:17:07Z
2016-10-20,IWM,121.129997,20485600,2026-09-05T01:17:07Z
2016-10-20,SPY,213.880005,73639800,2026-09-05T01:17:07Z
2016-10-20,TIP,116.000000,824400,2026-09-05T01:17:07Z
2016-10-20,TLT,133.110001,6082300,2026-09-05T01:17:07Z
2016-10-20,VEA,36.939999,10378900,2026-09-05T01:17:07Z
2016-10-20,VNQ,83.779999,3261100,2026-09-05T01:17:07Z
2016-10-20,VWO,38.060001,12620300,2026-09-05T01:17:07Z
2016-10-21,BIL,45.720001,424150,2026-09-05T01:17:07Z
2016-10-21,DBC,15.330000,1034100,2026-09-05T01:17:07Z
2016-10-21,IEF,110.739998,571100,2026-09-05T01:17:07Z
2016-10-21,IWM,121.070000,21093700,2026-09-05T01:17:07Z
2016-10-21,SPY,213.979996,89089100,2026-09-05T01:17:07Z
2016-10-21,TIP,116.129997,690400,2026-09-05T01:17:07Z
2016-10-21,TLT,133.309998,9222700,2026-09-05T01:17:07Z
2016-10-21,VEA,36.860001,4023500,2026-09-05T01:17:07Z
2016-10-21,VNQ,83.470001,3193800,2026-09-05T01:17:07Z
2016-10-21,VWO,38.070000,6764100,2026-09-05T01:17:07Z
2016-10-24,BIL,45.720001,106800,2026-09-05T01:17:07Z
2016-10-24,DBC,15.340000,1957200,2026-09-05T01:17:07Z
2016-10-24,IEF,110.589996,900800,2026-09-05T01:17:07Z
2016-10-24,IWM,121.839996,15421600,2026-09-05T01:17:07Z
2016-10-24,SPY,214.889999,60146600,2026-09-05T01:17:07Z
2016-10-24,TIP,115.949997,947700,2026-09-05T01:17:07Z
2016-10-24,TLT,132.729996,6507500,2026-09-05T01:17:07Z
2016-10-24,VEA,36.810001,4953800,2026-09-05T01:17:07Z
2016-10-24,VNQ,83.660004,3948800,2026-09-05T01:17:07Z
2016-10-24,VWO,38.259998,8127200,2026-09-05T01:17:07Z
2016-10-25,BIL,45.720001,175350,2026-09-05T01:17:07Z
2016-10-25,DBC,15.270000,1372400,2026-09-05T01:17:07Z
2016-10-25,IEF,110.570000,735100,2026-09-05T01:17:07Z
2016-10-25,IWM,120.930000,16459800,2026-09-05T01:17:07Z
2016-10-25,SPY,214.169998,66542300,2026-09-05T01:17:07Z
2016-10-25,TIP,116.129997,1259600,2026-09-05T01:17:07Z
2016-10-25,TLT,133.080002,5134700,2026-09-05T01:17:07Z
2016-10-25,VEA,36.779999,5510300,2026-09-05T01:17:07Z
2016-10-25,VNQ,83.510002,3161400,2026-09-05T01:17:07Z
2016-10-25,VWO,38.230000,7842500,2026-09-05T01:17:07Z
2016-10-26,BIL,45.730000,200900,2026-09-05T01:17:07Z
2016-10-26,DBC,15.170000,1892200,2026-09-05T01:17:07Z
2016-10-26,IEF,110.330002,1136600,2026-09-05T01:17:07Z
2016-10-26,IWM,119.730003,24975300,2026-09-05T01:17:07Z
2016-10-26,SPY,213.740005,75705500,2026-09-05T01:17:07Z
2016-10-26,TIP,116.010002,926100,2026-09-05T01:17:07Z
2016-10-26,TLT,132.179993,5842500,2026-09-05T01:17:07Z
2016-10-26,VEA,36.599998,5511400,2026-09-05T01:17:07Z
2016-10-26,VNQ,82.419998,4093100,2026-09-05T01:17:07Z
2016-10-26,VWO,37.950001,8109200,2026-09-05T01:17:07Z
2016-10-27,BIL,45.720001,184200,2026-09-05T01:17:07Z
2016-10-27,DBC,15.260000,1052400,2026-09-05T01:17:07Z
2016-10-27,IEF,109.949997,3668500,2026-09-05T01:17:07Z
2016-10-27,IWM,118.360001,29525700,2026-09-05T01:17:07Z
2016-10-27,SPY,213.169998,77220200,2026-09-05T01:17:07Z
2016-10-27,TIP,115.510002,1716500,2026-09-05T01:17:07Z
2016-10-27,TLT,130.740005,10044700,2026-09-05T01:17:07Z
2016-10-27,VEA,36.560001,10445200,2026-09-05T01:17:07Z
2016-10-27,VNQ,80.260002,5969300,2026-09-05T01:17:07Z
2016-10-27,VWO,37.660000,18351800,2026-09-05T01:17:07Z
2016-10-28,BIL,45.730000,546550,2026-09-05T01:17:07Z
2016-10-28,DBC,15.160000,1447700,2026-09-05T01:17:07Z
2016-10-28,IEF,109.970001,1313200,2026-09-05T01:17:07Z
2016-10-28,IWM,118.029999,35473700,2026-09-05T01:17:07Z
2016-10-28,SPY,212.539993,140623200,2026-09-05T01:17:07Z
2016-10-28,TIP,115.639999,2316500,2026-09-05T01:17:07Z
2016-10-28,TLT,130.449997,7541000,2026-09-05T01:17:07Z
2016-10-28,VEA,36.540001,6561100,2026-09-05T01:17:07Z
2016-10-28,VNQ,80.449997,4819100,2026-09-05T01:17:07Z
2016-10-28,VWO,37.450001,14379500,2026-09-05T01:17:07Z
2016-10-31,BIL,45.740002,735450,2026-09-05T01:17:07Z
2016-10-31,DBC,14.960000,3300300,2026-09-05T01:17:07Z
2016-10-31,IEF,110.059998,4413900,2026-09-05T01:17:07Z
2016-10-31,IWM,118.500000,20311800,2026-09-05T01:17:07Z
2016-10-31,SPY,212.550003,61272500,2026-09-05T01:17:07Z
2016-10-31,TIP,115.860001,2417300,2026-09-05T01:17:07Z
2016-10-31,TLT,131.250000,7047500,2026-09-05T01:17:07Z
2016-10-31,VEA,36.509998,18429300,2026-09-05T01:17:07Z
2016-10-31,VNQ,81.760002,5009700,2026-09-05T01:17:07Z
2016-10-31,VWO,37.750000,11070400,2026-09-05T01:17:07Z
2016-11-01,BIL,45.730000,1208600,2026-09-05T01:17:07Z
2016-11-01,DBC,15.030000,4391000,2026-09-05T01:17:07Z
2016-11-01,IEF,109.910004,2004000,2026-09-05T01:17:07Z
2016-11-01,IWM,117.050003,34147200,2026-09-05T01:17:07Z
2016-11-01,SPY,211.009995,122781800,2026-09-05T01:17:07Z
2016-11-01,TIP,115.870003,6073500,2026-09-05T01:17:07Z
2016-11-01,TLT,131.009995,12622400,2026-09-05T01:17:07Z
2016-11-01,VEA,36.410000,6305300,2026-09-05T01:17:07Z
2016-11-01,VNQ,79.980003,7465200,2026-09-05T01:17:07Z
2016-11-01,VWO,37.470001,20149500,2026-09-05T01:17:07Z
2016-11-02,BIL,45.740002,499750,2026-09-05T01:17:07Z
2016-11-02,DBC,14.850000,3264600,2026-09-05T01:17:07Z
2016-11-02,IEF,110.239998,1455900,2026-09-05T01:17:07Z
2016-11-02,IWM,115.559998,29859900,2026-09-05T01:17:07Z
2016-11-02,SPY,209.740005,103330800,2026-09-05T01:17:07Z
2016-11-02,TIP,115.919998,4758700,2026-09-05T01:17:07Z
2016-11-02,TLT,131.580002,8666200,2026-09-05T01:17:07Z
2016-11-02,VEA,36.139999,5851600,2026-09-05T01:17:07Z
2016-11-02,VNQ,78.809998,7847600,2026-09-05T01:17:07Z
2016-11-02,VWO,37.040001,29829800,2026-09-05T01:17:07Z
2016-11-03,BIL,45.730000,212400,2026-09-05T01:17:07Z
2016-11-03,DBC,14.800000,1884900,2026-09-05T01:17:07Z
2016-11-03,IEF,110.169998,686600,2026-09-05T01:17:07Z
2016-11-03,IWM,115.000000,22717500,2026-09-05T01:17:07Z
2016-11-03,SPY,208.779999,88939300,2026-09-05T01:17:07Z
2016-11-03,TIP,115.589996,2431000,2026-09-05T01:17:07Z
2016-11-03,TLT,130.570007,6085400,2026-09-05T01:17:07Z
2016-11-03,VEA,36.119999,7686200,2026-09-05T01:17:07Z
2016-11-03,VNQ,78.199997,7221900,2026-09-05T01:17:07Z
2016-11-03,VWO,36.950001,24351200,2026-09-05T01:17:07Z
2016-11-04,BIL,45.740002,554100,2026-09-05T01:17:07Z
2016-11-04,DBC,14.700000,1725100,2026-09-05T01:17:07Z
2016-11-04,IEF,110.510002,1699800,2026-09-05T01:17:07Z
2016-11-04,IWM,115.739998,35237200,2026-09-05T01:17:07Z
2016-11-04,SPY,208.550003,109122100,2026-09-05T01:17:07Z
2016-11-04,TIP,115.889999,1724100,2026-09-05T01:17:07Z
2016-11-04,TLT,131.740005,7622600,2026-09-05T01:17:07Z
2016-11-04,VEA,35.820000,6716500,2026-09-05T01:17:07Z
2016-11-04,VNQ,78.820000,4432600,2026-09-05T01:17:07Z
2016-11-04,VWO,36.560001,11795700,2026-09-05T01:17:07Z
2016-11-07,BIL,45.730000,1122200,2026-09-05T01:17:07Z
2016-11-07,DBC,14.760000,8293200,2026-09-05T01:17:07Z
2016-11-07,IEF,110.050003,2617900,2026-09-05T01:17:07Z
2016-11-07,IWM,118.570000,32370900,2026-09-05T01:17:07Z
2016-11-07,SPY,213.149994,109794900,2026-09-05T01:17:07Z
2016-11-07,TIP,115.830002,1905000,2026-09-05T01:17:07Z
2016-11-07,TLT,130.619995,5386700,2026-09-05T01:17:07Z
2016-11-07,VEA,36.310001,4577600,2026-09-05T01:17:07Z
2016-11-07,VNQ,80.199997,5860500,2026-09-05T01:17:07Z
2016-11-07,VWO,37.799999,21821000,2026-09-05T01:17:07Z
2016-11-08,BIL,45.740002,360450,2026-09-05T01:17:07Z
2016-11-08,DBC,14.740000,1254200,2026-09-05T01:17:07Z
2016-11-08,IEF,109.660004,1182200,2026-09-05T01:17:07Z
2016-11-08,IWM,118.879997,26196800,2026-09-05T01:17:07Z
2016-11-08,SPY,214.110001,106772100,2026-09-05T01:17:07Z
2016-11-08,TIP,115.629997,1208200,2026-09-05T01:17:07Z
2016-11-08,TLT,130.089996,7576500,2026-09-05T01:17:07Z
2016-11-08,VEA,36.400002,5014900,2026-09-05T01:17:07Z
2016-11-08,VNQ,80.620003,4023300,2026-09-05T01:17:07Z
2016-11-08,VWO,37.980000,37954500,2026-09-05T01:17:07Z
2016-11-09,BIL,45.720001,596850,2026-09-05T01:17:07Z
2016-11-09,DBC,14.810000,3111200,2026-09-05T01:17:07Z
2016-11-09,IEF,107.989998,6381300,2026-09-05T01:17:07Z
2016-11-09,IWM,122.540001,77416800,2026-09-05T01:17:07Z
2016-11-09,SPY,216.380005,258429000,2026-09-05T01:17:07Z
2016-11-09,TIP,114.769997,2309200,2026-09-05T01:17:07Z
2016-11-09,TLT,124.570000,31233500,2026-09-05T01:17:07Z
2016-11-09,VEA,36.340000,9636800,2026-09-05T01:17:07Z
2016-11-09,VNQ,79.400002,10045800,2026-09-05T01:17:07Z
2016-11-09,VWO,36.980000,24618000,2026-09-05T01:17:07Z
2016-11-10,BIL,45.720001,966300,2026-09-05T01:17:07Z
2016-11-10,DBC,14.690000,1535100,2026-09-05T01:17:07Z
2016-11-10,IEF,107.339996,5445300,2026-09-05T01:17:07Z
2016-11-10,IWM,124.500000,83440700,2026-09-05T01:17:07Z
2016-11-10,SPY,216.919998,172113300,2026-09-05T01:17:07Z
2016-11-10,TIP,114.570000,3905900,2026-09-05T01:17:07Z
2016-11-10,TLT,122.730003,22961200,2026-09-05T01:17:07Z
2016-11-10,VEA,36.220001,6318300,2026-09-05T01:17:07Z
2016-11-10,VNQ,78.070000,13504700,2026-09-05T01:17:07Z
2016-11-10,VWO,35.910000,35285600,2026-09-05T01:17:07Z
2016-11-11,BIL,45.700001,1164250,2026-09-05T01:17:07Z
2016-11-11,DBC,14.410000,1701800,2026-09-05T01:17:07Z
2016-11-11,IEF,107.120003,2482900,2026-09-05T01:17:07Z
2016-11-11,IWM,127.360001,95612800,2026-09-05T01:17:07Z
2016-11-11,SPY,216.419998,100552700,2026-09-05T01:17:07Z
2016-11-11,TIP,114.250000,2395200,2026-09-05T01:17:07Z
2016-11-11,TLT,122.040001,10040200,2026-09-05T01:17:07Z
2016-11-11,VEA,35.930000,5972100,2026-09-05T01:17:07Z
2016-11-11,VNQ,78.540001,5066000,2026-09-05T01:17:07Z
2016-11-11,VWO,35.250000,25373300,2026-09-05T01:17:07Z
2016-11-14,BIL,45.720001,735500,2026-09-05T01:17:07Z
2016-11-14,DBC,14.380000,3068400,2026-09-05T01:17:07Z
2016-11-14,IEF,106.500000,3753800,2026-09-05T01:17:07Z
2016-11-14,IWM,129.149994,83119400,2026-09-05T01:17:07Z
2016-11-14,SPY,216.589996,94580000,2026-09-05T01:17:07Z
2016-11-14,TIP,113.370003,2709700,2026-09-05T01:17:07Z
2016-11-14,TLT,121.309998,21174400,2026-09-05T01:17:07Z
2016-11-14,VEA,35.770000,8338300,2026-09-05T01:17:07Z
2016-11-14,VNQ,80.400002,6755200,2026-09-05T01:17:07Z
2016-11-14,VWO,35.080002,22905700,2026-09-05T01:17:07Z
2016-11-15,BIL,45.730000,1437100,2026-09-05T01:17:07Z
2016-11-15,DBC,14.700000,4373300,2026-09-05T01:17:07Z
2016-11-15,IEF,106.500000,1391700,2026-09-05T01:17:07Z
2016-11-15,IWM,129.550003,38704500,2026-09-05T01:17:07Z
2016-11-15,SPY,218.279999,91652600,2026-09-05T01:17:07Z
2016-11-15,TIP,113.440002,1920000,2026-09-05T01:17:07Z
2016-11-15,TLT,121.910004,11963700,2026-09-05T01:17:07Z
2016-11-15,VEA,35.990002,9805200,2026-09-05T01:17:07Z
2016-11-15,VNQ,79.730003,7719900,2026-09-05T01:17:07Z
2016-11-15,VWO,35.740002,21154200,2026-09-05T01:17:07Z
2016-11-16,BIL,45.730000,611850,2026-09-05T01:17:07Z
2016-11-16,DBC,14.520000,2185900,2026-09-05T01:17:07Z
2016-11-16,IEF,106.599998,2765700,2026-09-05T01:17:07Z
2016-11-16,IWM,129.539993,42325500,2026-09-05T01:17:07Z
2016-11-16,SPY,217.869995,65617700,2026-09-05T01:17:07Z
2016-11-16,TIP,113.680000,1426000,2026-09-05T01:17:07Z
2016-11-16,TLT,123.010002,9149500,2026-09-05T01:17:07Z
2016-11-16,VEA,35.660000,12684400,2026-09-05T01:17:07Z
2016-11-16,VNQ,79.500000,10337100,2026-09-05T01:17:07Z
2016-11-16,VWO,35.450001,27749800,2026-09-05T01:17:07Z
2016-11-17,BIL,45.740002,906650,2026-09-05T01:17:07Z
2016-11-17,DBC,14.550000,1104100,2026-09-05T01:17:07Z
2016-11-17,IEF,106.129997,2499200,2026-09-05T01:17:07Z
2016-11-17,IWM,130.300003,42576900,2026-09-05T01:17:07Z
2016-11-17,SPY,218.990005,69797200,2026-09-05T01:17:07Z
2016-11-17,TIP,113.489998,1901100,2026-09-05T01:17:07Z
2016-11-17,TLT,121.199997,11221600,2026-09-05T01:17:07Z
2016-11-17,VEA,35.900002,9553200,2026-09-05T01:17:07Z
2016-11-17,VNQ,78.690002,3645200,2026-09-05T01:17:07Z
2016-11-17,VWO,35.459999,20662200,2026-09-05T01:17:07Z
2016-11-18,BIL,45.730000,554550,2026-09-05T01:17:07Z
2016-11-18,DBC,14.670000,1603800,2026-09-05T01:17:07Z
2016-11-18,IEF,105.660004,4093700,2026-09-05T01:17:07Z
2016-11-18,IWM,130.990005,41380600,2026-09-05T01:17:07Z
2016-11-18,SPY,218.500000,86265800,2026-09-05T01:17:07Z
2016-11-18,TIP,113.320000,2542800,2026-09-05T01:17:07Z
2016-11-18,TLT,120.849998,13577700,2026-09-05T01:17:07Z
2016-11-18,VEA,35.580002,7158200,2026-09-05T01:17:07Z
2016-11-18,VNQ,78.919998,3655600,2026-09-05T01:17:07Z
2016-11-18,VWO,35.380001,9265300,2026-09-05T01:17:07Z
2016-11-21,BIL,45.720001,234800,2026-09-05T01:17:07Z
2016-11-21,DBC,15.080000,10376300,2026-09-05T01:17:07Z
2016-11-21,IEF,105.750000,1364300,2026-09-05T01:17:07Z
2016-11-21,IWM,131.600006,32293100,2026-09-05T01:17:07Z
2016-11-21,SPY,220.149994,72402600,2026-09-05T01:17:07Z
2016-11-21,TIP,113.589996,2991800,2026-09-05T01:17:07Z
2016-11-21,TLT,121.150002,6488100,2026-09-05T01:17:07Z
2016-11-21,VEA,35.889999,7021900,2026-09-05T01:17:07Z
2016-11-21,VNQ,78.680000,3488200,2026-09-05T01:17:07Z
2016-11-21,VWO,35.730000,12332900,2026-09-05T01:17:07Z
2016-11-22,BIL,45.720001,1102700,2026-09-05T01:17:07Z
2016-11-22,DBC,15.060000,2566400,2026-09-05T01:17:07Z
2016-11-22,IEF,105.849998,1744700,2026-09-05T01:17:07Z
2016-11-22,IWM,132.800003,39681500,2026-09-05T01:17:07Z
2016-11-22,SPY,220.580002,67429000,2026-09-05T01:17:07Z
2016-11-22,TIP,113.690002,3390500,2026-09-05T01:17:07Z
2016-11-22,TLT,121.110001,9989900,2026-09-05T01:17:07Z
2016-11-22,VEA,36.000000,8564700,2026-09-05T01:17:07Z
2016-11-22,VNQ,80.059998,4226700,2026-09-05T01:17:07Z
2016-11-22,VWO,36.119999,17857000,2026-09-05T01:17:07Z
2016-11-23,BIL,45.720001,454950,2026-09-05T01:17:07Z
2016-11-23,DBC,15.120000,1863600,2026-09-05T01:17:07Z
2016-11-23,IEF,105.470001,4607100,2026-09-05T01:17:07Z
2016-11-23,IWM,133.630005,37939200,2026-09-05T01:17:07Z
2016-11-23,SPY,220.699997,56620200,2026-09-05T01:17:07Z
2016-11-23,TIP,113.309998,1824200,2026-09-05T01:17:07Z
2016-11-23,TLT,120.639999,13563500,2026-09-05T01:17:07Z
2016-11-23,VEA,35.869999,9165900,2026-09-05T01:17:07Z
2016-11-23,VNQ,79.720001,6542100,2026-09-05T01:17:07Z
2016-11-23,VWO,35.770000,13911000,2026-09-05T01:17:07Z
2016-11-25,BIL,45.730000,171350,2026-09-05T01:17:07Z
2016-11-25,DBC,15.010000,2590900,2026-09-05T01:17:07Z
2016-11-25,IEF,105.379997,948200,2026-09-05T01:17:07Z
2016-11-25,IWM,134.070007,13373400,2026-09-05T01:17:07Z
2016-11-25,SPY,221.520004,37872300,2026-09-05T01:17:07Z
2016-11-25,TIP,113.120003,1007600,2026-09-05T01:17:07Z
2016-11-25,TLT,120.820000,3126300,2026-09-05T01:17:07Z
2016-11-25,VEA,35.939999,3040500,2026-09-05T01:17:07Z
2016-11-25,VNQ,80.180000,1904500,2026-09-05T01:17:07Z
2016-11-25,VWO,35.959999,3781700,2026-09-05T01:17:07Z
2016-11-28,BIL,45.720001,122900,2026-09-05T01:17:07Z
2016-11-28,DBC,15.060000,2835400,2026-09-05T01:17:07Z
2016-11-28,IEF,105.860001,2474800,2026-09-05T01:17:07Z
2016-11-28,IWM,132.330002,32505700,2026-09-05T01:17:07Z
2016-11-28,SPY,220.479996,76572500,2026-09-05T01:17:07Z
2016-11-28,TIP,113.290001,1351000,2026-09-05T01:17:07Z
2016-11-28,TLT,121.709999,8555000,2026-09-05T01:17:07Z
2016-11-28,VEA,35.810001,8419500,2026-09-05T01:17:07Z
2016-11-28,VNQ,80.550003,4065700,2026-09-05T01:17:07Z
2016-11-28,VWO,36.139999,12095100,2026-09-05T01:17:07Z
2016-11-29,BIL,45.720001,122450,2026-09-05T01:17:07Z
2016-11-29,DBC,14.760000,6781500,2026-09-05T01:17:07Z
2016-11-29,IEF,105.970001,1745000,2026-09-05T01:17:07Z
2016-11-29,IWM,132.259995,27993700,2026-09-05T01:17:07Z
2016-11-29,SPY,220.910004,69886700,2026-09-05T01:17:07Z
2016-11-29,TIP,113.400002,1593400,2026-09-05T01:17:07Z
2016-11-29,TLT,122.220001,8363000,2026-09-05T01:17:07Z
2016-11-29,VEA,36.009998,6618100,2026-09-05T01:17:07Z
2016-11-29,VNQ,81.320000,3754200,2026-09-05T01:17:07Z
2016-11-29,VWO,36.160000,8356600,2026-09-05T01:17:07Z
2016-11-30,BIL,45.720001,503150,2026-09-05T01:17:07Z
2016-11-30,DBC,15.210000,5383700,2026-09-05T01:17:07Z
2016-11-30,IEF,105.260002,3362500,2026-09-05T01:17:07Z
2016-11-30,IWM,131.610001,32491200,2026-09-05T01:17:07Z
2016-11-30,SPY,220.380005,113291800,2026-09-05T01:17:07Z
2016-11-30,TIP,113.459999,2367600,2026-09-05T01:17:07Z
2016-11-30,TLT,120.239998,21163500,2026-09-05T01:17:07Z
2016-11-30,VEA,35.959999,9457100,2026-09-05T01:17:07Z
2016-11-30,VNQ,80.389999,6826400,2026-09-05T01:17:07Z
2016-11-30,VWO,36.220001,22257900,2026-09-05T01:17:07Z
2016-12-01,BIL,45.720001,2137550,2026-09-05T01:17:07Z
2016-12-01,DBC,15.490000,3661700,2026-09-05T01:17:07Z
2016-12-01,IEF,104.709999,3467600,2026-09-05T01:17:07Z
2016-12-01,IWM,130.970001,39815900,2026-09-05T01:17:07Z
2016-12-01,SPY,219.570007,79040500,2026-09-05T01:17:07Z
2016-12-01,TIP,112.889999,8524300,2026-09-05T01:17:07Z
2016-12-01,TLT,118.730003,21715700,2026-09-05T01:17:07Z
2016-12-01,VEA,35.869999,11308100,2026-09-05T01:17:07Z
2016-12-01,VNQ,79.209999,6361900,2026-09-05T01:17:07Z
2016-12-01,VWO,35.810001,18792600,2026-09-05T01:17:07Z
2016-12-02,BIL,45.709999,411650,2026-09-05T01:17:07Z
2016-12-02,DBC,15.600000,2360500,2026-09-05T01:17:07Z
2016-12-02,IEF,105.180000,1660400,2026-09-05T01:17:07Z
2016-12-02,IWM,130.899994,24054100,2026-09-05T01:17:07Z
2016-12-02,SPY,219.679993,74840300,2026-09-05T01:17:07Z
2016-12-02,TIP,112.949997,1330600,2026-09-05T01:17:07Z
2016-12-02,TLT,119.599998,12487500,2026-09-05T01:17:07Z
2016-12-02,VEA,35.970001,5816100,2026-09-05T01:17:07Z
2016-12-02,VNQ,80.000000,3695900,2026-09-05T01:17:07Z
2016-12-02,VWO,35.770000,19213700,2026-09-05T01:17:07Z
2016-12-05,BIL,45.709999,897100,2026-09-05T01:17:07Z
2016-12-05,DBC,15.680000,3254700,2026-09-05T01:17:07Z
2016-12-05,IEF,105.139999,2281600,2026-09-05T01:17:07Z
2016-12-05,IWM,133.149994,27547100,2026-09-05T01:17:07Z
2016-12-05,SPY,221.000000,67837800,2026-09-05T01:17:07Z
2016-12-05,TIP,113.110001,1701500,2026-09-05T01:17:07Z
2016-12-05,TLT,119.470001,12100100,2026-09-05T01:17:07Z
2016-12-05,VEA,36.250000,8858000,2026-09-05T01:17:07Z
2016-12-05,VNQ,80.589996,3457200,2026-09-05T01:17:07Z
2016-12-05,VWO,36.009998,11260500,2026-09-05T01:17:07Z
2016-12-06,BIL,45.720001,278850,2026-09-05T01:17:07Z
2016-12-06,DBC,15.610000,1398100,2026-09-05T01:17:07Z
2016-12-06,IEF,105.180000,989400,2026-09-05T01:17:07Z
2016-12-06,IWM,134.589996,27820000,2026-09-05T01:17:07Z
2016-12-06,SPY,221.699997,59877400,2026-09-05T01:17:07Z
2016-12-06,TIP,113.330002,2123100,2026-09-05T01:17:07Z
2016-12-06,TLT,119.379997,11526600,2026-09-05T01:17:07Z
2016-12-06,VEA,36.500000,6882900,2026-09-05T01:17:07Z
2016-12-06,VNQ,81.110001,4024800,2026-09-05T01:17:07Z
2016-12-06,VWO,36.160000,19646200,2026-09-05T01:17:07Z
2016-12-07,BIL,45.720001,431450,2026-09-05T01:17:07Z
2016-12-07,DBC,15.490000,1842300,2026-09-05T01:17:07Z
2016-12-07,IEF,105.529999,1237600,2026-09-05T01:17:07Z
2016-12-07,IWM,135.899994,31825800,2026-09-05T01:17:07Z
2016-12-07,SPY,224.600006,110738100,2026-09-05T01:17:07Z
2016-12-07,TIP,113.430000,1835400,2026-09-05T01:17:07Z
2016-12-07,TLT,120.400002,10392200,2026-09-05T01:17:07Z
2016-12-07,VEA,36.980000,7037000,2026-09-05T01:17:07Z
2016-12-07,VNQ,82.730003,5754300,2026-09-05T01:17:07Z
2016-12-07,VWO,36.700001,15254700,2026-09-05T01:17:07Z
2016-12-08,BIL,45.720001,463700,2026-09-05T01:17:07Z
2016-12-08,DBC,15.520000,1693000,2026-09-05T01:17:07Z
2016-12-08,IEF,105.129997,1357500,2026-09-05T01:17:07Z
2016-12-08,IWM,138.039993,49048900,2026-09-05T01:17:07Z
2016-12-08,SPY,225.149994,99714400,2026-09-05T01:17:07Z
2016-12-08,TIP,113.320000,1227600,2026-09-05T01:17:07Z
2016-12-08,TLT,118.980003,12041100,2026-09-05T01:17:07Z
2016-12-08,VEA,37.009998,7522300,2026-09-05T01:17:07Z
2016-12-08,VNQ,83.300003,4404200,2026-09-05T01:17:07Z
2016-12-08,VWO,36.869999,10455300,2026-09-05T01:17:07Z
2016-12-09,BIL,45.720001,390000,2026-09-05T01:17:07Z
2016-12-09,DBC,15.600000,2500600,2026-09-05T01:17:07Z
2016-12-09,IEF,104.589996,3261000,2026-09-05T01:17:07Z
2016-12-09,IWM,138.309998,34313500,2026-09-05T01:17:07Z
2016-12-09,SPY,226.509995,88005800,2026-09-05T01:17:07Z
2016-12-09,TIP,112.800003,2218800,2026-09-05T01:17:07Z
2016-12-09,TLT,117.500000,14646400,2026-09-05T01:17:07Z
2016-12-09,VEA,37.119999,14272300,2026-09-05T01:17:07Z
2016-12-09,VNQ,83.209999,4506200,2026-09-05T01:17:07Z
2016-12-09,VWO,36.700001,9646100,2026-09-05T01:17:07Z
2016-12-12,BIL,45.709999,212850,2026-09-05T01:17:07Z
2016-12-12,DBC,15.700000,2873400,2026-09-05T01:17:07Z
2016-12-12,IEF,104.610001,1538200,2026-09-05T01:17:07Z
2016-12-12,IWM,136.850006,34592900,2026-09-05T01:17:07Z
2016-12-12,SPY,226.250000,102016100,2026-09-05T01:17:07Z
2016-12-12,TIP,112.779999,2026900,2026-09-05T01:17:07Z
2016-12-12,TLT,117.720001,9496300,2026-09-05T01:17:07Z
2016-12-12,VEA,37.000000,7630400,2026-09-05T01:17:07Z
2016-12-12,VNQ,83.760002,3610700,2026-09-05T01:17:07Z
2016-12-12,VWO,36.400002,8385500,2026-09-05T01:17:07Z
2016-12-13,BIL,45.720001,531850,2026-09-05T01:17:07Z
2016-12-13,DBC,15.740000,1381300,2026-09-05T01:17:07Z
2016-12-13,IEF,104.669998,1993500,2026-09-05T01:17:07Z
2016-12-13,IWM,136.860001,32624600,2026-09-05T01:17:07Z
2016-12-13,SPY,227.759995,110477500,2026-09-05T01:17:07Z
2016-12-13,TIP,112.739998,1867500,2026-09-05T01:17:07Z
2016-12-13,TLT,118.139999,12189200,2026-09-05T01:17:07Z
2016-12-13,VEA,37.389999,9579900,2026-09-05T01:17:07Z
2016-12-13,VNQ,83.720001,4015100,2026-09-05T01:17:07Z
2016-12-13,VWO,36.770000,8788500,2026-09-05T01:17:07Z
2016-12-14,BIL,45.720001,219150,2026-09-05T01:17:07Z
2016-12-14,DBC,15.590000,3129200,2026-09-05T01:17:07Z
2016-12-14,IEF,103.800003,3941000,2026-09-05T01:17:07Z
2016-12-14,IWM,135.149994,45923700,2026-09-05T01:17:07Z
2016-12-14,SPY,225.880005,142501800,2026-09-05T01:17:07Z
2016-12-14,TIP,111.849998,1320200,2026-09-05T01:17:07Z
2016-12-14,TLT,116.820000,16618400,2026-09-05T01:17:07Z
2016-12-14,VEA,36.779999,9630300,2026-09-05T01:17:07Z
2016-12-14,VNQ,81.889999,4857300,2026-09-05T01:17:07Z
2016-12-14,VWO,35.709999,18577100,2026-09-05T01:17:07Z
2016-12-15,BIL,45.720001,221850,2026-09-05T01:17:07Z
2016-12-15,DBC,15.570000,1580500,2026-09-05T01:17:07Z
2016-12-15,IEF,103.510002,1999200,2026-09-05T01:17:07Z
2016-12-15,IWM,136.160004,41352500,2026-09-05T01:17:07Z
2016-12-15,SPY,226.809998,124972600,2026-09-05T01:17:07Z
2016-12-15,TIP,111.150002,2909000,2026-09-05T01:17:07Z
2016-12-15,TLT,117.410004,12400500,2026-09-05T01:17:07Z
2016-12-15,VEA,36.720001,15570100,2026-09-05T01:17:07Z
2016-12-15,VNQ,81.410004,3915200,2026-09-05T01:17:07Z
2016-12-15,VWO,35.869999,24969800,2026-09-05T01:17:07Z
2016-12-16,BIL,45.709999,220900,2026-09-05T01:17:07Z
2016-12-16,DBC,15.640000,1148900,2026-09-05T01:17:07Z
2016-12-16,IEF,103.639999,1811800,2026-09-05T01:17:07Z
2016-12-16,IWM,135.910004,39348200,2026-09-05T01:17:07Z
2016-12-16,SPY,225.039993,156420200,2026-09-05T01:17:07Z
2016-12-16,TIP,111.089996,1240800,2026-09-05T01:17:07Z
2016-12-16,TLT,117.139999,14924600,2026-09-05T01:17:07Z
2016-12-16,VEA,36.730000,8161000,2026-09-05T01:17:07Z
2016-12-16,VNQ,82.629997,6581100,2026-09-05T01:17:07Z
2016-12-16,VWO,35.650002,21234600,2026-09-05T01:17:07Z
2016-12-19,BIL,45.720001,188700,2026-09-05T01:17:07Z
2016-12-19,DBC,15.550000,1565600,2026-09-05T01:17:07Z
2016-12-19,IEF,104.120003,1691800,2026-09-05T01:17:07Z
2016-12-19,IWM,136.800003,33393900,2026-09-05T01:17:07Z
2016-12-19,SPY,225.529999,90341100,2026-09-05T01:17:07Z
2016-12-19,TIP,111.550003,1320400,2026-09-05T01:17:07Z
2016-12-19,TLT,118.400002,10868300,2026-09-05T01:17:07Z
2016-12-19,VEA,36.700001,10052500,2026-09-05T01:17:07Z
2016-12-19,VNQ,83.519997,3663600,2026-09-05T01:17:07Z
2016-12-19,VWO,35.410000,13079200,2026-09-05T01:17:07Z
2016-12-20,BIL,45.709999,308100,2026-09-05T01:17:07Z
2016-12-20,DBC,15.620000,2103500,2026-09-05T01:17:07Z
2016-12-20,IEF,103.900002,969400,2026-09-05T01:17:07Z
2016-12-20,IWM,137.960007,31753600,2026-09-05T01:17:07Z
2016-12-20,SPY,226.399994,89838800,2026-09-05T01:17:07Z
2016-12-20,TIP,111.660004,2541000,2026-09-05T01:17:07Z
2016-12-20,TLT,117.809998,7030600,2026-09-05T01:17:07Z
2016-12-20,VEA,36.779999,12220200,2026-09-05T01:17:07Z
2016-12-20,VNQ,83.709999,5193600,2026-09-05T01:17:07Z
2016-12-20,VWO,35.299999,13983500,2026-09-05T01:17:07Z
2016-12-21,BIL,45.720001,217850,2026-09-05T01:17:07Z
2016-12-21,DBC,15.530000,4886500,2026-09-05T01:17:07Z
2016-12-21,IEF,104.070000,1870500,2026-09-05T01:17:07Z
2016-12-21,IWM,137.059998,23215900,2026-09-05T01:17:07Z
2016-12-21,SPY,225.770004,67909000,2026-09-05T01:17:07Z
2016-12-21,TIP,111.940002,1438300,2026-09-05T01:17:07Z
2016-12-21,TLT,118.330002,4624700,2026-09-05T01:17:07Z
2016-12-21,VEA,36.779999,13280800,2026-09-05T01:17:07Z
2016-12-21,VNQ,82.440002,4998400,2026-09-05T01:17:07Z
2016-12-21,VWO,35.189999,12815300,2026-09-05T01:17:07Z
2016-12-22,BIL,45.709999,263050,2026-09-05T01:17:07Z
2016-12-22,DBC,15.510000,3033800,2026-09-05T01:17:07Z
2016-12-22,IEF,103.860001,1872100,2026-09-05T01:17:07Z
2016-12-22,IWM,135.320007,34737900,2026-09-05T01:17:07Z
2016-12-22,SPY,225.380005,56219100,2026-09-05T01:17:07Z
2016-12-22,TIP,112.290001,1563800,2026-09-05T01:17:07Z
2016-12-22,TLT,117.809998,5177800,2026-09-05T01:17:07Z
2016-12-22,VEA,36.380001,9488900,2026-09-05T01:17:07Z
2016-12-22,VNQ,80.610001,3891700,2026-09-05T01:17:07Z
2016-12-22,VWO,34.860001,16299900,2026-09-05T01:17:07Z
2016-12-23,BIL,45.709999,238000,2026-09-05T01:17:07Z
2016-12-23,DBC,15.540000,1265400,2026-09-05T01:17:07Z
2016-12-23,IEF,103.959999,830400,2026-09-05T01:17:07Z
2016-12-23,IWM,136.039993,17081400,2026-09-05T01:17:07Z
2016-12-23,SPY,225.710007,36697800,2026-09-05T01:17:07Z
2016-12-23,TIP,112.419998,1777200,2026-09-05T01:17:07Z
2016-12-23,TLT,118.050003,4461600,2026-09-05T01:17:07Z
2016-12-23,VEA,36.459999,7653400,2026-09-05T01:17:07Z
2016-12-23,VNQ,80.820000,4504400,2026-09-05T01:17:07Z
2016-12-23,VWO,35.029999,9171400,2026-09-05T01:17:07Z
2016-12-27,BIL,45.720001,231850,2026-09-05T01:17:07Z
2016-12-27,DBC,15.780000,1303600,2026-09-05T01:17:07Z
2016-12-27,IEF,103.809998,1148800,2026-09-05T01:17:07Z
2016-12-27,IWM,136.649994,13571700,2026-09-05T01:17:07Z
2016-12-27,SPY,226.270004,42672500,2026-09-05T01:17:07Z
2016-12-27,TIP,112.370003,1666900,2026-09-05T01:17:07Z
2016-12-27,TLT,117.669998,5276600,2026-09-05T01:17:07Z
2016-12-27,VEA,36.410000,10197000,2026-09-05T01:17:07Z
2016-12-27,VNQ,80.989998,3833000,2026-09-05T01:17:07Z
2016-12-27,VWO,35.200001,12169100,2026-09-05T01:17:07Z
2016-12-28,BIL,45.709999,190200,2026-09-05T01:17:07Z
2016-12-28,DBC,15.790000,1603200,2026-09-05T01:17:07Z
2016-12-28,IEF,104.190002,1369800,2026-09-05T01:17:07Z
2016-12-28,IWM,135.250000,22712400,2026-09-05T01:17:07Z
2016-12-28,SPY,224.399994,64095000,2026-09-05T01:17:07Z
2016-12-28,TIP,112.660004,1290600,2026-09-05T01:17:07Z
2016-12-28,TLT,118.529999,7578600,2026-09-05T01:17:07Z
2016-12-28,VEA,36.340000,8027600,2026-09-05T01:17:07Z
2016-12-28,VNQ,80.500000,3979500,2026-09-05T01:17:07Z
2016-12-28,VWO,35.419998,13701900,2026-09-05T01:17:07Z
2016-12-29,BIL,45.720001,286650,2026-09-05T01:17:07Z
2016-12-29,DBC,15.810000,1198000,2026-09-05T01:17:07Z
2016-12-29,IEF,104.510002,1328600,2026-09-05T01:17:07Z
2016-12-29,IWM,135.369995,21312900,2026-09-05T01:17:07Z
2016-12-29,SPY,224.350006,48696100,2026-09-05T01:17:07Z
2016-12-29,TIP,112.800003,1297600,2026-09-05T01:17:07Z
2016-12-29,TLT,118.949997,8581400,2026-09-05T01:17:07Z
2016-12-29,VEA,36.470001,8605900,2026-09-05T01:17:07Z
2016-12-29,VNQ,81.500000,4259400,2026-09-05T01:17:07Z
2016-12-29,VWO,35.970001,11408400,2026-09-05T01:17:07Z
2016-12-30,BIL,45.700001,156600,2026-09-05T01:17:07Z
2016-12-30,DBC,15.840000,1623400,2026-09-05T01:17:07Z
2016-12-30,IEF,104.820000,2439500,2026-09-05T01:17:07Z
2016-12-30,IWM,134.850006,28399300,2026-09-05T01:17:07Z
2016-12-30,SPY,223.529999,108998300,2026-09-05T01:17:07Z
2016-12-30,TIP,113.169998,1024200,2026-09-05T01:17:07Z
2016-12-30,TLT,119.129997,10613900,2026-09-05T01:17:07Z
2016-12-30,VEA,36.540001,10007300,2026-09-05T01:17:07Z
2016-12-30,VNQ,82.529999,6673400,2026-09-05T01:17:07Z
2016-12-30,VWO,35.779999,11523000,2026-09-05T01:17:07Z
