date,symbol,close,volume,fetched_at
2017-01-03,BIL,45.720001,1769500,2026-09-05T01:17:07Z
2017-01-03,DBC,15.650000,5935100,2026-09-05T01:17:07Z
2017-01-03,IEF,104.769997,3230500,2026-09-05T01:17:07Z
2017-01-03,IWM,135.520004,29792400,2026-09-05T01:17:07Z
2017-01-03,SPY,225.240005,91366500,2026-09-05T01:17:07Z
2017-01-03,TIP,113.279999,2957500,2026-09-05T01:17:07Z
2017-01-03,TLT,119.639999,13217300,2026-09-05T01:17:07Z
2017-01-03,VEA,36.770000,10866500,2026-09-05T01:17:07Z
2017-01-03,VNQ,82.800003,9380300,2026-09-05T01:17:07Z
2017-01-03,VWO,36.169998,18705200,2026-09-05T01:17:07Z
2017-01-04,BIL,45.720001,522750,2026-09-05T01:17:07Z
2017-01-04,DBC,15.770000,3281500,2026-09-05T01:17:07Z
2017-01-04,IEF,104.889999,1523000,2026-09-05T01:17:07Z
2017-01-04,IWM,137.779999,34499400,2026-09-05T01:17:07Z
2017-01-04,SPY,226.580002,78744400,2026-09-05T01:17:07Z
2017-01-04,TIP,113.529999,2976200,2026-09-05T01:17:07Z
2017-01-04,TLT,120.099998,6699600,2026-09-05T01:17:07Z
2017-01-04,VEA,37.220001,8637100,2026-09-05T01:17:07Z
2017-01-04,VNQ,84.010002,6598700,2026-09-05T01:17:07Z
2017-01-04,VWO,36.500000,19171200,2026-09-05T01:17:07Z
2017-01-05,BIL,45.709999,627500,2026-09-05T01:17:07Z
2017-01-05,DBC,15.850000,28475900,2026-09-05T01:17:07Z
2017-01-05,IEF,105.570000,3344400,2026-09-05T01:17:07Z
2017-01-05,IWM,136.190002,30286900,2026-09-05T01:17:07Z
2017-01-05,SPY,226.399994,78379000,2026-09-05T01:17:07Z
2017-01-05,TIP,113.919998,1775600,2026-09-05T01:17:07Z
2017-01-05,TLT,121.980003,13265800,2026-09-05T01:17:07Z
2017-01-05,VEA,37.549999,8102200,2026-09-05T01:17:07Z
2017-01-05,VNQ,84.279999,8555700,2026-09-05T01:17:07Z
2017-01-05,VWO,36.880001,11923400,2026-09-05T01:17:07Z
2017-01-06,BIL,45.720001,321550,2026-09-05T01:17:07Z
2017-01-06,DBC,15.830000,2781800,2026-09-05T01:17:07Z
2017-01-06,IEF,105.089996,1601400,2026-09-05T01:17:07Z
2017-01-06,IWM,135.690002,23436000,2026-09-05T01:17:07Z
2017-01-06,SPY,227.210007,71559900,2026-09-05T01:17:07Z
2017-01-06,TIP,113.449997,978200,2026-09-05T01:17:07Z
2017-01-06,TLT,120.860001,8369300,2026-09-05T01:17:07Z
2017-01-06,VEA,37.400002,8368600,2026-09-05T01:17:07Z
2017-01-06,VNQ,84.290001,3901200,2026-09-05T01:17:07Z
2017-01-06,VWO,36.730000,13515300,2026-09-05T01:17:07Z
2017-01-09,BIL,45.720001,198600,2026-09-05T01:17:07Z
2017-01-09,DBC,15.590000,3365900,2026-09-05T01:17:07Z
2017-01-09,IEF,105.489998,1275000,2026-09-05T01:17:07Z
2017-01-09,IWM,134.800003,24077900,2026-09-05T01:17:07Z
2017-01-09,SPY,226.460007,46939700,2026-09-05T01:17:07Z
2017-01-09,TIP,113.629997,1691600,2026-09-05T01:17:07Z
2017-01-09,TLT,121.830002,8839100,2026-09-05T01:17:07Z
2017-01-09,VEA,37.310001,9042000,2026-09-05T01:17:07Z
2017-01-09,VNQ,83.529999,3546100,2026-09-05T01:17:07Z
2017-01-09,VWO,36.669998,14763200,2026-09-05T01:17:07Z
2017-01-10,BIL,45.709999,139000,2026-09-05T01:17:07Z
2017-01-10,DBC,15.520000,1915100,2026-09-05T01:17:07Z
2017-01-10,IEF,105.440002,1352700,2026-09-05T01:17:07Z
2017-01-10,IWM,136.089996,21684900,2026-09-05T01:17:07Z
2017-01-10,SPY,226.460007,63771900,2026-09-05T01:17:07Z
2017-01-10,TIP,113.720001,2508700,2026-09-05T01:17:07Z
2017-01-10,TLT,121.750000,8417900,2026-09-05T01:17:07Z
2017-01-10,VEA,37.349998,5933000,2026-09-05T01:17:07Z
2017-01-10,VNQ,82.820000,3959600,2026-09-05T01:17:07Z
2017-01-10,VWO,36.869999,12678400,2026-09-05T01:17:07Z
2017-01-11,BIL,45.720001,707250,2026-09-05T01:17:07Z
2017-01-11,DBC,15.690000,2711900,2026-09-05T01:17:07Z
2017-01-11,IEF,105.559998,1833700,2026-09-05T01:17:07Z
2017-01-11,IWM,136.330002,27428800,2026-09-05T01:17:07Z
2017-01-11,SPY,227.100006,74650000,2026-09-05T01:17:07Z
2017-01-11,TIP,114.080002,1169100,2026-09-05T01:17:07Z
2017-01-11,TLT,122.160004,9402500,2026-09-05T01:17:07Z
2017-01-11,VEA,37.610001,10396500,2026-09-05T01:17:07Z
2017-01-11,VNQ,82.309998,4498000,2026-09-05T01:17:07Z
2017-01-11,VWO,37.189999,13874600,2026-09-05T01:17:07Z
2017-01-12,BIL,45.720001,221350,2026-09-05T01:17:07Z
2017-01-12,DBC,15.920000,1752700,2026-09-05T01:17:07Z
2017-01-12,IEF,105.620003,1544700,2026-09-05T01:17:07Z
2017-01-12,IWM,135.279999,41844200,2026-09-05T01:17:07Z
2017-01-12,SPY,226.529999,72113200,2026-09-05T01:17:07Z
2017-01-12,TIP,114.180000,1014300,2026-09-05T01:17:07Z
2017-01-12,TLT,121.889999,9977600,2026-09-05T01:17:07Z
2017-01-12,VEA,37.639999,13565600,2026-09-05T01:17:07Z
2017-01-12,VNQ,82.730003,4670700,2026-09-05T01:17:07Z
2017-01-12,VWO,37.279999,11681900,2026-09-05T01:17:07Z
2017-01-13,BIL,45.720001,159800,2026-09-05T01:17:07Z
2017-01-13,DBC,15.890000,1241000,2026-09-05T01:17:07Z
2017-01-13,IEF,105.389999,1833200,2026-09-05T01:17:07Z
2017-01-13,IWM,136.259995,27784500,2026-09-05T01:17:07Z
2017-01-13,SPY,227.050003,62717900,2026-09-05T01:17:07Z
2017-01-13,TIP,113.980003,1920400,2026-09-05T01:17:07Z
2017-01-13,TLT,121.309998,9820000,2026-09-05T01:17:07Z
2017-01-13,VEA,37.779999,5351700,2026-09-05T01:17:07Z
2017-01-13,VNQ,82.610001,3658100,2026-09-05T01:17:07Z
2017-01-13,VWO,37.240002,11592600,2026-09-05T01:17:07Z
2017-01-17,BIL,45.720001,353250,2026-09-05T01:17:07Z
2017-01-17,DBC,15.880000,2168100,2026-09-05T01:17:07Z
2017-01-17,IEF,105.919998,1656800,2026-09-05T01:17:07Z
2017-01-17,IWM,134.410004,28197800,2026-09-05T01:17:07Z
2017-01-17,SPY,226.250000,61240800,2026-09-05T01:17:07Z
2017-01-17,TIP,114.339996,1440800,2026-09-05T01:17:07Z
2017-01-17,TLT,122.580002,7853300,2026-09-05T01:17:07Z
2017-01-17,VEA,37.680000,13265500,2026-09-05T01:17:07Z
2017-01-17,VNQ,83.250000,4139200,2026-09-05T01:17:07Z
2017-01-17,VWO,37.200001,8271700,2026-09-05T01:17:07Z
2017-01-18,BIL,45.709999,235400,2026-09-05T01:17:07Z
2017-01-18,DBC,15.740000,1570600,2026-09-05T01:17:07Z
2017-01-18,IEF,105.169998,3640400,2026-09-05T01:17:07Z
2017-01-18,IWM,134.850006,21289700,2026-09-05T01:17:07Z
2017-01-18,SPY,226.750000,54793300,2026-09-05T01:17:07Z
2017-01-18,TIP,113.779999,1267200,2026-09-05T01:17:07Z
2017-01-18,TLT,121.010002,9064700,2026-09-05T01:17:07Z
2017-01-18,VEA,37.509998,6247700,2026-09-05T01:17:07Z
2017-01-18,VNQ,83.389999,3317400,2026-09-05T01:17:07Z
2017-01-18,VWO,37.060001,14802100,2026-09-05T01:17:07Z
2017-01-19,BIL,45.709999,188700,2026-09-05T01:17:07Z
2017-01-19,DBC,15.690000,2495900,2026-09-05T01:17:07Z
2017-01-19,IEF,104.769997,1840000,2026-09-05T01:17:07Z
2017-01-19,IWM,133.750000,34105900,2026-09-05T01:17:07Z
2017-01-19,SPY,225.910004,66608800,2026-09-05T01:17:07Z
2017-01-19,TIP,113.690002,2081100,2026-09-05T01:17:07Z
2017-01-19,TLT,120.180000,11795600,2026-09-05T01:17:07Z
2017-01-19,VEA,37.439999,6868800,2026-09-05T01:17:07Z
2017-01-19,VNQ,82.540001,3169200,2026-09-05T01:17:07Z
2017-01-19,VWO,36.959999,13001200,2026-09-05T01:17:07Z
2017-01-20,BIL,45.720001,153650,2026-09-05T01:17:07Z
2017-01-20,DBC,15.870000,1780900,2026-09-05T01:17:07Z
2017-01-20,IEF,104.820000,1306400,2026-09-05T01:17:07Z
2017-01-20,IWM,134.440002,29286100,2026-09-05T01:17:07Z
2017-01-20,SPY,226.740005,129168600,2026-09-05T01:17:07Z
2017-01-20,TIP,113.709999,2925600,2026-09-05T01:17:07Z
2017-01-20,TLT,119.940002,16953200,2026-09-05T01:17:07Z
2017-01-20,VEA,37.619999,6399500,2026-09-05T01:17:07Z
2017-01-20,VNQ,83.139999,3285400,2026-09-05T01:17:07Z
2017-01-20,VWO,37.020000,10665100,2026-09-05T01:17:07Z
2017-01-23,BIL,45.709999,507200,2026-09-05T01:17:07Z
2017-01-23,DBC,15.870000,1390700,2026-09-05T01:17:07Z
2017-01-23,IEF,105.370003,1720200,2026-09-05T01:17:07Z
2017-01-23,IWM,133.880005,20537000,2026-09-05T01:17:07Z
2017-01-23,SPY,226.149994,75061600,2026-09-05T01:17:07Z
2017-01-23,TIP,114.169998,4172500,2026-09-05T01:17:07Z
2017-01-23,TLT,121.139999,13118400,2026-09-05T01:17:07Z
2017-01-23,VEA,37.700001,10408100,2026-09-05T01:17:07Z
2017-01-23,VNQ,83.839996,3165600,2026-09-05T01:17:07Z
2017-01-23,VWO,37.529999,11086500,2026-09-05T01:17:07Z
2017-01-24,BIL,45.709999,588300,2026-09-05T01:17:07Z
2017-01-24,DBC,15.910000,2219200,2026-09-05T01:17:07Z
2017-01-24,IEF,104.970001,1344000,2026-09-05T01:17:07Z
2017-01-24,IWM,135.929993,34313800,2026-09-05T01:17:07Z
2017-01-24,SPY,227.600006,95555300,2026-09-05T01:17:07Z
2017-01-24,TIP,113.980003,1582900,2026-09-05T01:17:07Z
2017-01-24,TLT,120.309998,8395000,2026-09-05T01:17:07Z
2017-01-24,VEA,37.860001,11370900,2026-09-05T01:17:07Z
2017-01-24,VNQ,83.860001,4204200,2026-09-05T01:17:07Z
2017-01-24,VWO,37.799999,8260100,2026-09-05T01:17:07Z
2017-01-25,BIL,45.720001,440100,2026-09-05T01:17:07Z
2017-01-25,DBC,15.810000,1724200,2026-09-05T01:17:07Z
2017-01-25,IEF,104.449997,1816000,2026-09-05T01:17:07Z
2017-01-25,IWM,137.210007,29127300,2026-09-05T01:17:07Z
2017-01-25,SPY,229.570007,84437700,2026-09-05T01:17:07Z
2017-01-25,TIP,113.610001,2934800,2026-09-05T01:17:07Z
2017-01-25,TLT,118.800003,11115100,2026-09-05T01:17:07Z
2017-01-25,VEA,38.230000,5481800,2026-09-05T01:17:07Z
2017-01-25,VNQ,83.309998,3461500,2026-09-05T01:17:07Z
2017-01-25,VWO,38.130001,13756300,2026-09-05T01:17:07Z
2017-01-26,BIL,45.730000,357350,2026-09-05T01:17:07Z
2017-01-26,DBC,15.880000,2201400,2026-09-05T01:17:07Z
2017-01-26,IEF,104.589996,2212900,2026-09-05T01:17:07Z
2017-01-26,IWM,136.660004,22255600,2026-09-05T01:17:07Z
2017-01-26,SPY,229.330002,59970700,2026-09-05T01:17:07Z
2017-01-26,TIP,113.779999,1958900,2026-09-05T01:17:07Z
2017-01-26,TLT,119.199997,7827900,2026-09-05T01:17:07Z
2017-01-26,VEA,38.110001,5924900,2026-09-05T01:17:07Z
2017-01-26,VNQ,83.150002,4093700,2026-09-05T01:17:07Z
2017-01-26,VWO,37.970001,10131500,2026-09-05T01:17:07Z
2017-01-27,BIL,45.709999,228000,2026-09-05T01:17:07Z
2017-01-27,DBC,15.750000,1835600,2026-09-05T01:17:07Z
2017-01-27,IEF,104.720001,2285200,2026-09-05T01:17:07Z
2017-01-27,IWM,136.190002,19467800,2026-09-05T01:17:07Z
2017-01-27,SPY,228.970001,59711100,2026-09-05T01:17:07Z
2017-01-27,TIP,113.970001,2023000,2026-09-05T01:17:07Z
2017-01-27,TLT,119.629997,7197800,2026-09-05T01:17:07Z
2017-01-27,VEA,38.020000,5153300,2026-09-05T01:17:07Z
2017-01-27,VNQ,82.339996,2996000,2026-09-05T01:17:07Z
2017-01-27,VWO,38.009998,9442900,2026-09-05T01:17:07Z
2017-01-30,BIL,45.730000,272650,2026-09-05T01:17:07Z
2017-01-30,DBC,15.660000,4275000,2026-09-05T01:17:07Z
2017-01-30,IEF,104.690002,1909300,2026-09-05T01:17:07Z
2017-01-30,IWM,134.289993,40464400,2026-09-05T01:17:07Z
2017-01-30,SPY,227.550003,79737300,2026-09-05T01:17:07Z
2017-01-30,TIP,113.940002,1922800,2026-09-05T01:17:07Z
2017-01-30,TLT,119.269997,6569500,2026-09-05T01:17:07Z
2017-01-30,VEA,37.750000,7074400,2026-09-05T01:17:07Z
2017-01-30,VNQ,81.779999,3182600,2026-09-05T01:17:07Z
2017-01-30,VWO,37.820000,12465800,2026-09-05T01:17:07Z
2017-01-31,BIL,45.720001,173800,2026-09-05T01:17:07Z
2017-01-31,DBC,15.750000,14620200,2026-09-05T01:17:07Z
2017-01-31,IEF,105.050003,1411700,2026-09-05T01:17:07Z
2017-01-31,IWM,135.229996,32945000,2026-09-05T01:17:07Z
2017-01-31,SPY,227.529999,75880800,2026-09-05T01:17:07Z
2017-01-31,TIP,114.180000,7613100,2026-09-05T01:17:07Z
2017-01-31,TLT,120.099998,13298500,2026-09-05T01:17:07Z
2017-01-31,VEA,37.880001,21455200,2026-09-05T01:17:07Z
2017-01-31,VNQ,82.370003,11091400,2026-09-05T01:17:07Z
2017-01-31,VWO,37.840000,15384000,2026-09-05T01:17:07Z
2017-02-01,BIL,45.709999,264050,2026-09-05T01:17:07Z
2017-02-01,DBC,15.920000,4732000,2026-09-05T01:17:07Z
2017-02-01,IEF,104.690002,2055100,2026-09-05T01:17:07Z
2017-02-01,IWM,135.149994,30010500,2026-09-05T01:17:07Z
2017-02-01,SPY,227.619995,79117700,2026-09-05T01:17:07Z
2017-02-01,TIP,113.940002,1777700,2026-09-05T01:17:07Z
2017-02-01,TLT,119.099998,10975500,2026-09-05T01:17:07Z
2017-02-01,VEA,38.009998,8474200,2026-09-05T01:17:07Z
2017-02-01,VNQ,81.379997,4555800,2026-09-05T01:17:07Z
2017-02-01,VWO,37.919998,11604600,2026-09-05T01:17:07Z
2017-02-02,BIL,45.709999,288000,2026-09-05T01:17:07Z
2017-02-02,DBC,15.920000,3617100,2026-09-05T01:17:07Z
2017-02-02,IEF,104.730003,1423500,2026-09-05T01:17:07Z
2017-02-02,IWM,134.809998,19935700,2026-09-05T01:17:07Z
2017-02-02,SPY,227.770004,69657600,2026-09-05T01:17:07Z
2017-02-02,TIP,113.949997,3938800,2026-09-05T01:17:07Z
2017-02-02,TLT,119.050003,6978600,2026-09-05T01:17:07Z
2017-02-02,VEA,38.070000,8355700,2026-09-05T01:17:07Z
2017-02-02,VNQ,82.349998,4754800,2026-09-05T01:17:07Z
2017-02-02,VWO,38.049999,10856100,2026-09-05T01:17:07Z
2017-02-03,BIL,45.700001,414700,2026-09-05T01:17:07Z
2017-02-03,DBC,15.910000,2433500,2026-09-05T01:17:07Z
2017-02-03,IEF,104.809998,1711100,2026-09-05T01:17:07Z
2017-02-03,IWM,136.869995,24534100,2026-09-05T01:17:07Z
2017-02-03,SPY,229.339996,80563200,2026-09-05T01:17:07Z
2017-02-03,TIP,113.830002,1376800,2026-09-05T01:17:07Z
2017-02-03,TLT,119.000000,10275600,2026-09-05T01:17:07Z
2017-02-03,VEA,38.230000,6353400,2026-09-05T01:17:07Z
2017-02-03,VNQ,82.800003,4165000,2026-09-05T01:17:07Z
2017-02-03,VWO,38.290001,8619300,2026-09-05T01:17:07Z
2017-02-06,BIL,45.720001,206550,2026-09-05T01:17:07Z
2017-02-06,DBC,15.810000,2332800,2026-09-05T01:17:07Z
2017-02-06,IEF,105.309998,1500500,2026-09-05T01:17:07Z
2017-02-06,IWM,135.839996,23691500,2026-09-05T01:17:07Z
2017-02-06,SPY,228.929993,57790100,2026-09-05T01:17:07Z
2017-02-06,TIP,114.110001,1786400,2026-09-05T01:17:07Z
2017-02-06,TLT,119.720001,8433800,2026-09-05T01:17:07Z
2017-02-06,VEA,37.950001,9355600,2026-09-05T01:17:07Z
2017-02-06,VNQ,82.660004,2985800,2026-09-05T01:17:07Z
2017-02-06,VWO,38.200001,10007500,2026-09-05T01:17:07Z
2017-02-07,BIL,45.720001,446850,2026-09-05T01:17:07Z
2017-02-07,DBC,15.740000,2026500,2026-09-05T01:17:07Z
2017-02-07,IEF,105.500000,1540600,2026-09-05T01:17:07Z
2017-02-07,IWM,135.240005,30342200,2026-09-05T01:17:07Z
2017-02-07,SPY,228.940002,57931200,2026-09-05T01:17:07Z
2017-02-07,TIP,114.059998,1462300,2026-09-05T01:17:07Z
2017-02-07,TLT,120.599998,8418400,2026-09-05T01:17:07Z
2017-02-07,VEA,37.919998,10453700,2026-09-05T01:17:07Z
2017-02-07,VNQ,82.370003,3250700,2026-09-05T01:17:07Z
2017-02-07,VWO,38.060001,10258000,2026-09-05T01:17:07Z
2017-02-08,BIL,45.720001,265100,2026-09-05T01:17:07Z
2017-02-08,DBC,15.800000,2314600,2026-09-05T01:17:07Z
2017-02-08,IEF,105.930000,3182200,2026-09-05T01:17:07Z
2017-02-08,IWM,135.000000,32956900,2026-09-05T01:17:07Z
2017-02-08,SPY,229.240005,51566200,2026-09-05T01:17:07Z
2017-02-08,TIP,114.330002,1456400,2026-09-05T01:17:07Z
2017-02-08,TLT,122.239998,15734200,2026-09-05T01:17:07Z
2017-02-08,VEA,37.980000,5720000,2026-09-05T01:17:07Z
2017-02-08,VNQ,83.019997,3316700,2026-09-05T01:17:07Z
2017-02-08,VWO,38.360001,7498800,2026-09-05T01:17:07Z
2017-02-09,BIL,45.720001,336550,2026-09-05T01:17:07Z
2017-02-09,DBC,15.880000,1669500,2026-09-05T01:17:07Z
2017-02-09,IEF,105.300003,1530200,2026-09-05T01:17:07Z
2017-02-09,IWM,136.899994,28267600,2026-09-05T01:17:07Z
2017-02-09,SPY,230.600006,65955200,2026-09-05T01:17:07Z
2017-02-09,TIP,114.110001,1045300,2026-09-05T01:17:07Z
2017-02-09,TLT,120.830002,16890600,2026-09-05T01:17:07Z
2017-02-09,VEA,38.119999,6141900,2026-09-05T01:17:07Z
2017-02-09,VNQ,83.220001,2806600,2026-09-05T01:17:07Z
2017-02-09,VWO,38.560001,10809300,2026-09-05T01:17:07Z
2017-02-10,BIL,45.709999,566050,2026-09-05T01:17:07Z
2017-02-10,DBC,16.049999,2768200,2026-09-05T01:17:07Z
2017-02-10,IEF,105.230003,1646400,2026-09-05T01:17:07Z
2017-02-10,IWM,137.940002,27287600,2026-09-05T01:17:07Z
2017-02-10,SPY,231.509995,66015900,2026-09-05T01:17:07Z
2017-02-10,TIP,114.199997,1585600,2026-09-05T01:17:07Z
2017-02-10,TLT,120.760002,7978500,2026-09-05T01:17:07Z
2017-02-10,VEA,38.259998,5006500,2026-09-05T01:17:07Z
2017-02-10,VNQ,83.809998,2983800,2026-09-05T01:17:07Z
2017-02-10,VWO,38.910000,9271600,2026-09-05T01:17:07Z
2017-02-13,BIL,45.709999,191000,2026-09-05T01:17:07Z
2017-02-13,DBC,15.870000,1122500,2026-09-05T01:17:07Z
2017-02-13,IEF,105.070000,1045200,2026-09-05T01:17:07Z
2017-02-13,IWM,138.300003,23245100,2026-09-05T01:17:07Z
2017-02-13,SPY,232.770004,55182100,2026-09-05T01:17:07Z
2017-02-13,TIP,114.019997,1002400,2026-09-05T01:17:07Z
2017-02-13,TLT,120.379997,11536800,2026-09-05T01:17:07Z
2017-02-13,VEA,38.400002,5487200,2026-09-05T01:17:07Z
2017-02-13,VNQ,83.839996,3968200,2026-09-05T01:17:07Z
2017-02-13,VWO,39.060001,8548700,2026-09-05T01:17:07Z
2017-02-14,BIL,45.720001,124500,2026-09-05T01:17:07Z
2017-02-14,DBC,15.890000,1679700,2026-09-05T01:17:07Z
2017-02-14,IEF,104.690002,2318100,2026-09-05T01:17:07Z
2017-02-14,IWM,138.759995,27145000,2026-09-05T01:17:07Z
2017-02-14,SPY,233.699997,71109000,2026-09-05T01:17:07Z
2017-02-14,TIP,113.750000,1012100,2026-09-05T01:17:07Z
2017-02-14,TLT,119.510002,13210500,2026-09-05T01:17:07Z
2017-02-14,VEA,38.380001,6902300,2026-09-05T01:17:07Z
2017-02-14,VNQ,83.400002,2687900,2026-09-05T01:17:07Z
2017-02-14,VWO,39.119999,11946300,2026-09-05T01:17:07Z
2017-02-15,BIL,45.709999,374350,2026-09-05T01:17:07Z
2017-02-15,DBC,15.910000,1350400,2026-09-05T01:17:07Z
2017-02-15,IEF,104.489998,2750900,2026-09-05T01:17:07Z
2017-02-15,IWM,139.589996,20253500,2026-09-05T01:17:07Z
2017-02-15,SPY,234.919998,86785800,2026-09-05T01:17:07Z
2017-02-15,TIP,113.900002,1131900,2026-09-05T01:17:07Z
2017-02-15,TLT,118.959999,8481000,2026-09-05T01:17:07Z
2017-02-15,VEA,38.520000,6229600,2026-09-05T01:17:07Z
2017-02-15,VNQ,83.120003,3687300,2026-09-05T01:17:07Z
2017-02-15,VWO,39.410000,10624700,2026-09-05T01:17:07Z
2017-02-16,BIL,45.709999,122400,2026-09-05T01:17:07Z
2017-02-16,DBC,15.810000,1300300,2026-09-05T01:17:07Z
2017-02-16,IEF,104.910004,2459800,2026-09-05T01:17:07Z
2017-02-16,IWM,139.199997,24613600,2026-09-05T01:17:07Z
2017-02-16,SPY,234.720001,84722400,2026-09-05T01:17:07Z
2017-02-16,TIP,113.900002,1171100,2026-09-05T01:17:07Z
2017-02-16,TLT,119.610001,10005800,2026-09-05T01:17:07Z
2017-02-16,VEA,38.599998,7128700,2026-09-05T01:17:07Z
2017-02-16,VNQ,83.610001,3097800,2026-09-05T01:17:07Z
2017-02-16,VWO,39.299999,9897200,2026-09-05T01:17:07Z
2017-02-17,BIL,45.720001,154300,2026-09-05T01:17:07Z
2017-02-17,DBC,15.780000,2265500,2026-09-05T01:17:07Z
2017-02-17,IEF,105.190002,2237700,2026-09-05T01:17:07Z
2017-02-17,IWM,139.110001,26703200,2026-09-05T01:17:07Z
2017-02-17,SPY,235.089996,77204100,2026-09-05T01:17:07Z
2017-02-17,TIP,114.160004,983000,2026-09-05T01:17:07Z
2017-02-17,TLT,120.320000,7886400,2026-09-05T01:17:07Z
2017-02-17,VEA,38.470001,6862100,2026-09-05T01:17:07Z
2017-02-17,VNQ,83.769997,2624100,2026-09-05T01:17:07Z
2017-02-17,VWO,39.169998,8944600,2026-09-05T01:17:07Z
2017-02-21,BIL,45.709999,297000,2026-09-05T01:17:07Z
2017-02-21,DBC,15.760000,1838700,2026-09-05T01:17:07Z
2017-02-21,IEF,105.139999,2832700,2026-09-05T01:17:07Z
2017-02-21,IWM,140.199997,21353500,2026-09-05T01:17:07Z
2017-02-21,SPY,236.490005,88946100,2026-09-05T01:17:07Z
2017-02-21,TIP,114.150002,1061100,2026-09-05T01:17:07Z
2017-02-21,TLT,120.110001,8703800,2026-09-05T01:17:07Z
2017-02-21,VEA,38.639999,5225000,2026-09-05T01:17:07Z
2017-02-21,VNQ,84.839996,5646700,2026-09-05T01:17:07Z
2017-02-21,VWO,39.490002,6873400,2026-09-05T01:17:07Z
2017-02-22,BIL,45.709999,270350,2026-09-05T01:17:07Z
2017-02-22,DBC,15.680000,2480700,2026-09-05T01:17:07Z
2017-02-22,IEF,105.309998,2812800,2026-09-05T01:17:07Z
2017-02-22,IWM,139.580002,14890800,2026-09-05T01:17:07Z
2017-02-22,SPY,236.279999,62115200,2026-09-05T01:17:07Z
2017-02-22,TIP,114.360001,1082600,2026-09-05T01:17:07Z
2017-02-22,TLT,120.309998,8101500,2026-09-05T01:17:07Z
2017-02-22,VEA,38.610001,8044300,2026-09-05T01:17:07Z
2017-02-22,VNQ,84.559998,3464400,2026-09-05T01:17:07Z
2017-02-22,VWO,39.590000,7027800,2026-09-05T01:17:07Z
2017-02-23,BIL,45.709999,402350,2026-09-05T01:17:07Z
2017-02-23,DBC,15.730000,2209700,2026-09-05T01:17:07Z
2017-02-23,IEF,105.589996,1842700,2026-09-05T01:17:07Z
2017-02-23,IWM,138.750000,24596200,2026-09-05T01:17:07Z
2017-02-23,SPY,236.440002,74615900,2026-09-05T01:17:07Z
2017-02-23,TIP,114.629997,1042100,2026-09-05T01:17:07Z
2017-02-23,TLT,120.669998,5330800,2026-09-05T01:17:07Z
2017-02-23,VEA,38.680000,8303800,2026-09-05T01:17:07Z
2017-02-23,VNQ,85.000000,3430900,2026-09-05T01:17:07Z
2017-02-23,VWO,39.610001,15360200,2026-09-05T01:17:07Z
2017-02-24,BIL,45.709999,725450,2026-09-05T01:17:07Z
2017-02-24,DBC,15.700000,1371600,2026-09-05T01:17:07Z
2017-02-24,IEF,106.080002,2677000,2026-09-05T01:17:07Z
2017-02-24,IWM,138.649994,24512300,2026-09-05T01:17:07Z
2017-02-24,SPY,236.740005,82381600,2026-09-05T01:17:07Z
2017-02-24,TIP,114.959999,2409100,2026-09-05T01:17:07Z
2017-02-24,TLT,122.010002,11336000,2026-09-05T01:17:07Z
2017-02-24,VEA,38.349998,5977900,2026-09-05T01:17:07Z
2017-02-24,VNQ,85.400002,3667400,2026-09-05T01:17:07Z
2017-02-24,VWO,39.189999,12380100,2026-09-05T01:17:07Z
2017-02-27,BIL,45.709999,177650,2026-09-05T01:17:07Z
2017-02-27,DBC,15.660000,1914300,2026-09-05T01:17:07Z
2017-02-27,IEF,105.699997,3292600,2026-09-05T01:17:07Z
2017-02-27,IWM,140.000000,28269000,2026-09-05T01:17:07Z
2017-02-27,SPY,237.110001,56515400,2026-09-05T01:17:07Z
2017-02-27,TIP,114.650002,2523800,2026-09-05T01:17:07Z
2017-02-27,TLT,121.290001,11039800,2026-09-05T01:17:07Z
2017-02-27,VEA,38.369999,5032400,2026-09-05T01:17:07Z
2017-02-27,VNQ,85.849998,3326700,2026-09-05T01:17:07Z
2017-02-27,VWO,39.029999,8300700,2026-09-05T01:17:07Z
2017-02-28,BIL,45.730000,175150,2026-09-05T01:17:07Z
2017-02-28,DBC,15.720000,2321000,2026-09-05T01:17:07Z
2017-02-28,IEF,105.650002,2482500,2026-09-05T01:17:07Z
2017-02-28,IWM,137.839996,40184100,2026-09-05T01:17:07Z
2017-02-28,SPY,236.470001,96961900,2026-09-05T01:17:07Z
2017-02-28,TIP,114.650002,1599700,2026-09-05T01:17:07Z
2017-02-28,TLT,121.739998,8410500,2026-09-05T01:17:07Z
2017-02-28,VEA,38.279999,8058800,2026-09-05T01:17:07Z
2017-02-28,VNQ,85.260002,5778100,2026-09-05T01:17:07Z
2017-02-28,VWO,38.689999,12186300,2026-09-05T01:17:07Z
2017-03-01,BIL,45.700001,230950,2026-09-05T01:17:07Z
2017-03-01,DBC,15.790000,2324000,2026-09-05T01:17:07Z
2017-03-01,IEF,104.769997,2249000,2026-09-05T01:17:07Z
2017-03-01,IWM,140.360001,35719800,2026-09-05T01:17:07Z
2017-03-01,SPY,239.779999,149158200,2026-09-05T01:17:07Z
2017-03-01,TIP,113.959999,3412200,2026-09-05T01:17:07Z
2017-03-01,TLT,119.470001,10717100,2026-09-05T01:17:07Z
2017-03-01,VEA,38.650002,7916300,2026-09-05T01:17:07Z
2017-03-01,VNQ,85.000000,6282800,2026-09-05T01:17:07Z
2017-03-01,VWO,39.310001,14624700,2026-09-05T01:17:07Z
2017-03-02,BIL,45.700001,185850,2026-09-05T01:17:07Z
2017-03-02,DBC,15.540000,1381200,2026-09-05T01:17:07Z
2017-03-02,IEF,104.470001,2023300,2026-09-05T01:17:07Z
2017-03-02,IWM,138.750000,25937000,2026-09-05T01:17:07Z
2017-03-02,SPY,238.270004,70246000,2026-09-05T01:17:07Z
2017-03-02,TIP,113.599998,1967200,2026-09-05T01:17:07Z
2017-03-02,TLT,119.040001,8201200,2026-09-05T01:17:07Z
2017-03-02,VEA,38.410000,6527900,2026-09-05T01:17:07Z
2017-03-02,VNQ,84.540001,3060400,2026-09-05T01:17:07Z
2017-03-02,VWO,38.610001,13655700,2026-09-05T01:17:07Z
2017-03-03,BIL,45.709999,332050,2026-09-05T01:17:07Z
2017-03-03,DBC,15.620000,1805600,2026-09-05T01:17:07Z
2017-03-03,IEF,104.570000,2509000,2026-09-05T01:17:07Z
2017-03-03,IWM,138.649994,30989800,2026-09-05T01:17:07Z
2017-03-03,SPY,238.419998,81974300,2026-09-05T01:17:07Z
2017-03-03,TIP,113.860001,2882500,2026-09-05T01:17:07Z
2017-03-03,TLT,119.349998,9515200,2026-09-05T01:17:07Z
2017-03-03,VEA,38.599998,8626800,2026-09-05T01:17:07Z
2017-03-03,VNQ,84.209999,4177700,2026-09-05T01:17:07Z
2017-03-03,VWO,38.939999,10080800,2026-09-05T01:17:07Z
2017-03-06,BIL,45.720001,193950,2026-09-05T01:17:07Z
2017-03-06,DBC,15.600000,1297800,2026-09-05T01:17:07Z
2017-03-06,IEF,104.550003,1401700,2026-09-05T01:17:07Z
2017-03-06,IWM,137.699997,23892100,2026-09-05T01:17:07Z
2017-03-06,SPY,237.710007,55391500,2026-09-05T01:17:07Z
2017-03-06,TIP,113.739998,1553600,2026-09-05T01:17:07Z
2017-03-06,TLT,118.779999,4489200,2026-09-05T01:17:07Z
2017-03-06,VEA,38.470001,6501700,2026-09-05T01:17:07Z
2017-03-06,VNQ,83.830002,3237400,2026-09-05T01:17:07Z
2017-03-06,VWO,39.000000,8232800,2026-09-05T01:17:07Z
2017-03-07,BIL,45.700001,95600,2026-09-05T01:17:07Z
2017-03-07,DBC,15.530000,1468000,2026-09-05T01:17:07Z
2017-03-07,IEF,104.400002,1596300,2026-09-05T01:17:07Z
2017-03-07,IWM,136.800003,29711300,2026-09-05T01:17:07Z
2017-03-07,SPY,237.000000,65103700,2026-09-05T01:17:07Z
2017-03-07,TIP,113.540001,1545200,2026-09-05T01:17:07Z
2017-03-07,TLT,118.419998,7080100,2026-09-05T01:17:07Z
2017-03-07,VEA,38.369999,6354000,2026-09-05T01:17:07Z
2017-03-07,VNQ,83.430000,4658000,2026-09-05T01:17:07Z
2017-03-07,VWO,39.049999,14789500,2026-09-05T01:17:07Z
2017-03-08,BIL,45.700001,179950,2026-09-05T01:17:07Z
2017-03-08,DBC,15.180000,4012200,2026-09-05T01:17:07Z
2017-03-08,IEF,104.050003,2392800,2026-09-05T01:17:07Z
2017-03-08,IWM,135.899994,34115100,2026-09-05T01:17:07Z
2017-03-08,SPY,236.559998,78168800,2026-09-05T01:17:07Z
2017-03-08,TIP,113.050003,1357200,2026-09-05T01:17:07Z
2017-03-08,TLT,117.779999,11336300,2026-09-05T01:17:07Z
2017-03-08,VEA,38.169998,6088200,2026-09-05T01:17:07Z
2017-03-08,VNQ,81.889999,4814100,2026-09-05T01:17:07Z
2017-03-08,VWO,38.660000,15601800,2026-09-05T01:17:07Z
2017-03-09,BIL,45.700001,298200,2026-09-05T01:17:07Z
2017-03-09,DBC,15.050000,4657800,2026-09-05T01:17:07Z
2017-03-09,IEF,103.760002,2322900,2026-09-05T01:17:07Z
2017-03-09,IWM,135.360001,35223800,2026-09-05T01:17:07Z
2017-03-09,SPY,236.860001,90683900,2026-09-05T01:17:07Z
2017-03-09,TIP,112.750000,1098300,2026-09-05T01:17:07Z
2017-03-09,TLT,116.839996,10575400,2026-09-05T01:17:07Z
2017-03-09,VEA,38.330002,14453500,2026-09-05T01:17:07Z
2017-03-09,VNQ,80.660004,5604300,2026-09-05T01:17:07Z
2017-03-09,VWO,38.330002,12131900,2026-09-05T01:17:07Z
2017-03-10,BIL,45.709999,423800,2026-09-05T01:17:07Z
2017-03-10,DBC,14.910000,4163400,2026-09-05T01:17:07Z
2017-03-10,IEF,103.980003,1333000,2026-09-05T01:17:07Z
2017-03-10,IWM,135.960007,39516600,2026-09-05T01:17:07Z
2017-03-10,SPY,237.690002,81991700,2026-09-05T01:17:07Z
2017-03-10,TIP,112.959999,2424500,2026-09-05T01:17:07Z
2017-03-10,TLT,117.250000,9218500,2026-09-05T01:17:07Z
2017-03-10,VEA,38.630001,13367400,2026-09-05T01:17:07Z
2017-03-10,VNQ,80.410004,6278800,2026-09-05T01:17:07Z
2017-03-10,VWO,38.650002,14955600,2026-09-05T01:17:07Z
2017-03-13,BIL,45.700001,300950,2026-09-05T01:17:07Z
2017-03-13,DBC,14.890000,2701200,2026-09-05T01:17:07Z
2017-03-13,IEF,103.720001,1342600,2026-09-05T01:17:07Z
2017-03-13,IWM,136.279999,21295000,2026-09-05T01:17:07Z
2017-03-13,SPY,237.809998,57256800,2026-09-05T01:17:07Z
2017-03-13,TIP,112.699997,1040300,2026-09-05T01:17:07Z
2017-03-13,TLT,116.510002,6993100,2026-09-05T01:17:07Z
2017-03-13,VEA,38.810001,7891900,2026-09-05T01:17:07Z
2017-03-13,VNQ,80.610001,4691000,2026-09-05T01:17:07Z
2017-03-13,VWO,39.139999,9506700,2026-09-05T01:17:07Z
2017-03-14,BIL,45.700001,350700,2026-09-05T01:17:07Z
2017-03-14,DBC,14.830000,2946400,2026-09-05T01:17:07Z
2017-03-14,IEF,103.830002,864600,2026-09-05T01:17:07Z
2017-03-14,IWM,135.630005,30037800,2026-09-05T01:17:07Z
2017-03-14,SPY,236.899994,59880800,2026-09-05T01:17:07Z
2017-03-14,TIP,112.620003,951400,2026-09-05T01:17:07Z
2017-03-14,TLT,117.070000,9869200,2026-09-05T01:17:07Z
2017-03-14,VEA,38.520000,5433600,2026-09-05T01:17:07Z
2017-03-14,VNQ,80.589996,4582400,2026-09-05T01:17:07Z
2017-03-14,VWO,38.919998,12217700,2026-09-05T01:17:07Z
2017-03-15,BIL,45.709999,740300,2026-09-05T01:17:07Z
2017-03-15,DBC,14.960000,3442700,2026-09-05T01:17:07Z
2017-03-15,IEF,104.739998,3701900,2026-09-05T01:17:07Z
2017-03-15,IWM,137.729996,31230400,2026-09-05T01:17:07Z
2017-03-15,SPY,238.949997,96081800,2026-09-05T01:17:07Z
2017-03-15,TIP,113.639999,1990000,2026-09-05T01:17:07Z
2017-03-15,TLT,118.500000,14600500,2026-09-05T01:17:07Z
2017-03-15,VEA,39.119999,12069200,2026-09-05T01:17:07Z
2017-03-15,VNQ,82.220001,7177800,2026-09-05T01:17:07Z
2017-03-15,VWO,39.830002,22872700,2026-09-05T01:17:07Z
2017-03-16,BIL,45.720001,298300,2026-09-05T01:17:07Z
2017-03-16,DBC,14.940000,2088200,2026-09-05T01:17:07Z
2017-03-16,IEF,104.449997,2749900,2026-09-05T01:17:07Z
2017-03-16,IWM,137.910004,25306600,2026-09-05T01:17:07Z
2017-03-16,SPY,238.479996,78344000,2026-09-05T01:17:07Z
2017-03-16,TIP,113.559998,2883700,2026-09-05T01:17:07Z
2017-03-16,TLT,117.900002,8018200,2026-09-05T01:17:07Z
2017-03-16,VEA,39.279999,13666800,2026-09-05T01:17:07Z
2017-03-16,VNQ,82.059998,4456700,2026-09-05T01:17:07Z
2017-03-16,VWO,40.099998,28561200,2026-09-05T01:17:07Z
2017-03-17,BIL,45.720001,182950,2026-09-05T01:17:07Z
2017-03-17,DBC,14.990000,1161700,2026-09-05T01:17:07Z
2017-03-17,IEF,104.730003,1186700,2026-09-05T01:17:07Z
2017-03-17,IWM,138.460007,33324600,2026-09-05T01:17:07Z
2017-03-17,SPY,237.029999,89002100,2026-09-05T01:17:07Z
2017-03-17,TIP,113.809998,1115400,2026-09-05T01:17:07Z
2017-03-17,TLT,118.639999,7266800,2026-09-05T01:17:07Z
2017-03-17,VEA,39.340000,7982100,2026-09-05T01:17:07Z
2017-03-17,VNQ,82.440002,4380600,2026-09-05T01:17:07Z
2017-03-17,VWO,40.060001,17399400,2026-09-05T01:17:07Z
2017-03-20,BIL,45.709999,147200,2026-09-05T01:17:07Z
2017-03-20,DBC,14.980000,2166400,2026-09-05T01:17:07Z
2017-03-20,IEF,104.980003,1362700,2026-09-05T01:17:07Z
2017-03-20,IWM,137.860001,19091200,2026-09-05T01:17:07Z
2017-03-20,SPY,236.770004,52537000,2026-09-05T01:17:07Z
2017-03-20,TIP,113.980003,791600,2026-09-05T01:17:07Z
2017-03-20,TLT,119.150002,5497800,2026-09-05T01:17:07Z
2017-03-20,VEA,39.320000,6544100,2026-09-05T01:17:07Z
2017-03-20,VNQ,82.370003,2748500,2026-09-05T01:17:07Z
2017-03-20,VWO,40.450001,13336300,2026-09-05T01:17:07Z
2017-03-21,BIL,45.720001,650300,2026-09-05T01:17:07Z
2017-03-21,DBC,14.900000,1882000,2026-09-05T01:17:07Z
2017-03-21,IEF,105.330002,1407000,2026-09-05T01:17:07Z
2017-03-21,IWM,133.970001,61869000,2026-09-05T01:17:07Z
2017-03-21,SPY,233.729996,131809300,2026-09-05T01:17:07Z
2017-03-21,TIP,114.059998,1479300,2026-09-05T01:17:07Z
2017-03-21,TLT,120.139999,12540700,2026-09-05T01:17:07Z
2017-03-21,VEA,39.090000,8359800,2026-09-05T01:17:07Z
2017-03-21,VNQ,82.010002,6969700,2026-09-05T01:17:07Z
2017-03-21,VWO,39.959999,17365900,2026-09-05T01:17:07Z
2017-03-22,BIL,45.720001,555550,2026-09-05T01:17:07Z
2017-03-22,DBC,14.890000,1921500,2026-09-05T01:17:07Z
2017-03-22,IEF,105.529999,2231300,2026-09-05T01:17:07Z
2017-03-22,IWM,134.000000,46332600,2026-09-05T01:17:07Z
2017-03-22,SPY,234.279999,97569200,2026-09-05T01:17:07Z
2017-03-22,TIP,114.250000,824500,2026-09-05T01:17:07Z
2017-03-22,TLT,120.620003,11661400,2026-09-05T01:17:07Z
2017-03-22,VEA,39.139999,8815000,2026-09-05T01:17:07Z
2017-03-22,VNQ,81.370003,4618000,2026-09-05T01:17:07Z
2017-03-22,VWO,40.080002,14085400,2026-09-05T01:17:07Z
2017-03-23,BIL,45.709999,339550,2026-09-05T01:17:07Z
2017-03-23,DBC,14.860000,1511400,2026-09-05T01:17:07Z
2017-03-23,IEF,105.419998,2584700,2026-09-05T01:17:07Z
2017-03-23,IWM,134.779999,37764600,2026-09-05T01:17:07Z
2017-03-23,SPY,234.029999,100410300,2026-09-05T01:17:07Z
2017-03-23,TIP,114.120003,913100,2026-09-05T01:17:07Z
2017-03-23,TLT,120.449997,6746500,2026-09-05T01:17:07Z
2017-03-23,VEA,39.250000,9725400,2026-09-05T01:17:07Z
2017-03-23,VNQ,81.970001,7610200,2026-09-05T01:17:07Z
2017-03-23,VWO,40.099998,12783300,2026-09-05T01:17:07Z
2017-03-24,BIL,45.720001,184750,2026-09-05T01:17:07Z
2017-03-24,DBC,14.910000,1372400,2026-09-05T01:17:07Z
2017-03-24,IEF,105.480003,2540000,2026-09-05T01:17:07Z
2017-03-24,IWM,134.490005,33514400,2026-09-05T01:17:07Z
2017-03-24,SPY,233.860001,112504900,2026-09-05T01:17:07Z
2017-03-24,TIP,114.449997,1379100,2026-09-05T01:17:07Z
2017-03-24,TLT,120.879997,5819600,2026-09-05T01:17:07Z
2017-03-24,VEA,39.200001,11122000,2026-09-05T01:17:07Z
2017-03-24,VNQ,81.879997,4399200,2026-09-05T01:17:07Z
2017-03-24,VWO,40.209999,12543700,2026-09-05T01:17:07Z
2017-03-27,BIL,45.720001,386850,2026-09-05T01:17:07Z
2017-03-27,DBC,14.890000,2124000,2026-09-05T01:17:07Z
2017-03-27,IEF,105.739998,2614000,2026-09-05T01:17:07Z
2017-03-27,IWM,134.740005,35596700,2026-09-05T01:17:07Z
2017-03-27,SPY,233.619995,87454500,2026-09-05T01:17:07Z
2017-03-27,TIP,114.669998,1078200,2026-09-05T01:17:07Z
2017-03-27,TLT,121.430000,6878500,2026-09-05T01:17:07Z
2017-03-27,VEA,39.290001,7904900,2026-09-05T01:17:07Z
2017-03-27,VNQ,81.139999,4556000,2026-09-05T01:17:07Z
2017-03-27,VWO,40.090000,12759600,2026-09-05T01:17:07Z
2017-03-28,BIL,45.720001,894350,2026-09-05T01:17:07Z
2017-03-28,DBC,14.980000,1713300,2026-09-05T01:17:07Z
2017-03-28,IEF,105.379997,1356800,2026-09-05T01:17:07Z
2017-03-28,IWM,135.789993,26891900,2026-09-05T01:17:07Z
2017-03-28,SPY,235.320007,93483900,2026-09-05T01:17:07Z
2017-03-28,TIP,114.290001,1658800,2026-09-05T01:17:07Z
2017-03-28,TLT,120.620003,6811200,2026-09-05T01:17:07Z
2017-03-28,VEA,39.470001,9109100,2026-09-05T01:17:07Z
2017-03-28,VNQ,81.489998,4232100,2026-09-05T01:17:07Z
2017-03-28,VWO,40.189999,14135900,2026-09-05T01:17:07Z
2017-03-29,BIL,45.720001,83400,2026-09-05T01:17:07Z
2017-03-29,DBC,15.120000,2553000,2026-09-05T01:17:07Z
2017-03-29,IEF,105.680000,1860400,2026-09-05T01:17:07Z
2017-03-29,IWM,136.229996,22119500,2026-09-05T01:17:07Z
2017-03-29,SPY,235.539993,61950400,2026-09-05T01:17:07Z
2017-03-29,TIP,114.589996,933900,2026-09-05T01:17:07Z
2017-03-29,TLT,121.339996,6291000,2026-09-05T01:17:07Z
2017-03-29,VEA,39.509998,5715100,2026-09-05T01:17:07Z
2017-03-29,VNQ,81.949997,3123200,2026-09-05T01:17:07Z
2017-03-29,VWO,40.250000,8453000,2026-09-05T01:17:07Z
2017-03-30,BIL,45.720001,539400,2026-09-05T01:17:07Z
2017-03-30,DBC,15.180000,1325100,2026-09-05T01:17:07Z
2017-03-30,IEF,105.379997,1487800,2026-09-05T01:17:07Z
2017-03-30,IWM,137.259995,25792900,2026-09-05T01:17:07Z
2017-03-30,SPY,236.289993,56737900,2026-09-05T01:17:07Z
2017-03-30,TIP,114.309998,996200,2026-09-05T01:17:07Z
2017-03-30,TLT,120.360001,7042400,2026-09-05T01:17:07Z
2017-03-30,VEA,39.360001,5419200,2026-09-05T01:17:07Z
2017-03-30,VNQ,82.099998,4593300,2026-09-05T01:17:07Z
2017-03-30,VWO,40.020000,7378000,2026-09-05T01:17:07Z
2017-03-31,BIL,45.709999,526650,2026-09-05T01:17:07Z
2017-03-31,DBC,15.210000,3000100,2026-09-05T01:17:07Z
2017-03-31,IEF,105.589996,1698500,2026-09-05T01:17:07Z
2017-03-31,IWM,137.479996,29434300,2026-09-05T01:17:07Z
2017-03-31,SPY,235.740005,73733100,2026-09-05T01:17:07Z
2017-03-31,TIP,114.650002,899400,2026-09-05T01:17:07Z
2017-03-31,TLT,120.709999,5144800,2026-09-05T01:17:07Z
2017-03-31,VEA,39.299999,9458800,2026-09-05T01:17:07Z
2017-03-31,VNQ,82.589996,7167900,2026-09-05T01:17:07Z
2017-03-31,VWO,39.720001,12271800,2026-09-05T01:17:07Z
2017-04-03,BIL,45.700001,2097900,2026-09-05T01:17:07Z
2017-04-03,DBC,15.150000,4604200,2026-09-05T01:17:07Z
2017-04-03,IEF,105.949997,4175500,2026-09-05T01:17:07Z
2017-04-03,IWM,136.029999,38834900,2026-09-05T01:17:07Z
2017-04-03,SPY,235.330002,85546500,2026-09-05T01:17:07Z
2017-04-03,TIP,114.769997,3097500,2026-09-05T01:17:07Z
2017-04-03,TLT,121.669998,12996500,2026-09-05T01:17:07Z
2017-04-03,VEA,39.259998,11709700,2026-09-05T01:17:07Z
2017-04-03,VNQ,82.830002,7469000,2026-09-05T01:17:07Z
2017-04-03,VWO,40.029999,15366400,2026-09-05T01:17:07Z
2017-04-04,BIL,45.700001,714500,2026-09-05T01:17:07Z
2017-04-04,DBC,15.300000,4604200,2026-09-05T01:17:07Z
2017-04-04,IEF,105.800003,1319600,2026-09-05T01:17:07Z
2017-04-04,IWM,135.869995,25642600,2026-09-05T01:17:07Z
2017-04-04,SPY,235.479996,56466200,2026-09-05T01:17:07Z
2017-04-04,TIP,114.639999,1064900,2026-09-05T01:17:07Z
2017-04-04,TLT,121.010002,6976700,2026-09-05T01:17:07Z
2017-04-04,VEA,39.240002,8516000,2026-09-05T01:17:07Z
2017-04-04,VNQ,82.830002,5359300,2026-09-05T01:17:07Z
2017-04-04,VWO,40.119999,9319600,2026-09-05T01:17:07Z
2017-04-05,BIL,45.700001,581750,2026-09-05T01:17:07Z
2017-04-05,DBC,15.330000,4604600,2026-09-05T01:17:07Z
2017-04-05,IEF,106.000000,2551100,2026-09-05T01:17:07Z
2017-04-05,IWM,134.330002,44968800,2026-09-05T01:17:07Z
2017-04-05,SPY,234.779999,108800600,2026-09-05T01:17:07Z
2017-04-05,TIP,114.860001,1460600,2026-09-05T01:17:07Z
2017-04-05,TLT,121.379997,8555200,2026-09-05T01:17:07Z
2017-04-05,VEA,39.029999,10772700,2026-09-05T01:17:07Z
2017-04-05,VNQ,82.949997,4738600,2026-09-05T01:17:07Z
2017-04-05,VWO,40.049999,12539600,2026-09-05T01:17:07Z
2017-04-06,BIL,45.700001,246550,2026-09-05T01:17:07Z
2017-04-06,DBC,15.370000,2856200,2026-09-05T01:17:07Z
2017-04-06,IEF,105.930000,1496300,2026-09-05T01:17:07Z
2017-04-06,IWM,135.580002,41012100,2026-09-05T01:17:07Z
2017-04-06,SPY,235.440002,69135800,2026-09-05T01:17:07Z
2017-04-06,TIP,114.800003,774500,2026-09-05T01:17:07Z
2017-04-06,TLT,121.199997,6497000,2026-09-05T01:17:07Z
2017-04-06,VEA,39.060001,8593100,2026-09-05T01:17:07Z
2017-04-06,VNQ,83.389999,4711500,2026-09-05T01:17:07Z
2017-04-06,VWO,39.980000,9571400,2026-09-05T01:17:07Z
2017-04-07,BIL,45.700001,129300,2026-09-05T01:17:07Z
2017-04-07,DBC,15.410000,6227100,2026-09-05T01:17:07Z
2017-04-07,IEF,105.610001,1185400,2026-09-05T01:17:07Z
2017-04-07,IWM,135.520004,24300200,2026-09-05T01:17:07Z
2017-04-07,SPY,235.199997,74412300,2026-09-05T01:17:07Z
2017-04-07,TIP,114.349998,858500,2026-09-05T01:17:07Z
2017-04-07,TLT,120.709999,10270000,2026-09-05T01:17:07Z
2017-04-07,VEA,39.009998,8311800,2026-09-05T01:17:07Z
2017-04-07,VNQ,83.510002,4483800,2026-09-05T01:17:07Z
2017-04-07,VWO,39.970001,9168500,2026-09-05T01:17:07Z
2017-04-10,BIL,45.700001,429050,2026-09-05T01:17:07Z
2017-04-10,DBC,15.530000,945800,2026-09-05T01:17:07Z
2017-04-10,IEF,105.800003,1752500,2026-09-05T01:17:07Z
2017-04-10,IWM,135.820007,22779900,2026-09-05T01:17:07Z
2017-04-10,SPY,235.339996,67615300,2026-09-05T01:17:07Z
2017-04-10,TIP,114.410004,752800,2026-09-05T01:17:07Z
2017-04-10,TLT,121.269997,5314500,2026-09-05T01:17:07Z
2017-04-10,VEA,39.009998,6221100,2026-09-05T01:17:07Z
2017-04-10,VNQ,84.029999,2547800,2026-09-05T01:17:07Z
2017-04-10,VWO,39.779999,9915800,2026-09-05T01:17:07Z
2017-04-11,BIL,45.709999,161050,2026-09-05T01:17:07Z
2017-04-11,DBC,15.560000,1391600,2026-09-05T01:17:07Z
2017-04-11,IEF,106.290001,2219200,2026-09-05T01:17:07Z
2017-04-11,IWM,136.899994,32589200,2026-09-05T01:17:07Z
2017-04-11,SPY,235.059998,88045300,2026-09-05T01:17:07Z
2017-04-11,TIP,114.629997,1540900,2026-09-05T01:17:07Z
2017-04-11,TLT,122.419998,11297400,2026-09-05T01:17:07Z
2017-04-11,VEA,39.169998,7078900,2026-09-05T01:17:07Z
2017-04-11,VNQ,84.610001,3864200,2026-09-05T01:17:07Z
2017-04-11,VWO,39.820000,9421600,2026-09-05T01:17:07Z
2017-04-12,BIL,45.700001,270500,2026-09-05T01:17:07Z
2017-04-12,DBC,15.560000,1429300,2026-09-05T01:17:07Z
2017-04-12,IEF,106.620003,2273600,2026-09-05T01:17:07Z
2017-04-12,IWM,135.039993,25700800,2026-09-05T01:17:07Z
2017-04-12,SPY,234.029999,81864400,2026-09-05T01:17:07Z
2017-04-12,TIP,115.059998,1050500,2026-09-05T01:17:07Z
2017-04-12,TLT,123.089996,11532500,2026-09-05T01:17:07Z
2017-04-12,VEA,39.139999,7282700,2026-09-05T01:17:07Z
2017-04-12,VNQ,84.459999,3526900,2026-09-05T01:17:07Z
2017-04-12,VWO,39.959999,15934700,2026-09-05T01:17:07Z
2017-04-13,BIL,45.709999,953350,2026-09-05T01:17:07Z
2017-04-13,DBC,15.610000,2123000,2026-09-05T01:17:07Z
2017-04-13,IEF,106.940002,1868200,2026-09-05T01:17:07Z
2017-04-13,IWM,133.720001,30207000,2026-09-05T01:17:07Z
2017-04-13,SPY,232.509995,92880400,2026-09-05T01:17:07Z
2017-04-13,TIP,115.230003,2870500,2026-09-05T01:17:07Z
2017-04-13,TLT,123.470001,8396700,2026-09-05T01:17:07Z
2017-04-13,VEA,38.889999,6970200,2026-09-05T01:17:07Z
2017-04-13,VNQ,84.269997,2759500,2026-09-05T01:17:07Z
2017-04-13,VWO,39.750000,7977100,2026-09-05T01:17:07Z
2017-04-17,BIL,45.709999,753200,2026-09-05T01:17:07Z
2017-04-17,DBC,15.520000,1866000,2026-09-05T01:17:07Z
2017-04-17,IEF,106.769997,1110500,2026-09-05T01:17:07Z
2017-04-17,IWM,135.289993,18278800,2026-09-05T01:17:07Z
2017-04-17,SPY,234.570007,68405400,2026-09-05T01:17:07Z
2017-04-17,TIP,114.959999,954400,2026-09-05T01:17:07Z
2017-04-17,TLT,123.089996,8015000,2026-09-05T01:17:07Z
2017-04-17,VEA,39.209999,9615100,2026-09-05T01:17:07Z
2017-04-17,VNQ,85.290001,3875000,2026-09-05T01:17:07Z
2017-04-17,VWO,40.090000,8196600,2026-09-05T01:17:07Z
2017-04-18,BIL,45.720001,100450,2026-09-05T01:17:07Z
2017-04-18,DBC,15.460000,1462800,2026-09-05T01:17:07Z
2017-04-18,IEF,107.379997,1678400,2026-09-05T01:17:07Z
2017-04-18,IWM,135.320007,24553300,2026-09-05T01:17:07Z
2017-04-18,SPY,233.869995,83225800,2026-09-05T01:17:07Z
2017-04-18,TIP,115.209999,1609700,2026-09-05T01:17:07Z
2017-04-18,TLT,124.699997,11529700,2026-09-05T01:17:07Z
2017-04-18,VEA,38.980000,8820200,2026-09-05T01:17:07Z
2017-04-18,VNQ,85.519997,2807300,2026-09-05T01:17:07Z
2017-04-18,VWO,39.619999,9943200,2026-09-05T01:17:07Z
2017-04-19,BIL,45.720001,114100,2026-09-05T01:17:07Z
2017-04-19,DBC,15.190000,2094500,2026-09-05T01:17:07Z
2017-04-19,IEF,107.099998,1750000,2026-09-05T01:17:07Z
2017-04-19,IWM,135.789993,34627600,2026-09-05T01:17:07Z
2017-04-19,SPY,233.440002,68699900,2026-09-05T01:17:07Z
2017-04-19,TIP,115.000000,1057800,2026-09-05T01:17:07Z
2017-04-19,TLT,124.019997,7344000,2026-09-05T01:17:07Z
2017-04-19,VEA,38.799999,7136600,2026-09-05T01:17:07Z
2017-04-19,VNQ,85.400002,3622900,2026-09-05T01:17:07Z
2017-04-19,VWO,39.330002,9400400,2026-09-05T01:17:07Z
2017-04-20,BIL,45.720001,243750,2026-09-05T01:17:07Z
2017-04-20,DBC,15.130000,1847400,2026-09-05T01:17:07Z
2017-04-20,IEF,106.860001,1694700,2026-09-05T01:17:07Z
2017-04-20,IWM,137.520004,31934400,2026-09-05T01:17:07Z
2017-04-20,SPY,235.339996,92572200,2026-09-05T01:17:07Z
2017-04-20,TIP,114.879997,1082500,2026-09-05T01:17:07Z
2017-04-20,TLT,123.540001,7932900,2026-09-05T01:17:07Z
2017-04-20,VEA,39.150002,8640900,2026-09-05T01:17:07Z
2017-04-20,VNQ,85.410004,3109100,2026-09-05T01:17:07Z
2017-04-20,VWO,39.740002,10125000,2026-09-05T01:17:07Z
2017-04-21,BIL,45.720001,250700,2026-09-05T01:17:07Z
2017-04-21,DBC,14.980000,1585100,2026-09-05T01:17:07Z
2017-04-21,IEF,106.910004,2792500,2026-09-05T01:17:07Z
2017-04-21,IWM,137.210007,29386000,2026-09-05T01:17:07Z
2017-04-21,SPY,234.589996,110389800,2026-09-05T01:17:07Z
2017-04-21,TIP,114.720001,700500,2026-09-05T01:17:07Z
2017-04-21,TLT,123.540001,9798500,2026-09-05T01:17:07Z
2017-04-21,VEA,39.169998,8488500,2026-09-05T01:17:07Z
2017-04-21,VNQ,85.099998,3261900,2026-09-05T01:17:07Z
2017-04-21,VWO,39.700001,15182100,2026-09-05T01:17:07Z
2017-04-24,BIL,45.709999,479150,2026-09-05T01:17:07Z
2017-04-24,DBC,14.930000,1767600,2026-09-05T01:17:07Z
2017-04-24,IEF,106.690002,3558000,2026-09-05T01:17:07Z
2017-04-24,IWM,138.919998,33836900,2026-09-05T01:17:07Z
2017-04-24,SPY,237.169998,119209900,2026-09-05T01:17:07Z
2017-04-24,TIP,114.690002,949300,2026-09-05T01:17:07Z
2017-04-24,TLT,122.930000,8066400,2026-09-05T01:17:07Z
2017-04-24,VEA,40.029999,7876000,2026-09-05T01:17:07Z
2017-04-24,VNQ,84.160004,6595300,2026-09-05T01:17:07Z
2017-04-24,VWO,40.160000,12490700,2026-09-05T01:17:07Z
2017-04-25,BIL,45.709999,405750,2026-09-05T01:17:07Z
2017-04-25,DBC,15.000000,1586400,2026-09-05T01:17:07Z
2017-04-25,IEF,106.139999,1985700,2026-09-05T01:17:07Z
2017-04-25,IWM,140.270004,32751700,2026-09-05T01:17:07Z
2017-04-25,SPY,238.550003,76698300,2026-09-05T01:17:07Z
2017-04-25,TIP,114.500000,926600,2026-09-05T01:17:07Z
2017-04-25,TLT,121.449997,8122300,2026-09-05T01:17:07Z
2017-04-25,VEA,40.290001,8824000,2026-09-05T01:17:07Z
2017-04-25,VNQ,84.510002,3412300,2026-09-05T01:17:07Z
2017-04-25,VWO,40.450001,14389000,2026-09-05T01:17:07Z
2017-04-26,BIL,45.720001,355450,2026-09-05T01:17:07Z
2017-04-26,DBC,14.920000,5213800,2026-09-05T01:17:07Z
2017-04-26,IEF,106.419998,1314400,2026-09-05T01:17:07Z
2017-04-26,IWM,140.990005,41669200,2026-09-05T01:17:07Z
2017-04-26,SPY,238.399994,84702500,2026-09-05T01:17:07Z
2017-04-26,TIP,114.739998,819100,2026-09-05T01:17:07Z
2017-04-26,TLT,122.120003,5766200,2026-09-05T01:17:07Z
2017-04-26,VEA,40.139999,9383900,2026-09-05T01:17:07Z
2017-04-26,VNQ,83.879997,4185400,2026-09-05T01:17:07Z
2017-04-26,VWO,40.299999,14912900,2026-09-05T01:17:07Z
2017-04-27,BIL,45.709999,376900,2026-09-05T01:17:07Z
2017-04-27,DBC,14.840000,919000,2026-09-05T01:17:07Z
2017-04-27,IEF,106.489998,1988200,2026-09-05T01:17:07Z
2017-04-27,IWM,140.949997,23004300,2026-09-05T01:17:07Z
2017-04-27,SPY,238.600006,57410300,2026-09-05T01:17:07Z
2017-04-27,TIP,114.839996,2010300,2026-09-05T01:17:07Z
2017-04-27,TLT,122.080002,4978300,2026-09-05T01:17:07Z
2017-04-27,VEA,40.200001,5931300,2026-09-05T01:17:07Z
2017-04-27,VNQ,83.660004,4822200,2026-09-05T01:17:07Z
2017-04-27,VWO,40.169998,9172700,2026-09-05T01:17:07Z
2017-04-28,BIL,45.730000,212300,2026-09-05T01:17:07Z
2017-04-28,DBC,14.800000,2065900,2026-09-05T01:17:07Z
2017-04-28,IEF,106.599998,5489800,2026-09-05T01:17:07Z
2017-04-28,IWM,139.059998,31113900,2026-09-05T01:17:07Z
2017-04-28,SPY,238.080002,63532800,2026-09-05T01:17:07Z
2017-04-28,TIP,115.010002,2351000,2026-09-05T01:17:07Z
2017-04-28,TLT,122.349998,8166300,2026-09-05T01:17:07Z
2017-04-28,VEA,40.169998,8718400,2026-09-05T01:17:07Z
2017-04-28,VNQ,82.790001,5983700,2026-09-05T01:17:07Z
2017-04-28,VWO,40.340000,11072600,2026-09-05T01:17:07Z
2017-05-01,BIL,45.709999,390250,2026-09-05T01:17:07Z
2017-05-01,DBC,14.830000,3598700,2026-09-05T01:17:07Z
2017-05-01,IEF,106.209999,2044400,2026-09-05T01:17:07Z
2017-05-01,IWM,139.860001,20925200,2026-09-05T01:17:07Z
2017-05-01,SPY,238.679993,66882500,2026-09-05T01:17:07Z
2017-05-01,TIP,114.339996,1221700,2026-09-05T01:17:07Z
2017-05-01,TLT,121.080002,8795900,2026-09-05T01:17:07Z
2017-05-01,VEA,40.279999,7222300,2026-09-05T01:17:07Z
2017-05-01,VNQ,83.279999,6003600,2026-09-05T01:17:07Z
2017-05-01,VWO,40.500000,11578900,2026-09-05T01:17:07Z
2017-05-02,BIL,45.700001,70900,2026-09-05T01:17:07Z
2017-05-02,DBC,14.670000,3162000,2026-09-05T01:17:07Z
2017-05-02,IEF,106.430000,1585300,2026-09-05T01:17:07Z
2017-05-02,IWM,139.149994,17993900,2026-09-05T01:17:07Z
2017-05-02,SPY,238.770004,57375700,2026-09-05T01:17:07Z
2017-05-02,TIP,114.339996,1102100,2026-09-05T01:17:07Z
2017-05-02,TLT,121.699997,6727800,2026-09-05T01:17:07Z
2017-05-02,VEA,40.520000,7157200,2026-09-05T01:17:07Z
2017-05-02,VNQ,83.139999,4930000,2026-09-05T01:17:07Z
2017-05-02,VWO,40.700001,12444500,2026-09-05T01:17:07Z
2017-05-03,BIL,45.700001,226500,2026-09-05T01:17:07Z
2017-05-03,DBC,14.610000,2146400,2026-09-05T01:17:07Z
2017-05-03,IEF,106.209999,1861300,2026-09-05T01:17:07Z
2017-05-03,IWM,138.289993,27050300,2026-09-05T01:17:07Z
2017-05-03,SPY,238.479996,73137700,2026-09-05T01:17:07Z
2017-05-03,TIP,114.089996,908000,2026-09-05T01:17:07Z
2017-05-03,TLT,121.779999,8932900,2026-09-05T01:17:07Z
2017-05-03,VEA,40.389999,14817900,2026-09-05T01:17:07Z
2017-05-03,VNQ,82.029999,6207500,2026-09-05T01:17:07Z
2017-05-03,VWO,40.410000,11621700,2026-09-05T01:17:07Z
2017-05-04,BIL,45.709999,163450,2026-09-05T01:17:07Z
2017-05-04,DBC,14.260000,3352800,2026-09-05T01:17:07Z
2017-05-04,IEF,105.970001,1237100,2026-09-05T01:17:07Z
2017-05-04,IWM,138.100006,25799100,2026-09-05T01:17:07Z
2017-05-04,SPY,238.759995,61462700,2026-09-05T01:17:07Z
2017-05-04,TIP,113.660004,865000,2026-09-05T01:17:07Z
2017-05-04,TLT,121.180000,9707200,2026-09-05T01:17:07Z
2017-05-04,VEA,40.680000,8104300,2026-09-05T01:17:07Z
2017-05-04,VNQ,81.629997,8025100,2026-09-05T01:17:07Z
2017-05-04,VWO,39.980000,8595000,2026-09-05T01:17:07Z
2017-05-05,BIL,45.700001,254050,2026-09-05T01:17:07Z
2017-05-05,DBC,14.460000,2436200,2026-09-05T01:17:07Z
2017-05-05,IEF,105.989998,980000,2026-09-05T01:17:07Z
2017-05-05,IWM,138.990005,23806500,2026-09-05T01:17:07Z
2017-05-05,SPY,239.699997,62001300,2026-09-05T01:17:07Z
2017-05-05,TIP,113.750000,632800,2026-09-05T01:17:07Z
2017-05-05,TLT,121.290001,5605400,2026-09-05T01:17:07Z
2017-05-05,VEA,41.090000,8788500,2026-09-05T01:17:07Z
2017-05-05,VNQ,82.400002,5458100,2026-09-05T01:17:07Z
2017-05-05,VWO,40.209999,12179700,2026-09-05T01:17:07Z
2017-05-08,BIL,45.709999,217500,2026-09-05T01:17:07Z
2017-05-08,DBC,14.400000,1583100,2026-09-05T01:17:07Z
2017-05-08,IEF,105.730003,4887400,2026-09-05T01:17:07Z
2017-05-08,IWM,138.410004,16680000,2026-09-05T01:17:07Z
2017-05-08,SPY,239.660004,48385700,2026-09-05T01:17:07Z
2017-05-08,TIP,113.309998,1983400,2026-09-05T01:17:07Z
2017-05-08,TLT,120.629997,8057800,2026-09-05T01:17:07Z
2017-05-08,VEA,40.900002,6294800,2026-09-05T01:17:07Z
2017-05-08,VNQ,81.820000,3940600,2026-09-05T01:17:07Z
2017-05-08,VWO,39.959999,11275700,2026-09-05T01:17:07Z
2017-05-09,BIL,45.709999,493400,2026-09-05T01:17:07Z
2017-05-09,DBC,14.330000,1473000,2026-09-05T01:17:07Z
2017-05-09,IEF,105.610001,1457900,2026-09-05T01:17:07Z
2017-05-09,IWM,138.350006,23988400,2026-09-05T01:17:07Z
2017-05-09,SPY,239.440002,51363200,2026-09-05T01:17:07Z
2017-05-09,TIP,113.209999,1319100,2026-09-05T01:17:07Z
2017-05-09,TLT,120.620003,5536700,2026-09-05T01:17:07Z
2017-05-09,VEA,40.830002,6998300,2026-09-05T01:17:07Z
2017-05-09,VNQ,81.379997,5790900,2026-09-05T01:17:07Z
2017-05-09,VWO,40.410000,11584900,2026-09-05T01:17:07Z
2017-05-10,BIL,45.720001,309450,2026-09-05T01:17:07Z
2017-05-10,DBC,14.560000,2232100,2026-09-05T01:17:07Z
2017-05-10,IEF,105.570000,995500,2026-09-05T01:17:07Z
2017-05-10,IWM,139.210007,19791500,2026-09-05T01:17:07Z
2017-05-10,SPY,239.869995,54293800,2026-09-05T01:17:07Z
2017-05-10,TIP,113.250000,3910100,2026-09-05T01:17:07Z
2017-05-10,TLT,120.480003,6517000,2026-09-05T01:17:07Z
2017-05-10,VEA,40.889999,6317900,2026-09-05T01:17:07Z
2017-05-10,VNQ,82.019997,3801400,2026-09-05T01:17:07Z
2017-05-10,VWO,40.730000,11575600,2026-09-05T01:17:07Z
2017-05-11,BIL,45.720001,397200,2026-09-05T01:17:07Z
2017-05-11,DBC,14.620000,1312200,2026-09-05T01:17:07Z
2017-05-11,IEF,105.650002,1088800,2026-09-05T01:17:07Z
2017-05-11,IWM,138.240005,28617300,2026-09-05T01:17:07Z
2017-05-11,SPY,239.380005,62358300,2026-09-05T01:17:07Z
2017-05-11,TIP,113.589996,1350300,2026-09-05T01:17:07Z
2017-05-11,TLT,120.480003,7479800,2026-09-05T01:17:07Z
2017-05-11,VEA,40.810001,10625300,2026-09-05T01:17:07Z
2017-05-11,VNQ,81.610001,3542600,2026-09-05T01:17:07Z
2017-05-11,VWO,40.709999,15037400,2026-09-05T01:17:07Z
2017-05-12,BIL,45.709999,129250,2026-09-05T01:17:07Z
2017-05-12,DBC,14.620000,788700,2026-09-05T01:17:07Z
2017-05-12,IEF,106.190002,2005600,2026-09-05T01:17:07Z
2017-05-12,IWM,137.509995,24111200,2026-09-05T01:17:07Z
2017-05-12,SPY,238.979996,53912700,2026-09-05T01:17:07Z
2017-05-12,TIP,113.769997,778600,2026-09-05T01:17:07Z
2017-05-12,TLT,121.389999,7463900,2026-09-05T01:17:07Z
2017-05-12,VEA,40.990002,10749400,2026-09-05T01:17:07Z
2017-05-12,VNQ,81.279999,3115400,2026-09-05T01:17:07Z
2017-05-12,VWO,40.930000,12963900,2026-09-05T01:17:07Z
2017-05-15,BIL,45.720001,376600,2026-09-05T01:17:07Z
2017-05-15,DBC,14.700000,893700,2026-09-05T01:17:07Z
2017-05-15,IEF,106.120003,672200,2026-09-05T01:17:07Z
2017-05-15,IWM,138.580002,31132200,2026-09-05T01:17:07Z
2017-05-15,SPY,240.300003,61918900,2026-09-05T01:17:07Z
2017-05-15,TIP,113.470001,733300,2026-09-05T01:17:07Z
2017-05-15,TLT,121.059998,5173200,2026-09-05T01:17:07Z
2017-05-15,VEA,41.230000,9291400,2026-09-05T01:17:07Z
2017-05-15,VNQ,81.519997,3263900,2026-09-05T01:17:07Z
2017-05-15,VWO,41.310001,11248300,2026-09-05T01:17:07Z
2017-05-16,BIL,45.720001,166200,2026-09-05T01:17:07Z
2017-05-16,DBC,14.720000,755700,2026-09-05T01:17:07Z
2017-05-16,IEF,106.260002,1314500,2026-09-05T01:17:07Z
2017-05-16,IWM,138.630005,18520900,2026-09-05T01:17:07Z
2017-05-16,SPY,240.080002,51241800,2026-09-05T01:17:07Z
2017-05-16,TIP,113.550003,651300,2026-09-05T01:17:07Z
2017-05-16,TLT,121.510002,6722700,2026-09-05T01:17:07Z
2017-05-16,VEA,41.439999,8947800,2026-09-05T01:17:07Z
2017-05-16,VNQ,80.970001,4338600,2026-09-05T01:17:07Z
2017-05-16,VWO,41.349998,12030900,2026-09-05T01:17:07Z
2017-05-17,BIL,45.730000,1395300,2026-09-05T01:17:07Z
2017-05-17,DBC,14.820000,3215000,2026-09-05T01:17:07Z
2017-05-17,IEF,107.110001,5644700,2026-09-05T01:17:07Z
2017-05-17,IWM,134.889999,50791200,2026-09-05T01:17:07Z
2017-05-17,SPY,235.820007,172174100,2026-09-05T01:17:07Z
2017-05-17,TIP,114.209999,1044200,2026-09-05T01:17:07Z
2017-05-17,TLT,123.279999,11236400,2026-09-05T01:17:07Z
2017-05-17,VEA,40.939999,10037700,2026-09-05T01:17:07Z
2017-05-17,VNQ,81.300003,7243700,2026-09-05T01:17:07Z
2017-05-17,VWO,40.730000,15453300,2026-09-05T01:17:07Z
2017-05-18,BIL,45.730000,1384900,2026-09-05T01:17:07Z
2017-05-18,DBC,14.780000,841700,2026-09-05T01:17:07Z
2017-05-18,IEF,107.080002,1715200,2026-09-05T01:17:07Z
2017-05-18,IWM,135.380005,44805100,2026-09-05T01:17:07Z
2017-05-18,SPY,236.770004,107047700,2026-09-05T01:17:07Z
2017-05-18,TIP,114.389999,2719600,2026-09-05T01:17:07Z
2017-05-18,TLT,123.419998,8350500,2026-09-05T01:17:07Z
2017-05-18,VEA,41.020000,7409200,2026-09-05T01:17:07Z
2017-05-18,VNQ,81.750000,4128200,2026-09-05T01:17:07Z
2017-05-18,VWO,39.980000,28731200,2026-09-05T01:17:07Z
2017-05-19,BIL,45.720001,106700,2026-09-05T01:17:07Z
2017-05-19,DBC,15.070000,736600,2026-09-05T01:17:07Z
2017-05-19,IEF,107.050003,3503100,2026-09-05T01:17:07Z
2017-05-19,IWM,136.029999,44450500,2026-09-05T01:17:07Z
2017-05-19,SPY,238.309998,115011400,2026-09-05T01:17:07Z
2017-05-19,TIP,114.589996,712700,2026-09-05T01:17:07Z
2017-05-19,TLT,123.709999,11277400,2026-09-05T01:17:07Z
2017-05-19,VEA,41.490002,7657400,2026-09-05T01:17:07Z
2017-05-19,VNQ,82.190002,6390100,2026-09-05T01:17:07Z
2017-05-19,VWO,40.689999,13669500,2026-09-05T01:17:07Z
2017-05-22,BIL,45.730000,63900,2026-09-05T01:17:07Z
2017-05-22,DBC,15.170000,1975400,2026-09-05T01:17:07Z
2017-05-22,IEF,106.930000,1425800,2026-09-05T01:17:07Z
2017-05-22,IWM,136.949997,20062700,2026-09-05T01:17:07Z
2017-05-22,SPY,239.520004,61010600,2026-09-05T01:17:07Z
2017-05-22,TIP,114.410004,697600,2026-09-05T01:17:07Z
2017-05-22,TLT,123.370003,4062900,2026-09-05T01:17:07Z
2017-05-22,VEA,41.599998,9855800,2026-09-05T01:17:07Z
2017-05-22,VNQ,82.510002,3433700,2026-09-05T01:17:07Z
2017-05-22,VWO,40.680000,11599700,2026-09-05T01:17:07Z
2017-05-23,BIL,45.730000,195150,2026-09-05T01:17:07Z
2017-05-23,DBC,15.120000,1361200,2026-09-05T01:17:07Z
2017-05-23,IEF,106.650002,2984700,2026-09-05T01:17:07Z
2017-05-23,IWM,137.399994,16681400,2026-09-05T01:17:07Z
2017-05-23,SPY,240.050003,48341700,2026-09-05T01:17:07Z
2017-05-23,TIP,114.239998,822300,2026-09-05T01:17:07Z
2017-05-23,TLT,122.540001,7901300,2026-09-05T01:17:07Z
2017-05-23,VEA,41.560001,7562800,2026-09-05T01:17:07Z
2017-05-23,VNQ,82.580002,2960100,2026-09-05T01:17:07Z
2017-05-23,VWO,40.660000,9220500,2026-09-05T01:17:07Z
2017-05-24,BIL,45.720001,307000,2026-09-05T01:17:07Z
2017-05-24,DBC,15.090000,1150900,2026-09-05T01:17:07Z
2017-05-24,IEF,106.870003,1776300,2026-09-05T01:17:07Z
2017-05-24,IWM,137.490005,21256000,2026-09-05T01:17:07Z
2017-05-24,SPY,240.610001,46927700,2026-09-05T01:17:07Z
2017-05-24,TIP,114.309998,677200,2026-09-05T01:17:07Z
2017-05-24,TLT,123.230003,7355200,2026-09-05T01:17:07Z
2017-05-24,VEA,41.650002,5689000,2026-09-05T01:17:07Z
2017-05-24,VNQ,83.250000,2578500,2026-09-05T01:17:07Z
2017-05-24,VWO,40.799999,9619400,2026-09-05T01:17:07Z
2017-05-25,BIL,45.730000,136350,2026-09-05T01:17:07Z
2017-05-25,DBC,14.760000,1306400,2026-09-05T01:17:07Z
2017-05-25,IEF,106.930000,1361000,2026-09-05T01:17:07Z
2017-05-25,IWM,137.580002,22804200,2026-09-05T01:17:07Z
2017-05-25,SPY,241.759995,64071700,2026-09-05T01:17:07Z
2017-05-25,TIP,114.129997,1758400,2026-09-05T01:17:07Z
2017-05-25,TLT,123.269997,6464800,2026-09-05T01:17:07Z
2017-05-25,VEA,41.639999,6054300,2026-09-05T01:17:07Z
2017-05-25,VNQ,83.260002,3146900,2026-09-05T01:17:07Z
2017-05-25,VWO,41.009998,8191900,2026-09-05T01:17:07Z
2017-05-26,BIL,45.740002,143650,2026-09-05T01:17:07Z
2017-05-26,DBC,14.870000,1106200,2026-09-05T01:17:07Z
2017-05-26,IEF,107.000000,1016600,2026-09-05T01:17:07Z
2017-05-26,IWM,137.539993,20047300,2026-09-05T01:17:07Z
2017-05-26,SPY,241.710007,46629900,2026-09-05T01:17:07Z
2017-05-26,TIP,114.400002,780800,2026-09-05T01:17:07Z
2017-05-26,TLT,123.480003,2963800,2026-09-05T01:17:07Z
2017-05-26,VEA,41.529999,5719700,2026-09-05T01:17:07Z
2017-05-26,VNQ,82.660004,3046100,2026-09-05T01:17:07Z
2017-05-26,VWO,41.110001,7416800,2026-09-05T01:17:07Z
2017-05-30,BIL,45.720001,190450,2026-09-05T01:17:07Z
2017-05-30,DBC,14.750000,2593000,2026-09-05T01:17:07Z
2017-05-30,IEF,107.269997,2335200,2026-09-05T01:17:07Z
2017-05-30,IWM,136.460007,25544100,2026-09-05T01:17:07Z
2017-05-30,SPY,241.500000,35201900,2026-09-05T01:17:07Z
2017-05-30,TIP,114.650002,687000,2026-09-05T01:17:07Z
2017-05-30,TLT,124.089996,4819400,2026-09-05T01:17:07Z
2017-05-30,VEA,41.459999,5553500,2026-09-05T01:17:07Z
2017-05-30,VNQ,82.139999,1865200,2026-09-05T01:17:07Z
2017-05-30,VWO,41.040001,6041400,2026-09-05T01:17:07Z
2017-05-31,BIL,45.720001,319600,2026-09-05T01:17:07Z
2017-05-31,DBC,14.590000,2029200,2026-09-05T01:17:07Z
2017-05-31,IEF,107.320000,1752300,2026-09-05T01:17:07Z
2017-05-31,IWM,136.320007,34345400,2026-09-05T01:17:07Z
2017-05-31,SPY,241.440002,91796000,2026-09-05T01:17:07Z
2017-05-31,TIP,114.680000,1304700,2026-09-05T01:17:07Z
2017-05-31,TLT,124.400002,8000200,2026-09-05T01:17:07Z
2017-05-31,VEA,41.540001,11459500,2026-09-05T01:17:07Z
2017-05-31,VNQ,82.190002,5515000,2026-09-05T01:17:07Z
2017-05-31,VWO,40.740002,11719000,2026-09-05T01:17:07Z
2017-06-01,BIL,45.709999,225100,2026-09-05T01:17:07Z
2017-06-01,DBC,14.490000,2487200,2026-09-05T01:17:07Z
2017-06-01,IEF,107.099998,1769300,2026-09-05T01:17:07Z
2017-06-01,IWM,138.949997,44618600,2026-09-05T01:17:07Z
2017-06-01,SPY,243.360001,68962000,2026-09-05T01:17:07Z
2017-06-01,TIP,114.370003,1431000,2026-09-05T01:17:07Z
2017-06-01,TLT,124.150002,9037300,2026-09-05T01:17:07Z
2017-06-01,VEA,41.820000,11354200,2026-09-05T01:17:07Z
2017-06-01,VNQ,82.620003,6557200,2026-09-05T01:17:07Z
2017-06-01,VWO,41.040001,14434600,2026-09-05T01:17:07Z
2017-06-02,BIL,45.700001,417900,2026-09-05T01:17:07Z
2017-06-02,DBC,14.420000,1460600,2026-09-05T01:17:07Z
2017-06-02,IEF,107.570000,1803200,2026-09-05T01:17:07Z
2017-06-02,IWM,139.850006,46680200,2026-09-05T01:17:07Z
2017-06-02,SPY,244.169998,88666100,2026-09-05T01:17:07Z
2017-06-02,TIP,114.830002,1158700,2026-09-05T01:17:07Z
2017-06-02,TLT,125.620003,13245000,2026-09-05T01:17:07Z
2017-06-02,VEA,42.220001,12526000,2026-09-05T01:17:07Z
2017-06-02,VNQ,83.470001,3999500,2026-09-05T01:17:07Z
2017-06-02,VWO,41.169998,9060500,2026-09-05T01:17:07Z
2017-06-05,BIL,45.709999,275800,2026-09-05T01:17:07Z
2017-06-05,DBC,14.340000,1512700,2026-09-05T01:17:07Z
2017-06-05,IEF,107.389999,1414900,2026-09-05T01:17:07Z
2017-06-05,IWM,138.979996,20808900,2026-09-05T01:17:07Z
2017-06-05,SPY,243.990005,44698800,2026-09-05T01:17:07Z
2017-06-05,TIP,114.529999,586700,2026-09-05T01:17:07Z
2017-06-05,TLT,124.839996,6775500,2026-09-05T01:17:07Z
2017-06-05,VEA,42.040001,6422400,2026-09-05T01:17:07Z
2017-06-05,VNQ,83.110001,4919900,2026-09-05T01:17:07Z
2017-06-05,VWO,41.169998,9021800,2026-09-05T01:17:07Z
2017-06-06,BIL,45.700001,136350,2026-09-05T01:17:07Z
2017-06-06,DBC,14.440000,1064100,2026-09-05T01:17:07Z
2017-06-06,IEF,107.730003,2078900,2026-09-05T01:17:07Z
2017-06-06,IWM,138.850006,25460900,2026-09-05T01:17:07Z
2017-06-06,SPY,243.210007,50375400,2026-09-05T01:17:07Z
2017-06-06,TIP,114.660004,2650300,2026-09-05T01:17:07Z
2017-06-06,TLT,125.519997,12841500,2026-09-05T01:17:07Z
2017-06-06,VEA,41.939999,8859300,2026-09-05T01:17:07Z
2017-06-06,VNQ,82.709999,4358300,2026-09-05T01:17:07Z
2017-06-06,VWO,41.200001,8196500,2026-09-05T01:17:07Z
2017-06-07,BIL,45.720001,257750,2026-09-05T01:17:07Z
2017-06-07,DBC,14.240000,1661800,2026-09-05T01:17:07Z
2017-06-07,IEF,107.529999,1795800,2026-09-05T01:17:07Z
2017-06-07,IWM,138.979996,20542200,2026-09-05T01:17:07Z
2017-06-07,SPY,243.660004,54144300,2026-09-05T01:17:07Z
2017-06-07,TIP,114.389999,750500,2026-09-05T01:17:07Z
2017-06-07,TLT,124.919998,12852400,2026-09-05T01:17:07Z
2017-06-07,VEA,41.910000,6071400,2026-09-05T01:17:07Z
2017-06-07,VNQ,83.290001,3191200,2026-09-05T01:17:07Z
2017-06-07,VWO,41.169998,9212800,2026-09-05T01:17:07Z
2017-06-08,BIL,45.709999,252500,2026-09-05T01:17:07Z
2017-06-08,DBC,14.240000,1348100,2026-09-05T01:17:07Z
2017-06-08,IEF,107.360001,3863000,2026-09-05T01:17:07Z
2017-06-08,IWM,140.880005,33956400,2026-09-05T01:17:07Z
2017-06-08,SPY,243.779999,65950700,2026-09-05T01:17:07Z
2017-06-08,TIP,114.269997,737400,2026-09-05T01:17:07Z
2017-06-08,TLT,124.589996,8758600,2026-09-05T01:17:07Z
2017-06-08,VEA,41.849998,6673900,2026-09-05T01:17:07Z
2017-06-08,VNQ,83.089996,2963600,2026-09-05T01:17:07Z
2017-06-08,VWO,41.250000,8695200,2026-09-05T01:17:07Z
2017-06-09,BIL,45.720001,184700,2026-09-05T01:17:07Z
2017-06-09,DBC,14.320000,1206000,2026-09-05T01:17:07Z
2017-06-09,IEF,107.260002,1203400,2026-09-05T01:17:07Z
2017-06-09,IWM,141.610001,56979400,2026-09-05T01:17:07Z
2017-06-09,SPY,243.410004,132256400,2026-09-05T01:17:07Z
2017-06-09,TIP,114.169998,879600,2026-09-05T01:17:07Z
2017-06-09,TLT,124.400002,5130500,2026-09-05T01:17:07Z
2017-06-09,VEA,41.700001,7002900,2026-09-05T01:17:07Z
2017-06-09,VNQ,83.669998,4950400,2026-09-05T01:17:07Z
2017-06-09,VWO,40.970001,11495200,2026-09-05T01:17:07Z
2017-06-12,BIL,45.709999,199600,2026-09-05T01:17:07Z
2017-06-12,DBC,14.190000,2584100,2026-09-05T01:17:07Z
2017-06-12,IEF,107.239998,766700,2026-09-05T01:17:07Z
2017-06-12,IWM,141.380005,34665500,2026-09-05T01:17:07Z
2017-06-12,SPY,243.360001,86108100,2026-09-05T01:17:07Z
2017-06-12,TIP,113.930000,620800,2026-09-05T01:17:07Z
2017-06-12,TLT,124.360001,4335800,2026-09-05T01:17:07Z
2017-06-12,VEA,41.570000,5699500,2026-09-05T01:17:07Z
2017-06-12,VNQ,84.419998,4049500,2026-09-05T01:17:07Z
2017-06-12,VWO,40.820000,10177700,2026-09-05T01:17:07Z
2017-06-13,BIL,45.720001,552550,2026-09-05T01:17:07Z
2017-06-13,DBC,14.250000,890000,2026-09-05T01:17:07Z
2017-06-13,IEF,107.279999,682300,2026-09-05T01:17:07Z
2017-06-13,IWM,142.100006,22046800,2026-09-05T01:17:07Z
2017-06-13,SPY,244.550003,60067000,2026-09-05T01:17:07Z
2017-06-13,TIP,114.120003,685800,2026-09-05T01:17:07Z
2017-06-13,TLT,124.379997,4742600,2026-09-05T01:17:07Z
2017-06-13,VEA,41.930000,5147900,2026-09-05T01:17:07Z
2017-06-13,VNQ,84.610001,2787500,2026-09-05T01:17:07Z
2017-06-13,VWO,41.009998,11591300,2026-09-05T01:17:07Z
2017-06-14,BIL,45.709999,64350,2026-09-05T01:17:07Z
2017-06-14,DBC,14.000000,1195800,2026-09-05T01:17:07Z
2017-06-14,IEF,107.839996,3712100,2026-09-05T01:17:07Z
2017-06-14,IWM,141.259995,33021900,2026-09-05T01:17:07Z
2017-06-14,SPY,244.240005,78602300,2026-09-05T01:17:07Z
2017-06-14,TIP,114.139999,1067900,2026-09-05T01:17:07Z
2017-06-14,TLT,126.300003,20212300,2026-09-05T01:17:07Z
2017-06-14,VEA,41.880001,9200000,2026-09-05T01:17:07Z
2017-06-14,VNQ,84.730003,5317300,2026-09-05T01:17:07Z
2017-06-14,VWO,40.980000,10990800,2026-09-05T01:17:07Z
2017-06-15,BIL,45.709999,380800,2026-09-05T01:17:07Z
2017-06-15,DBC,14.060000,1042900,2026-09-05T01:17:07Z
2017-06-15,IEF,107.650002,2000400,2026-09-05T01:17:07Z
2017-06-15,IWM,140.539993,27376800,2026-09-05T01:17:07Z
2017-06-15,SPY,243.770004,66464900,2026-09-05T01:17:07Z
2017-06-15,TIP,113.580002,1040100,2026-09-05T01:17:07Z
2017-06-15,TLT,126.099998,5863700,2026-09-05T01:17:07Z
2017-06-15,VEA,41.430000,10635600,2026-09-05T01:17:07Z
2017-06-15,VNQ,85.160004,3757200,2026-09-05T01:17:07Z
2017-06-15,VWO,40.619999,8540000,2026-09-05T01:17:07Z
2017-06-16,BIL,45.730000,502600,2026-09-05T01:17:07Z
2017-06-16,DBC,14.120000,1476500,2026-09-05T01:17:07Z
2017-06-16,IEF,107.709999,3460300,2026-09-05T01:17:07Z
2017-06-16,IWM,140.190002,35608400,2026-09-05T01:17:07Z
2017-06-16,SPY,242.639999,84553100,2026-09-05T01:17:07Z
2017-06-16,TIP,113.680000,825000,2026-09-05T01:17:07Z
2017-06-16,TLT,126.349998,6672500,2026-09-05T01:17:07Z
2017-06-16,VEA,41.799999,5207500,2026-09-05T01:17:07Z
2017-06-16,VNQ,84.940002,4497900,2026-09-05T01:17:07Z
2017-06-16,VWO,40.750000,7584200,2026-09-05T01:17:07Z
2017-06-19,BIL,45.720001,289700,2026-09-05T01:17:07Z
2017-06-19,DBC,14.030000,957700,2026-09-05T01:17:07Z
2017-06-19,IEF,107.410004,1105900,2026-09-05T01:17:07Z
2017-06-19,IWM,141.229996,25163300,2026-09-05T01:17:07Z
2017-06-19,SPY,244.660004,65123800,2026-09-05T01:17:07Z
2017-06-19,TIP,113.550003,608500,2026-09-05T01:17:07Z
2017-06-19,TLT,126.169998,5641300,2026-09-05T01:17:07Z
2017-06-19,VEA,41.950001,7286500,2026-09-05T01:17:07Z
2017-06-19,VNQ,84.949997,4892200,2026-09-05T01:17:07Z
2017-06-19,VWO,41.020000,8124800,2026-09-05T01:17:07Z
2017-06-20,BIL,45.720001,121050,2026-09-05T01:17:07Z
2017-06-20,DBC,13.890000,1559400,2026-09-05T01:17:07Z
2017-06-20,IEF,107.680000,1252000,2026-09-05T01:17:07Z
2017-06-20,IWM,139.800003,20111900,2026-09-05T01:17:07Z
2017-06-20,SPY,243.009995,56906400,2026-09-05T01:17:07Z
2017-06-20,TIP,113.669998,530200,2026-09-05T01:17:07Z
2017-06-20,TLT,127.300003,8405700,2026-09-05T01:17:07Z
2017-06-20,VEA,41.570000,7489100,2026-09-05T01:17:07Z
2017-06-20,VNQ,84.750000,3194300,2026-09-05T01:17:07Z
2017-06-20,VWO,40.529999,9637300,2026-09-05T01:17:07Z
2017-06-21,BIL,45.730000,140600,2026-09-05T01:17:07Z
2017-06-21,DBC,13.740000,2879400,2026-09-05T01:17:07Z
2017-06-21,IEF,107.669998,1159800,2026-09-05T01:17:07Z
2017-06-21,IWM,139.449997,23351400,2026-09-05T01:17:07Z
2017-06-21,SPY,242.949997,55977600,2026-09-05T01:17:07Z
2017-06-21,TIP,113.849998,726400,2026-09-05T01:17:07Z
2017-06-21,TLT,127.559998,5914800,2026-09-05T01:17:07Z
2017-06-21,VEA,41.049999,6565600,2026-09-05T01:17:07Z
2017-06-21,VNQ,84.580002,2559700,2026-09-05T01:17:07Z
2017-06-21,VWO,40.430000,8380200,2026-09-05T01:17:07Z
2017-06-22,BIL,45.740002,220000,2026-09-05T01:17:07Z
2017-06-22,DBC,13.760000,1305700,2026-09-05T01:17:07Z
2017-06-22,IEF,107.769997,1160100,2026-09-05T01:17:07Z
2017-06-22,IWM,139.979996,17917200,2026-09-05T01:17:07Z
2017-06-22,SPY,242.839996,44148100,2026-09-05T01:17:07Z
2017-06-22,TIP,114.220001,759600,2026-09-05T01:17:07Z
2017-06-22,TLT,127.839996,6608100,2026-09-05T01:17:07Z
2017-06-22,VEA,41.130001,4580100,2026-09-05T01:17:07Z
2017-06-22,VNQ,84.660004,6220800,2026-09-05T01:17:07Z
2017-06-22,VWO,40.580002,8842400,2026-09-05T01:17:07Z
2017-06-23,BIL,45.730000,67200,2026-09-05T01:17:07Z
2017-06-23,DBC,13.820000,1874600,2026-09-05T01:17:07Z
2017-06-23,IEF,107.800003,1581000,2026-09-05T01:17:07Z
2017-06-23,IWM,140.910004,20772500,2026-09-05T01:17:07Z
2017-06-23,SPY,243.130005,66986800,2026-09-05T01:17:07Z
2017-06-23,TIP,114.309998,670600,2026-09-05T01:17:07Z
2017-06-23,TLT,127.779999,4329900,2026-09-05T01:17:07Z
2017-06-23,VEA,41.220001,5949100,2026-09-05T01:17:07Z
2017-06-23,VNQ,84.150002,3759000,2026-09-05T01:17:07Z
2017-06-23,VWO,40.730000,6915700,2026-09-05T01:17:07Z
2017-06-26,BIL,45.720001,297850,2026-09-05T01:17:07Z
2017-06-26,DBC,13.850000,1566600,2026-09-05T01:17:07Z
2017-06-26,IEF,107.889999,3625000,2026-09-05T01:17:07Z
2017-06-26,IWM,141.080002,22988300,2026-09-05T01:17:07Z
2017-06-26,SPY,243.289993,56700500,2026-09-05T01:17:07Z
2017-06-26,TIP,114.489998,738100,2026-09-05T01:17:07Z
2017-06-26,TLT,128.259995,5541600,2026-09-05T01:17:07Z
2017-06-26,VEA,41.299999,7147000,2026-09-05T01:17:07Z
2017-06-26,VNQ,84.750000,6417400,2026-09-05T01:17:07Z
2017-06-26,VWO,41.160000,10063100,2026-09-05T01:17:07Z
2017-06-27,BIL,45.720001,125000,2026-09-05T01:17:07Z
2017-06-27,DBC,14.010000,1174900,2026-09-05T01:17:07Z
2017-06-27,IEF,107.360001,1755200,2026-09-05T01:17:07Z
2017-06-27,IWM,139.839996,24610100,2026-09-05T01:17:07Z
2017-06-27,SPY,241.330002,82247700,2026-09-05T01:17:07Z
2017-06-27,TIP,113.949997,751000,2026-09-05T01:17:07Z
2017-06-27,TLT,126.889999,8354200,2026-09-05T01:17:07Z
2017-06-27,VEA,41.290001,20451000,2026-09-05T01:17:07Z
2017-06-27,VNQ,83.989998,3925300,2026-09-05T01:17:07Z
2017-06-27,VWO,40.730000,14590500,2026-09-05T01:17:07Z
2017-06-28,BIL,45.740002,179200,2026-09-05T01:17:07Z
2017-06-28,DBC,14.100000,2204700,2026-09-05T01:17:07Z
2017-06-28,IEF,107.260002,1530900,2026-09-05T01:17:07Z
2017-06-28,IWM,141.979996,25085400,2026-09-05T01:17:07Z
2017-06-28,SPY,243.490005,70042600,2026-09-05T01:17:07Z
2017-06-28,TIP,114.040001,1458800,2026-09-05T01:17:07Z
2017-06-28,TLT,126.470001,7357900,2026-09-05T01:17:07Z
2017-06-28,VEA,41.660000,16558100,2026-09-05T01:17:07Z
2017-06-28,VNQ,84.190002,2956300,2026-09-05T01:17:07Z
2017-06-28,VWO,40.970001,12546900,2026-09-05T01:17:07Z
2017-06-29,BIL,45.730000,466100,2026-09-05T01:17:07Z
2017-06-29,DBC,14.160000,893600,2026-09-05T01:17:07Z
2017-06-29,IEF,106.860001,1997200,2026-09-05T01:17:07Z
2017-06-29,IWM,141.139999,38794900,2026-09-05T01:17:07Z
2017-06-29,SPY,241.350006,106949700,2026-09-05T01:17:07Z
2017-06-29,TIP,113.589996,899000,2026-09-05T01:17:07Z
2017-06-29,TLT,125.410004,9115800,2026-09-05T01:17:07Z
2017-06-29,VEA,41.240002,8548100,2026-09-05T01:17:07Z
2017-06-29,VNQ,83.230003,3985800,2026-09-05T01:17:07Z
2017-06-29,VWO,40.509998,11106500,2026-09-05T01:17:07Z
2017-06-30,BIL,45.740002,615300,2026-09-05T01:17:07Z
2017-06-30,DBC,14.450000,2047400,2026-09-05T01:17:07Z
2017-06-30,IEF,106.610001,1909600,2026-09-05T01:17:07Z
2017-06-30,IWM,140.919998,22798500,2026-09-05T01:17:07Z
2017-06-30,SPY,241.800003,86820700,2026-09-05T01:17:07Z
2017-06-30,TIP,113.430000,1673500,2026-09-05T01:17:07Z
2017-06-30,TLT,125.120003,10189800,2026-09-05T01:17:07Z
2017-06-30,VEA,41.320000,10787500,2026-09-05T01:17:07Z
2017-06-30,VNQ,83.230003,4206900,2026-09-05T01:17:07Z
2017-06-30,VWO,40.830002,11532700,2026-09-05T01:17:07Z
2017-07-03,BIL,45.720001,186100,2026-09-05T01:17:07Z
2017-07-03,DBC,14.600000,3013000,2026-09-05T01:17:07Z
2017-07-03,IEF,106.059998,1255300,2026-09-05T01:17:07Z
2017-07-03,IWM,142.100006,12968200,2026-09-05T01:17:07Z
2017-07-03,SPY,242.210007,39153800,2026-09-05T01:17:07Z
2017-07-03,TIP,112.930000,980000,2026-09-05T01:17:07Z
2017-07-03,TLT,124.459999,11021100,2026-09-05T01:17:07Z
2017-07-03,VEA,41.240002,5231100,2026-09-05T01:17:07Z
2017-07-03,VNQ,84.290001,3169500,2026-09-05T01:17:07Z
2017-07-03,VWO,41.020000,6820200,2026-09-05T01:17:07Z
2017-07-05,BIL,45.709999,369400,2026-09-05T01:17:07Z
2017-07-05,DBC,14.380000,3157600,2026-09-05T01:17:07Z
2017-07-05,IEF,106.139999,10477800,2026-09-05T01:17:07Z
2017-07-05,IWM,141.589996,21865500,2026-09-05T01:17:07Z
2017-07-05,SPY,242.770004,54427600,2026-09-05T01:17:07Z
2017-07-05,TIP,113.099998,2477900,2026-09-05T01:17:07Z
2017-07-05,TLT,124.489998,11394500,2026-09-05T01:17:07Z
2017-07-05,VEA,41.259998,7208700,2026-09-05T01:17:07Z
2017-07-05,VNQ,83.099998,5370200,2026-09-05T01:17:07Z
2017-07-05,VWO,40.950001,19264400,2026-09-05T01:17:07Z
2017-07-06,BIL,45.720001,445500,2026-09-05T01:17:07Z
2017-07-06,DBC,14.390000,3055900,2026-09-05T01:17:07Z
2017-07-06,IEF,105.940002,1794300,2026-09-05T01:17:07Z
2017-07-06,IWM,139.139999,30563400,2026-09-05T01:17:07Z
2017-07-06,SPY,240.550003,65400800,2026-09-05T01:17:07Z
2017-07-06,TIP,112.809998,1459300,2026-09-05T01:17:07Z
2017-07-06,TLT,123.459999,10853100,2026-09-05T01:17:07Z
2017-07-06,VEA,41.009998,7132800,2026-09-05T01:17:07Z
2017-07-06,VNQ,81.540001,4091400,2026-09-05T01:17:07Z
2017-07-06,VWO,40.500000,21303900,2026-09-05T01:17:07Z
2017-07-07,BIL,45.720001,140950,2026-09-05T01:17:07Z
2017-07-07,DBC,14.250000,1950900,2026-09-05T01:17:07Z
2017-07-07,IEF,105.769997,1799900,2026-09-05T01:17:07Z
2017-07-07,IWM,140.490005,20511000,2026-09-05T01:17:07Z
2017-07-07,SPY,242.110001,57972300,2026-09-05T01:17:07Z
2017-07-07,TIP,112.459999,1962000,2026-09-05T01:17:07Z
2017-07-07,TLT,122.720001,9401800,2026-09-05T01:17:07Z
2017-07-07,VEA,41.080002,6872900,2026-09-05T01:17:07Z
2017-07-07,VNQ,82.000000,3249800,2026-09-05T01:17:07Z
2017-07-07,VWO,40.610001,12959100,2026-09-05T01:17:07Z
2017-07-10,BIL,45.720001,185600,2026-09-05T01:17:07Z
2017-07-10,DBC,14.310000,979500,2026-09-05T01:17:07Z
2017-07-10,IEF,105.910004,1247700,2026-09-05T01:17:07Z
2017-07-10,IWM,139.880005,17206000,2026-09-05T01:17:07Z
2017-07-10,SPY,242.369995,36663300,2026-09-05T01:17:07Z
2017-07-10,TIP,112.410004,1374600,2026-09-05T01:17:07Z
2017-07-10,TLT,122.900002,3859200,2026-09-05T01:17:07Z
2017-07-10,VEA,41.150002,4998300,2026-09-05T01:17:07Z
2017-07-10,VNQ,81.250000,4164100,2026-09-05T01:17:07Z
2017-07-10,VWO,40.900002,8247300,2026-09-05T01:17:07Z
2017-07-11,BIL,45.720001,136900,2026-09-05T01:17:07Z
2017-07-11,DBC,14.450000,759800,2026-09-05T01:17:07Z
2017-07-11,IEF,106.050003,1112600,2026-09-05T01:17:07Z
2017-07-11,IWM,140.289993,16192900,2026-09-05T01:17:07Z
2017-07-11,SPY,242.190002,50354600,2026-09-05T01:17:07Z
2017-07-11,TIP,112.769997,1104400,2026-09-05T01:17:07Z
2017-07-11,TLT,123.110001,4425600,2026-09-05T01:17:07Z
2017-07-11,VEA,41.279999,6251000,2026-09-05T01:17:07Z
2017-07-11,VNQ,81.160004,3346600,2026-09-05T01:17:07Z
2017-07-11,VWO,41.189999,15378800,2026-09-05T01:17:07Z
2017-07-12,BIL,45.709999,403200,2026-09-05T01:17:07Z
2017-07-12,DBC,14.380000,1252300,2026-09-05T01:17:07Z
2017-07-12,IEF,106.360001,2451700,2026-09-05T01:17:07Z
2017-07-12,IWM,141.369995,19358600,2026-09-05T01:17:07Z
2017-07-12,SPY,244.009995,59610400,2026-09-05T01:17:07Z
2017-07-12,TIP,113.099998,743900,2026-09-05T01:17:07Z
2017-07-12,TLT,123.959999,7839900,2026-09-05T01:17:07Z
2017-07-12,VEA,41.650002,7592300,2026-09-05T01:17:07Z
2017-07-12,VNQ,82.160004,3189200,2026-09-05T01:17:07Z
2017-07-12,VWO,41.970001,11911200,2026-09-05T01:17:07Z
2017-07-13,BIL,45.709999,137300,2026-09-05T01:17:07Z
2017-07-13,DBC,14.370000,630000,2026-09-05T01:17:07Z
2017-07-13,IEF,106.250000,2095900,2026-09-05T01:17:07Z
2017-07-13,IWM,141.490005,16559300,2026-09-05T01:17:07Z
2017-07-13,SPY,244.419998,39471600,2026-09-05T01:17:07Z
2017-07-13,TIP,113.059998,710800,2026-09-05T01:17:07Z
2017-07-13,TLT,123.180000,7449300,2026-09-05T01:17:07Z
2017-07-13,VEA,41.770000,5408300,2026-09-05T01:17:07Z
2017-07-13,VNQ,82.290001,2556100,2026-09-05T01:17:07Z
2017-07-13,VWO,42.090000,8977700,2026-09-05T01:17:07Z
2017-07-14,BIL,45.730000,255950,2026-09-05T01:17:07Z
2017-07-14,DBC,14.530000,759000,2026-09-05T01:17:07Z
2017-07-14,IEF,106.400002,1260400,2026-09-05T01:17:07Z
2017-07-14,IWM,141.729996,15465300,2026-09-05T01:17:07Z
2017-07-14,SPY,245.559998,60262700,2026-09-05T01:17:07Z
2017-07-14,TIP,113.050003,903600,2026-09-05T01:17:07Z
2017-07-14,TLT,123.330002,6566800,2026-09-05T01:17:07Z
2017-07-14,VEA,42.070000,5368800,2026-09-05T01:17:07Z
2017-07-14,VNQ,83.080002,2577600,2026-09-05T01:17:07Z
2017-07-14,VWO,42.520000,11393500,2026-09-05T01:17:07Z
2017-07-17,BIL,45.720001,588900,2026-09-05T01:17:07Z
2017-07-17,DBC,14.480000,1141300,2026-09-05T01:17:07Z
2017-07-17,IEF,106.529999,1289200,2026-09-05T01:17:07Z
2017-07-17,IWM,142.059998,15374600,2026-09-05T01:17:07Z
2017-07-17,SPY,245.529999,33531900,2026-09-05T01:17:07Z
2017-07-17,TIP,113.279999,733000,2026-09-05T01:17:07Z
2017-07-17,TLT,123.669998,4737300,2026-09-05T01:17:07Z
2017-07-17,VEA,42.000000,7084200,2026-09-05T01:17:07Z
2017-07-17,VNQ,83.750000,2730700,2026-09-05T01:17:07Z
2017-07-17,VWO,42.299999,9052500,2026-09-05T01:17:07Z
2017-07-18,BIL,45.720001,61150,2026-09-05T01:17:07Z
2017-07-18,DBC,14.540000,858900,2026-09-05T01:17:07Z
2017-07-18,IEF,106.919998,1776100,2026-09-05T01:17:07Z
2017-07-18,IWM,141.690002,16653300,2026-09-05T01:17:07Z
2017-07-18,SPY,245.660004,42742500,2026-09-05T01:17:07Z
2017-07-18,TIP,113.599998,1951300,2026-09-05T01:17:07Z
2017-07-18,TLT,124.750000,9163000,2026-09-05T01:17:07Z
2017-07-18,VEA,42.090000,5403000,2026-09-05T01:17:07Z
2017-07-18,VNQ,83.570000,3012500,2026-09-05T01:17:07Z
2017-07-18,VWO,42.369999,9279400,2026-09-05T01:17:07Z
2017-07-19,BIL,45.720001,99350,2026-09-05T01:17:07Z
2017-07-19,DBC,14.670000,825500,2026-09-05T01:17:07Z
2017-07-19,IEF,106.919998,2466000,2026-09-05T01:17:07Z
2017-07-19,IWM,143.100006,16985500,2026-09-05T01:17:07Z
2017-07-19,SPY,246.990005,51034300,2026-09-05T01:17:07Z
2017-07-19,TIP,113.690002,729000,2026-09-05T01:17:07Z
2017-07-19,TLT,124.800003,5140900,2026-09-05T01:17:07Z
2017-07-19,VEA,42.290001,5468400,2026-09-05T01:17:07Z
2017-07-19,VNQ,84.199997,2949700,2026-09-05T01:17:07Z
2017-07-19,VWO,42.779999,5670000,2026-09-05T01:17:07Z
2017-07-20,BIL,45.720001,71950,2026-09-05T01:17:07Z
2017-07-20,DBC,14.650000,1132100,2026-09-05T01:17:07Z
2017-07-20,IEF,106.949997,2317200,2026-09-05T01:17:07Z
2017-07-20,IWM,143.199997,17047800,2026-09-05T01:17:07Z
2017-07-20,SPY,247.100006,47135200,2026-09-05T01:17:07Z
2017-07-20,TIP,113.410004,987400,2026-09-05T01:17:07Z
2017-07-20,TLT,125.160004,12239100,2026-09-05T01:17:07Z
2017-07-20,VEA,42.430000,5468100,2026-09-05T01:17:07Z
2017-07-20,VNQ,83.809998,3140400,2026-09-05T01:17:07Z
2017-07-20,VWO,42.689999,9700900,2026-09-05T01:17:07Z
2017-07-21,BIL,45.720001,211000,2026-09-05T01:17:07Z
2017-07-21,DBC,14.450000,894800,2026-09-05T01:17:07Z
2017-07-21,IEF,107.139999,1664200,2026-09-05T01:17:07Z
2017-07-21,IWM,142.550003,21662700,2026-09-05T01:17:07Z
2017-07-21,SPY,246.880005,82340800,2026-09-05T01:17:07Z
2017-07-21,TIP,113.580002,529000,2026-09-05T01:17:07Z
2017-07-21,TLT,125.690002,6201500,2026-09-05T01:17:07Z
2017-07-21,VEA,42.320000,5023400,2026-09-05T01:17:07Z
2017-07-21,VNQ,83.750000,2967100,2026-09-05T01:17:07Z
2017-07-21,VWO,42.599998,7316900,2026-09-05T01:17:07Z
2017-07-24,BIL,45.720001,140600,2026-09-05T01:17:07Z
2017-07-24,DBC,14.480000,606700,2026-09-05T01:17:07Z
2017-07-24,IEF,107.070000,2342700,2026-09-05T01:17:07Z
2017-07-24,IWM,142.750000,16694000,2026-09-05T01:17:07Z
2017-07-24,SPY,246.820007,46622300,2026-09-05T01:17:07Z
2017-07-24,TIP,113.580002,1042200,2026-09-05T01:17:07Z
2017-07-24,TLT,125.199997,5378500,2026-09-05T01:17:07Z
2017-07-24,VEA,42.240002,13680400,2026-09-05T01:17:07Z
2017-07-24,VNQ,83.589996,2659300,2026-09-05T01:17:07Z
2017-07-24,VWO,42.759998,7845800,2026-09-05T01:17:07Z
2017-07-25,BIL,45.720001,265850,2026-09-05T01:17:07Z
2017-07-25,DBC,14.640000,722700,2026-09-05T01:17:07Z
2017-07-25,IEF,106.470001,2513600,2026-09-05T01:17:07Z
2017-07-25,IWM,144.050003,21066400,2026-09-05T01:17:07Z
2017-07-25,SPY,247.419998,54915600,2026-09-05T01:17:07Z
2017-07-25,TIP,113.139999,730000,2026-09-05T01:17:07Z
2017-07-25,TLT,123.570000,9743300,2026-09-05T01:17:07Z
2017-07-25,VEA,42.270000,6288900,2026-09-05T01:17:07Z
2017-07-25,VNQ,83.699997,2785000,2026-09-05T01:17:07Z
2017-07-25,VWO,42.689999,8233800,2026-09-05T01:17:07Z
2017-07-26,BIL,45.730000,232100,2026-09-05T01:17:07Z
2017-07-26,DBC,14.780000,2389200,2026-09-05T01:17:07Z
2017-07-26,IEF,106.809998,3010400,2026-09-05T01:17:07Z
2017-07-26,IWM,143.250000,13574900,2026-09-05T01:17:07Z
2017-07-26,SPY,247.429993,47575400,2026-09-05T01:17:07Z
2017-07-26,TIP,113.470001,726100,2026-09-05T01:17:07Z
2017-07-26,TLT,123.769997,8459500,2026-09-05T01:17:07Z
2017-07-26,VEA,42.540001,5841300,2026-09-05T01:17:07Z
2017-07-26,VNQ,84.279999,2976800,2026-09-05T01:17:07Z
2017-07-26,VWO,43.000000,7826200,2026-09-05T01:17:07Z
2017-07-27,BIL,45.740002,221700,2026-09-05T01:17:07Z
2017-07-27,DBC,14.870000,1062200,2026-09-05T01:17:07Z
2017-07-27,IEF,106.639999,1853000,2026-09-05T01:17:07Z
2017-07-27,IWM,142.339996,24355800,2026-09-05T01:17:07Z
2017-07-27,SPY,247.199997,70766600,2026-09-05T01:17:07Z
2017-07-27,TIP,113.389999,598700,2026-09-05T01:17:07Z
2017-07-27,TLT,123.160004,6390800,2026-09-05T01:17:07Z
2017-07-27,VEA,42.380001,6910300,2026-09-05T01:17:07Z
2017-07-27,VNQ,84.379997,2828800,2026-09-05T01:17:07Z
2017-07-27,VWO,42.779999,9828500,2026-09-05T01:17:07Z
2017-07-28,BIL,45.730000,159600,2026-09-05T01:17:07Z
2017-07-28,DBC,14.950000,834800,2026-09-05T01:17:07Z
2017-07-28,IEF,106.820000,1001600,2026-09-05T01:17:07Z
2017-07-28,IWM,141.960007,19933300,2026-09-05T01:17:07Z
2017-07-28,SPY,246.910004,50088400,2026-09-05T01:17:07Z
2017-07-28,TIP,113.660004,464100,2026-09-05T01:17:07Z
2017-07-28,TLT,123.889999,5491800,2026-09-05T01:17:07Z
2017-07-28,VEA,42.419998,7022400,2026-09-05T01:17:07Z
2017-07-28,VNQ,84.150002,3024500,2026-09-05T01:17:07Z
2017-07-28,VWO,42.939999,7734800,2026-09-05T01:17:07Z
2017-07-31,BIL,45.730000,449600,2026-09-05T01:17:07Z
2017-07-31,DBC,15.040000,1109900,2026-09-05T01:17:07Z
2017-07-31,IEF,106.849998,921800,2026-09-05T01:17:07Z
2017-07-31,IWM,141.509995,16417700,2026-09-05T01:17:07Z
2017-07-31,SPY,246.770004,65838700,2026-09-05T01:17:07Z
2017-07-31,TIP,113.660004,787000,2026-09-05T01:17:07Z
2017-07-31,TLT,124.040001,5464600,2026-09-05T01:17:07Z
2017-07-31,VEA,42.509998,9722100,2026-09-05T01:17:07Z
2017-07-31,VNQ,84.260002,2967600,2026-09-05T01:17:07Z
2017-07-31,VWO,43.009998,13137600,2026-09-05T01:17:07Z
2017-08-01,BIL,45.709999,315600,2026-09-05T01:17:07Z
2017-08-01,DBC,14.870000,1041300,2026-09-05T01:17:07Z
2017-08-01,IEF,106.949997,1958300,2026-09-05T01:17:07Z
2017-08-01,IWM,141.779999,19835900,2026-09-05T01:17:07Z
2017-08-01,SPY,247.320007,55050400,2026-09-05T01:17:07Z
2017-08-01,TIP,113.540001,2164200,2026-09-05T01:17:07Z
2017-08-01,TLT,124.639999,9676800,2026-09-05T01:17:07Z
2017-08-01,VEA,42.750000,12099500,2026-09-05T01:17:07Z
2017-08-01,VNQ,84.639999,3142900,2026-09-05T01:17:07Z
2017-08-01,VWO,43.189999,12685800,2026-09-05T01:17:07Z
2017-08-02,BIL,45.720001,263800,2026-09-05T01:17:07Z
2017-08-02,DBC,14.900000,2126600,2026-09-05T01:17:07Z
2017-08-02,IEF,106.849998,516100,2026-09-05T01:17:07Z
2017-08-02,IWM,140.229996,19934300,2026-09-05T01:17:07Z
2017-08-02,SPY,247.440002,47211200,2026-09-05T01:17:07Z
2017-08-02,TIP,113.480003,2737200,2026-09-05T01:17:07Z
2017-08-02,TLT,124.709999,5745600,2026-09-05T01:17:07Z
2017-08-02,VEA,42.730000,7917600,2026-09-05T01:17:07Z
2017-08-02,VNQ,83.870003,2192000,2026-09-05T01:17:07Z
2017-08-02,VWO,43.290001,9114600,2026-09-05T01:17:07Z
2017-08-03,BIL,45.720001,158400,2026-09-05T01:17:07Z
2017-08-03,DBC,14.790000,2187100,2026-09-05T01:17:07Z
2017-08-03,IEF,107.220001,1576200,2026-09-05T01:17:07Z
2017-08-03,IWM,139.529999,19624900,2026-09-05T01:17:07Z
2017-08-03,SPY,246.960007,40856000,2026-09-05T01:17:07Z
2017-08-03,TIP,113.790001,649000,2026-09-05T01:17:07Z
2017-08-03,TLT,126.000000,10324500,2026-09-05T01:17:07Z
2017-08-03,VEA,42.669998,10051200,2026-09-05T01:17:07Z
2017-08-03,VNQ,83.699997,2032500,2026-09-05T01:17:07Z
2017-08-03,VWO,43.130001,6689000,2026-09-05T01:17:07Z
2017-08-04,BIL,45.720001,350700,2026-09-05T01:17:07Z
2017-08-04,DBC,14.820000,1113200,2026-09-05T01:17:07Z
2017-08-04,IEF,106.930000,1266100,2026-09-05T01:17:07Z
2017-08-04,IWM,140.210007,16473500,2026-09-05T01:17:07Z
2017-08-04,SPY,247.410004,60191800,2026-09-05T01:17:07Z
2017-08-04,TIP,113.629997,506800,2026-09-05T01:17:07Z
2017-08-04,TLT,124.930000,8485500,2026-09-05T01:17:07Z
2017-08-04,VEA,42.730000,7841900,2026-09-05T01:17:07Z
2017-08-04,VNQ,83.980003,2068700,2026-09-05T01:17:07Z
2017-08-04,VWO,43.240002,7597600,2026-09-05T01:17:07Z
2017-08-07,BIL,45.720001,130400,2026-09-05T01:17:07Z
2017-08-07,DBC,14.850000,989400,2026-09-05T01:17:07Z
2017-08-07,IEF,106.989998,554100,2026-09-05T01:17:07Z
2017-08-07,IWM,140.440002,9176200,2026-09-05T01:17:07Z
2017-08-07,SPY,247.869995,31995000,2026-09-05T01:17:07Z
2017-08-07,TIP,113.760002,631200,2026-09-05T01:17:07Z
2017-08-07,TLT,125.070000,4684600,2026-09-05T01:17:07Z
2017-08-07,VEA,42.759998,4860600,2026-09-05T01:17:07Z
2017-08-07,VNQ,83.889999,1642700,2026-09-05T01:17:07Z
2017-08-07,VWO,43.580002,6558800,2026-09-05T01:17:07Z
2017-08-08,BIL,45.720001,309800,2026-09-05T01:17:07Z
2017-08-08,DBC,14.860000,1113800,2026-09-05T01:17:07Z
2017-08-08,IEF,106.900002,1277800,2026-09-05T01:17:07Z
2017-08-08,IWM,140.000000,27248700,2026-09-05T01:17:07Z
2017-08-08,SPY,247.259995,61719400,2026-09-05T01:17:07Z
2017-08-08,TIP,113.839996,1252000,2026-09-05T01:17:07Z
2017-08-08,TLT,124.620003,6197400,2026-09-05T01:17:07Z
2017-08-08,VEA,42.540001,5742600,2026-09-05T01:17:07Z
2017-08-08,VNQ,83.489998,2324400,2026-09-05T01:17:07Z
2017-08-08,VWO,43.520000,8501600,2026-09-05T01:17:07Z
2017-08-09,BIL,45.720001,142200,2026-09-05T01:17:07Z
2017-08-09,DBC,14.960000,1013700,2026-09-05T01:17:07Z
2017-08-09,IEF,107.029999,1268000,2026-09-05T01:17:07Z
2017-08-09,IWM,138.789993,26534300,2026-09-05T01:17:07Z
2017-08-09,SPY,247.250000,62632600,2026-09-05T01:17:07Z
2017-08-09,TIP,114.050003,1047900,2026-09-05T01:17:07Z
2017-08-09,TLT,125.300003,9221800,2026-09-05T01:17:07Z
2017-08-09,VEA,42.430000,5456800,2026-09-05T01:17:07Z
2017-08-09,VNQ,83.209999,4508400,2026-09-05T01:17:07Z
2017-08-09,VWO,43.279999,8288600,2026-09-05T01:17:07Z
2017-08-10,BIL,45.720001,111150,2026-09-05T01:17:07Z
2017-08-10,DBC,14.730000,2661400,2026-09-05T01:17:07Z
2017-08-10,IEF,107.430000,1412000,2026-09-05T01:17:07Z
2017-08-10,IWM,136.270004,40983500,2026-09-05T01:17:07Z
2017-08-10,SPY,243.759995,120479500,2026-09-05T01:17:07Z
2017-08-10,TIP,114.339996,831600,2026-09-05T01:17:07Z
2017-08-10,TLT,126.370003,10378200,2026-09-05T01:17:07Z
2017-08-10,VEA,41.820000,6088200,2026-09-05T01:17:07Z
2017-08-10,VNQ,82.610001,4190800,2026-09-05T01:17:07Z
2017-08-10,VWO,42.279999,15740200,2026-09-05T01:17:07Z
2017-08-11,BIL,45.730000,211350,2026-09-05T01:17:07Z
2017-08-11,DBC,14.780000,1543200,2026-09-05T01:17:07Z
2017-08-11,IEF,107.550003,911000,2026-09-05T01:17:07Z
2017-08-11,IWM,136.470001,32779600,2026-09-05T01:17:07Z
2017-08-11,SPY,244.119995,74869900,2026-09-05T01:17:07Z
2017-08-11,TIP,114.269997,629000,2026-09-05T01:17:07Z
2017-08-11,TLT,126.430000,5717800,2026-09-05T01:17:07Z
2017-08-11,VEA,41.810001,7542000,2026-09-05T01:17:07Z
2017-08-11,VNQ,82.099998,2692800,2026-09-05T01:17:07Z
2017-08-11,VWO,42.410000,11205400,2026-09-05T01:17:07Z
2017-08-14,BIL,45.720001,331150,2026-09-05T01:17:07Z
2017-08-14,DBC,14.650000,1346600,2026-09-05T01:17:07Z
2017-08-14,IEF,107.290001,1386100,2026-09-05T01:17:07Z
2017-08-14,IWM,138.539993,21710900,2026-09-05T01:17:07Z
2017-08-14,SPY,246.539993,73291900,2026-09-05T01:17:07Z
2017-08-14,TIP,113.820000,658400,2026-09-05T01:17:07Z
2017-08-14,TLT,125.779999,5111000,2026-09-05T01:17:07Z
2017-08-14,VEA,42.099998,6936600,2026-09-05T01:17:07Z
2017-08-14,VNQ,83.470001,2160200,2026-09-05T01:17:07Z
2017-08-14,VWO,42.779999,7448700,2026-09-05T01:17:07Z
2017-08-15,BIL,45.730000,192600,2026-09-05T01:17:07Z
2017-08-15,DBC,14.580000,839800,2026-09-05T01:17:07Z
2017-08-15,IEF,106.970001,1146300,2026-09-05T01:17:07Z
2017-08-15,IWM,137.399994,16646000,2026-09-05T01:17:07Z
2017-08-15,SPY,246.509995,55242700,2026-09-05T01:17:07Z
2017-08-15,TIP,113.480003,801000,2026-09-05T01:17:07Z
2017-08-15,TLT,125.250000,7473200,2026-09-05T01:17:07Z
2017-08-15,VEA,42.060001,5740700,2026-09-05T01:17:07Z
2017-08-15,VNQ,83.220001,2260000,2026-09-05T01:17:07Z
2017-08-15,VWO,42.750000,6730900,2026-09-05T01:17:07Z
2017-08-16,BIL,45.720001,141250,2026-09-05T01:17:07Z
2017-08-16,DBC,14.540000,2787700,2026-09-05T01:17:07Z
2017-08-16,IEF,107.169998,2160100,2026-09-05T01:17:07Z
2017-08-16,IWM,137.440002,21858600,2026-09-05T01:17:07Z
2017-08-16,SPY,246.940002,56715500,2026-09-05T01:17:07Z
2017-08-16,TIP,113.680000,918600,2026-09-05T01:17:07Z
2017-08-16,TLT,125.709999,5283800,2026-09-05T01:17:07Z
2017-08-16,VEA,42.320000,7648800,2026-09-05T01:17:07Z
2017-08-16,VNQ,83.550003,2945300,2026-09-05T01:17:07Z
2017-08-16,VWO,43.270000,6457500,2026-09-05T01:17:07Z
2017-08-17,BIL,45.730000,363050,2026-09-05T01:17:07Z
2017-08-17,DBC,14.580000,1782100,2026-09-05T01:17:07Z
2017-08-17,IEF,107.550003,1637300,2026-09-05T01:17:07Z
2017-08-17,IWM,134.929993,32722900,2026-09-05T01:17:07Z
2017-08-17,SPY,243.089996,128490400,2026-09-05T01:17:07Z
2017-08-17,TIP,113.959999,833200,2026-09-05T01:17:07Z
2017-08-17,TLT,126.650002,9364700,2026-09-05T01:17:07Z
2017-08-17,VEA,41.840000,6265500,2026-09-05T01:17:07Z
2017-08-17,VNQ,83.029999,2053900,2026-09-05T01:17:07Z
2017-08-17,VWO,42.720001,8869000,2026-09-05T01:17:07Z
2017-08-18,BIL,45.720001,230900,2026-09-05T01:17:07Z
2017-08-18,DBC,14.840000,1266300,2026-09-05T01:17:07Z
2017-08-18,IEF,107.570000,1235700,2026-09-05T01:17:07Z
2017-08-18,IWM,134.919998,42401900,2026-09-05T01:17:07Z
2017-08-18,SPY,242.710007,136748000,2026-09-05T01:17:07Z
2017-08-18,TIP,113.980003,649900,2026-09-05T01:17:07Z
2017-08-18,TLT,126.620003,8382500,2026-09-05T01:17:07Z
2017-08-18,VEA,41.959999,6275100,2026-09-05T01:17:07Z
2017-08-18,VNQ,82.190002,2011600,2026-09-05T01:17:07Z
2017-08-18,VWO,43.029999,8787600,2026-09-05T01:17:07Z
2017-08-21,BIL,45.730000,483800,2026-09-05T01:17:07Z
2017-08-21,DBC,14.660000,953900,2026-09-05T01:17:07Z
2017-08-21,IEF,107.639999,718800,2026-09-05T01:17:07Z
2017-08-21,IWM,134.830002,21504100,2026-09-05T01:17:07Z
2017-08-21,SPY,242.899994,65469700,2026-09-05T01:17:07Z
2017-08-21,TIP,114.019997,549000,2026-09-05T01:17:07Z
2017-08-21,TLT,126.930000,7669800,2026-09-05T01:17:07Z
2017-08-21,VEA,41.970001,5113600,2026-09-05T01:17:07Z
2017-08-21,VNQ,83.070000,2487600,2026-09-05T01:17:07Z
2017-08-21,VWO,43.139999,8192900,2026-09-05T01:17:07Z
2017-08-22,BIL,45.740002,208800,2026-09-05T01:17:07Z
2017-08-22,DBC,14.700000,1118900,2026-09-05T01:17:07Z
2017-08-22,IEF,107.430000,984500,2026-09-05T01:17:07Z
2017-08-22,IWM,136.289993,25170600,2026-09-05T01:17:07Z
2017-08-22,SPY,245.440002,63140100,2026-09-05T01:17:07Z
2017-08-22,TIP,113.879997,480200,2026-09-05T01:17:07Z
2017-08-22,TLT,126.440002,6140700,2026-09-05T01:17:07Z
2017-08-22,VEA,42.180000,7009300,2026-09-05T01:17:07Z
2017-08-22,VNQ,82.830002,1835300,2026-09-05T01:17:07Z
2017-08-22,VWO,43.520000,6428100,2026-09-05T01:17:07Z
2017-08-23,BIL,45.740002,292750,2026-09-05T01:17:07Z
2017-08-23,DBC,14.830000,1042000,2026-09-05T01:17:07Z
2017-08-23,IEF,107.800003,1246100,2026-09-05T01:17:07Z
2017-08-23,IWM,136.070007,18381900,2026-09-05T01:17:07Z
2017-08-23,SPY,244.559998,50203800,2026-09-05T01:17:07Z
2017-08-23,TIP,114.190002,751800,2026-09-05T01:17:07Z
2017-08-23,TLT,127.300003,7446400,2026-09-05T01:17:07Z
2017-08-23,VEA,42.200001,5024600,2026-09-05T01:17:07Z
2017-08-23,VNQ,83.680000,1889800,2026-09-05T01:17:07Z
2017-08-23,VWO,43.730000,6166200,2026-09-05T01:17:07Z
2017-08-24,BIL,45.740002,1055500,2026-09-05T01:17:07Z
2017-08-24,DBC,14.820000,766200,2026-09-05T01:17:07Z
2017-08-24,IEF,107.629997,2520900,2026-09-05T01:17:07Z
2017-08-24,IWM,136.490005,15726600,2026-09-05T01:17:07Z
2017-08-24,SPY,243.990005,50741700,2026-09-05T01:17:07Z
2017-08-24,TIP,113.900002,521100,2026-09-05T01:17:07Z
2017-08-24,TLT,126.830002,5569400,2026-09-05T01:17:07Z
2017-08-24,VEA,42.150002,4743800,2026-09-05T01:17:07Z
2017-08-24,VNQ,83.419998,2012200,2026-09-05T01:17:07Z
2017-08-24,VWO,43.830002,8666500,2026-09-05T01:17:07Z
2017-08-25,BIL,45.730000,310550,2026-09-05T01:17:07Z
2017-08-25,DBC,14.790000,565000,2026-09-05T01:17:07Z
2017-08-25,IEF,107.809998,1007500,2026-09-05T01:17:07Z
2017-08-25,IWM,136.880005,17163000,2026-09-05T01:17:07Z
2017-08-25,SPY,244.559998,64445900,2026-09-05T01:17:07Z
2017-08-25,TIP,114.089996,483600,2026-09-05T01:17:07Z
2017-08-25,TLT,127.320000,7303300,2026-09-05T01:17:07Z
2017-08-25,VEA,42.400002,6432900,2026-09-05T01:17:07Z
2017-08-25,VNQ,83.820000,2147300,2026-09-05T01:17:07Z
2017-08-25,VWO,44.200001,8066200,2026-09-05T01:17:07Z
2017-08-28,BIL,45.740002,102050,2026-09-05T01:17:07Z
2017-08-28,DBC,14.800000,925900,2026-09-05T01:17:07Z
2017-08-28,IEF,107.910004,921700,2026-09-05T01:17:07Z
2017-08-28,IWM,137.460007,16333300,2026-09-05T01:17:07Z
2017-08-28,SPY,244.570007,40565600,2026-09-05T01:17:07Z
2017-08-28,TIP,114.180000,404300,2026-09-05T01:17:07Z
2017-08-28,TLT,127.239998,4448500,2026-09-05T01:17:07Z
2017-08-28,VEA,42.400002,4691200,2026-09-05T01:17:07Z
2017-08-28,VNQ,83.180000,2072000,2026-09-05T01:17:07Z
2017-08-28,VWO,44.189999,6031200,2026-09-05T01:17:07Z
2017-08-29,BIL,45.740002,130450,2026-09-05T01:17:07Z
2017-08-29,DBC,14.800000,712000,2026-09-05T01:17:07Z
2017-08-29,IEF,108.160004,1590200,2026-09-05T01:17:07Z
2017-08-29,IWM,137.490005,20277600,2026-09-05T01:17:07Z
2017-08-29,SPY,244.850006,51135700,2026-09-05T01:17:07Z
2017-08-29,TIP,114.360001,483200,2026-09-05T01:17:07Z
2017-08-29,TLT,127.650002,7659400,2026-09-05T01:17:07Z
2017-08-29,VEA,42.220001,4998600,2026-09-05T01:17:07Z
2017-08-29,VNQ,83.089996,1401700,2026-09-05T01:17:07Z
2017-08-29,VWO,44.099998,6912100,2026-09-05T01:17:07Z
2017-08-30,BIL,45.740002,291150,2026-09-05T01:17:07Z
2017-08-30,DBC,14.690000,831900,2026-09-05T01:17:07Z
2017-08-30,IEF,108.070000,1299900,2026-09-05T01:17:07Z
2017-08-30,IWM,138.369995,15915500,2026-09-05T01:17:07Z
2017-08-30,SPY,246.009995,62030800,2026-09-05T01:17:07Z
2017-08-30,TIP,114.330002,726200,2026-09-05T01:17:07Z
2017-08-30,TLT,127.610001,4735200,2026-09-05T01:17:07Z
2017-08-30,VEA,42.160000,6580600,2026-09-05T01:17:07Z
2017-08-30,VNQ,83.559998,2054100,2026-09-05T01:17:07Z
2017-08-30,VWO,44.150002,6004800,2026-09-05T01:17:07Z
2017-08-31,BIL,45.750000,1212850,2026-09-05T01:17:07Z
2017-08-31,DBC,15.100000,2587700,2026-09-05T01:17:07Z
2017-08-31,IEF,108.239998,1023600,2026-09-05T01:17:07Z
2017-08-31,IWM,139.729996,29260600,2026-09-05T01:17:07Z
2017-08-31,SPY,247.490005,103803900,2026-09-05T01:17:07Z
2017-08-31,TIP,114.620003,663100,2026-09-05T01:17:07Z
2017-08-31,TLT,127.989998,7978400,2026-09-05T01:17:07Z
2017-08-31,VEA,42.520000,8558300,2026-09-05T01:17:07Z
2017-08-31,VNQ,84.040001,3212700,2026-09-05T01:17:07Z
2017-08-31,VWO,44.299999,20190800,2026-09-05T01:17:07Z
2017-09-01,BIL,45.720001,373450,2026-09-05T01:17:07Z
2017-09-01,DBC,15.120000,2722900,2026-09-05T01:17:07Z
2017-09-01,IEF,107.760002,3460000,2026-09-05T01:17:07Z
2017-09-01,IWM,140.520004,17412500,2026-09-05T01:17:07Z
2017-09-01,SPY,247.839996,62007000,2026-09-05T01:17:07Z
2017-09-01,TIP,114.120003,2215900,2026-09-05T01:17:07Z
2017-09-01,TLT,126.750000,14128600,2026-09-05T01:17:07Z
2017-09-01,VEA,42.599998,5650200,2026-09-05T01:17:07Z
2017-09-01,VNQ,84.330002,3385900,2026-09-05T01:17:07Z
2017-09-01,VWO,44.619999,12011700,2026-09-05T01:17:07Z
2017-09-05,BIL,45.700001,437850,2026-09-05T01:17:07Z
2017-09-05,DBC,15.150000,1211700,2026-09-05T01:17:07Z
2017-09-05,IEF,108.510002,3054800,2026-09-05T01:17:07Z
2017-09-05,IWM,139.169998,21908400,2026-09-05T01:17:07Z
2017-09-05,SPY,246.059998,91398800,2026-09-05T01:17:07Z
2017-09-05,TIP,114.860001,2288600,2026-09-05T01:17:07Z
2017-09-05,TLT,128.759995,15215700,2026-09-05T01:17:07Z
2017-09-05,VEA,42.290001,9332100,2026-09-05T01:17:07Z
2017-09-05,VNQ,84.099998,3705200,2026-09-05T01:17:07Z
2017-09-05,VWO,44.279999,10663500,2026-09-05T01:17:07Z
2017-09-06,BIL,45.720001,927900,2026-09-05T01:17:07Z
2017-09-06,DBC,15.300000,2212200,2026-09-05T01:17:07Z
2017-09-06,IEF,108.250000,1601500,2026-09-05T01:17:07Z
2017-09-06,IWM,139.460007,18399700,2026-09-05T01:17:07Z
2017-09-06,SPY,246.899994,57916900,2026-09-05T01:17:07Z
2017-09-06,TIP,114.720001,1877900,2026-09-05T01:17:07Z
2017-09-06,TLT,127.970001,9066400,2026-09-05T01:17:07Z
2017-09-06,VEA,42.599998,8755800,2026-09-05T01:17:07Z
2017-09-06,VNQ,84.320000,3330500,2026-09-05T01:17:07Z
2017-09-06,VWO,44.599998,13072700,2026-09-05T01:17:07Z
2017-09-07,BIL,45.720001,159400,2026-09-05T01:17:07Z
2017-09-07,DBC,15.290000,1205400,2026-09-05T01:17:07Z
2017-09-07,IEF,108.720001,4292500,2026-09-05T01:17:07Z
2017-09-07,IWM,139.110001,18159800,2026-09-05T01:17:07Z
2017-09-07,SPY,246.869995,58034700,2026-09-05T01:17:07Z
2017-09-07,TIP,115.199997,676900,2026-09-05T01:17:07Z
2017-09-07,TLT,129.279999,13618900,2026-09-05T01:17:07Z
2017-09-07,VEA,42.950001,8976500,2026-09-05T01:17:07Z
2017-09-07,VNQ,84.860001,2313000,2026-09-05T01:17:07Z
2017-09-07,VWO,44.820000,7514500,2026-09-05T01:17:07Z
2017-09-08,BIL,45.709999,514550,2026-09-05T01:17:07Z
2017-09-08,DBC,15.120000,1041000,2026-09-05T01:17:07Z
2017-09-08,IEF,108.639999,1249100,2026-09-05T01:17:07Z
2017-09-08,IWM,139.220001,21870500,2026-09-05T01:17:07Z
2017-09-08,SPY,246.580002,63832800,2026-09-05T01:17:07Z
2017-09-08,TIP,115.220001,819800,2026-09-05T01:17:07Z
2017-09-08,TLT,129.000000,9808500,2026-09-05T01:17:07Z
2017-09-08,VEA,42.939999,4412400,2026-09-05T01:17:07Z
2017-09-08,VNQ,84.930000,2334500,2026-09-05T01:17:07Z
2017-09-08,VWO,44.529999,7524900,2026-09-05T01:17:07Z
2017-09-11,BIL,45.709999,130950,2026-09-05T01:17:07Z
2017-09-11,DBC,15.150000,1104300,2026-09-05T01:17:07Z
2017-09-11,IEF,108.019997,2206200,2026-09-05T01:17:07Z
2017-09-11,IWM,140.679993,22617700,2026-09-05T01:17:07Z
2017-09-11,SPY,249.210007,71364800,2026-09-05T01:17:07Z
2017-09-11,TIP,114.779999,531300,2026-09-05T01:17:07Z
2017-09-11,TLT,127.459999,17856700,2026-09-05T01:17:07Z
2017-09-11,VEA,43.259998,3838200,2026-09-05T01:17:07Z
2017-09-11,VNQ,85.709999,2352600,2026-09-05T01:17:07Z
2017-09-11,VWO,45.049999,7503500,2026-09-05T01:17:07Z
2017-09-12,BIL,45.730000,257950,2026-09-05T01:17:07Z
2017-09-12,DBC,15.190000,1451600,2026-09-05T01:17:07Z
2017-09-12,IEF,107.760002,3167800,2026-09-05T01:17:07Z
2017-09-12,IWM,141.539993,22679600,2026-09-05T01:17:07Z
2017-09-12,SPY,250.050003,56896000,2026-09-05T01:17:07Z
2017-09-12,TIP,114.589996,794800,2026-09-05T01:17:07Z
2017-09-12,TLT,126.790001,7557400,2026-09-05T01:17:07Z
2017-09-12,VEA,43.349998,5504600,2026-09-05T01:17:07Z
2017-09-12,VNQ,84.699997,3991300,2026-09-05T01:17:07Z
2017-09-12,VWO,44.970001,6662000,2026-09-05T01:17:07Z
2017-09-13,BIL,45.730000,438200,2026-09-05T01:17:07Z
2017-09-13,DBC,15.260000,909200,2026-09-05T01:17:07Z
2017-09-13,IEF,107.540001,1590900,2026-09-05T01:17:07Z
2017-09-13,IWM,141.960007,25052500,2026-09-05T01:17:07Z
2017-09-13,SPY,250.169998,59228000,2026-09-05T01:17:07Z
2017-09-13,TIP,114.379997,614500,2026-09-05T01:17:07Z
2017-09-13,TLT,126.290001,6740000,2026-09-05T01:17:07Z
2017-09-13,VEA,43.150002,4154700,2026-09-05T01:17:07Z
2017-09-13,VNQ,84.480003,1840100,2026-09-05T01:17:07Z
2017-09-13,VWO,44.669998,6943000,2026-09-05T01:17:07Z
2017-09-14,BIL,45.720001,238800,2026-09-05T01:17:07Z
2017-09-14,DBC,15.270000,944000,2026-09-05T01:17:07Z
2017-09-14,IEF,107.559998,1377700,2026-09-05T01:17:07Z
2017-09-14,IWM,141.830002,18353800,2026-09-05T01:17:07Z
2017-09-14,SPY,250.089996,95446300,2026-09-05T01:17:07Z
2017-09-14,TIP,114.559998,534300,2026-09-05T01:17:07Z
2017-09-14,TLT,126.809998,6674500,2026-09-05T01:17:07Z
2017-09-14,VEA,43.270000,4668500,2026-09-05T01:17:07Z
2017-09-14,VNQ,85.180000,2839400,2026-09-05T01:17:07Z
2017-09-14,VWO,44.759998,8206400,2026-09-05T01:17:07Z
2017-09-15,BIL,45.720001,96500,2026-09-05T01:17:07Z
2017-09-15,DBC,15.340000,1176500,2026-09-05T01:17:07Z
2017-09-15,IEF,107.690002,1477000,2026-09-05T01:17:07Z
2017-09-15,IWM,142.410004,23184000,2026-09-05T01:17:07Z
2017-09-15,SPY,249.190002,95432400,2026-09-05T01:17:07Z
2017-09-15,TIP,114.500000,524300,2026-09-05T01:17:07Z
2017-09-15,TLT,126.860001,9769200,2026-09-05T01:17:07Z
2017-09-15,VEA,43.290001,5258300,2026-09-05T01:17:07Z
2017-09-15,VNQ,85.339996,3172800,2026-09-05T01:17:07Z
2017-09-15,VWO,45.060001,9236800,2026-09-05T01:17:07Z
2017-09-18,BIL,45.720001,276400,2026-09-05T01:17:07Z
2017-09-18,DBC,15.320000,1693700,2026-09-05T01:17:07Z
2017-09-18,IEF,107.269997,3032500,2026-09-05T01:17:07Z
2017-09-18,IWM,143.380005,24427400,2026-09-05T01:17:07Z
2017-09-18,SPY,249.720001,46235200,2026-09-05T01:17:07Z
2017-09-18,TIP,114.449997,525200,2026-09-05T01:17:07Z
2017-09-18,TLT,126.129997,6863000,2026-09-05T01:17:07Z
2017-09-18,VEA,43.360001,8944100,2026-09-05T01:17:07Z
2017-09-18,VNQ,84.879997,3442200,2026-09-05T01:17:07Z
2017-09-18,VWO,45.020000,8914300,2026-09-05T01:17:07Z
2017-09-19,BIL,45.740002,61300,2026-09-05T01:17:07Z
2017-09-19,DBC,15.290000,537400,2026-09-05T01:17:07Z
2017-09-19,IEF,107.150002,673300,2026-09-05T01:17:07Z
2017-09-19,IWM,143.380005,16346300,2026-09-05T01:17:07Z
2017-09-19,SPY,249.970001,47108100,2026-09-05T01:17:07Z
2017-09-19,TIP,114.320000,412500,2026-09-05T01:17:07Z
2017-09-19,TLT,125.820000,5554900,2026-09-05T01:17:07Z
2017-09-19,VEA,43.570000,5868100,2026-09-05T01:17:07Z
2017-09-19,VNQ,84.320000,2916500,2026-09-05T01:17:07Z
2017-09-19,VWO,45.060001,7863100,2026-09-05T01:17:07Z
2017-09-20,BIL,45.740002,129400,2026-09-05T01:17:07Z
2017-09-20,DBC,15.420000,1577600,2026-09-05T01:17:07Z
2017-09-20,IEF,106.940002,2397500,2026-09-05T01:17:07Z
2017-09-20,IWM,143.839996,20244700,2026-09-05T01:17:07Z
2017-09-20,SPY,250.059998,59574100,2026-09-05T01:17:07Z
2017-09-20,TIP,114.000000,731000,2026-09-05T01:17:07Z
2017-09-20,TLT,125.910004,8037000,2026-09-05T01:17:07Z
2017-09-20,VEA,43.279999,8169300,2026-09-05T01:17:07Z
2017-09-20,VNQ,84.089996,2741300,2026-09-05T01:17:07Z
2017-09-20,VWO,44.410000,10112100,2026-09-05T01:17:07Z
2017-09-21,BIL,45.740002,108000,2026-09-05T01:17:07Z
2017-09-21,DBC,15.360000,1146000,2026-09-05T01:17:07Z
2017-09-21,IEF,106.800003,2390000,2026-09-05T01:17:07Z
2017-09-21,IWM,143.690002,17395900,2026-09-05T01:17:07Z
2017-09-21,SPY,249.389999,48211400,2026-09-05T01:17:07Z
2017-09-21,TIP,113.739998,823500,2026-09-05T01:17:07Z
2017-09-21,TLT,125.839996,6147800,2026-09-05T01:17:07Z
2017-09-21,VEA,43.209999,4991400,2026-09-05T01:17:07Z
2017-09-21,VNQ,83.930000,6278500,2026-09-05T01:17:07Z
2017-09-21,VWO,44.450001,8827900,2026-09-05T01:17:07Z
2017-09-22,BIL,45.740002,133300,2026-09-05T01:17:07Z
2017-09-22,DBC,15.420000,667000,2026-09-05T01:17:07Z
2017-09-22,IEF,106.989998,826600,2026-09-05T01:17:07Z
2017-09-22,IWM,144.300003,25203000,2026-09-05T01:17:07Z
2017-09-22,SPY,249.440002,51214000,2026-09-05T01:17:07Z
2017-09-22,TIP,114.029999,663500,2026-09-05T01:17:07Z
2017-09-22,TLT,126.199997,5660700,2026-09-05T01:17:07Z
2017-09-22,VEA,43.310001,9814700,2026-09-05T01:17:07Z
2017-09-22,VNQ,82.489998,4549600,2026-09-05T01:17:07Z
2017-09-22,VWO,44.180000,9244700,2026-09-05T01:17:07Z
2017-09-25,BIL,45.740002,158200,2026-09-05T01:17:07Z
2017-09-25,DBC,15.680000,1120300,2026-09-05T01:17:07Z
2017-09-25,IEF,107.309998,1927000,2026-09-05T01:17:07Z
2017-09-25,IWM,144.500000,30012800,2026-09-05T01:17:07Z
2017-09-25,SPY,248.929993,57064400,2026-09-05T01:17:07Z
2017-09-25,TIP,114.349998,920200,2026-09-05T01:17:07Z
2017-09-25,TLT,126.989998,9679000,2026-09-05T01:17:07Z
2017-09-25,VEA,43.119999,6579000,2026-09-05T01:17:07Z
2017-09-25,VNQ,82.970001,5536300,2026-09-05T01:17:07Z
2017-09-25,VWO,43.360001,15752800,2026-09-05T01:17:07Z
2017-09-26,BIL,45.740002,255800,2026-09-05T01:17:07Z
2017-09-26,DBC,15.540000,1114000,2026-09-05T01:17:07Z
2017-09-26,IEF,107.220001,1061000,2026-09-05T01:17:07Z
2017-09-26,IWM,144.610001,28238100,2026-09-05T01:17:07Z
2017-09-26,SPY,249.080002,54082000,2026-09-05T01:17:07Z
2017-09-26,TIP,114.260002,716600,2026-09-05T01:17:07Z
2017-09-26,TLT,126.760002,7251900,2026-09-05T01:17:07Z
2017-09-26,VEA,42.959999,12621700,2026-09-05T01:17:07Z
2017-09-26,VNQ,83.110001,3099300,2026-09-05T01:17:07Z
2017-09-26,VWO,43.349998,10536900,2026-09-05T01:17:07Z
2017-09-27,BIL,45.740002,229300,2026-09-05T01:17:07Z
2017-09-27,DBC,15.480000,2008000,2026-09-05T01:17:07Z
2017-09-27,IEF,106.669998,4039100,2026-09-05T01:17:07Z
2017-09-27,IWM,147.440002,66351700,2026-09-05T01:17:07Z
2017-09-27,SPY,250.050003,81001400,2026-09-05T01:17:07Z
2017-09-27,TIP,113.910004,588500,2026-09-05T01:17:07Z
2017-09-27,TLT,124.849998,12145700,2026-09-05T01:17:07Z
2017-09-27,VEA,43.020000,6196000,2026-09-05T01:17:07Z
2017-09-27,VNQ,82.360001,3812800,2026-09-05T01:17:07Z
2017-09-27,VWO,43.110001,10746600,2026-09-05T01:17:07Z
2017-09-28,BIL,45.730000,76550,2026-09-05T01:17:07Z
2017-09-28,DBC,15.480000,909000,2026-09-05T01:17:07Z
2017-09-28,IEF,106.650002,1873300,2026-09-05T01:17:07Z
2017-09-28,IWM,147.830002,29291400,2026-09-05T01:17:07Z
2017-09-28,SPY,250.350006,44778800,2026-09-05T01:17:07Z
2017-09-28,TIP,113.830002,677300,2026-09-05T01:17:07Z
2017-09-28,TLT,124.480003,8883700,2026-09-05T01:17:07Z
2017-09-28,VEA,43.160000,5278200,2026-09-05T01:17:07Z
2017-09-28,VNQ,82.919998,4114300,2026-09-05T01:17:07Z
2017-09-28,VWO,43.130001,11065100,2026-09-05T01:17:07Z
2017-09-29,BIL,45.750000,173100,2026-09-05T01:17:07Z
2017-09-29,DBC,15.400000,3072300,2026-09-05T01:17:07Z
2017-09-29,IEF,106.519997,2037800,2026-09-05T01:17:07Z
2017-09-29,IWM,148.179993,21738700,2026-09-05T01:17:07Z
2017-09-29,SPY,251.229996,85578000,2026-09-05T01:17:07Z
2017-09-29,TIP,113.580002,1030600,2026-09-05T01:17:07Z
2017-09-29,TLT,124.760002,11285500,2026-09-05T01:17:07Z
2017-09-29,VEA,43.410000,9159800,2026-09-05T01:17:07Z
2017-09-29,VNQ,83.089996,4245200,2026-09-05T01:17:07Z
2017-09-29,VWO,43.570000,14298700,2026-09-05T01:17:07Z
2017-10-02,BIL,45.720001,158800,2026-09-05T01:17:07Z
2017-10-02,DBC,15.270000,3580000,2026-09-05T01:17:07Z
2017-10-02,IEF,106.239998,3221600,2026-09-05T01:17:07Z
2017-10-02,IWM,150.000000,29772400,2026-09-05T01:17:07Z
2017-10-02,SPY,252.320007,59023000,2026-09-05T01:17:07Z
2017-10-02,TIP,113.379997,3499100,2026-09-05T01:17:07Z
2017-10-02,TLT,124.279999,7860700,2026-09-05T01:17:07Z
2017-10-02,VEA,43.360001,6474500,2026-09-05T01:17:07Z
2017-10-02,VNQ,82.970001,4533800,2026-09-05T01:17:07Z
2017-10-02,VWO,43.610001,12778600,2026-09-05T01:17:07Z
2017-10-03,BIL,45.720001,429250,2026-09-05T01:17:07Z
2017-10-03,DBC,15.280000,1384500,2026-09-05T01:17:07Z
2017-10-03,IEF,106.389999,2521700,2026-09-05T01:17:07Z
2017-10-03,IWM,150.330002,28372800,2026-09-05T01:17:07Z
2017-10-03,SPY,252.860001,66810200,2026-09-05T01:17:07Z
2017-10-03,TIP,113.489998,1376500,2026-09-05T01:17:07Z
2017-10-03,TLT,124.400002,6219800,2026-09-05T01:17:07Z
2017-10-03,VEA,43.529999,5919600,2026-09-05T01:17:07Z
2017-10-03,VNQ,82.849998,6710800,2026-09-05T01:17:07Z
2017-10-03,VWO,44.209999,11289400,2026-09-05T01:17:07Z
2017-10-04,BIL,45.709999,1119400,2026-09-05T01:17:07Z
2017-10-04,DBC,15.300000,1411000,2026-09-05T01:17:07Z
2017-10-04,IEF,106.360001,2198300,2026-09-05T01:17:07Z
2017-10-04,IWM,149.850006,22024700,2026-09-05T01:17:07Z
2017-10-04,SPY,253.160004,55953600,2026-09-05T01:17:07Z
2017-10-04,TIP,113.589996,800800,2026-09-05T01:17:07Z
2017-10-04,TLT,124.410004,7447000,2026-09-05T01:17:07Z
2017-10-04,VEA,43.450001,5822800,2026-09-05T01:17:07Z
2017-10-04,VNQ,83.269997,4137400,2026-09-05T01:17:07Z
2017-10-04,VWO,44.259998,6821600,2026-09-05T01:17:07Z
2017-10-05,BIL,45.720001,186250,2026-09-05T01:17:07Z
2017-10-05,DBC,15.470000,1391000,2026-09-05T01:17:07Z
2017-10-05,IEF,106.250000,1779900,2026-09-05T01:17:07Z
2017-10-05,IWM,150.259995,22538500,2026-09-05T01:17:07Z
2017-10-05,SPY,254.660004,63522800,2026-09-05T01:17:07Z
2017-10-05,TIP,113.470001,1818700,2026-09-05T01:17:07Z
2017-10-05,TLT,123.940002,8180300,2026-09-05T01:17:07Z
2017-10-05,VEA,43.410000,7337700,2026-09-05T01:17:07Z
2017-10-05,VNQ,83.570000,3398700,2026-09-05T01:17:07Z
2017-10-05,VWO,44.540001,12686500,2026-09-05T01:17:07Z
2017-10-06,BIL,45.709999,205400,2026-09-05T01:17:07Z
2017-10-06,DBC,15.230000,1384400,2026-09-05T01:17:07Z
2017-10-06,IEF,106.120003,2350600,2026-09-05T01:17:07Z
2017-10-06,IWM,150.050003,19350800,2026-09-05T01:17:07Z
2017-10-06,SPY,254.369995,80646000,2026-09-05T01:17:07Z
2017-10-06,TIP,113.379997,810300,2026-09-05T01:17:07Z
2017-10-06,TLT,123.589996,10375000,2026-09-05T01:17:07Z
2017-10-06,VEA,43.360001,5228100,2026-09-05T01:17:07Z
2017-10-06,VNQ,83.300003,2594800,2026-09-05T01:17:07Z
2017-10-06,VWO,44.369999,15506500,2026-09-05T01:17:07Z
2017-10-09,BIL,45.709999,141250,2026-09-05T01:17:07Z
2017-10-09,DBC,15.240000,632700,2026-09-05T01:17:07Z
2017-10-09,IEF,106.239998,893100,2026-09-05T01:17:07Z
2017-10-09,IWM,149.429993,13981300,2026-09-05T01:17:07Z
2017-10-09,SPY,253.949997,35803100,2026-09-05T01:17:07Z
2017-10-09,TIP,113.419998,447600,2026-09-05T01:17:07Z
2017-10-09,TLT,123.980003,3590900,2026-09-05T01:17:07Z
2017-10-09,VEA,43.380001,3604100,2026-09-05T01:17:07Z
2017-10-09,VNQ,83.500000,2248200,2026-09-05T01:17:07Z
2017-10-09,VWO,44.220001,6590500,2026-09-05T01:17:07Z
2017-10-10,BIL,45.709999,264050,2026-09-05T01:17:07Z
2017-10-10,DBC,15.420000,650600,2026-09-05T01:17:07Z
2017-10-10,IEF,106.279999,1123100,2026-09-05T01:17:07Z
2017-10-10,IWM,149.860001,21951900,2026-09-05T01:17:07Z
2017-10-10,SPY,254.619995,43057400,2026-09-05T01:17:07Z
2017-10-10,TIP,113.620003,850200,2026-09-05T01:17:07Z
2017-10-10,TLT,124.180000,6666800,2026-09-05T01:17:07Z
2017-10-10,VEA,43.779999,11610600,2026-09-05T01:17:07Z
2017-10-10,VNQ,83.750000,6012600,2026-09-05T01:17:07Z
2017-10-10,VWO,44.650002,10455500,2026-09-05T01:17:07Z
2017-10-11,BIL,45.709999,148300,2026-09-05T01:17:07Z
2017-10-11,DBC,15.450000,709300,2026-09-05T01:17:07Z
2017-10-11,IEF,106.400002,2841200,2026-09-05T01:17:07Z
2017-10-11,IWM,149.750000,15137100,2026-09-05T01:17:07Z
2017-10-11,SPY,255.020004,47674300,2026-09-05T01:17:07Z
2017-10-11,TIP,113.760002,663600,2026-09-05T01:17:07Z
2017-10-11,TLT,124.419998,4385900,2026-09-05T01:17:07Z
2017-10-11,VEA,43.930000,4630300,2026-09-05T01:17:07Z
2017-10-11,VNQ,84.029999,2944800,2026-09-05T01:17:07Z
2017-10-11,VWO,44.779999,11717400,2026-09-05T01:17:07Z
2017-10-12,BIL,45.730000,244300,2026-09-05T01:17:07Z
2017-10-12,DBC,15.430000,789900,2026-09-05T01:17:07Z
2017-10-12,IEF,106.500000,1349300,2026-09-05T01:17:07Z
2017-10-12,IWM,149.639999,17185600,2026-09-05T01:17:07Z
2017-10-12,SPY,254.639999,47065100,2026-09-05T01:17:07Z
2017-10-12,TIP,113.970001,653000,2026-09-05T01:17:07Z
2017-10-12,TLT,124.949997,7141600,2026-09-05T01:17:07Z
2017-10-12,VEA,43.930000,5523200,2026-09-05T01:17:07Z
2017-10-12,VNQ,84.570000,2787500,2026-09-05T01:17:07Z
2017-10-12,VWO,44.779999,7783100,2026-09-05T01:17:07Z
2017-10-13,BIL,45.730000,78450,2026-09-05T01:17:07Z
2017-10-13,DBC,15.580000,627000,2026-09-05T01:17:07Z
2017-10-13,IEF,106.860001,1521700,2026-09-05T01:17:07Z
2017-10-13,IWM,149.369995,15464400,2026-09-05T01:17:07Z
2017-10-13,SPY,254.949997,54800400,2026-09-05T01:17:07Z
2017-10-13,TIP,114.129997,817700,2026-09-05T01:17:07Z
2017-10-13,TLT,125.849998,7746900,2026-09-05T01:17:07Z
2017-10-13,VEA,44.150002,5178700,2026-09-05T01:17:07Z
2017-10-13,VNQ,84.790001,2662600,2026-09-05T01:17:07Z
2017-10-13,VWO,45.180000,6768400,2026-09-05T01:17:07Z
2017-10-16,BIL,45.720001,189900,2026-09-05T01:17:07Z
2017-10-16,DBC,15.620000,905300,2026-09-05T01:17:07Z
2017-10-16,IEF,106.680000,1666100,2026-09-05T01:17:07Z
2017-10-16,IWM,149.240005,20653100,2026-09-05T01:17:07Z
2017-10-16,SPY,255.289993,38221700,2026-09-05T01:17:07Z
2017-10-16,TIP,113.870003,1520700,2026-09-05T01:17:07Z
2017-10-16,TLT,125.760002,5737300,2026-09-05T01:17:07Z
2017-10-16,VEA,44.110001,4093100,2026-09-05T01:17:07Z
2017-10-16,VNQ,84.370003,1972300,2026-09-05T01:17:07Z
2017-10-16,VWO,45.139999,6396800,2026-09-05T01:17:07Z
2017-10-17,BIL,45.730000,227500,2026-09-05T01:17:07Z
2017-10-17,DBC,15.600000,615100,2026-09-05T01:17:07Z
2017-10-17,IEF,106.639999,673800,2026-09-05T01:17:07Z
2017-10-17,IWM,148.809998,18046800,2026-09-05T01:17:07Z
2017-10-17,SPY,255.470001,31561000,2026-09-05T01:17:07Z
2017-10-17,TIP,113.660004,656000,2026-09-05T01:17:07Z
2017-10-17,TLT,125.919998,4969600,2026-09-05T01:17:07Z
2017-10-17,VEA,44.009998,4890600,2026-09-05T01:17:07Z
2017-10-17,VNQ,84.470001,2191300,2026-09-05T01:17:07Z
2017-10-17,VWO,44.919998,7672900,2026-09-05T01:17:07Z
2017-10-18,BIL,45.730000,64150,2026-09-05T01:17:07Z
2017-10-18,DBC,15.590000,503200,2026-09-05T01:17:07Z
2017-10-18,IEF,106.370003,1788500,2026-09-05T01:17:07Z
2017-10-18,IWM,149.520004,20541700,2026-09-05T01:17:07Z
2017-10-18,SPY,255.720001,40888300,2026-09-05T01:17:07Z
2017-10-18,TIP,113.519997,570600,2026-09-05T01:17:07Z
2017-10-18,TLT,125.089996,5943800,2026-09-05T01:17:07Z
2017-10-18,VEA,44.090000,6325300,2026-09-05T01:17:07Z
2017-10-18,VNQ,84.379997,1935900,2026-09-05T01:17:07Z
2017-10-18,VWO,44.959999,6273900,2026-09-05T01:17:07Z
2017-10-19,BIL,45.730000,199850,2026-09-05T01:17:07Z
2017-10-19,DBC,15.520000,1757100,2026-09-05T01:17:07Z
2017-10-19,IEF,106.480003,1518700,2026-09-05T01:17:07Z
2017-10-19,IWM,149.289993,17164900,2026-09-05T01:17:07Z
2017-10-19,SPY,255.789993,61903800,2026-09-05T01:17:07Z
2017-10-19,TIP,113.669998,1560100,2026-09-05T01:17:07Z
2017-10-19,TLT,125.309998,8966500,2026-09-05T01:17:07Z
2017-10-19,VEA,44.009998,7668800,2026-09-05T01:17:07Z
2017-10-19,VNQ,84.129997,1838700,2026-09-05T01:17:07Z
2017-10-19,VWO,44.630001,7952000,2026-09-05T01:17:07Z
2017-10-20,BIL,45.740002,57150,2026-09-05T01:17:07Z
2017-10-20,DBC,15.600000,503700,2026-09-05T01:17:07Z
2017-10-20,IEF,106.040001,2651400,2026-09-05T01:17:07Z
2017-10-20,IWM,149.979996,25224500,2026-09-05T01:17:07Z
2017-10-20,SPY,257.109985,89176400,2026-09-05T01:17:07Z
2017-10-20,TIP,113.410004,748300,2026-09-05T01:17:07Z
2017-10-20,TLT,123.980003,12326900,2026-09-05T01:17:07Z
2017-10-20,VEA,43.950001,5360500,2026-09-05T01:17:07Z
2017-10-20,VNQ,83.650002,2929900,2026-09-05T01:17:07Z
2017-10-20,VWO,44.810001,9160700,2026-09-05T01:17:07Z
2017-10-23,BIL,45.730000,136250,2026-09-05T01:17:07Z
2017-10-23,DBC,15.600000,1102300,2026-09-05T01:17:07Z
2017-10-23,IEF,106.139999,709800,2026-09-05T01:17:07Z
2017-10-23,IWM,148.860001,14676400,2026-09-05T01:17:07Z
2017-10-23,SPY,256.109985,63915300,2026-09-05T01:17:07Z
2017-10-23,TIP,113.419998,843400,2026-09-05T01:17:07Z
2017-10-23,TLT,124.199997,6871100,2026-09-05T01:17:07Z
2017-10-23,VEA,43.840000,5933300,2026-09-05T01:17:07Z
2017-10-23,VNQ,83.330002,2618800,2026-09-05T01:17:07Z
2017-10-23,VWO,44.410000,6816300,2026-09-05T01:17:07Z
2017-10-24,BIL,45.750000,157350,2026-09-05T01:17:07Z
2017-10-24,DBC,15.760000,687100,2026-09-05T01:17:07Z
2017-10-24,IEF,105.820000,1605600,2026-09-05T01:17:07Z
2017-10-24,IWM,149.169998,17527700,2026-09-05T01:17:07Z
2017-10-24,SPY,256.559998,66935900,2026-09-05T01:17:07Z
2017-10-24,TIP,113.260002,980400,2026-09-05T01:17:07Z
2017-10-24,TLT,123.430000,6842800,2026-09-05T01:17:07Z
2017-10-24,VEA,43.939999,5581100,2026-09-05T01:17:07Z
2017-10-24,VNQ,82.830002,2521400,2026-09-05T01:17:07Z
2017-10-24,VWO,44.529999,9090400,2026-09-05T01:17:07Z
2017-10-25,BIL,45.750000,293900,2026-09-05T01:17:07Z
2017-10-25,DBC,15.780000,865300,2026-09-05T01:17:07Z
2017-10-25,IEF,105.650002,1838800,2026-09-05T01:17:07Z
2017-10-25,IWM,148.449997,27235300,2026-09-05T01:17:07Z
2017-10-25,SPY,255.289993,103715300,2026-09-05T01:17:07Z
2017-10-25,TIP,113.139999,770100,2026-09-05T01:17:07Z
2017-10-25,TLT,122.839996,9961400,2026-09-05T01:17:07Z
2017-10-25,VEA,43.759998,6246900,2026-09-05T01:17:07Z
2017-10-25,VNQ,82.589996,3490900,2026-09-05T01:17:07Z
2017-10-25,VWO,44.430000,11457400,2026-09-05T01:17:07Z
2017-10-26,BIL,45.750000,301050,2026-09-05T01:17:07Z
2017-10-26,DBC,15.850000,500200,2026-09-05T01:17:07Z
2017-10-26,IEF,105.510002,2062400,2026-09-05T01:17:07Z
2017-10-26,IWM,148.759995,15205900,2026-09-05T01:17:07Z
2017-10-26,SPY,255.619995,69798000,2026-09-05T01:17:07Z
2017-10-26,TIP,113.089996,675800,2026-09-05T01:17:07Z
2017-10-26,TLT,122.430000,8179400,2026-09-05T01:17:07Z
2017-10-26,VEA,43.709999,5499400,2026-09-05T01:17:07Z
2017-10-26,VNQ,81.910004,3916400,2026-09-05T01:17:07Z
2017-10-26,VWO,44.200001,9558200,2026-09-05T01:17:07Z
2017-10-27,BIL,45.750000,1063500,2026-09-05T01:17:07Z
2017-10-27,DBC,15.930000,892900,2026-09-05T01:17:07Z
2017-10-27,IEF,105.849998,1315000,2026-09-05T01:17:07Z
2017-10-27,IWM,149.789993,32744100,2026-09-05T01:17:07Z
2017-10-27,SPY,257.709991,85562500,2026-09-05T01:17:07Z
2017-10-27,TIP,113.449997,731800,2026-09-05T01:17:07Z
2017-10-27,TLT,123.239998,10480900,2026-09-05T01:17:07Z
2017-10-27,VEA,43.880001,5806800,2026-09-05T01:17:07Z
2017-10-27,VNQ,82.279999,2979900,2026-09-05T01:17:07Z
2017-10-27,VWO,44.740002,10371300,2026-09-05T01:17:07Z
2017-10-30,BIL,45.740002,286950,2026-09-05T01:17:07Z
2017-10-30,DBC,15.970000,1241900,2026-09-05T01:17:07Z
2017-10-30,IEF,106.230003,1692700,2026-09-05T01:17:07Z
2017-10-30,IWM,148.210007,30524800,2026-09-05T01:17:07Z
2017-10-30,SPY,256.750000,54285700,2026-09-05T01:17:07Z
2017-10-30,TIP,113.750000,551100,2026-09-05T01:17:07Z
2017-10-30,TLT,124.419998,9051600,2026-09-05T01:17:07Z
2017-10-30,VEA,43.980000,6782700,2026-09-05T01:17:07Z
2017-10-30,VNQ,82.209999,3061000,2026-09-05T01:17:07Z
2017-10-30,VWO,44.380001,13080700,2026-09-05T01:17:07Z
2017-10-31,BIL,45.750000,430350,2026-09-05T01:17:07Z
2017-10-31,DBC,16.010000,2245500,2026-09-05T01:17:07Z
2017-10-31,IEF,106.160004,1178000,2026-09-05T01:17:07Z
2017-10-31,IWM,149.259995,22449400,2026-09-05T01:17:07Z
2017-10-31,SPY,257.149994,60304800,2026-09-05T01:17:07Z
2017-10-31,TIP,113.800003,1142300,2026-09-05T01:17:07Z
2017-10-31,TLT,124.459999,4424300,2026-09-05T01:17:07Z
2017-10-31,VEA,44.180000,7383200,2026-09-05T01:17:07Z
2017-10-31,VNQ,82.199997,4422700,2026-09-05T01:17:07Z
2017-10-31,VWO,44.630001,9046800,2026-09-05T01:17:07Z
2017-11-01,BIL,45.720001,586100,2026-09-05T01:17:07Z
2017-11-01,DBC,16.020000,5287100,2026-09-05T01:17:07Z
2017-11-01,IEF,106.059998,1321500,2026-09-05T01:17:07Z
2017-11-01,IWM,148.270004,31585500,2026-09-05T01:17:07Z
2017-11-01,SPY,257.489990,54202700,2026-09-05T01:17:07Z
2017-11-01,TIP,113.699997,2406300,2026-09-05T01:17:07Z
2017-11-01,TLT,124.750000,8940400,2026-09-05T01:17:07Z
2017-11-01,VEA,44.279999,6043300,2026-09-05T01:17:07Z
2017-11-01,VNQ,82.599998,3507700,2026-09-05T01:17:07Z
2017-11-01,VWO,44.740002,11585500,2026-09-05T01:17:07Z
2017-11-02,BIL,45.709999,137250,2026-09-05T01:17:07Z
2017-11-02,DBC,16.120001,5054600,2026-09-05T01:17:07Z
2017-11-02,IEF,106.199997,1997900,2026-09-05T01:17:07Z
2017-11-02,IWM,148.710007,28176600,2026-09-05T01:17:07Z
2017-11-02,SPY,257.589996,56449500,2026-09-05T01:17:07Z
2017-11-02,TIP,113.870003,2208600,2026-09-05T01:17:07Z
2017-11-02,TLT,125.300003,7222700,2026-09-05T01:17:07Z
2017-11-02,VEA,44.369999,22398300,2026-09-05T01:17:07Z
2017-11-02,VNQ,83.300003,5159300,2026-09-05T01:17:07Z
2017-11-02,VWO,44.880001,13033000,2026-09-05T01:17:07Z
2017-11-03,BIL,45.709999,222550,2026-09-05T01:17:07Z
2017-11-03,DBC,16.219999,4649100,2026-09-05T01:17:07Z
2017-11-03,IEF,106.370003,2532400,2026-09-05T01:17:07Z
2017-11-03,IWM,148.610001,22312700,2026-09-05T01:17:07Z
2017-11-03,SPY,258.450012,59589700,2026-09-05T01:17:07Z
2017-11-03,TIP,113.949997,744200,2026-09-05T01:17:07Z
2017-11-03,TLT,125.639999,10984100,2026-09-05T01:17:07Z
2017-11-03,VEA,44.330002,8057800,2026-09-05T01:17:07Z
2017-11-03,VNQ,83.089996,2458400,2026-09-05T01:17:07Z
2017-11-03,VWO,44.619999,11810400,2026-09-05T01:17:07Z
2017-11-06,BIL,45.720001,95200,2026-09-05T01:17:07Z
2017-11-06,DBC,16.530001,7479300,2026-09-05T01:17:07Z
2017-11-06,IEF,106.500000,858400,2026-09-05T01:17:07Z
2017-11-06,IWM,148.779999,15576800,2026-09-05T01:17:07Z
2017-11-06,SPY,258.850006,49652600,2026-09-05T01:17:07Z
2017-11-06,TIP,114.139999,944600,2026-09-05T01:17:07Z
2017-11-06,TLT,126.110001,6246700,2026-09-05T01:17:07Z
2017-11-06,VEA,44.410000,6684900,2026-09-05T01:17:07Z
2017-11-06,VNQ,83.650002,3156300,2026-09-05T01:17:07Z
2017-11-06,VWO,45.049999,11000700,2026-09-05T01:17:07Z
2017-11-07,BIL,45.720001,89950,2026-09-05T01:17:07Z
2017-11-07,DBC,16.430000,5736700,2026-09-05T01:17:07Z
2017-11-07,IEF,106.540001,734800,2026-09-05T01:17:07Z
2017-11-07,IWM,147.000000,29549300,2026-09-05T01:17:07Z
2017-11-07,SPY,258.670013,57502200,2026-09-05T01:17:07Z
2017-11-07,TIP,114.300003,1139800,2026-09-05T01:17:07Z
2017-11-07,TLT,126.639999,6422700,2026-09-05T01:17:07Z
2017-11-07,VEA,44.259998,7343500,2026-09-05T01:17:07Z
2017-11-07,VNQ,84.330002,3992500,2026-09-05T01:17:07Z
2017-11-07,VWO,44.770000,9439500,2026-09-05T01:17:07Z
2017-11-08,BIL,45.720001,238750,2026-09-05T01:17:07Z
2017-11-08,DBC,16.400000,1670700,2026-09-05T01:17:07Z
2017-11-08,IEF,106.410004,947800,2026-09-05T01:17:07Z
2017-11-08,IWM,147.199997,30682500,2026-09-05T01:17:07Z
2017-11-08,SPY,259.109985,50469600,2026-09-05T01:17:07Z
2017-11-08,TIP,114.230003,929800,2026-09-05T01:17:07Z
2017-11-08,TLT,126.360001,3356200,2026-09-05T01:17:07Z
2017-11-08,VEA,44.450001,4444500,2026-09-05T01:17:07Z
2017-11-08,VNQ,84.750000,2058200,2026-09-05T01:17:07Z
2017-11-08,VWO,44.930000,8138100,2026-09-05T01:17:07Z
2017-11-09,BIL,45.709999,518050,2026-09-05T01:17:07Z
2017-11-09,DBC,16.430000,1459500,2026-09-05T01:17:07Z
2017-11-09,IEF,106.370003,925900,2026-09-05T01:17:07Z
2017-11-09,IWM,146.679993,40144400,2026-09-05T01:17:07Z
2017-11-09,SPY,258.170013,95085500,2026-09-05T01:17:07Z
2017-11-09,TIP,114.209999,799700,2026-09-05T01:17:07Z
2017-11-09,TLT,126.000000,6280400,2026-09-05T01:17:07Z
2017-11-09,VEA,44.150002,13268200,2026-09-05T01:17:07Z
2017-11-09,VNQ,84.839996,3856400,2026-09-05T01:17:07Z
2017-11-09,VWO,44.759998,11793000,2026-09-05T01:17:07Z
2017-11-10,BIL,45.720001,278000,2026-09-05T01:17:07Z
2017-11-10,DBC,16.400000,1740600,2026-09-05T01:17:07Z
2017-11-10,IEF,105.830002,1862000,2026-09-05T01:17:07Z
2017-11-10,IWM,146.570007,17823700,2026-09-05T01:17:07Z
2017-11-10,SPY,258.089996,59984700,2026-09-05T01:17:07Z
2017-11-10,TIP,113.709999,715300,2026-09-05T01:17:07Z
2017-11-10,TLT,124.099998,11981000,2026-09-05T01:17:07Z
2017-11-10,VEA,44.040001,5202800,2026-09-05T01:17:07Z
2017-11-10,VNQ,84.930000,3657400,2026-09-05T01:17:07Z
2017-11-10,VWO,44.590000,7360200,2026-09-05T01:17:07Z
2017-11-13,BIL,45.720001,229800,2026-09-05T01:17:07Z
2017-11-13,DBC,16.350000,1918500,2026-09-05T01:17:07Z
2017-11-13,IEF,105.779999,868300,2026-09-05T01:17:07Z
2017-11-13,IWM,146.610001,14680000,2026-09-05T01:17:07Z
2017-11-13,SPY,258.329987,50228600,2026-09-05T01:17:07Z
2017-11-13,TIP,113.699997,590200,2026-09-05T01:17:07Z
2017-11-13,TLT,124.360001,5880800,2026-09-05T01:17:07Z
2017-11-13,VEA,43.869999,6368500,2026-09-05T01:17:07Z
2017-11-13,VNQ,85.360001,3487200,2026-09-05T01:17:07Z
2017-11-13,VWO,44.500000,9159700,2026-09-05T01:17:07Z
2017-11-14,BIL,45.720001,119450,2026-09-05T01:17:07Z
2017-11-14,DBC,16.129999,2498800,2026-09-05T01:17:07Z
2017-11-14,IEF,105.930000,1629200,2026-09-05T01:17:07Z
2017-11-14,IWM,146.210007,19682200,2026-09-05T01:17:07Z
2017-11-14,SPY,257.730011,61315200,2026-09-05T01:17:07Z
2017-11-14,TIP,113.839996,593400,2026-09-05T01:17:07Z
2017-11-14,TLT,125.199997,6195900,2026-09-05T01:17:07Z
2017-11-14,VEA,43.830002,15887300,2026-09-05T01:17:07Z
2017-11-14,VNQ,85.180000,4039200,2026-09-05T01:17:07Z
2017-11-14,VWO,44.200001,10146000,2026-09-05T01:17:07Z
2017-11-15,BIL,45.720001,278750,2026-09-05T01:17:07Z
2017-11-15,DBC,16.110001,1621100,2026-09-05T01:17:07Z
2017-11-15,IEF,106.309998,1933100,2026-09-05T01:17:07Z
2017-11-15,IWM,145.630005,23925200,2026-09-05T01:17:07Z
2017-11-15,SPY,256.440002,80811500,2026-09-05T01:17:07Z
2017-11-15,TIP,114.160004,1284400,2026-09-05T01:17:07Z
2017-11-15,TLT,126.559998,9568200,2026-09-05T01:17:07Z
2017-11-15,VEA,43.619999,5290300,2026-09-05T01:17:07Z
2017-11-15,VNQ,84.320000,5171100,2026-09-05T01:17:07Z
2017-11-15,VWO,43.840000,13328300,2026-09-05T01:17:07Z
2017-11-16,BIL,45.730000,232900,2026-09-05T01:17:07Z
2017-11-16,DBC,16.059999,1457700,2026-09-05T01:17:07Z
2017-11-16,IEF,106.040001,1749200,2026-09-05T01:17:07Z
2017-11-16,IWM,147.770004,25889000,2026-09-05T01:17:07Z
2017-11-16,SPY,258.619995,67777000,2026-09-05T01:17:07Z
2017-11-16,TIP,113.919998,921200,2026-09-05T01:17:07Z
2017-11-16,TLT,125.459999,5894900,2026-09-05T01:17:07Z
2017-11-16,VEA,44.040001,5634600,2026-09-05T01:17:07Z
2017-11-16,VNQ,85.019997,5137200,2026-09-05T01:17:07Z
2017-11-16,VWO,44.619999,8438400,2026-09-05T01:17:07Z
2017-11-17,BIL,45.720001,164550,2026-09-05T01:17:07Z
2017-11-17,DBC,16.320000,6369300,2026-09-05T01:17:07Z
2017-11-17,IEF,106.180000,941200,2026-09-05T01:17:07Z
2017-11-17,IWM,148.449997,25816700,2026-09-05T01:17:07Z
2017-11-17,SPY,257.859985,75756800,2026-09-05T01:17:07Z
2017-11-17,TIP,114.120003,731900,2026-09-05T01:17:07Z
2017-11-17,TLT,126.389999,6938800,2026-09-05T01:17:07Z
2017-11-17,VEA,43.869999,15984200,2026-09-05T01:17:07Z
2017-11-17,VNQ,84.650002,2782600,2026-09-05T01:17:07Z
2017-11-17,VWO,44.869999,12684600,2026-09-05T01:17:07Z
2017-11-20,BIL,45.730000,372450,2026-09-05T01:17:07Z
2017-11-20,DBC,16.190001,1627800,2026-09-05T01:17:07Z
2017-11-20,IEF,106.010002,1153400,2026-09-05T01:17:07Z
2017-11-20,IWM,149.529999,22793000,2026-09-05T01:17:07Z
2017-11-20,SPY,258.299988,48075500,2026-09-05T01:17:07Z
2017-11-20,TIP,113.949997,569200,2026-09-05T01:17:07Z
2017-11-20,TLT,126.339996,4232300,2026-09-05T01:17:07Z
2017-11-20,VEA,43.950001,4444100,2026-09-05T01:17:07Z
2017-11-20,VNQ,84.400002,3613800,2026-09-05T01:17:07Z
2017-11-20,VWO,45.060001,7485500,2026-09-05T01:17:07Z
2017-11-21,BIL,45.740002,259000,2026-09-05T01:17:07Z
2017-11-21,DBC,16.299999,1094100,2026-09-05T01:17:07Z
2017-11-21,IEF,106.029999,835600,2026-09-05T01:17:07Z
2017-11-21,IWM,151.089996,29392300,2026-09-05T01:17:07Z
2017-11-21,SPY,259.989990,69176800,2026-09-05T01:17:07Z
2017-11-21,TIP,113.940002,558300,2026-09-05T01:17:07Z
2017-11-21,TLT,126.739998,5818400,2026-09-05T01:17:07Z
2017-11-21,VEA,44.290001,6224700,2026-09-05T01:17:07Z
2017-11-21,VNQ,85.029999,3056900,2026-09-05T01:17:07Z
2017-11-21,VWO,45.619999,10976100,2026-09-05T01:17:07Z
2017-11-22,BIL,45.740002,153600,2026-09-05T01:17:07Z
2017-11-22,DBC,16.389999,1651300,2026-09-05T01:17:07Z
2017-11-22,IEF,106.370003,1657900,2026-09-05T01:17:07Z
2017-11-22,IWM,150.889999,14136600,2026-09-05T01:17:07Z
2017-11-22,SPY,259.760010,45033400,2026-09-05T01:17:07Z
2017-11-22,TIP,114.279999,581500,2026-09-05T01:17:07Z
2017-11-22,TLT,127.150002,4140700,2026-09-05T01:17:07Z
2017-11-22,VEA,44.439999,6459600,2026-09-05T01:17:07Z
2017-11-22,VNQ,84.839996,2347400,2026-09-05T01:17:07Z
2017-11-22,VWO,45.770000,7984200,2026-09-05T01:17:07Z
2017-11-24,BIL,45.730000,577050,2026-09-05T01:17:07Z
2017-11-24,DBC,16.440001,576200,2026-09-05T01:17:07Z
2017-11-24,IEF,106.279999,614400,2026-09-05T01:17:07Z
2017-11-24,IWM,150.949997,6816300,2026-09-05T01:17:07Z
2017-11-24,SPY,260.359985,27856500,2026-09-05T01:17:07Z
2017-11-24,TIP,114.139999,429600,2026-09-05T01:17:07Z
2017-11-24,TLT,126.800003,3141400,2026-09-05T01:17:07Z
2017-11-24,VEA,44.720001,2766800,2026-09-05T01:17:07Z
2017-11-24,VNQ,84.949997,1255000,2026-09-05T01:17:07Z
2017-11-24,VWO,45.599998,6938700,2026-09-05T01:17:07Z
2017-11-27,BIL,45.730000,373900,2026-09-05T01:17:07Z
2017-11-27,DBC,16.410000,1248900,2026-09-05T01:17:07Z
2017-11-27,IEF,106.349998,1927500,2026-09-05T01:17:07Z
2017-11-27,IWM,150.490005,18416900,2026-09-05T01:17:07Z
2017-11-27,SPY,260.230011,52274900,2026-09-05T01:17:07Z
2017-11-27,TIP,114.120003,2403500,2026-09-05T01:17:07Z
2017-11-27,TLT,126.620003,6079900,2026-09-05T01:17:07Z
2017-11-27,VEA,44.439999,5874700,2026-09-05T01:17:07Z
2017-11-27,VNQ,84.550003,2218000,2026-09-05T01:17:07Z
2017-11-27,VWO,45.130001,9797900,2026-09-05T01:17:07Z
2017-11-28,BIL,45.750000,244700,2026-09-05T01:17:07Z
2017-11-28,DBC,16.340000,3163600,2026-09-05T01:17:07Z
2017-11-28,IEF,106.370003,1388000,2026-09-05T01:17:07Z
2017-11-28,IWM,152.860001,35898300,2026-09-05T01:17:07Z
2017-11-28,SPY,262.869995,98971700,2026-09-05T01:17:07Z
2017-11-28,TIP,114.110001,743700,2026-09-05T01:17:07Z
2017-11-28,TLT,126.790001,5983000,2026-09-05T01:17:07Z
2017-11-28,VEA,44.660000,8238400,2026-09-05T01:17:07Z
2017-11-28,VNQ,84.230003,2946800,2026-09-05T01:17:07Z
2017-11-28,VWO,45.400002,12112400,2026-09-05T01:17:07Z
2017-11-29,BIL,45.740002,366300,2026-09-05T01:17:07Z
2017-11-29,DBC,16.230000,1814100,2026-09-05T01:17:07Z
2017-11-29,IEF,106.029999,3193600,2026-09-05T01:17:07Z
2017-11-29,IWM,153.369995,38234200,2026-09-05T01:17:07Z
2017-11-29,SPY,262.709991,77512100,2026-09-05T01:17:07Z
2017-11-29,TIP,113.800003,755100,2026-09-05T01:17:07Z
2017-11-29,TLT,125.540001,14547100,2026-09-05T01:17:07Z
2017-11-29,VEA,44.470001,6059800,2026-09-05T01:17:07Z
2017-11-29,VNQ,84.260002,4633900,2026-09-05T01:17:07Z
2017-11-29,VWO,44.770000,18533500,2026-09-05T01:17:07Z
2017-11-30,BIL,91.480003,288000,2026-09-05T01:17:07Z
2017-11-30,DBC,16.160000,1926400,2026-09-05T01:17:07Z
2017-11-30,IEF,105.699997,3306400,2026-09-05T01:17:07Z
2017-11-30,IWM,153.649994,32230700,2026-09-05T01:17:07Z
2017-11-30,SPY,265.010010,127894400,2026-09-05T01:17:07Z
2017-11-30,TIP,113.680000,1108600,2026-09-05T01:17:07Z
2017-11-30,TLT,125.120003,9630000,2026-09-05T01:17:07Z
2017-11-30,VEA,44.560001,10494700,2026-09-05T01:17:07Z
2017-11-30,VNQ,84.389999,4849800,2026-09-05T01:17:07Z
2017-11-30,VWO,44.480000,23875400,2026-09-05T01:17:07Z
2017-12-01,BIL,91.419998,283200,2026-09-05T01:17:07Z
2017-12-01,DBC,16.299999,6363500,2026-09-05T01:17:07Z
2017-12-01,IEF,105.930000,4341500,2026-09-05T01:17:07Z
2017-12-01,IWM,153.020004,62734800,2026-09-05T01:17:07Z
2017-12-01,SPY,264.459991,164390900,2026-09-05T01:17:07Z
2017-12-01,TIP,113.610001,3198300,2026-09-05T01:17:07Z
2017-12-01,TLT,126.550003,24583100,2026-09-05T01:17:07Z
2017-12-01,VEA,44.430000,12404600,2026-09-05T01:17:07Z
2017-12-01,VNQ,84.589996,4664700,2026-09-05T01:17:07Z
2017-12-01,VWO,44.049999,20960900,2026-09-05T01:17:07Z
2017-12-04,BIL,91.430000,142700,2026-09-05T01:17:07Z
2017-12-04,DBC,16.100000,1210300,2026-09-05T01:17:07Z
2017-12-04,IEF,105.879997,2356200,2026-09-05T01:17:07Z
2017-12-04,IWM,152.449997,36366800,2026-09-05T01:17:07Z
2017-12-04,SPY,264.140015,94040600,2026-09-05T01:17:07Z
2017-12-04,TIP,113.650002,1814100,2026-09-05T01:17:07Z
2017-12-04,TLT,126.610001,9609200,2026-09-05T01:17:07Z
2017-12-04,VEA,44.250000,9098100,2026-09-05T01:17:07Z
2017-12-04,VNQ,84.169998,4484100,2026-09-05T01:17:07Z
2017-12-04,VWO,44.200001,19045700,2026-09-05T01:17:07Z
2017-12-05,BIL,91.440002,532500,2026-09-05T01:17:07Z
2017-12-05,DBC,16.100000,858700,2026-09-05T01:17:07Z
2017-12-05,IEF,105.959999,1586000,2026-09-05T01:17:07Z
2017-12-05,IWM,150.929993,29667200,2026-09-05T01:17:07Z
2017-12-05,SPY,263.190002,77994500,2026-09-05T01:17:07Z
2017-12-05,TIP,113.769997,965500,2026-09-05T01:17:07Z
2017-12-05,TLT,127.239998,10958900,2026-09-05T01:17:07Z
2017-12-05,VEA,44.189999,8701000,2026-09-05T01:17:07Z
2017-12-05,VNQ,83.470001,4372600,2026-09-05T01:17:07Z
2017-12-05,VWO,44.130001,11648600,2026-09-05T01:17:07Z
2017-12-06,BIL,91.430000,544900,2026-09-05T01:17:07Z
2017-12-06,DBC,15.830000,1976500,2026-09-05T01:17:07Z
2017-12-06,IEF,106.180000,1459000,2026-09-05T01:17:07Z
2017-12-06,IWM,150.220001,21273800,2026-09-05T01:17:07Z
2017-12-06,SPY,263.239990,75898600,2026-09-05T01:17:07Z
2017-12-06,TIP,113.889999,646600,2026-09-05T01:17:07Z
2017-12-06,TLT,127.680000,11834200,2026-09-05T01:17:07Z
2017-12-06,VEA,43.990002,7545900,2026-09-05T01:17:07Z
2017-12-06,VNQ,83.389999,3967900,2026-09-05T01:17:07Z
2017-12-06,VWO,43.580002,14737000,2026-09-05T01:17:07Z
2017-12-07,BIL,91.440002,145100,2026-09-05T01:17:07Z
2017-12-07,DBC,15.880000,2405000,2026-09-05T01:17:07Z
2017-12-07,IEF,105.989998,1953400,2026-09-05T01:17:07Z
2017-12-07,IWM,151.270004,29675200,2026-09-05T01:17:07Z
2017-12-07,SPY,264.070007,77218600,2026-09-05T01:17:07Z
2017-12-07,TIP,113.739998,602700,2026-09-05T01:17:07Z
2017-12-07,TLT,126.680000,13056800,2026-09-05T01:17:07Z
2017-12-07,VEA,44.119999,7165700,2026-09-05T01:17:07Z
2017-12-07,VNQ,83.599998,4049100,2026-09-05T01:17:07Z
2017-12-07,VWO,43.639999,10283400,2026-09-05T01:17:07Z
2017-12-08,BIL,91.449997,196100,2026-09-05T01:17:07Z
2017-12-08,DBC,15.960000,1667400,2026-09-05T01:17:07Z
2017-12-08,IEF,105.910004,2519500,2026-09-05T01:17:07Z
2017-12-08,IWM,151.410004,20832400,2026-09-05T01:17:07Z
2017-12-08,SPY,265.510010,76563900,2026-09-05T01:17:07Z
2017-12-08,TIP,113.690002,1173000,2026-09-05T01:17:07Z
2017-12-08,TLT,126.690002,4786100,2026-09-05T01:17:07Z
2017-12-08,VEA,44.369999,5064100,2026-09-05T01:17:07Z
2017-12-08,VNQ,84.029999,3448600,2026-09-05T01:17:07Z
2017-12-08,VWO,44.139999,7498000,2026-09-05T01:17:07Z
2017-12-11,BIL,91.440002,138900,2026-09-05T01:17:07Z
2017-12-11,DBC,16.000000,1083500,2026-09-05T01:17:07Z
2017-12-11,IEF,105.839996,702200,2026-09-05T01:17:07Z
2017-12-11,IWM,151.350006,26654100,2026-09-05T01:17:07Z
2017-12-11,SPY,266.309998,83077500,2026-09-05T01:17:07Z
2017-12-11,TIP,113.599998,728100,2026-09-05T01:17:07Z
2017-12-11,TLT,126.430000,3863800,2026-09-05T01:17:07Z
2017-12-11,VEA,44.459999,5710800,2026-09-05T01:17:07Z
2017-12-11,VNQ,84.019997,5326200,2026-09-05T01:17:07Z
2017-12-11,VWO,44.430000,9189700,2026-09-05T01:17:07Z
2017-12-12,BIL,91.449997,184900,2026-09-05T01:17:07Z
2017-12-12,DBC,15.860000,918500,2026-09-05T01:17:07Z
2017-12-12,IEF,105.750000,2557500,2026-09-05T01:17:07Z
2017-12-12,IWM,150.880005,25854800,2026-09-05T01:17:07Z
2017-12-12,SPY,266.779999,85195800,2026-09-05T01:17:07Z
2017-12-12,TIP,113.690002,792400,2026-09-05T01:17:07Z
2017-12-12,TLT,126.379997,7502400,2026-09-05T01:17:07Z
2017-12-12,VEA,44.490002,6777900,2026-09-05T01:17:07Z
2017-12-12,VNQ,84.430000,4732000,2026-09-05T01:17:07Z
2017-12-12,VWO,44.110001,8005000,2026-09-05T01:17:07Z
2017-12-13,BIL,91.440002,375100,2026-09-05T01:17:07Z
2017-12-13,DBC,15.790000,2441600,2026-09-05T01:17:07Z
2017-12-13,IEF,106.180000,1477800,2026-09-05T01:17:07Z
2017-12-13,IWM,151.779999,30082600,2026-09-05T01:17:07Z
2017-12-13,SPY,266.750000,102905400,2026-09-05T01:17:07Z
2017-12-13,TIP,113.889999,961300,2026-09-05T01:17:07Z
2017-12-13,TLT,127.330002,8532900,2026-09-05T01:17:07Z
2017-12-13,VEA,44.680000,6202800,2026-09-05T01:17:07Z
2017-12-13,VNQ,84.570000,3887100,2026-09-05T01:17:07Z
2017-12-13,VWO,44.590000,9287200,2026-09-05T01:17:07Z
2017-12-14,BIL,91.449997,143000,2026-09-05T01:17:07Z
2017-12-14,DBC,15.840000,2278800,2026-09-05T01:17:07Z
2017-12-14,IEF,106.139999,982100,2026-09-05T01:17:07Z
2017-12-14,IWM,150.100006,32882600,2026-09-05T01:17:07Z
2017-12-14,SPY,265.660004,100666700,2026-09-05T01:17:07Z
2017-12-14,TIP,113.889999,1072200,2026-09-05T01:17:07Z
2017-12-14,TLT,127.870003,6885000,2026-09-05T01:17:07Z
2017-12-14,VEA,44.470001,6137800,2026-09-05T01:17:07Z
2017-12-14,VNQ,84.550003,4901000,2026-09-05T01:17:07Z
2017-12-14,VWO,44.310001,8231000,2026-09-05T01:17:07Z
2017-12-15,BIL,91.459999,389600,2026-09-05T01:17:07Z
2017-12-15,DBC,15.840000,1953200,2026-09-05T01:17:07Z
2017-12-15,IEF,106.120003,1845200,2026-09-05T01:17:07Z
2017-12-15,IWM,152.240005,42851600,2026-09-05T01:17:07Z
2017-12-15,SPY,266.510010,144610300,2026-09-05T01:17:07Z
2017-12-15,TIP,113.889999,1892500,2026-09-05T01:17:07Z
2017-12-15,TLT,128.350006,7239400,2026-09-05T01:17:07Z
2017-12-15,VEA,44.439999,10562900,2026-09-05T01:17:07Z
2017-12-15,VNQ,85.080002,4909500,2026-09-05T01:17:07Z
2017-12-15,VWO,44.430000,12428100,2026-09-05T01:17:07Z
2017-12-18,BIL,91.470001,288500,2026-09-05T01:17:07Z
2017-12-18,DBC,15.910000,1587300,2026-09-05T01:17:07Z
2017-12-18,IEF,105.879997,1610300,2026-09-05T01:17:07Z
2017-12-18,IWM,154.300003,22714300,2026-09-05T01:17:07Z
2017-12-18,SPY,268.200012,83653600,2026-09-05T01:17:07Z
2017-12-18,TIP,113.690002,660800,2026-09-05T01:17:07Z
2017-12-18,TLT,127.180000,7239700,2026-09-05T01:17:07Z
2017-12-18,VEA,44.939999,8428900,2026-09-05T01:17:07Z
2017-12-18,VNQ,85.639999,5169400,2026-09-05T01:17:07Z
2017-12-18,VWO,44.889999,10117200,2026-09-05T01:17:07Z
2017-12-19,BIL,91.389999,287600,2026-09-05T01:17:07Z
2017-12-19,DBC,16.030001,1575000,2026-09-05T01:17:07Z
2017-12-19,IEF,105.400002,4535100,2026-09-05T01:17:07Z
2017-12-19,IWM,153.080002,24313600,2026-09-05T01:17:07Z
2017-12-19,SPY,267.170013,82382900,2026-09-05T01:17:07Z
2017-12-19,TIP,113.349998,941200,2026-09-05T01:17:07Z
2017-12-19,TLT,125.529999,11045800,2026-09-05T01:17:07Z
2017-12-19,VEA,44.799999,7037600,2026-09-05T01:17:07Z
2017-12-19,VNQ,83.820000,5259200,2026-09-05T01:17:07Z
2017-12-19,VWO,44.770000,9252300,2026-09-05T01:17:07Z
2017-12-20,BIL,91.389999,614200,2026-09-05T01:17:07Z
2017-12-20,DBC,16.120001,1741300,2026-09-05T01:17:07Z
2017-12-20,IEF,105.089996,3027000,2026-09-05T01:17:07Z
2017-12-20,IWM,153.380005,19042800,2026-09-05T01:17:07Z
2017-12-20,SPY,267.029999,76751500,2026-09-05T01:17:07Z
2017-12-20,TIP,112.970001,749700,2026-09-05T01:17:07Z
2017-12-20,TLT,124.139999,10005800,2026-09-05T01:17:07Z
2017-12-20,VEA,44.770000,6628800,2026-09-05T01:17:07Z
2017-12-20,VNQ,82.849998,7831900,2026-09-05T01:17:07Z
2017-12-20,VWO,44.830002,11610100,2026-09-05T01:17:07Z
2017-12-21,BIL,91.389999,233500,2026-09-05T01:17:07Z
2017-12-21,DBC,16.129999,3497500,2026-09-05T01:17:07Z
2017-12-21,IEF,105.000000,2098800,2026-09-05T01:17:07Z
2017-12-21,IWM,153.470001,16772600,2026-09-05T01:17:07Z
2017-12-21,SPY,267.579987,67032300,2026-09-05T01:17:07Z
2017-12-21,TIP,113.110001,1139000,2026-09-05T01:17:07Z
2017-12-21,TLT,124.599998,7026900,2026-09-05T01:17:07Z
2017-12-21,VEA,44.480000,6751600,2026-09-05T01:17:07Z
2017-12-21,VNQ,81.269997,4701300,2026-09-05T01:17:07Z
2017-12-21,VWO,45.060001,7505900,2026-09-05T01:17:07Z
2017-12-22,BIL,91.410004,1997600,2026-09-05T01:17:07Z
2017-12-22,DBC,16.200001,3404600,2026-09-05T01:17:07Z
2017-12-22,IEF,105.040001,696900,2026-09-05T01:17:07Z
2017-12-22,IWM,153.190002,13599400,2026-09-05T01:17:07Z
2017-12-22,SPY,267.510010,78720900,2026-09-05T01:17:07Z
2017-12-22,TIP,113.180000,690700,2026-09-05T01:17:07Z
2017-12-22,TLT,124.769997,3974300,2026-09-05T01:17:07Z
2017-12-22,VEA,44.590000,6891300,2026-09-05T01:17:07Z
2017-12-22,VNQ,81.830002,6484400,2026-09-05T01:17:07Z
2017-12-22,VWO,45.430000,11845800,2026-09-05T01:17:07Z
2017-12-26,BIL,91.400002,498300,2026-09-05T01:17:07Z
2017-12-26,DBC,16.440001,1793800,2026-09-05T01:17:07Z
2017-12-26,IEF,105.080002,2584800,2026-09-05T01:17:07Z
2017-12-26,IWM,153.279999,11949600,2026-09-05T01:17:07Z
2017-12-26,SPY,267.190002,45244400,2026-09-05T01:17:07Z
2017-12-26,TIP,113.279999,648200,2026-09-05T01:17:07Z
2017-12-26,TLT,125.139999,3168400,2026-09-05T01:17:07Z
2017-12-26,VEA,44.599998,5914900,2026-09-05T01:17:07Z
2017-12-26,VNQ,82.239998,2874500,2026-09-05T01:17:07Z
2017-12-26,VWO,45.480000,6154300,2026-09-05T01:17:07Z
2017-12-27,BIL,91.419998,320100,2026-09-05T01:17:07Z
2017-12-27,DBC,16.480000,6071600,2026-09-05T01:17:07Z
2017-12-27,IEF,105.529999,2291500,2026-09-05T01:17:07Z
2017-12-27,IWM,153.130005,15949900,2026-09-05T01:17:07Z
2017-12-27,SPY,267.320007,57751000,2026-09-05T01:17:07Z
2017-12-27,TIP,113.750000,827600,2026-09-05T01:17:07Z
2017-12-27,TLT,126.769997,9059700,2026-09-05T01:17:07Z
2017-12-27,VEA,44.709999,15495000,2026-09-05T01:17:07Z
2017-12-27,VNQ,82.510002,4341500,2026-09-05T01:17:07Z
2017-12-27,VWO,45.470001,9021600,2026-09-05T01:17:07Z
2017-12-28,BIL,91.419998,366100,2026-09-05T01:17:07Z
2017-12-28,DBC,16.559999,1933800,2026-09-05T01:17:07Z
2017-12-28,IEF,105.400002,1540500,2026-09-05T01:17:07Z
2017-12-28,IWM,153.729996,10167300,2026-09-05T01:17:07Z
2017-12-28,SPY,267.869995,45116100,2026-09-05T01:17:07Z
2017-12-28,TIP,113.790001,741800,2026-09-05T01:17:07Z
2017-12-28,TLT,126.660004,5297100,2026-09-05T01:17:07Z
2017-12-28,VEA,44.849998,5982900,2026-09-05T01:17:07Z
2017-12-28,VNQ,82.949997,3172900,2026-09-05T01:17:07Z
2017-12-28,VWO,45.689999,8106500,2026-09-05T01:17:07Z
2017-12-29,BIL,91.400002,414600,2026-09-05T01:17:07Z
2017-12-29,DBC,16.610001,1984300,2026-09-05T01:17:07Z
2017-12-29,IEF,105.570000,1849600,2026-09-05T01:17:07Z
2017-12-29,IWM,152.460007,21006500,2026-09-05T01:17:07Z
2017-12-29,SPY,266.859985,96007400,2026-09-05T01:17:07Z
2017-12-29,TIP,114.080002,963200,2026-09-05T01:17:07Z
2017-12-29,TLT,126.860001,7580500,2026-09-05T01:17:07Z
2017-12-29,VEA,44.860001,7046100,2026-09-05T01:17:07Z
2017-12-29,VNQ,82.980003,2957300,2026-09-05T01:17:07Z
2017-12-29,VWO,45.910000,10462900,2026-09-05T01:17:07Z
