date,symbol,close,volume,fetched_at
2025-01-02,BIL,91.449997,10756900,2026-09-05T01:17:07Z
2025-01-02,DBC,21.590000,1027300,2026-09-05T01:17:07Z
2025-01-02,IEF,92.500000,5034800,2026-09-05T01:17:07Z
2025-01-02,IWM,221.139999,29363000,2026-09-05T01:17:07Z
2025-01-02,SPY,584.640015,50204000,2026-09-05T01:17:07Z
2025-01-02,TIP,106.709999,3753600,2026-09-05T01:17:07Z
2025-01-02,TLT,87.570000,27841300,2026-09-05T01:17:07Z
2025-01-02,VEA,47.720001,13721300,2026-09-05T01:17:07Z
2025-01-02,VNQ,88.290001,5296100,2026-09-05T01:17:07Z
2025-01-02,VWO,43.919998,9015000,2026-09-05T01:17:07Z
2025-01-03,BIL,91.459999,7837900,2026-09-05T01:17:07Z
2025-01-03,DBC,21.480000,760000,2026-09-05T01:17:07Z
2025-01-03,IEF,92.349998,2863700,2026-09-05T01:17:07Z
2025-01-03,IWM,224.429993,24525300,2026-09-05T01:17:07Z
2025-01-03,SPY,591.950012,37888500,2026-09-05T01:17:07Z
2025-01-03,TIP,106.489998,2283800,2026-09-05T01:17:07Z
2025-01-03,TLT,87.290001,21962200,2026-09-05T01:17:07Z
2025-01-03,VEA,48.000000,13622400,2026-09-05T01:17:07Z
2025-01-03,VNQ,89.449997,3469900,2026-09-05T01:17:07Z
2025-01-03,VWO,44.139999,7090300,2026-09-05T01:17:07Z
2025-01-06,BIL,91.470001,7827100,2026-09-05T01:17:07Z
2025-01-06,DBC,21.520000,678700,2026-09-05T01:17:07Z
2025-01-06,IEF,92.260002,3894600,2026-09-05T01:17:07Z
2025-01-06,IWM,224.520004,23541900,2026-09-05T01:17:07Z
2025-01-06,SPY,595.359985,47679400,2026-09-05T01:17:07Z
2025-01-06,TIP,106.489998,4278000,2026-09-05T01:17:07Z
2025-01-06,TLT,86.900002,30231500,2026-09-05T01:17:07Z
2025-01-06,VEA,48.470001,11852500,2026-09-05T01:17:07Z
2025-01-06,VNQ,88.300003,4206500,2026-09-05T01:17:07Z
2025-01-06,VWO,44.130001,14552900,2026-09-05T01:17:07Z
2025-01-07,BIL,91.489998,6956800,2026-09-05T01:17:07Z
2025-01-07,DBC,21.620001,787100,2026-09-05T01:17:07Z
2025-01-07,IEF,91.839996,5524400,2026-09-05T01:17:07Z
2025-01-07,IWM,222.720001,28835200,2026-09-05T01:17:07Z
2025-01-07,SPY,588.630005,60393100,2026-09-05T01:17:07Z
2025-01-07,TIP,106.320000,6720600,2026-09-05T01:17:07Z
2025-01-07,TLT,85.919998,41757200,2026-09-05T01:17:07Z
2025-01-07,VEA,48.310001,11744600,2026-09-05T01:17:07Z
2025-01-07,VNQ,87.459999,5679000,2026-09-05T01:17:07Z
2025-01-07,VWO,43.849998,9112700,2026-09-05T01:17:07Z
2025-01-08,BIL,91.510002,6673100,2026-09-05T01:17:07Z
2025-01-08,DBC,21.580000,425600,2026-09-05T01:17:07Z
2025-01-08,IEF,92.000000,6402900,2026-09-05T01:17:07Z
2025-01-08,IWM,221.710007,26795900,2026-09-05T01:17:07Z
2025-01-08,SPY,589.489990,47304700,2026-09-05T01:17:07Z
2025-01-08,TIP,106.599998,2661800,2026-09-05T01:17:07Z
2025-01-08,TLT,86.029999,44590800,2026-09-05T01:17:07Z
2025-01-08,VEA,48.250000,10278100,2026-09-05T01:17:07Z
2025-01-08,VNQ,87.690002,5250300,2026-09-05T01:17:07Z
2025-01-08,VWO,43.570000,7991900,2026-09-05T01:17:07Z
2025-01-10,BIL,91.540001,10112200,2026-09-05T01:17:07Z
2025-01-10,DBC,22.160000,1089400,2026-09-05T01:17:07Z
2025-01-10,IEF,91.330002,8210900,2026-09-05T01:17:07Z
2025-01-10,IWM,216.830002,37379400,2026-09-05T01:17:07Z
2025-01-10,SPY,580.489990,73105000,2026-09-05T01:17:07Z
2025-01-10,TIP,106.220001,4238600,2026-09-05T01:17:07Z
2025-01-10,TLT,85.459999,47115800,2026-09-05T01:17:07Z
2025-01-10,VEA,47.529999,14645500,2026-09-05T01:17:07Z
2025-01-10,VNQ,85.550003,10056500,2026-09-05T01:17:07Z
2025-01-10,VWO,42.810001,13572400,2026-09-05T01:17:07Z
2025-01-13,BIL,91.550003,7854400,2026-09-05T01:17:07Z
2025-01-13,DBC,22.320000,1281800,2026-09-05T01:17:07Z
2025-01-13,IEF,91.169998,5094300,2026-09-05T01:17:07Z
2025-01-13,IWM,217.250000,28603800,2026-09-05T01:17:07Z
2025-01-13,SPY,581.390015,47910100,2026-09-05T01:17:07Z
2025-01-13,TIP,106.220001,1671800,2026-09-05T01:17:07Z
2025-01-13,TLT,85.430000,33258900,2026-09-05T01:17:07Z
2025-01-13,VEA,47.400002,13679300,2026-09-05T01:17:07Z
2025-01-13,VNQ,86.599998,3740200,2026-09-05T01:17:07Z
2025-01-13,VWO,42.500000,8281800,2026-09-05T01:17:07Z
2025-01-14,BIL,91.570000,6078300,2026-09-05T01:17:07Z
2025-01-14,DBC,22.309999,476300,2026-09-05T01:17:07Z
2025-01-14,IEF,91.199997,4365500,2026-09-05T01:17:07Z
2025-01-14,IWM,219.720001,25447500,2026-09-05T01:17:07Z
2025-01-14,SPY,582.190002,48420600,2026-09-05T01:17:07Z
2025-01-14,TIP,106.260002,1100800,2026-09-05T01:17:07Z
2025-01-14,TLT,85.290001,33412900,2026-09-05T01:17:07Z
2025-01-14,VEA,47.580002,16618600,2026-09-05T01:17:07Z
2025-01-14,VNQ,87.389999,3829900,2026-09-05T01:17:07Z
2025-01-14,VWO,43.009998,20008000,2026-09-05T01:17:07Z
2025-01-15,BIL,91.580002,7253800,2026-09-05T01:17:07Z
2025-01-15,DBC,22.670000,936700,2026-09-05T01:17:07Z
2025-01-15,IEF,92.160004,7846600,2026-09-05T01:17:07Z
2025-01-15,IWM,224.039993,30124700,2026-09-05T01:17:07Z
2025-01-15,SPY,592.780029,56900200,2026-09-05T01:17:07Z
2025-01-15,TIP,107.000000,2803400,2026-09-05T01:17:07Z
2025-01-15,TLT,86.760002,54120700,2026-09-05T01:17:07Z
2025-01-15,VEA,48.169998,9213400,2026-09-05T01:17:07Z
2025-01-15,VNQ,87.889999,3886700,2026-09-05T01:17:07Z
2025-01-15,VWO,43.459999,8989900,2026-09-05T01:17:07Z
2025-01-16,BIL,91.580002,6997800,2026-09-05T01:17:07Z
2025-01-16,DBC,22.570000,743300,2026-09-05T01:17:07Z
2025-01-16,IEF,92.379997,7550900,2026-09-05T01:17:07Z
2025-01-16,IWM,224.490005,21029800,2026-09-05T01:17:07Z
2025-01-16,SPY,591.640015,43319700,2026-09-05T01:17:07Z
2025-01-16,TIP,107.139999,2669400,2026-09-05T01:17:07Z
2025-01-16,TLT,87.040001,34651100,2026-09-05T01:17:07Z
2025-01-16,VEA,48.330002,20460100,2026-09-05T01:17:07Z
2025-01-16,VNQ,89.709999,4112800,2026-09-05T01:17:07Z
2025-01-16,VWO,43.439999,7984200,2026-09-05T01:17:07Z
2025-01-17,BIL,91.629997,7745500,2026-09-05T01:17:07Z
2025-01-17,DBC,22.469999,699600,2026-09-05T01:17:07Z
2025-01-17,IEF,92.449997,3912800,2026-09-05T01:17:07Z
2025-01-17,IWM,225.460007,26754900,2026-09-05T01:17:07Z
2025-01-17,SPY,597.580017,58070600,2026-09-05T01:17:07Z
2025-01-17,TIP,107.180000,1068100,2026-09-05T01:17:07Z
2025-01-17,TLT,87.190002,29875600,2026-09-05T01:17:07Z
2025-01-17,VEA,48.570000,8939500,2026-09-05T01:17:07Z
2025-01-17,VNQ,89.650002,3672400,2026-09-05T01:17:07Z
2025-01-17,VWO,43.799999,7930500,2026-09-05T01:17:07Z
2025-01-21,BIL,91.629997,10266200,2026-09-05T01:17:07Z
2025-01-21,DBC,22.360001,661300,2026-09-05T01:17:07Z
2025-01-21,IEF,92.760002,4431300,2026-09-05T01:17:07Z
2025-01-21,IWM,229.789993,26086300,2026-09-05T01:17:07Z
2025-01-21,SPY,603.049988,42532900,2026-09-05T01:17:07Z
2025-01-21,TIP,107.260002,2552600,2026-09-05T01:17:07Z
2025-01-21,TLT,87.970001,30548600,2026-09-05T01:17:07Z
2025-01-21,VEA,49.509998,17207900,2026-09-05T01:17:07Z
2025-01-21,VNQ,91.330002,3634900,2026-09-05T01:17:07Z
2025-01-21,VWO,44.209999,8541700,2026-09-05T01:17:07Z
2025-01-22,BIL,91.650002,6019200,2026-09-05T01:17:07Z
2025-01-22,DBC,22.340000,686100,2026-09-05T01:17:07Z
2025-01-22,IEF,92.519997,3656400,2026-09-05T01:17:07Z
2025-01-22,IWM,228.289993,21307300,2026-09-05T01:17:07Z
2025-01-22,SPY,606.440002,48196000,2026-09-05T01:17:07Z
2025-01-22,TIP,107.139999,1549800,2026-09-05T01:17:07Z
2025-01-22,TLT,87.510002,25278400,2026-09-05T01:17:07Z
2025-01-22,VEA,49.400002,7315700,2026-09-05T01:17:07Z
2025-01-22,VNQ,89.739998,2966300,2026-09-05T01:17:07Z
2025-01-22,VWO,44.169998,8276000,2026-09-05T01:17:07Z
2025-01-23,BIL,91.650002,6561500,2026-09-05T01:17:07Z
2025-01-23,DBC,22.260000,920300,2026-09-05T01:17:07Z
2025-01-23,IEF,92.279999,4860900,2026-09-05T01:17:07Z
2025-01-23,IWM,229.330002,20850700,2026-09-05T01:17:07Z
2025-01-23,SPY,609.750000,41152100,2026-09-05T01:17:07Z
2025-01-23,TIP,107.239998,2548900,2026-09-05T01:17:07Z
2025-01-23,TLT,86.830002,31949000,2026-09-05T01:17:07Z
2025-01-23,VEA,49.740002,9509900,2026-09-05T01:17:07Z
2025-01-23,VNQ,90.400002,2706900,2026-09-05T01:17:07Z
2025-01-23,VWO,44.340000,5612200,2026-09-05T01:17:07Z
2025-01-24,BIL,91.690002,7242200,2026-09-05T01:17:07Z
2025-01-24,DBC,22.270000,532200,2026-09-05T01:17:07Z
2025-01-24,IEF,92.470001,4468700,2026-09-05T01:17:07Z
2025-01-24,IWM,228.690002,19074500,2026-09-05T01:17:07Z
2025-01-24,SPY,607.969971,34604700,2026-09-05T01:17:07Z
2025-01-24,TIP,107.430000,1654800,2026-09-05T01:17:07Z
2025-01-24,TLT,87.220001,21110400,2026-09-05T01:17:07Z
2025-01-24,VEA,50.020000,8032400,2026-09-05T01:17:07Z
2025-01-24,VNQ,90.709999,3267300,2026-09-05T01:17:07Z
2025-01-24,VWO,44.580002,5863400,2026-09-05T01:17:07Z
2025-01-27,BIL,91.699997,7909600,2026-09-05T01:17:07Z
2025-01-27,DBC,21.930000,957900,2026-09-05T01:17:07Z
2025-01-27,IEF,93.070000,4297100,2026-09-05T01:17:07Z
2025-01-27,IWM,226.500000,27461700,2026-09-05T01:17:07Z
2025-01-27,SPY,599.369995,70361100,2026-09-05T01:17:07Z
2025-01-27,TIP,107.879997,3059000,2026-09-05T01:17:07Z
2025-01-27,TLT,88.250000,42864200,2026-09-05T01:17:07Z
2025-01-27,VEA,49.930000,17764500,2026-09-05T01:17:07Z
2025-01-27,VNQ,91.919998,4107700,2026-09-05T01:17:07Z
2025-01-27,VWO,43.860001,8042500,2026-09-05T01:17:07Z
2025-01-28,BIL,91.699997,6485500,2026-09-05T01:17:07Z
2025-01-28,DBC,21.950001,414700,2026-09-05T01:17:07Z
2025-01-28,IEF,93.080002,3906600,2026-09-05T01:17:07Z
2025-01-28,IWM,226.750000,16847400,2026-09-05T01:17:07Z
2025-01-28,SPY,604.520020,44433300,2026-09-05T01:17:07Z
2025-01-28,TIP,107.949997,1363400,2026-09-05T01:17:07Z
2025-01-28,TLT,88.190002,25519100,2026-09-05T01:17:07Z
2025-01-28,VEA,49.880001,8915200,2026-09-05T01:17:07Z
2025-01-28,VNQ,90.809998,2373800,2026-09-05T01:17:07Z
2025-01-28,VWO,44.110001,6716500,2026-09-05T01:17:07Z
2025-01-29,BIL,91.709999,5688800,2026-09-05T01:17:07Z
2025-01-29,DBC,21.990000,1188300,2026-09-05T01:17:07Z
2025-01-29,IEF,92.970001,4918400,2026-09-05T01:17:07Z
2025-01-29,IWM,226.229996,20280500,2026-09-05T01:17:07Z
2025-01-29,SPY,601.809998,37177400,2026-09-05T01:17:07Z
2025-01-29,TIP,107.820000,941400,2026-09-05T01:17:07Z
2025-01-29,TLT,88.010002,25342800,2026-09-05T01:17:07Z
2025-01-29,VEA,49.880001,9510800,2026-09-05T01:17:07Z
2025-01-29,VNQ,89.610001,2820000,2026-09-05T01:17:07Z
2025-01-29,VWO,44.139999,8798900,2026-09-05T01:17:07Z
2025-01-30,BIL,91.720001,7369900,2026-09-05T01:17:07Z
2025-01-30,DBC,22.010000,862300,2026-09-05T01:17:07Z
2025-01-30,IEF,93.169998,4365600,2026-09-05T01:17:07Z
2025-01-30,IWM,228.529999,25575100,2026-09-05T01:17:07Z
2025-01-30,SPY,605.039978,39281300,2026-09-05T01:17:07Z
2025-01-30,TIP,107.930000,1530500,2026-09-05T01:17:07Z
2025-01-30,TLT,88.339996,25094900,2026-09-05T01:17:07Z
2025-01-30,VEA,50.419998,12208500,2026-09-05T01:17:07Z
2025-01-30,VNQ,90.750000,3485100,2026-09-05T01:17:07Z
2025-01-30,VWO,44.820000,7179100,2026-09-05T01:17:07Z
2025-01-31,BIL,91.750000,13634400,2026-09-05T01:17:07Z
2025-01-31,DBC,21.969999,1622200,2026-09-05T01:17:07Z
2025-01-31,IEF,93.019997,6277400,2026-09-05T01:17:07Z
2025-01-31,IWM,226.479996,35330700,2026-09-05T01:17:07Z
2025-01-31,SPY,601.820007,66566900,2026-09-05T01:17:07Z
2025-01-31,TIP,108.010002,2848200,2026-09-05T01:17:07Z
2025-01-31,TLT,87.760002,48790100,2026-09-05T01:17:07Z
2025-01-31,VEA,49.939999,14215900,2026-09-05T01:17:07Z
2025-01-31,VNQ,90.550003,2566200,2026-09-05T01:17:07Z
2025-01-31,VWO,44.400002,9874200,2026-09-05T01:17:07Z
2025-02-03,BIL,91.449997,17508900,2026-09-05T01:17:07Z
2025-02-03,DBC,22.139999,1027100,2026-09-05T01:17:07Z
2025-02-03,IEF,92.790001,8294000,2026-09-05T01:17:07Z
2025-02-03,IWM,223.830002,34023300,2026-09-05T01:17:07Z
2025-02-03,SPY,597.770020,65857200,2026-09-05T01:17:07Z
2025-02-03,TIP,108.260002,5060500,2026-09-05T01:17:07Z
2025-02-03,TLT,88.160004,70657200,2026-09-05T01:17:07Z
2025-02-03,VEA,49.320000,14542000,2026-09-05T01:17:07Z
2025-02-03,VNQ,90.360001,5187600,2026-09-05T01:17:07Z
2025-02-03,VWO,44.139999,14712300,2026-09-05T01:17:07Z
2025-02-04,BIL,91.449997,9295900,2026-09-05T01:17:07Z
2025-02-04,DBC,22.200001,1188200,2026-09-05T01:17:07Z
2025-02-04,IEF,93.019997,6742300,2026-09-05T01:17:07Z
2025-02-04,IWM,226.929993,17985500,2026-09-05T01:17:07Z
2025-02-04,SPY,601.780029,33457800,2026-09-05T01:17:07Z
2025-02-04,TIP,108.440002,3018800,2026-09-05T01:17:07Z
2025-02-04,TLT,88.430000,33414000,2026-09-05T01:17:07Z
2025-02-04,VEA,49.919998,8354100,2026-09-05T01:17:07Z
2025-02-04,VNQ,90.430000,3371500,2026-09-05T01:17:07Z
2025-02-04,VWO,44.849998,5600900,2026-09-05T01:17:07Z
2025-02-05,BIL,91.459999,6249600,2026-09-05T01:17:07Z
2025-02-05,DBC,22.059999,629800,2026-09-05T01:17:07Z
2025-02-05,IEF,93.559998,6576300,2026-09-05T01:17:07Z
2025-02-05,IWM,229.399994,15197300,2026-09-05T01:17:07Z
2025-02-05,SPY,604.219971,30653100,2026-09-05T01:17:07Z
2025-02-05,TIP,108.919998,2186500,2026-09-05T01:17:07Z
2025-02-05,TLT,89.889999,48331200,2026-09-05T01:17:07Z
2025-02-05,VEA,50.400002,11821800,2026-09-05T01:17:07Z
2025-02-05,VNQ,91.699997,3310400,2026-09-05T01:17:07Z
2025-02-05,VWO,44.650002,5502100,2026-09-05T01:17:07Z
2025-02-06,BIL,91.480003,8308300,2026-09-05T01:17:07Z
2025-02-06,DBC,22.070000,1111400,2026-09-05T01:17:07Z
2025-02-06,IEF,93.449997,5268500,2026-09-05T01:17:07Z
2025-02-06,IWM,228.649994,18809400,2026-09-05T01:17:07Z
2025-02-06,SPY,606.320007,35771500,2026-09-05T01:17:07Z
2025-02-06,TIP,108.730003,1366000,2026-09-05T01:17:07Z
2025-02-06,TLT,89.849998,22509900,2026-09-05T01:17:07Z
2025-02-06,VEA,50.610001,9964500,2026-09-05T01:17:07Z
2025-02-06,VNQ,91.930000,3468600,2026-09-05T01:17:07Z
2025-02-06,VWO,44.860001,6457500,2026-09-05T01:17:07Z
2025-02-07,BIL,91.500000,6391100,2026-09-05T01:17:07Z
2025-02-07,DBC,22.080000,562700,2026-09-05T01:17:07Z
2025-02-07,IEF,93.139999,4565300,2026-09-05T01:17:07Z
2025-02-07,IWM,226.000000,28914400,2026-09-05T01:17:07Z
2025-02-07,SPY,600.770020,50788500,2026-09-05T01:17:07Z
2025-02-07,TIP,108.440002,3189500,2026-09-05T01:17:07Z
2025-02-07,TLT,89.269997,31171200,2026-09-05T01:17:07Z
2025-02-07,VEA,50.209999,13414400,2026-09-05T01:17:07Z
2025-02-07,VNQ,91.629997,2516200,2026-09-05T01:17:07Z
2025-02-07,VWO,44.880001,8334900,2026-09-05T01:17:07Z
2025-02-10,BIL,91.510002,5466500,2026-09-05T01:17:07Z
2025-02-10,DBC,22.400000,1099800,2026-09-05T01:17:07Z
2025-02-10,IEF,93.120003,3229100,2026-09-05T01:17:07Z
2025-02-10,IWM,227.020004,14574700,2026-09-05T01:17:07Z
2025-02-10,SPY,604.849976,26048700,2026-09-05T01:17:07Z
2025-02-10,TIP,108.489998,1028500,2026-09-05T01:17:07Z
2025-02-10,TLT,89.000000,22736100,2026-09-05T01:17:07Z
2025-02-10,VEA,50.529999,7178100,2026-09-05T01:17:07Z
2025-02-10,VNQ,91.589996,2195400,2026-09-05T01:17:07Z
2025-02-10,VWO,45.330002,4835700,2026-09-05T01:17:07Z
2025-02-11,BIL,91.519997,6959400,2026-09-05T01:17:07Z
2025-02-11,DBC,22.570000,693700,2026-09-05T01:17:07Z
2025-02-11,IEF,92.879997,3379500,2026-09-05T01:17:07Z
2025-02-11,IWM,225.699997,18215700,2026-09-05T01:17:07Z
2025-02-11,SPY,605.309998,30056700,2026-09-05T01:17:07Z
2025-02-11,TIP,108.459999,1493200,2026-09-05T01:17:07Z
2025-02-11,TLT,88.430000,21513000,2026-09-05T01:17:07Z
2025-02-11,VEA,50.730000,7684800,2026-09-05T01:17:07Z
2025-02-11,VNQ,91.989998,2260000,2026-09-05T01:17:07Z
2025-02-11,VWO,45.139999,4066400,2026-09-05T01:17:07Z
2025-02-12,BIL,91.529999,6275700,2026-09-05T01:17:07Z
2025-02-12,DBC,22.320000,801600,2026-09-05T01:17:07Z
2025-02-12,IEF,92.239998,7280200,2026-09-05T01:17:07Z
2025-02-12,IWM,223.619995,25572800,2026-09-05T01:17:07Z
2025-02-12,SPY,603.359985,45076100,2026-09-05T01:17:07Z
2025-02-12,TIP,107.809998,1680900,2026-09-05T01:17:07Z
2025-02-12,TLT,87.230003,48536200,2026-09-05T01:17:07Z
2025-02-12,VEA,50.830002,10303500,2026-09-05T01:17:07Z
2025-02-12,VNQ,91.139999,4747200,2026-09-05T01:17:07Z
2025-02-12,VWO,45.360001,7962200,2026-09-05T01:17:07Z
2025-02-13,BIL,91.550003,6340500,2026-09-05T01:17:07Z
2025-02-13,DBC,22.430000,717100,2026-09-05T01:17:07Z
2025-02-13,IEF,92.930000,6121900,2026-09-05T01:17:07Z
2025-02-13,IWM,226.139999,21419400,2026-09-05T01:17:07Z
2025-02-13,SPY,609.729980,40921300,2026-09-05T01:17:07Z
2025-02-13,TIP,108.410004,1669600,2026-09-05T01:17:07Z
2025-02-13,TLT,88.680000,42718100,2026-09-05T01:17:07Z
2025-02-13,VEA,51.490002,10109000,2026-09-05T01:17:07Z
2025-02-13,VNQ,92.050003,3734300,2026-09-05T01:17:07Z
2025-02-13,VWO,45.599998,8905300,2026-09-05T01:17:07Z
2025-02-14,BIL,91.580002,6058900,2026-09-05T01:17:07Z
2025-02-14,DBC,22.440001,1174400,2026-09-05T01:17:07Z
2025-02-14,IEF,93.320000,5157900,2026-09-05T01:17:07Z
2025-02-14,IWM,225.970001,13574500,2026-09-05T01:17:07Z
2025-02-14,SPY,609.700012,26910400,2026-09-05T01:17:07Z
2025-02-14,TIP,108.610001,2046800,2026-09-05T01:17:07Z
2025-02-14,TLT,89.150002,27460700,2026-09-05T01:17:07Z
2025-02-14,VEA,51.509998,8277000,2026-09-05T01:17:07Z
2025-02-14,VNQ,91.629997,2344300,2026-09-05T01:17:07Z
2025-02-14,VWO,45.880001,5739800,2026-09-05T01:17:07Z
2025-02-18,BIL,91.599998,8777200,2026-09-05T01:17:07Z
2025-02-18,DBC,22.770000,877300,2026-09-05T01:17:07Z
2025-02-18,IEF,92.820000,4484100,2026-09-05T01:17:07Z
2025-02-18,IWM,227.210007,15166500,2026-09-05T01:17:07Z
2025-02-18,SPY,611.489990,26749000,2026-09-05T01:17:07Z
2025-02-18,TIP,108.260002,1330100,2026-09-05T01:17:07Z
2025-02-18,TLT,88.099998,29429200,2026-09-05T01:17:07Z
2025-02-18,VEA,51.860001,10253100,2026-09-05T01:17:07Z
2025-02-18,VNQ,92.040001,2500700,2026-09-05T01:17:07Z
2025-02-18,VWO,46.099998,7226900,2026-09-05T01:17:07Z
2025-02-19,BIL,91.610001,5685800,2026-09-05T01:17:07Z
2025-02-19,DBC,22.950001,787400,2026-09-05T01:17:07Z
2025-02-19,IEF,92.970001,4607000,2026-09-05T01:17:07Z
2025-02-19,IWM,226.429993,16194800,2026-09-05T01:17:07Z
2025-02-19,SPY,612.929993,31011100,2026-09-05T01:17:07Z
2025-02-19,TIP,108.480003,1030600,2026-09-05T01:17:07Z
2025-02-19,TLT,88.209999,20584300,2026-09-05T01:17:07Z
2025-02-19,VEA,51.410000,7659600,2026-09-05T01:17:07Z
2025-02-19,VNQ,92.110001,2339100,2026-09-05T01:17:07Z
2025-02-19,VWO,45.970001,4656800,2026-09-05T01:17:07Z
2025-02-20,BIL,91.629997,5454900,2026-09-05T01:17:07Z
2025-02-20,DBC,22.980000,666700,2026-09-05T01:17:07Z
2025-02-20,IEF,93.160004,7545400,2026-09-05T01:17:07Z
2025-02-20,IWM,224.259995,18507700,2026-09-05T01:17:07Z
2025-02-20,SPY,610.380005,36554000,2026-09-05T01:17:07Z
2025-02-20,TIP,108.699997,2129300,2026-09-05T01:17:07Z
2025-02-20,TLT,88.540001,27913400,2026-09-05T01:17:07Z
2025-02-20,VEA,51.610001,6989700,2026-09-05T01:17:07Z
2025-02-20,VNQ,92.550003,2920000,2026-09-05T01:17:07Z
2025-02-20,VWO,46.459999,11032800,2026-09-05T01:17:07Z
2025-02-21,BIL,91.660004,7185900,2026-09-05T01:17:07Z
2025-02-21,DBC,22.660000,809600,2026-09-05T01:17:07Z
2025-02-21,IEF,93.709999,6156500,2026-09-05T01:17:07Z
2025-02-21,IWM,217.800003,45036900,2026-09-05T01:17:07Z
2025-02-21,SPY,599.940002,76519800,2026-09-05T01:17:07Z
2025-02-21,TIP,108.919998,1114500,2026-09-05T01:17:07Z
2025-02-21,TLT,89.610001,46912300,2026-09-05T01:17:07Z
2025-02-21,VEA,51.240002,8430500,2026-09-05T01:17:07Z
2025-02-21,VNQ,91.639999,2534600,2026-09-05T01:17:07Z
2025-02-21,VWO,46.400002,8865400,2026-09-05T01:17:07Z
2025-02-24,BIL,91.669998,9061400,2026-09-05T01:17:07Z
2025-02-24,DBC,22.580000,1058100,2026-09-05T01:17:07Z
2025-02-24,IEF,93.910004,4109500,2026-09-05T01:17:07Z
2025-02-24,IWM,216.229996,30246200,2026-09-05T01:17:07Z
2025-02-24,SPY,597.210022,50737200,2026-09-05T01:17:07Z
2025-02-24,TIP,109.160004,1137700,2026-09-05T01:17:07Z
2025-02-24,TLT,89.870003,26218000,2026-09-05T01:17:07Z
2025-02-24,VEA,51.189999,12448900,2026-09-05T01:17:07Z
2025-02-24,VNQ,92.000000,3258700,2026-09-05T01:17:07Z
2025-02-24,VWO,45.689999,7218600,2026-09-05T01:17:07Z
2025-02-25,BIL,91.669998,8348300,2026-09-05T01:17:07Z
2025-02-25,DBC,22.330000,1015600,2026-09-05T01:17:07Z
2025-02-25,IEF,94.650002,7697100,2026-09-05T01:17:07Z
2025-02-25,IWM,215.410004,33665100,2026-09-05T01:17:07Z
2025-02-25,SPY,594.239990,58266500,2026-09-05T01:17:07Z
2025-02-25,TIP,109.620003,1629900,2026-09-05T01:17:07Z
2025-02-25,TLT,91.419998,50125100,2026-09-05T01:17:07Z
2025-02-25,VEA,51.560001,10265100,2026-09-05T01:17:07Z
2025-02-25,VNQ,93.129997,4329200,2026-09-05T01:17:07Z
2025-02-25,VWO,45.669998,8254500,2026-09-05T01:17:07Z
2025-02-26,BIL,91.690002,8610600,2026-09-05T01:17:07Z
2025-02-26,DBC,22.139999,1308500,2026-09-05T01:17:07Z
2025-02-26,IEF,94.910004,7379800,2026-09-05T01:17:07Z
2025-02-26,IWM,215.679993,25464200,2026-09-05T01:17:07Z
2025-02-26,SPY,594.539978,43321600,2026-09-05T01:17:07Z
2025-02-26,TIP,109.709999,1728200,2026-09-05T01:17:07Z
2025-02-26,TLT,91.959999,32220200,2026-09-05T01:17:07Z
2025-02-26,VEA,51.639999,13514600,2026-09-05T01:17:07Z
2025-02-26,VNQ,92.739998,2828800,2026-09-05T01:17:07Z
2025-02-26,VWO,46.110001,10751600,2026-09-05T01:17:07Z
2025-02-27,BIL,91.699997,6620600,2026-09-05T01:17:07Z
2025-02-27,DBC,22.170000,1174400,2026-09-05T01:17:07Z
2025-02-27,IEF,94.800003,5907900,2026-09-05T01:17:07Z
2025-02-27,IWM,212.389999,29378500,2026-09-05T01:17:07Z
2025-02-27,SPY,585.049988,74196700,2026-09-05T01:17:07Z
2025-02-27,TIP,109.580002,1194400,2026-09-05T01:17:07Z
2025-02-27,TLT,91.309998,53373600,2026-09-05T01:17:07Z
2025-02-27,VEA,51.029999,12252100,2026-09-05T01:17:07Z
2025-02-27,VNQ,93.110001,2379800,2026-09-05T01:17:07Z
2025-02-27,VWO,45.299999,7357200,2026-09-05T01:17:07Z
2025-02-28,BIL,91.720001,13721500,2026-09-05T01:17:07Z
2025-02-28,DBC,22.000000,1814800,2026-09-05T01:17:07Z
2025-02-28,IEF,95.320000,11831500,2026-09-05T01:17:07Z
2025-02-28,IWM,214.649994,32015400,2026-09-05T01:17:07Z
2025-02-28,SPY,594.179993,88744100,2026-09-05T01:17:07Z
2025-02-28,TIP,110.339996,2418600,2026-09-05T01:17:07Z
2025-02-28,TLT,92.430000,49388600,2026-09-05T01:17:07Z
2025-02-28,VEA,51.070000,13025300,2026-09-05T01:17:07Z
2025-02-28,VNQ,93.900002,4213800,2026-09-05T01:17:07Z
2025-02-28,VWO,44.730000,9729600,2026-09-05T01:17:07Z
2025-03-03,BIL,91.449997,17874400,2026-09-05T01:17:07Z
2025-03-03,DBC,21.860001,3041000,2026-09-05T01:17:07Z
2025-03-03,IEF,95.389999,9637400,2026-09-05T01:17:07Z
2025-03-03,IWM,208.779999,36330000,2026-09-05T01:17:07Z
2025-03-03,SPY,583.770020,74249200,2026-09-05T01:17:07Z
2025-03-03,TIP,110.639999,2632500,2026-09-05T01:17:07Z
2025-03-03,TLT,92.570000,42904200,2026-09-05T01:17:07Z
2025-03-03,VEA,51.450001,13698800,2026-09-05T01:17:07Z
2025-03-03,VNQ,94.339996,4596700,2026-09-05T01:17:07Z
2025-03-03,VWO,44.299999,15146500,2026-09-05T01:17:07Z
2025-03-04,BIL,91.449997,12187400,2026-09-05T01:17:07Z
2025-03-04,DBC,21.930000,3014800,2026-09-05T01:17:07Z
2025-03-04,IEF,95.089996,12745500,2026-09-05T01:17:07Z
2025-03-04,IWM,206.419998,56427100,2026-09-05T01:17:07Z
2025-03-04,SPY,576.859985,109648200,2026-09-05T01:17:07Z
2025-03-04,TIP,110.250000,3752200,2026-09-05T01:17:07Z
2025-03-04,TLT,91.430000,56722000,2026-09-05T01:17:07Z
2025-03-04,VEA,51.310001,14522700,2026-09-05T01:17:07Z
2025-03-04,VNQ,93.250000,4541100,2026-09-05T01:17:07Z
2025-03-04,VWO,44.680000,10263400,2026-09-05T01:17:07Z
2025-03-05,BIL,91.459999,11850800,2026-09-05T01:17:07Z
2025-03-05,DBC,21.870001,2521500,2026-09-05T01:17:07Z
2025-03-05,IEF,94.559998,15590000,2026-09-05T01:17:07Z
2025-03-05,IWM,208.470001,35778500,2026-09-05T01:17:07Z
2025-03-05,SPY,583.059998,71230500,2026-09-05T01:17:07Z
2025-03-05,TIP,109.690002,2822000,2026-09-05T01:17:07Z
2025-03-05,TLT,90.699997,50215900,2026-09-05T01:17:07Z
2025-03-05,VEA,52.520000,18658400,2026-09-05T01:17:07Z
2025-03-05,VNQ,94.290001,2574000,2026-09-05T01:17:07Z
2025-03-05,VWO,46.009998,12869100,2026-09-05T01:17:07Z
2025-03-06,BIL,91.470001,10301700,2026-09-05T01:17:07Z
2025-03-06,DBC,21.760000,1985800,2026-09-05T01:17:07Z
2025-03-06,IEF,94.510002,9318900,2026-09-05T01:17:07Z
2025-03-06,IWM,205.279999,39206300,2026-09-05T01:17:07Z
2025-03-06,SPY,572.710022,80094900,2026-09-05T01:17:07Z
2025-03-06,TIP,109.639999,1945000,2026-09-05T01:17:07Z
2025-03-06,TLT,90.400002,42827500,2026-09-05T01:17:07Z
2025-03-06,VEA,52.029999,21122800,2026-09-05T01:17:07Z
2025-03-06,VNQ,91.870003,4968800,2026-09-05T01:17:07Z
2025-03-06,VWO,45.770000,10690500,2026-09-05T01:17:07Z
2025-03-07,BIL,91.510002,10375700,2026-09-05T01:17:07Z
2025-03-07,DBC,21.950001,1133900,2026-09-05T01:17:07Z
2025-03-07,IEF,94.389999,9210200,2026-09-05T01:17:07Z
2025-03-07,IWM,205.949997,43514000,2026-09-05T01:17:07Z
2025-03-07,SPY,575.919983,81158800,2026-09-05T01:17:07Z
2025-03-07,TIP,109.459999,2422200,2026-09-05T01:17:07Z
2025-03-07,TLT,90.110001,36903600,2026-09-05T01:17:07Z
2025-03-07,VEA,52.580002,12723900,2026-09-05T01:17:07Z
2025-03-07,VNQ,92.419998,4447100,2026-09-05T01:17:07Z
2025-03-07,VWO,45.959999,7457100,2026-09-05T01:17:07Z
2025-03-10,BIL,91.519997,29759000,2026-09-05T01:17:07Z
2025-03-10,DBC,21.809999,1741300,2026-09-05T01:17:07Z
2025-03-10,IEF,95.050003,7698500,2026-09-05T01:17:07Z
2025-03-10,IWM,200.770004,39442800,2026-09-05T01:17:07Z
2025-03-10,SPY,560.580017,99326600,2026-09-05T01:17:07Z
2025-03-10,TIP,109.949997,1903400,2026-09-05T01:17:07Z
2025-03-10,TLT,91.050003,41440800,2026-09-05T01:17:07Z
2025-03-10,VEA,51.369999,14215500,2026-09-05T01:17:07Z
2025-03-10,VNQ,91.529999,3534300,2026-09-05T01:17:07Z
2025-03-10,VWO,44.930000,9895200,2026-09-05T01:17:07Z
2025-03-11,BIL,91.529999,19163000,2026-09-05T01:17:07Z
2025-03-11,DBC,21.930000,2474400,2026-09-05T01:17:07Z
2025-03-11,IEF,94.709999,10408600,2026-09-05T01:17:07Z
2025-03-11,IWM,200.750000,51509700,2026-09-05T01:17:07Z
2025-03-11,SPY,555.919983,88102100,2026-09-05T01:17:07Z
2025-03-11,TIP,109.650002,2341300,2026-09-05T01:17:07Z
2025-03-11,TLT,90.400002,40555700,2026-09-05T01:17:07Z
2025-03-11,VEA,51.230000,16648900,2026-09-05T01:17:07Z
2025-03-11,VNQ,90.459999,3918700,2026-09-05T01:17:07Z
2025-03-11,VWO,45.250000,7704600,2026-09-05T01:17:07Z
2025-03-12,BIL,91.540001,20095800,2026-09-05T01:17:07Z
2025-03-12,DBC,21.930000,1231800,2026-09-05T01:17:07Z
2025-03-12,IEF,94.430000,7610300,2026-09-05T01:17:07Z
2025-03-12,IWM,201.100006,36881700,2026-09-05T01:17:07Z
2025-03-12,SPY,558.869995,69588200,2026-09-05T01:17:07Z
2025-03-12,TIP,109.519997,3293300,2026-09-05T01:17:07Z
2025-03-12,TLT,89.860001,32734600,2026-09-05T01:17:07Z
2025-03-12,VEA,51.610001,12650500,2026-09-05T01:17:07Z
2025-03-12,VNQ,90.180000,3303000,2026-09-05T01:17:07Z
2025-03-12,VWO,45.410000,9465600,2026-09-05T01:17:07Z
2025-03-13,BIL,91.559998,14549100,2026-09-05T01:17:07Z
2025-03-13,DBC,21.850000,1719400,2026-09-05T01:17:07Z
2025-03-13,IEF,94.809998,6902300,2026-09-05T01:17:07Z
2025-03-13,IWM,198.100006,31336900,2026-09-05T01:17:07Z
2025-03-13,SPY,551.419983,74079400,2026-09-05T01:17:07Z
2025-03-13,TIP,109.680000,2152200,2026-09-05T01:17:07Z
2025-03-13,TLT,90.650002,38675400,2026-09-05T01:17:07Z
2025-03-13,VEA,51.220001,13255900,2026-09-05T01:17:07Z
2025-03-13,VNQ,88.400002,3881600,2026-09-05T01:17:07Z
2025-03-13,VWO,45.270000,7420000,2026-09-05T01:17:07Z
2025-03-14,BIL,91.580002,15909000,2026-09-05T01:17:07Z
2025-03-14,DBC,21.969999,1467800,2026-09-05T01:17:07Z
2025-03-14,IEF,94.480003,4390900,2026-09-05T01:17:07Z
2025-03-14,IWM,202.889999,34089400,2026-09-05T01:17:07Z
2025-03-14,SPY,562.809998,62660300,2026-09-05T01:17:07Z
2025-03-14,TIP,109.419998,1042900,2026-09-05T01:17:07Z
2025-03-14,TLT,90.169998,24658000,2026-09-05T01:17:07Z
2025-03-14,VEA,52.200001,14118700,2026-09-05T01:17:07Z
2025-03-14,VNQ,90.169998,3769100,2026-09-05T01:17:07Z
2025-03-14,VWO,46.080002,6944600,2026-09-05T01:17:07Z
2025-03-17,BIL,91.599998,9386400,2026-09-05T01:17:07Z
2025-03-17,DBC,22.120001,1707800,2026-09-05T01:17:07Z
2025-03-17,IEF,94.559998,6734000,2026-09-05T01:17:07Z
2025-03-17,IWM,205.449997,26947600,2026-09-05T01:17:07Z
2025-03-17,SPY,567.150024,49008700,2026-09-05T01:17:07Z
2025-03-17,TIP,109.449997,1838400,2026-09-05T01:17:07Z
2025-03-17,TLT,90.620003,26700300,2026-09-05T01:17:07Z
2025-03-17,VEA,52.820000,15984600,2026-09-05T01:17:07Z
2025-03-17,VNQ,91.709999,2233300,2026-09-05T01:17:07Z
2025-03-17,VWO,46.709999,9626800,2026-09-05T01:17:07Z
2025-03-18,BIL,91.599998,8773100,2026-09-05T01:17:07Z
2025-03-18,DBC,22.070000,1660100,2026-09-05T01:17:07Z
2025-03-18,IEF,94.669998,8993300,2026-09-05T01:17:07Z
2025-03-18,IWM,203.210007,22888000,2026-09-05T01:17:07Z
2025-03-18,SPY,561.020020,66041400,2026-09-05T01:17:07Z
2025-03-18,TIP,109.570000,1172200,2026-09-05T01:17:07Z
2025-03-18,TLT,90.709999,23654700,2026-09-05T01:17:07Z
2025-03-18,VEA,52.750000,11004100,2026-09-05T01:17:07Z
2025-03-18,VNQ,91.230003,1956000,2026-09-05T01:17:07Z
2025-03-18,VWO,46.590000,7580400,2026-09-05T01:17:07Z
2025-03-19,BIL,91.610001,8833200,2026-09-05T01:17:07Z
2025-03-19,DBC,22.209999,1297400,2026-09-05T01:17:07Z
2025-03-19,IEF,94.959999,5854500,2026-09-05T01:17:07Z
2025-03-19,IWM,206.369995,31595600,2026-09-05T01:17:07Z
2025-03-19,SPY,567.130005,66556000,2026-09-05T01:17:07Z
2025-03-19,TIP,110.129997,1391800,2026-09-05T01:17:07Z
2025-03-19,TLT,91.180000,31378700,2026-09-05T01:17:07Z
2025-03-19,VEA,52.990002,13407700,2026-09-05T01:17:07Z
2025-03-19,VNQ,91.339996,1882100,2026-09-05T01:17:07Z
2025-03-19,VWO,46.660000,8007900,2026-09-05T01:17:07Z
2025-03-20,BIL,91.629997,8491000,2026-09-05T01:17:07Z
2025-03-20,DBC,22.250000,1301700,2026-09-05T01:17:07Z
2025-03-20,IEF,95.099998,4409100,2026-09-05T01:17:07Z
2025-03-20,IWM,205.059998,25665900,2026-09-05T01:17:07Z
2025-03-20,SPY,565.489990,62958200,2026-09-05T01:17:07Z
2025-03-20,TIP,110.230003,2287100,2026-09-05T01:17:07Z
2025-03-20,TLT,91.239998,35645800,2026-09-05T01:17:07Z
2025-03-20,VEA,52.580002,8143200,2026-09-05T01:17:07Z
2025-03-20,VNQ,91.279999,2041100,2026-09-05T01:17:07Z
2025-03-20,VWO,46.240002,6651900,2026-09-05T01:17:07Z
2025-03-21,BIL,91.660004,6544300,2026-09-05T01:17:07Z
2025-03-21,DBC,22.120001,1352900,2026-09-05T01:17:07Z
2025-03-21,IEF,95.019997,4919600,2026-09-05T01:17:07Z
2025-03-21,IWM,203.789993,39470200,2026-09-05T01:17:07Z
2025-03-21,SPY,563.979980,83763000,2026-09-05T01:17:07Z
2025-03-21,TIP,110.099998,1228400,2026-09-05T01:17:07Z
2025-03-21,TLT,90.699997,29192100,2026-09-05T01:17:07Z
2025-03-21,VEA,52.049999,8198000,2026-09-05T01:17:07Z
2025-03-21,VNQ,90.269997,3395100,2026-09-05T01:17:07Z
2025-03-21,VWO,45.980000,5581000,2026-09-05T01:17:07Z
2025-03-24,BIL,91.660004,8056300,2026-09-05T01:17:07Z
2025-03-24,DBC,22.200001,1766200,2026-09-05T01:17:07Z
2025-03-24,IEF,94.470001,4823500,2026-09-05T01:17:07Z
2025-03-24,IWM,208.860001,25774700,2026-09-05T01:17:07Z
2025-03-24,SPY,574.080017,58766800,2026-09-05T01:17:07Z
2025-03-24,TIP,109.820000,1977500,2026-09-05T01:17:07Z
2025-03-24,TLT,89.769997,27985600,2026-09-05T01:17:07Z
2025-03-24,VEA,52.119999,10202000,2026-09-05T01:17:07Z
2025-03-24,VNQ,91.660004,3719000,2026-09-05T01:17:07Z
2025-03-24,VWO,46.119999,6227100,2026-09-05T01:17:07Z
2025-03-25,BIL,91.669998,18837100,2026-09-05T01:17:07Z
2025-03-25,DBC,22.230000,1124200,2026-09-05T01:17:07Z
2025-03-25,IEF,94.629997,6825800,2026-09-05T01:17:07Z
2025-03-25,IWM,207.699997,17836900,2026-09-05T01:17:07Z
2025-03-25,SPY,575.460022,38355700,2026-09-05T01:17:07Z
2025-03-25,TIP,110.000000,1165300,2026-09-05T01:17:07Z
2025-03-25,TLT,89.760002,22333800,2026-09-05T01:17:07Z
2025-03-25,VEA,52.400002,10177500,2026-09-05T01:17:07Z
2025-03-25,VNQ,89.709999,4210000,2026-09-05T01:17:07Z
2025-03-25,VWO,46.070000,5974200,2026-09-05T01:17:07Z
2025-03-26,BIL,91.680000,7171300,2026-09-05T01:17:07Z
2025-03-26,DBC,22.200001,1089100,2026-09-05T01:17:07Z
2025-03-26,IEF,94.410004,8281700,2026-09-05T01:17:07Z
2025-03-26,IWM,205.589996,19344600,2026-09-05T01:17:07Z
2025-03-26,SPY,568.590027,51848300,2026-09-05T01:17:07Z
2025-03-26,TIP,109.860001,1548100,2026-09-05T01:17:07Z
2025-03-26,TLT,89.169998,25095600,2026-09-05T01:17:07Z
2025-03-26,VEA,51.770000,15041900,2026-09-05T01:17:07Z
2025-03-26,VNQ,90.059998,3094100,2026-09-05T01:17:07Z
2025-03-26,VWO,45.790001,9811700,2026-09-05T01:17:07Z
2025-03-27,BIL,91.699997,8399300,2026-09-05T01:17:07Z
2025-03-27,DBC,22.260000,875200,2026-09-05T01:17:07Z
2025-03-27,IEF,94.330002,5085100,2026-09-05T01:17:07Z
2025-03-27,IWM,204.610001,23960000,2026-09-05T01:17:07Z
2025-03-27,SPY,567.080017,42164200,2026-09-05T01:17:07Z
2025-03-27,TIP,110.089996,2945700,2026-09-05T01:17:07Z
2025-03-27,TLT,88.910004,23674500,2026-09-05T01:17:07Z
2025-03-27,VEA,51.830002,11063900,2026-09-05T01:17:07Z
2025-03-27,VNQ,89.830002,2993000,2026-09-05T01:17:07Z
2025-03-27,VWO,46.090000,5447700,2026-09-05T01:17:07Z
2025-03-28,BIL,91.730003,10052200,2026-09-05T01:17:07Z
2025-03-28,DBC,22.190001,2163300,2026-09-05T01:17:07Z
2025-03-28,IEF,95.089996,6224500,2026-09-05T01:17:07Z
2025-03-28,IWM,200.449997,26656200,2026-09-05T01:17:07Z
2025-03-28,SPY,555.659973,71662700,2026-09-05T01:17:07Z
2025-03-28,TIP,110.650002,1558500,2026-09-05T01:17:07Z
2025-03-28,TLT,90.139999,39869400,2026-09-05T01:17:07Z
2025-03-28,VEA,51.240002,11998600,2026-09-05T01:17:07Z
2025-03-28,VNQ,89.709999,3602900,2026-09-05T01:17:07Z
2025-03-28,VWO,45.310001,9167400,2026-09-05T01:17:07Z
2025-03-31,BIL,91.730003,22045800,2026-09-05T01:17:07Z
2025-03-31,DBC,22.500000,3256000,2026-09-05T01:17:07Z
2025-03-31,IEF,95.370003,13255800,2026-09-05T01:17:07Z
2025-03-31,IWM,199.490005,32250800,2026-09-05T01:17:07Z
2025-03-31,SPY,559.390015,95328200,2026-09-05T01:17:07Z
2025-03-31,TIP,111.089996,2755600,2026-09-05T01:17:07Z
2025-03-31,TLT,91.029999,38824300,2026-09-05T01:17:07Z
2025-03-31,VEA,50.830002,18049300,2026-09-05T01:17:07Z
2025-03-31,VNQ,90.540001,2964400,2026-09-05T01:17:07Z
2025-03-31,VWO,45.259998,8140100,2026-09-05T01:17:07Z
2025-04-01,BIL,91.430000,19110200,2026-09-05T01:17:07Z
2025-04-01,DBC,22.510000,3490500,2026-09-05T01:17:07Z
2025-04-01,IEF,95.400002,18128800,2026-09-05T01:17:07Z
2025-04-01,IWM,199.509995,26054100,2026-09-05T01:17:07Z
2025-04-01,SPY,560.969971,54609600,2026-09-05T01:17:07Z
2025-04-01,TIP,110.449997,3953100,2026-09-05T01:17:07Z
2025-04-01,TLT,91.489998,39800100,2026-09-05T01:17:07Z
2025-04-01,VEA,51.009998,13168500,2026-09-05T01:17:07Z
2025-04-01,VNQ,90.580002,4276600,2026-09-05T01:17:07Z
2025-04-01,VWO,45.410000,13223500,2026-09-05T01:17:07Z
2025-04-02,BIL,91.440002,9035500,2026-09-05T01:17:07Z
2025-04-02,DBC,22.650000,1848300,2026-09-05T01:17:07Z
2025-04-02,IEF,95.309998,7635900,2026-09-05T01:17:07Z
2025-04-02,IWM,202.660004,36603000,2026-09-05T01:17:07Z
2025-04-02,SPY,564.520020,76014500,2026-09-05T01:17:07Z
2025-04-02,TIP,110.279999,1679800,2026-09-05T01:17:07Z
2025-04-02,TLT,91.430000,43488400,2026-09-05T01:17:07Z
2025-04-02,VEA,51.150002,11739200,2026-09-05T01:17:07Z
2025-04-02,VNQ,91.129997,3427200,2026-09-05T01:17:07Z
2025-04-02,VWO,45.450001,6058600,2026-09-05T01:17:07Z
2025-04-03,BIL,91.449997,24029500,2026-09-05T01:17:07Z
2025-04-03,DBC,21.740000,3423800,2026-09-05T01:17:07Z
2025-04-03,IEF,96.290001,18188000,2026-09-05T01:17:07Z
2025-04-03,IWM,189.649994,60551500,2026-09-05T01:17:07Z
2025-04-03,SPY,536.700012,125986000,2026-09-05T01:17:07Z
2025-04-03,TIP,110.970001,3547500,2026-09-05T01:17:07Z
2025-04-03,TLT,91.849998,57467400,2026-09-05T01:17:07Z
2025-04-03,VEA,50.080002,17045400,2026-09-05T01:17:07Z
2025-04-03,VNQ,88.019997,5784700,2026-09-05T01:17:07Z
2025-04-03,VWO,44.630001,11227700,2026-09-05T01:17:07Z
2025-04-04,BIL,91.480003,33920200,2026-09-05T01:17:07Z
2025-04-04,DBC,20.950001,5190200,2026-09-05T01:17:07Z
2025-04-04,IEF,96.559998,27006500,2026-09-05T01:17:07Z
2025-04-04,IWM,181.190002,92612800,2026-09-05T01:17:07Z
2025-04-04,SPY,505.279999,217965100,2026-09-05T01:17:07Z
2025-04-04,TIP,110.599998,4726000,2026-09-05T01:17:07Z
2025-04-04,TLT,92.849998,92794200,2026-09-05T01:17:07Z
2025-04-04,VEA,46.910000,36603400,2026-09-05T01:17:07Z
2025-04-04,VNQ,84.199997,7803800,2026-09-05T01:17:07Z
2025-04-04,VWO,42.130001,31160900,2026-09-05T01:17:07Z
2025-04-07,BIL,91.489998,37206000,2026-09-05T01:17:07Z
2025-04-07,DBC,20.620001,5327500,2026-09-05T01:17:07Z
2025-04-07,IEF,95.410004,68670600,2026-09-05T01:17:07Z
2025-04-07,IWM,179.550003,96706200,2026-09-05T01:17:07Z
2025-04-07,SPY,504.380005,256611400,2026-09-05T01:17:07Z
2025-04-07,TIP,109.269997,5648000,2026-09-05T01:17:07Z
2025-04-07,TLT,90.050003,124987600,2026-09-05T01:17:07Z
2025-04-07,VEA,45.889999,51925000,2026-09-05T01:17:07Z
2025-04-07,VNQ,81.989998,13294200,2026-09-05T01:17:07Z
2025-04-07,VWO,40.430000,38745400,2026-09-05T01:17:07Z
2025-04-08,BIL,91.510002,21800900,2026-09-05T01:17:07Z
2025-04-08,DBC,20.160000,3650800,2026-09-05T01:17:07Z
2025-04-08,IEF,94.930000,19508000,2026-09-05T01:17:07Z
2025-04-08,IWM,174.820007,61090600,2026-09-05T01:17:07Z
2025-04-08,SPY,496.480011,165816600,2026-09-05T01:17:07Z
2025-04-08,TIP,109.000000,3549100,2026-09-05T01:17:07Z
2025-04-08,TLT,88.349998,73861900,2026-09-05T01:17:07Z
2025-04-08,VEA,45.650002,36120600,2026-09-05T01:17:07Z
2025-04-08,VNQ,79.790001,7401100,2026-09-05T01:17:07Z
2025-04-08,VWO,39.889999,21585800,2026-09-05T01:17:07Z
2025-04-09,BIL,91.510002,22907000,2026-09-05T01:17:07Z
2025-04-09,DBC,20.889999,3430100,2026-09-05T01:17:07Z
2025-04-09,IEF,94.629997,24170800,2026-09-05T01:17:07Z
2025-04-09,IWM,189.679993,123015100,2026-09-05T01:17:07Z
2025-04-09,SPY,548.619995,241867300,2026-09-05T01:17:07Z
2025-04-09,TIP,109.230003,4559100,2026-09-05T01:17:07Z
2025-04-09,TLT,88.870003,131353500,2026-09-05T01:17:07Z
2025-04-09,VEA,49.060001,33572600,2026-09-05T01:17:07Z
2025-04-09,VNQ,84.550003,10990300,2026-09-05T01:17:07Z
2025-04-09,VWO,42.490002,29071700,2026-09-05T01:17:07Z
2025-04-10,BIL,91.519997,23678100,2026-09-05T01:17:07Z
2025-04-10,DBC,20.629999,2439800,2026-09-05T01:17:07Z
2025-04-10,IEF,94.040001,12093800,2026-09-05T01:17:07Z
2025-04-10,IWM,181.710007,67503000,2026-09-05T01:17:07Z
2025-04-10,SPY,524.580017,162331200,2026-09-05T01:17:07Z
2025-04-10,TIP,107.930000,4609000,2026-09-05T01:17:07Z
2025-04-10,TLT,86.419998,78592000,2026-09-05T01:17:07Z
2025-04-10,VEA,48.090000,27617300,2026-09-05T01:17:07Z
2025-04-10,VNQ,82.620003,7442500,2026-09-05T01:17:07Z
2025-04-10,VWO,41.939999,17617000,2026-09-05T01:17:07Z
2025-04-11,BIL,91.559998,34807600,2026-09-05T01:17:07Z
2025-04-11,DBC,20.930000,1307900,2026-09-05T01:17:07Z
2025-04-11,IEF,93.510002,55446600,2026-09-05T01:17:07Z
2025-04-11,IWM,184.360001,44954400,2026-09-05T01:17:07Z
2025-04-11,SPY,533.940002,97866300,2026-09-05T01:17:07Z
2025-04-11,TIP,107.970001,2989200,2026-09-05T01:17:07Z
2025-04-11,TLT,86.889999,94814100,2026-09-05T01:17:07Z
2025-04-11,VEA,49.410000,17136400,2026-09-05T01:17:07Z
2025-04-11,VNQ,83.629997,5275900,2026-09-05T01:17:07Z
2025-04-11,VWO,43.099998,16757000,2026-09-05T01:17:07Z
2025-04-14,BIL,91.559998,18027100,2026-09-05T01:17:07Z
2025-04-14,DBC,20.940001,1178200,2026-09-05T01:17:07Z
2025-04-14,IEF,94.260002,12630900,2026-09-05T01:17:07Z
2025-04-14,IWM,186.529999,35214600,2026-09-05T01:17:07Z
2025-04-14,SPY,539.119995,68034000,2026-09-05T01:17:07Z
2025-04-14,TIP,108.489998,3639200,2026-09-05T01:17:07Z
2025-04-14,TLT,87.510002,37596400,2026-09-05T01:17:07Z
2025-04-14,VEA,49.980000,9952700,2026-09-05T01:17:07Z
2025-04-14,VNQ,85.360001,3228000,2026-09-05T01:17:07Z
2025-04-14,VWO,43.500000,7442500,2026-09-05T01:17:07Z
2025-04-15,BIL,91.580002,10082100,2026-09-05T01:17:07Z
2025-04-15,DBC,20.889999,816600,2026-09-05T01:17:07Z
2025-04-15,IEF,94.540001,7708100,2026-09-05T01:17:07Z
2025-04-15,IWM,186.759995,30715500,2026-09-05T01:17:07Z
2025-04-15,SPY,537.609985,56892900,2026-09-05T01:17:07Z
2025-04-15,TIP,108.480003,2982000,2026-09-05T01:17:07Z
2025-04-15,TLT,87.820000,22553900,2026-09-05T01:17:07Z
2025-04-15,VEA,50.320000,8984100,2026-09-05T01:17:07Z
2025-04-15,VNQ,85.620003,2443200,2026-09-05T01:17:07Z
2025-04-15,VWO,43.509998,5598400,2026-09-05T01:17:07Z
2025-04-16,BIL,91.589996,12016200,2026-09-05T01:17:07Z
2025-04-16,DBC,21.150000,888200,2026-09-05T01:17:07Z
2025-04-16,IEF,94.949997,8708400,2026-09-05T01:17:07Z
2025-04-16,IWM,184.970001,35063300,2026-09-05T01:17:07Z
2025-04-16,SPY,525.659973,83484800,2026-09-05T01:17:07Z
2025-04-16,TIP,108.779999,2294400,2026-09-05T01:17:07Z
2025-04-16,TLT,88.309998,35607300,2026-09-05T01:17:07Z
2025-04-16,VEA,50.209999,9296800,2026-09-05T01:17:07Z
2025-04-16,VNQ,85.559998,2393000,2026-09-05T01:17:07Z
2025-04-16,VWO,42.959999,7211500,2026-09-05T01:17:07Z
2025-04-17,BIL,91.629997,8243800,2026-09-05T01:17:07Z
2025-04-17,DBC,21.370001,1411100,2026-09-05T01:17:07Z
2025-04-17,IEF,94.680000,6987000,2026-09-05T01:17:07Z
2025-04-17,IWM,186.479996,42359200,2026-09-05T01:17:07Z
2025-04-17,SPY,526.409973,79868100,2026-09-05T01:17:07Z
2025-04-17,TIP,109.029999,1942000,2026-09-05T01:17:07Z
2025-04-17,TLT,87.529999,31758400,2026-09-05T01:17:07Z
2025-04-17,VEA,50.750000,9870700,2026-09-05T01:17:07Z
2025-04-17,VNQ,86.839996,3383500,2026-09-05T01:17:07Z
2025-04-17,VWO,43.299999,7553700,2026-09-05T01:17:07Z
2025-04-21,BIL,91.639999,10032200,2026-09-05T01:17:07Z
2025-04-21,DBC,21.190001,1429400,2026-09-05T01:17:07Z
2025-04-21,IEF,94.169998,4901300,2026-09-05T01:17:07Z
2025-04-21,IWM,182.740005,26019000,2026-09-05T01:17:07Z
2025-04-21,SPY,513.880005,69368100,2026-09-05T01:17:07Z
2025-04-21,TIP,108.470001,2079200,2026-09-05T01:17:07Z
2025-04-21,TLT,86.000000,39343200,2026-09-05T01:17:07Z
2025-04-21,VEA,50.509998,13408400,2026-09-05T01:17:07Z
2025-04-21,VNQ,85.029999,2406100,2026-09-05T01:17:07Z
2025-04-21,VWO,43.349998,6689400,2026-09-05T01:17:07Z
2025-04-22,BIL,91.639999,9201200,2026-09-05T01:17:07Z
2025-04-22,DBC,21.290001,793700,2026-09-05T01:17:07Z
2025-04-22,IEF,94.239998,5233000,2026-09-05T01:17:07Z
2025-04-22,IWM,187.470001,34477100,2026-09-05T01:17:07Z
2025-04-22,SPY,527.250000,75948100,2026-09-05T01:17:07Z
2025-04-22,TIP,108.870003,2639700,2026-09-05T01:17:07Z
2025-04-22,TLT,86.480003,32552100,2026-09-05T01:17:07Z
2025-04-22,VEA,51.500000,15400300,2026-09-05T01:17:07Z
2025-04-22,VNQ,86.680000,2209800,2026-09-05T01:17:07Z
2025-04-22,VWO,44.029999,8785500,2026-09-05T01:17:07Z
2025-04-23,BIL,91.660004,8478500,2026-09-05T01:17:07Z
2025-04-23,DBC,21.129999,1443100,2026-09-05T01:17:07Z
2025-04-23,IEF,94.339996,8041300,2026-09-05T01:17:07Z
2025-04-23,IWM,190.250000,44866100,2026-09-05T01:17:07Z
2025-04-23,SPY,535.419983,90590700,2026-09-05T01:17:07Z
2025-04-23,TIP,109.190002,1740500,2026-09-05T01:17:07Z
2025-04-23,TLT,87.320000,44082200,2026-09-05T01:17:07Z
2025-04-23,VEA,51.650002,10911000,2026-09-05T01:17:07Z
2025-04-23,VNQ,86.839996,2493100,2026-09-05T01:17:07Z
2025-04-23,VWO,44.459999,8130700,2026-09-05T01:17:07Z
2025-04-24,BIL,91.660004,20381700,2026-09-05T01:17:07Z
2025-04-24,DBC,21.320000,1256400,2026-09-05T01:17:07Z
2025-04-24,IEF,94.849998,7308900,2026-09-05T01:17:07Z
2025-04-24,IWM,194.059998,29820100,2026-09-05T01:17:07Z
2025-04-24,SPY,546.690002,64150400,2026-09-05T01:17:07Z
2025-04-24,TIP,109.769997,1658300,2026-09-05T01:17:07Z
2025-04-24,TLT,88.239998,24190800,2026-09-05T01:17:07Z
2025-04-24,VEA,52.310001,8252300,2026-09-05T01:17:07Z
2025-04-24,VNQ,87.160004,2080800,2026-09-05T01:17:07Z
2025-04-24,VWO,45.020000,4305200,2026-09-05T01:17:07Z
2025-04-25,BIL,91.699997,11894100,2026-09-05T01:17:07Z
2025-04-25,DBC,21.350000,903200,2026-09-05T01:17:07Z
2025-04-25,IEF,95.209999,5341300,2026-09-05T01:17:07Z
2025-04-25,IWM,194.119995,25029000,2026-09-05T01:17:07Z
2025-04-25,SPY,550.640015,61119600,2026-09-05T01:17:07Z
2025-04-25,TIP,109.820000,1930700,2026-09-05T01:17:07Z
2025-04-25,TLT,88.889999,22513900,2026-09-05T01:17:07Z
2025-04-25,VEA,52.430000,7631800,2026-09-05T01:17:07Z
2025-04-25,VNQ,87.010002,2409500,2026-09-05T01:17:07Z
2025-04-25,VWO,44.869999,7557900,2026-09-05T01:17:07Z
2025-04-28,BIL,91.709999,9934400,2026-09-05T01:17:07Z
2025-04-28,DBC,21.230000,1274000,2026-09-05T01:17:07Z
2025-04-28,IEF,95.589996,4950500,2026-09-05T01:17:07Z
2025-04-28,IWM,194.940002,22482300,2026-09-05T01:17:07Z
2025-04-28,SPY,550.849976,47613800,2026-09-05T01:17:07Z
2025-04-28,TIP,110.199997,1204800,2026-09-05T01:17:07Z
2025-04-28,TLT,89.449997,20130500,2026-09-05T01:17:07Z
2025-04-28,VEA,52.790001,18104800,2026-09-05T01:17:07Z
2025-04-28,VNQ,87.550003,2914900,2026-09-05T01:17:07Z
2025-04-28,VWO,44.990002,5881000,2026-09-05T01:17:07Z
2025-04-29,BIL,91.709999,19478900,2026-09-05T01:17:07Z
2025-04-29,DBC,20.959999,1139000,2026-09-05T01:17:07Z
2025-04-29,IEF,95.919998,5350200,2026-09-05T01:17:07Z
2025-04-29,IWM,196.089996,20118200,2026-09-05T01:17:07Z
2025-04-29,SPY,554.320007,47775100,2026-09-05T01:17:07Z
2025-04-29,TIP,110.389999,1106100,2026-09-05T01:17:07Z
2025-04-29,TLT,90.199997,22129500,2026-09-05T01:17:07Z
2025-04-29,VEA,52.950001,11431000,2026-09-05T01:17:07Z
2025-04-29,VNQ,88.019997,2740300,2026-09-05T01:17:07Z
2025-04-29,VWO,45.150002,5248700,2026-09-05T01:17:07Z
2025-04-30,BIL,91.720001,17498400,2026-09-05T01:17:07Z
2025-04-30,DBC,20.570000,2553900,2026-09-05T01:17:07Z
2025-04-30,IEF,96.070000,13923200,2026-09-05T01:17:07Z
2025-04-30,IWM,194.860001,29046100,2026-09-05T01:17:07Z
2025-04-30,SPY,554.539978,93101500,2026-09-05T01:17:07Z
2025-04-30,TIP,110.519997,2729600,2026-09-05T01:17:07Z
2025-04-30,TLT,89.470001,42630600,2026-09-05T01:17:07Z
2025-04-30,VEA,52.869999,10984700,2026-09-05T01:17:07Z
2025-04-30,VNQ,88.330002,3738300,2026-09-05T01:17:07Z
2025-04-30,VWO,45.250000,39652200,2026-09-05T01:17:07Z
2025-05-01,BIL,91.430000,15747600,2026-09-05T01:17:07Z
2025-05-01,DBC,20.670000,3638200,2026-09-05T01:17:07Z
2025-05-01,IEF,95.339996,13703300,2026-09-05T01:17:07Z
2025-05-01,IWM,196.070007,33169700,2026-09-05T01:17:07Z
2025-05-01,SPY,558.469971,63186100,2026-09-05T01:17:07Z
2025-05-01,TIP,109.610001,2383600,2026-09-05T01:17:07Z
2025-05-01,TLT,88.690002,29932800,2026-09-05T01:17:07Z
2025-05-01,VEA,52.650002,9317900,2026-09-05T01:17:07Z
2025-05-01,VNQ,88.620003,3574100,2026-09-05T01:17:07Z
2025-05-01,VWO,45.230000,10333800,2026-09-05T01:17:07Z
2025-05-02,BIL,91.459999,14267400,2026-09-05T01:17:07Z
2025-05-02,DBC,20.760000,1948100,2026-09-05T01:17:07Z
2025-05-02,IEF,94.699997,9331600,2026-09-05T01:17:07Z
2025-05-02,IWM,200.479996,30201800,2026-09-05T01:17:07Z
2025-05-02,SPY,566.760010,60717300,2026-09-05T01:17:07Z
2025-05-02,TIP,109.040001,1794200,2026-09-05T01:17:07Z
2025-05-02,TLT,87.730003,32090400,2026-09-05T01:17:07Z
2025-05-02,VEA,53.610001,9884400,2026-09-05T01:17:07Z
2025-05-02,VNQ,89.709999,2237700,2026-09-05T01:17:07Z
2025-05-02,VWO,46.439999,10651000,2026-09-05T01:17:07Z
2025-05-05,BIL,91.459999,26580800,2026-09-05T01:17:07Z
2025-05-05,DBC,20.639999,1284200,2026-09-05T01:17:07Z
2025-05-05,IEF,94.529999,10089400,2026-09-05T01:17:07Z
2025-05-05,IWM,198.940002,20834200,2026-09-05T01:17:07Z
2025-05-05,SPY,563.510010,38659200,2026-09-05T01:17:07Z
2025-05-05,TIP,108.930000,1751500,2026-09-05T01:17:07Z
2025-05-05,TLT,87.239998,22862800,2026-09-05T01:17:07Z
2025-05-05,VEA,53.709999,8481300,2026-09-05T01:17:07Z
2025-05-05,VNQ,89.510002,2289900,2026-09-05T01:17:07Z
2025-05-05,VWO,46.810001,6050500,2026-09-05T01:17:07Z
2025-05-06,BIL,91.480003,8429300,2026-09-05T01:17:07Z
2025-05-06,DBC,20.950001,1388200,2026-09-05T01:17:07Z
2025-05-06,IEF,94.769997,6081200,2026-09-05T01:17:07Z
2025-05-06,IWM,196.770004,24642100,2026-09-05T01:17:07Z
2025-05-06,SPY,558.799988,48264700,2026-09-05T01:17:07Z
2025-05-06,TIP,109.260002,1772200,2026-09-05T01:17:07Z
2025-05-06,TLT,87.529999,21095200,2026-09-05T01:17:07Z
2025-05-06,VEA,53.700001,17269100,2026-09-05T01:17:07Z
2025-05-06,VNQ,88.820000,2579700,2026-09-05T01:17:07Z
2025-05-06,VWO,46.580002,10111600,2026-09-05T01:17:07Z
2025-05-07,BIL,91.480003,6212900,2026-09-05T01:17:07Z
2025-05-07,DBC,20.690001,1300700,2026-09-05T01:17:07Z
2025-05-07,IEF,95.019997,9471100,2026-09-05T01:17:07Z
2025-05-07,IWM,197.419998,23623300,2026-09-05T01:17:07Z
2025-05-07,SPY,561.150024,55588000,2026-09-05T01:17:07Z
2025-05-07,TIP,109.370003,2185800,2026-09-05T01:17:07Z
2025-05-07,TLT,87.900002,23161600,2026-09-05T01:17:07Z
2025-05-07,VEA,53.509998,10961000,2026-09-05T01:17:07Z
2025-05-07,VNQ,88.919998,2220300,2026-09-05T01:17:07Z
2025-05-07,VWO,46.000000,6294700,2026-09-05T01:17:07Z
2025-05-08,BIL,91.500000,9354600,2026-09-05T01:17:07Z
2025-05-08,DBC,20.959999,520000,2026-09-05T01:17:07Z
2025-05-08,IEF,94.279999,6409000,2026-09-05T01:17:07Z
2025-05-08,IWM,201.179993,32646300,2026-09-05T01:17:07Z
2025-05-08,SPY,565.059998,65130800,2026-09-05T01:17:07Z
2025-05-08,TIP,108.980003,1132500,2026-09-05T01:17:07Z
2025-05-08,TLT,86.919998,25483700,2026-09-05T01:17:07Z
2025-05-08,VEA,53.330002,12892300,2026-09-05T01:17:07Z
2025-05-08,VNQ,88.570000,2652600,2026-09-05T01:17:07Z
2025-05-08,VWO,45.919998,11808600,2026-09-05T01:17:07Z
2025-05-09,BIL,91.529999,9062400,2026-09-05T01:17:07Z
2025-05-09,DBC,21.120001,656600,2026-09-05T01:17:07Z
2025-05-09,IEF,94.349998,3698700,2026-09-05T01:17:07Z
2025-05-09,IWM,200.809998,17203000,2026-09-05T01:17:07Z
2025-05-09,SPY,564.340027,37603400,2026-09-05T01:17:07Z
2025-05-09,TIP,109.080002,867200,2026-09-05T01:17:07Z
2025-05-09,TLT,87.050003,17007900,2026-09-05T01:17:07Z
2025-05-09,VEA,53.680000,11729400,2026-09-05T01:17:07Z
2025-05-09,VNQ,89.160004,3460200,2026-09-05T01:17:07Z
2025-05-09,VWO,46.250000,6544300,2026-09-05T01:17:07Z
2025-05-12,BIL,91.529999,14492000,2026-09-05T01:17:07Z
2025-05-12,DBC,21.260000,1209900,2026-09-05T01:17:07Z
2025-05-12,IEF,93.750000,9483700,2026-09-05T01:17:07Z
2025-05-12,IWM,207.869995,38207200,2026-09-05T01:17:07Z
2025-05-12,SPY,582.989990,78993600,2026-09-05T01:17:07Z
2025-05-12,TIP,108.230003,1481000,2026-09-05T01:17:07Z
2025-05-12,TLT,86.239998,32115000,2026-09-05T01:17:07Z
2025-05-12,VEA,53.939999,12161700,2026-09-05T01:17:07Z
2025-05-12,VNQ,89.599998,3657300,2026-09-05T01:17:07Z
2025-05-12,VWO,47.290001,8861800,2026-09-05T01:17:07Z
2025-05-13,BIL,91.550003,23455700,2026-09-05T01:17:07Z
2025-05-13,DBC,21.590000,445300,2026-09-05T01:17:07Z
2025-05-13,IEF,93.680000,13166800,2026-09-05T01:17:07Z
2025-05-13,IWM,208.630005,28295800,2026-09-05T01:17:07Z
2025-05-13,SPY,586.840027,67947200,2026-09-05T01:17:07Z
2025-05-13,TIP,108.489998,2724200,2026-09-05T01:17:07Z
2025-05-13,TLT,85.889999,53912200,2026-09-05T01:17:07Z
2025-05-13,VEA,54.029999,9975800,2026-09-05T01:17:07Z
2025-05-13,VNQ,88.459999,4178600,2026-09-05T01:17:07Z
2025-05-13,VWO,47.369999,8319500,2026-09-05T01:17:07Z
2025-05-14,BIL,91.550003,9141900,2026-09-05T01:17:07Z
2025-05-14,DBC,21.480000,449600,2026-09-05T01:17:07Z
2025-05-14,IEF,93.330002,6994700,2026-09-05T01:17:07Z
2025-05-14,IWM,206.779999,26316100,2026-09-05T01:17:07Z
2025-05-14,SPY,587.590027,66283500,2026-09-05T01:17:07Z
2025-05-14,TIP,108.379997,1815200,2026-09-05T01:17:07Z
2025-05-14,TLT,85.320000,42119800,2026-09-05T01:17:07Z
2025-05-14,VEA,53.810001,11755400,2026-09-05T01:17:07Z
2025-05-14,VNQ,87.589996,3052500,2026-09-05T01:17:07Z
2025-05-14,VWO,47.759998,9528500,2026-09-05T01:17:07Z
2025-05-15,BIL,91.559998,6657100,2026-09-05T01:17:07Z
2025-05-15,DBC,21.270000,490900,2026-09-05T01:17:07Z
2025-05-15,IEF,93.940002,9024900,2026-09-05T01:17:07Z
2025-05-15,IWM,208.130005,21563700,2026-09-05T01:17:07Z
2025-05-15,SPY,590.460022,71268100,2026-09-05T01:17:07Z
2025-05-15,TIP,108.690002,1668000,2026-09-05T01:17:07Z
2025-05-15,TLT,86.070000,59448000,2026-09-05T01:17:07Z
2025-05-15,VEA,54.380001,9895900,2026-09-05T01:17:07Z
2025-05-15,VNQ,89.190002,2563000,2026-09-05T01:17:07Z
2025-05-15,VWO,47.680000,6978000,2026-09-05T01:17:07Z
2025-05-16,BIL,91.599998,8756000,2026-09-05T01:17:07Z
2025-05-16,DBC,21.190001,626800,2026-09-05T01:17:07Z
2025-05-16,IEF,93.970001,6819200,2026-09-05T01:17:07Z
2025-05-16,IWM,209.850006,28906400,2026-09-05T01:17:07Z
2025-05-16,SPY,594.200012,76052100,2026-09-05T01:17:07Z
2025-05-16,TIP,108.879997,1120900,2026-09-05T01:17:07Z
2025-05-16,TLT,86.300003,31778200,2026-09-05T01:17:07Z
2025-05-16,VEA,54.500000,10793700,2026-09-05T01:17:07Z
2025-05-16,VNQ,90.300003,2580300,2026-09-05T01:17:07Z
2025-05-16,VWO,47.730000,5940400,2026-09-05T01:17:07Z
2025-05-19,BIL,91.599998,7618200,2026-09-05T01:17:07Z
2025-05-19,DBC,21.160000,683700,2026-09-05T01:17:07Z
2025-05-19,IEF,93.919998,11704900,2026-09-05T01:17:07Z
2025-05-19,IWM,208.970001,25859600,2026-09-05T01:17:07Z
2025-05-19,SPY,594.849976,68168500,2026-09-05T01:17:07Z
2025-05-19,TIP,108.889999,2179300,2026-09-05T01:17:07Z
2025-05-19,TLT,86.050003,49361900,2026-09-05T01:17:07Z
2025-05-19,VEA,54.939999,9975100,2026-09-05T01:17:07Z
2025-05-19,VNQ,90.320000,2956400,2026-09-05T01:17:07Z
2025-05-19,VWO,47.930000,6980600,2026-09-05T01:17:07Z
2025-05-20,BIL,91.620003,7925400,2026-09-05T01:17:07Z
2025-05-20,DBC,21.430000,680000,2026-09-05T01:17:07Z
2025-05-20,IEF,93.800003,8929600,2026-09-05T01:17:07Z
2025-05-20,IWM,209.080002,22053100,2026-09-05T01:17:07Z
2025-05-20,SPY,592.849976,60614500,2026-09-05T01:17:07Z
2025-05-20,TIP,108.730003,1851600,2026-09-05T01:17:07Z
2025-05-20,TLT,85.430000,35493100,2026-09-05T01:17:07Z
2025-05-20,VEA,55.200001,14531300,2026-09-05T01:17:07Z
2025-05-20,VNQ,89.790001,2003300,2026-09-05T01:17:07Z
2025-05-20,VWO,47.830002,6938500,2026-09-05T01:17:07Z
2025-05-21,BIL,91.629997,12007400,2026-09-05T01:17:07Z
2025-05-21,DBC,21.400000,921900,2026-09-05T01:17:07Z
2025-05-21,IEF,93.150002,11383500,2026-09-05T01:17:07Z
2025-05-21,IWM,203.210007,36704400,2026-09-05T01:17:07Z
2025-05-21,SPY,582.859985,95197700,2026-09-05T01:17:07Z
2025-05-21,TIP,108.139999,1870000,2026-09-05T01:17:07Z
2025-05-21,TLT,83.970001,77053100,2026-09-05T01:17:07Z
2025-05-21,VEA,54.900002,16508100,2026-09-05T01:17:07Z
2025-05-21,VNQ,87.400002,2677200,2026-09-05T01:17:07Z
2025-05-21,VWO,47.709999,8524100,2026-09-05T01:17:07Z
2025-05-22,BIL,91.650002,7876500,2026-09-05T01:17:07Z
2025-05-22,DBC,21.290001,634000,2026-09-05T01:17:07Z
2025-05-22,IEF,93.500000,10981200,2026-09-05T01:17:07Z
2025-05-22,IWM,203.199997,31831300,2026-09-05T01:17:07Z
2025-05-22,SPY,583.090027,70860400,2026-09-05T01:17:07Z
2025-05-22,TIP,108.459999,2654500,2026-09-05T01:17:07Z
2025-05-22,TLT,84.410004,61747900,2026-09-05T01:17:07Z
2025-05-22,VEA,54.840000,12009200,2026-09-05T01:17:07Z
2025-05-22,VNQ,87.000000,2540100,2026-09-05T01:17:07Z
2025-05-22,VWO,47.599998,10094800,2026-09-05T01:17:07Z
2025-05-23,BIL,91.690002,14805900,2026-09-05T01:17:07Z
2025-05-23,DBC,21.410000,444100,2026-09-05T01:17:07Z
2025-05-23,IEF,93.769997,9860700,2026-09-05T01:17:07Z
2025-05-23,IWM,202.559998,29114600,2026-09-05T01:17:07Z
2025-05-23,SPY,579.109985,76029000,2026-09-05T01:17:07Z
2025-05-23,TIP,108.559998,1596900,2026-09-05T01:17:07Z
2025-05-23,TLT,84.550003,47139200,2026-09-05T01:17:07Z
2025-05-23,VEA,55.029999,12360500,2026-09-05T01:17:07Z
2025-05-23,VNQ,87.089996,2123000,2026-09-05T01:17:07Z
2025-05-23,VWO,47.799999,7399000,2026-09-05T01:17:07Z
2025-05-27,BIL,91.690002,8996500,2026-09-05T01:17:07Z
2025-05-27,DBC,21.219999,624700,2026-09-05T01:17:07Z
2025-05-27,IEF,94.160004,10834400,2026-09-05T01:17:07Z
2025-05-27,IWM,207.699997,31655900,2026-09-05T01:17:07Z
2025-05-27,SPY,591.150024,72588500,2026-09-05T01:17:07Z
2025-05-27,TIP,108.870003,2875500,2026-09-05T01:17:07Z
2025-05-27,TLT,85.730003,56773400,2026-09-05T01:17:07Z
2025-05-27,VEA,55.799999,12582300,2026-09-05T01:17:07Z
2025-05-27,VNQ,88.610001,2117700,2026-09-05T01:17:07Z
2025-05-27,VWO,47.630001,5895500,2026-09-05T01:17:07Z
2025-05-28,BIL,91.699997,9887600,2026-09-05T01:17:07Z
2025-05-28,DBC,21.150000,590600,2026-09-05T01:17:07Z
2025-05-28,IEF,93.900002,8591500,2026-09-05T01:17:07Z
2025-05-28,IWM,205.509995,26046700,2026-09-05T01:17:07Z
2025-05-28,SPY,587.729980,68445500,2026-09-05T01:17:07Z
2025-05-28,TIP,108.620003,2367900,2026-09-05T01:17:07Z
2025-05-28,TLT,85.360001,34806800,2026-09-05T01:17:07Z
2025-05-28,VEA,55.290001,12534800,2026-09-05T01:17:07Z
2025-05-28,VNQ,88.519997,1912800,2026-09-05T01:17:07Z
2025-05-28,VWO,47.340000,15196400,2026-09-05T01:17:07Z
2025-05-29,BIL,91.709999,7477700,2026-09-05T01:17:07Z
2025-05-29,DBC,21.040001,358800,2026-09-05T01:17:07Z
2025-05-29,IEF,94.290001,9679100,2026-09-05T01:17:07Z
2025-05-29,IWM,206.119995,32749500,2026-09-05T01:17:07Z
2025-05-29,SPY,590.049988,69973300,2026-09-05T01:17:07Z
2025-05-29,TIP,108.930000,1714500,2026-09-05T01:17:07Z
2025-05-29,TLT,86.150002,38933200,2026-09-05T01:17:07Z
2025-05-29,VEA,55.509998,11628800,2026-09-05T01:17:07Z
2025-05-29,VNQ,89.320000,2440300,2026-09-05T01:17:07Z
2025-05-29,VWO,47.549999,10474100,2026-09-05T01:17:07Z
2025-05-30,BIL,91.739998,19202100,2026-09-05T01:17:07Z
2025-05-30,DBC,20.879999,419100,2026-09-05T01:17:07Z
2025-05-30,IEF,94.570000,10268600,2026-09-05T01:17:07Z
2025-05-30,IWM,205.070007,37768900,2026-09-05T01:17:07Z
2025-05-30,SPY,589.390015,90601200,2026-09-05T01:17:07Z
2025-05-30,TIP,109.290001,3950200,2026-09-05T01:17:07Z
2025-05-30,TLT,86.279999,49042100,2026-09-05T01:17:07Z
2025-05-30,VEA,55.580002,14170800,2026-09-05T01:17:07Z
2025-05-30,VNQ,89.320000,2525900,2026-09-05T01:17:07Z
2025-05-30,VWO,47.000000,9403000,2026-09-05T01:17:07Z
2025-06-02,BIL,91.440002,17013900,2026-09-05T01:17:07Z
2025-06-02,DBC,21.320000,1477700,2026-09-05T01:17:07Z
2025-06-02,IEF,93.940002,13341900,2026-09-05T01:17:07Z
2025-06-02,IWM,205.710007,30334300,2026-09-05T01:17:07Z
2025-06-02,SPY,592.710022,61630500,2026-09-05T01:17:07Z
2025-06-02,TIP,108.650002,2797100,2026-09-05T01:17:07Z
2025-06-02,TLT,85.160004,46213100,2026-09-05T01:17:07Z
2025-06-02,VEA,56.220001,11474800,2026-09-05T01:17:07Z
2025-06-02,VNQ,89.440002,3101600,2026-09-05T01:17:07Z
2025-06-02,VWO,47.330002,16323000,2026-09-05T01:17:07Z
2025-06-03,BIL,91.459999,8454700,2026-09-05T01:17:07Z
2025-06-03,DBC,21.459999,566700,2026-09-05T01:17:07Z
2025-06-03,IEF,93.849998,8508900,2026-09-05T01:17:07Z
2025-06-03,IWM,209.029999,37702200,2026-09-05T01:17:07Z
2025-06-03,SPY,596.090027,63606200,2026-09-05T01:17:07Z
2025-06-03,TIP,108.550003,3669800,2026-09-05T01:17:07Z
2025-06-03,TLT,85.010002,33731300,2026-09-05T01:17:07Z
2025-06-03,VEA,55.810001,16827000,2026-09-05T01:17:07Z
2025-06-03,VNQ,89.260002,2155700,2026-09-05T01:17:07Z
2025-06-03,VWO,47.439999,7926200,2026-09-05T01:17:07Z
2025-06-04,BIL,91.459999,14872200,2026-09-05T01:17:07Z
2025-06-04,DBC,21.379999,871500,2026-09-05T01:17:07Z
2025-06-04,IEF,94.540001,10115900,2026-09-05T01:17:07Z
2025-06-04,IWM,208.440002,27225300,2026-09-05T01:17:07Z
2025-06-04,SPY,595.929993,57314200,2026-09-05T01:17:07Z
2025-06-04,TIP,108.970001,2432200,2026-09-05T01:17:07Z
2025-06-04,TLT,86.389999,57441500,2026-09-05T01:17:07Z
2025-06-04,VEA,56.099998,12306100,2026-09-05T01:17:07Z
2025-06-04,VNQ,89.510002,2598200,2026-09-05T01:17:07Z
2025-06-04,VWO,47.910000,8385800,2026-09-05T01:17:07Z
2025-06-05,BIL,91.470001,7780200,2026-09-05T01:17:07Z
2025-06-05,DBC,21.480000,460200,2026-09-05T01:17:07Z
2025-06-05,IEF,94.260002,8762800,2026-09-05T01:17:07Z
2025-06-05,IWM,208.529999,35728700,2026-09-05T01:17:07Z
2025-06-05,SPY,593.049988,92278700,2026-09-05T01:17:07Z
2025-06-05,TIP,108.650002,2596700,2026-09-05T01:17:07Z
2025-06-05,TLT,86.449997,37664700,2026-09-05T01:17:07Z
2025-06-05,VEA,56.099998,14319000,2026-09-05T01:17:07Z
2025-06-05,VNQ,89.440002,3148400,2026-09-05T01:17:07Z
2025-06-05,VWO,48.029999,9619000,2026-09-05T01:17:07Z
2025-06-06,BIL,91.500000,7582100,2026-09-05T01:17:07Z
2025-06-06,DBC,21.650000,1122800,2026-09-05T01:17:07Z
2025-06-06,IEF,93.510002,7624200,2026-09-05T01:17:07Z
2025-06-06,IWM,211.899994,32144500,2026-09-05T01:17:07Z
2025-06-06,SPY,599.140015,66588700,2026-09-05T01:17:07Z
2025-06-06,TIP,108.070000,2031700,2026-09-05T01:17:07Z
2025-06-06,TLT,85.349998,38130100,2026-09-05T01:17:07Z
2025-06-06,VEA,56.279999,9887400,2026-09-05T01:17:07Z
2025-06-06,VNQ,89.870003,2707200,2026-09-05T01:17:07Z
2025-06-06,VWO,48.240002,6974600,2026-09-05T01:17:07Z
2025-06-09,BIL,91.519997,8128000,2026-09-05T01:17:07Z
2025-06-09,DBC,21.670000,737900,2026-09-05T01:17:07Z
2025-06-09,IEF,93.680000,6061200,2026-09-05T01:17:07Z
2025-06-09,IWM,213.360001,33984400,2026-09-05T01:17:07Z
2025-06-09,SPY,599.679993,53016400,2026-09-05T01:17:07Z
2025-06-09,TIP,108.220001,2846000,2026-09-05T01:17:07Z
2025-06-09,TLT,85.440002,26560800,2026-09-05T01:17:07Z
2025-06-09,VEA,56.299999,11053500,2026-09-05T01:17:07Z
2025-06-09,VNQ,89.989998,3676100,2026-09-05T01:17:07Z
2025-06-09,VWO,48.590000,7796900,2026-09-05T01:17:07Z
2025-06-10,BIL,91.529999,9514600,2026-09-05T01:17:07Z
2025-06-10,DBC,21.620001,463600,2026-09-05T01:17:07Z
2025-06-10,IEF,93.839996,5579900,2026-09-05T01:17:07Z
2025-06-10,IWM,214.509995,30182200,2026-09-05T01:17:07Z
2025-06-10,SPY,603.080017,66247000,2026-09-05T01:17:07Z
2025-06-10,TIP,108.269997,1757100,2026-09-05T01:17:07Z
2025-06-10,TLT,85.879997,24857000,2026-09-05T01:17:07Z
2025-06-10,VEA,56.430000,10078900,2026-09-05T01:17:07Z
2025-06-10,VNQ,90.760002,4036000,2026-09-05T01:17:07Z
2025-06-10,VWO,48.950001,6603200,2026-09-05T01:17:07Z
2025-06-11,BIL,91.529999,7435700,2026-09-05T01:17:07Z
2025-06-11,DBC,21.969999,829400,2026-09-05T01:17:07Z
2025-06-11,IEF,94.230003,6594900,2026-09-05T01:17:07Z
2025-06-11,IWM,213.630005,31113400,2026-09-05T01:17:07Z
2025-06-11,SPY,601.359985,73658200,2026-09-05T01:17:07Z
2025-06-11,TIP,108.449997,1820500,2026-09-05T01:17:07Z
2025-06-11,TLT,86.139999,36334800,2026-09-05T01:17:07Z
2025-06-11,VEA,56.419998,16068500,2026-09-05T01:17:07Z
2025-06-11,VNQ,90.269997,2874600,2026-09-05T01:17:07Z
2025-06-11,VWO,49.110001,8005700,2026-09-05T01:17:07Z
2025-06-12,BIL,91.540001,5315900,2026-09-05T01:17:07Z
2025-06-12,DBC,21.969999,796900,2026-09-05T01:17:07Z
2025-06-12,IEF,94.639999,7795400,2026-09-05T01:17:07Z
2025-06-12,IWM,212.779999,25367000,2026-09-05T01:17:07Z
2025-06-12,SPY,603.750000,64129000,2026-09-05T01:17:07Z
2025-06-12,TIP,108.760002,2207700,2026-09-05T01:17:07Z
2025-06-12,TLT,87.169998,43017800,2026-09-05T01:17:07Z
2025-06-12,VEA,56.860001,9588500,2026-09-05T01:17:07Z
2025-06-12,VNQ,90.709999,2007200,2026-09-05T01:17:07Z
2025-06-12,VWO,49.119999,8442200,2026-09-05T01:17:07Z
2025-06-13,BIL,91.580002,6221300,2026-09-05T01:17:07Z
2025-06-13,DBC,22.650000,1622600,2026-09-05T01:17:07Z
2025-06-13,IEF,94.290001,9195200,2026-09-05T01:17:07Z
2025-06-13,IWM,208.889999,60580000,2026-09-05T01:17:07Z
2025-06-13,SPY,597.000000,89506000,2026-09-05T01:17:07Z
2025-06-13,TIP,108.599998,1633700,2026-09-05T01:17:07Z
2025-06-13,TLT,86.330002,49374000,2026-09-05T01:17:07Z
2025-06-13,VEA,56.169998,12588200,2026-09-05T01:17:07Z
2025-06-13,VNQ,89.830002,2334100,2026-09-05T01:17:07Z
2025-06-13,VWO,48.380001,8019000,2026-09-05T01:17:07Z
2025-06-16,BIL,91.580002,8456900,2026-09-05T01:17:07Z
2025-06-16,DBC,22.600000,2231300,2026-09-05T01:17:07Z
2025-06-16,IEF,94.019997,7508400,2026-09-05T01:17:07Z
2025-06-16,IWM,210.770004,28974000,2026-09-05T01:17:07Z
2025-06-16,SPY,602.679993,79984100,2026-09-05T01:17:07Z
2025-06-16,TIP,108.449997,1684500,2026-09-05T01:17:07Z
2025-06-16,TLT,85.459999,36496600,2026-09-05T01:17:07Z
2025-06-16,VEA,56.450001,13452500,2026-09-05T01:17:07Z
2025-06-16,VNQ,89.900002,2657500,2026-09-05T01:17:07Z
2025-06-16,VWO,48.830002,7234000,2026-09-05T01:17:07Z
2025-06-17,BIL,91.599998,5518300,2026-09-05T01:17:07Z
2025-06-17,DBC,23.080000,1641600,2026-09-05T01:17:07Z
2025-06-17,IEF,94.480003,5285000,2026-09-05T01:17:07Z
2025-06-17,IWM,208.550003,32843200,2026-09-05T01:17:07Z
2025-06-17,SPY,597.530029,82209400,2026-09-05T01:17:07Z
2025-06-17,TIP,109.019997,3579200,2026-09-05T01:17:07Z
2025-06-17,TLT,86.500000,34521600,2026-09-05T01:17:07Z
2025-06-17,VEA,55.740002,12149200,2026-09-05T01:17:07Z
2025-06-17,VNQ,89.580002,1879400,2026-09-05T01:17:07Z
2025-06-17,VWO,48.279999,7342700,2026-09-05T01:17:07Z
2025-06-18,BIL,91.620003,5063800,2026-09-05T01:17:07Z
2025-06-18,DBC,23.139999,1790200,2026-09-05T01:17:07Z
2025-06-18,IEF,94.540001,6732400,2026-09-05T01:17:07Z
2025-06-18,IWM,209.649994,42850500,2026-09-05T01:17:07Z
2025-06-18,SPY,597.440002,76605000,2026-09-05T01:17:07Z
2025-06-18,TIP,109.099998,2168800,2026-09-05T01:17:07Z
2025-06-18,TLT,86.650002,38589000,2026-09-05T01:17:07Z
2025-06-18,VEA,55.889999,18749600,2026-09-05T01:17:07Z
2025-06-18,VNQ,89.889999,2945800,2026-09-05T01:17:07Z
2025-06-18,VWO,48.150002,8555900,2026-09-05T01:17:07Z
2025-06-20,BIL,91.639999,6516900,2026-09-05T01:17:07Z
2025-06-20,DBC,23.260000,989900,2026-09-05T01:17:07Z
2025-06-20,IEF,94.599998,6261700,2026-09-05T01:17:07Z
2025-06-20,IWM,209.210007,36978100,2026-09-05T01:17:07Z
2025-06-20,SPY,594.280029,94051400,2026-09-05T01:17:07Z
2025-06-20,TIP,109.290001,1740800,2026-09-05T01:17:07Z
2025-06-20,TLT,86.489998,26001900,2026-09-05T01:17:07Z
2025-06-20,VEA,55.000000,14499600,2026-09-05T01:17:07Z
2025-06-20,VNQ,89.830002,2940300,2026-09-05T01:17:07Z
2025-06-20,VWO,47.560001,7903000,2026-09-05T01:17:07Z
2025-06-23,BIL,91.660004,6474200,2026-09-05T01:17:07Z
2025-06-23,DBC,22.400000,3334200,2026-09-05T01:17:07Z
2025-06-23,IEF,94.930000,9310300,2026-09-05T01:17:07Z
2025-06-23,IWM,211.770004,35516400,2026-09-05T01:17:07Z
2025-06-23,SPY,600.150024,87426000,2026-09-05T01:17:07Z
2025-06-23,TIP,109.379997,2846600,2026-09-05T01:17:07Z
2025-06-23,TLT,86.769997,36851800,2026-09-05T01:17:07Z
2025-06-23,VEA,55.419998,25964800,2026-09-05T01:17:07Z
2025-06-23,VNQ,91.180000,3142100,2026-09-05T01:17:07Z
2025-06-23,VWO,47.950001,9587100,2026-09-05T01:17:07Z
2025-06-24,BIL,91.660004,16266600,2026-09-05T01:17:07Z
2025-06-24,DBC,21.860001,1732000,2026-09-05T01:17:07Z
2025-06-24,IEF,95.260002,7694500,2026-09-05T01:17:07Z
2025-06-24,IWM,214.470001,31772500,2026-09-05T01:17:07Z
2025-06-24,SPY,606.780029,67735300,2026-09-05T01:17:07Z
2025-06-24,TIP,109.519997,2604700,2026-09-05T01:17:07Z
2025-06-24,TLT,87.400002,32959100,2026-09-05T01:17:07Z
2025-06-24,VEA,56.150002,22023200,2026-09-05T01:17:07Z
2025-06-24,VNQ,91.419998,2727300,2026-09-05T01:17:07Z
2025-06-24,VWO,48.990002,10711500,2026-09-05T01:17:07Z
2025-06-25,BIL,91.669998,7119500,2026-09-05T01:17:07Z
2025-06-25,DBC,21.830000,1541900,2026-09-05T01:17:07Z
2025-06-25,IEF,95.300003,6393300,2026-09-05T01:17:07Z
2025-06-25,IWM,211.970001,27725600,2026-09-05T01:17:07Z
2025-06-25,SPY,607.119995,62114800,2026-09-05T01:17:07Z
2025-06-25,TIP,109.580002,2096200,2026-09-05T01:17:07Z
2025-06-25,TLT,87.510002,26345300,2026-09-05T01:17:07Z
2025-06-25,VEA,55.869999,12783800,2026-09-05T01:17:07Z
2025-06-25,VNQ,89.220001,4282500,2026-09-05T01:17:07Z
2025-06-25,VWO,49.110001,7019000,2026-09-05T01:17:07Z
2025-06-26,BIL,91.680000,7976100,2026-09-05T01:17:07Z
2025-06-26,DBC,21.910000,1288300,2026-09-05T01:17:07Z
2025-06-26,IEF,95.639999,7131900,2026-09-05T01:17:07Z
2025-06-26,IWM,215.410004,26261200,2026-09-05T01:17:07Z
2025-06-26,SPY,611.869995,78548400,2026-09-05T01:17:07Z
2025-06-26,TIP,109.900002,2620800,2026-09-05T01:17:07Z
2025-06-26,TLT,87.949997,30467500,2026-09-05T01:17:07Z
2025-06-26,VEA,56.480000,15078700,2026-09-05T01:17:07Z
2025-06-26,VNQ,88.269997,5886100,2026-09-05T01:17:07Z
2025-06-26,VWO,49.439999,7417500,2026-09-05T01:17:07Z
2025-06-27,BIL,91.720001,6878900,2026-09-05T01:17:07Z
2025-06-27,DBC,21.799999,873200,2026-09-05T01:17:07Z
2025-06-27,IEF,95.389999,8402400,2026-09-05T01:17:07Z
2025-06-27,IWM,215.479996,47717300,2026-09-05T01:17:07Z
2025-06-27,SPY,614.909973,86258400,2026-09-05T01:17:07Z
2025-06-27,TIP,109.760002,1547100,2026-09-05T01:17:07Z
2025-06-27,TLT,87.389999,74993500,2026-09-05T01:17:07Z
2025-06-27,VEA,56.830002,11093400,2026-09-05T01:17:07Z
2025-06-27,VNQ,88.489998,3179200,2026-09-05T01:17:07Z
2025-06-27,VWO,49.389999,8246100,2026-09-05T01:17:07Z
2025-06-30,BIL,91.730003,16763400,2026-09-05T01:17:07Z
2025-06-30,DBC,21.809999,1184000,2026-09-05T01:17:07Z
2025-06-30,IEF,95.769997,10542300,2026-09-05T01:17:07Z
2025-06-30,IWM,215.789993,25558000,2026-09-05T01:17:07Z
2025-06-30,SPY,617.849976,92502500,2026-09-05T01:17:07Z
2025-06-30,TIP,110.040001,4252900,2026-09-05T01:17:07Z
2025-06-30,TLT,88.250000,53695200,2026-09-05T01:17:07Z
2025-06-30,VEA,57.009998,15742500,2026-09-05T01:17:07Z
2025-06-30,VNQ,89.059998,8752300,2026-09-05T01:17:07Z
2025-06-30,VWO,49.459999,9388200,2026-09-05T01:17:07Z
2025-07-01,BIL,91.440002,18374200,2026-09-05T01:17:07Z
2025-07-01,DBC,21.930000,585700,2026-09-05T01:17:07Z
2025-07-01,IEF,95.290001,10659800,2026-09-05T01:17:07Z
2025-07-01,IWM,218.009995,43864800,2026-09-05T01:17:07Z
2025-07-01,SPY,617.650024,70030100,2026-09-05T01:17:07Z
2025-07-01,TIP,109.599998,5945000,2026-09-05T01:17:07Z
2025-07-01,TLT,88.139999,38960600,2026-09-05T01:17:07Z
2025-07-01,VEA,56.970001,14596800,2026-09-05T01:17:07Z
2025-07-01,VNQ,89.709999,5552800,2026-09-05T01:17:07Z
2025-07-01,VWO,49.660000,12817900,2026-09-05T01:17:07Z
2025-07-02,BIL,91.449997,6569200,2026-09-05T01:17:07Z
2025-07-02,DBC,22.290001,325600,2026-09-05T01:17:07Z
2025-07-02,IEF,95.089996,6026200,2026-09-05T01:17:07Z
2025-07-02,IWM,221.029999,35735200,2026-09-05T01:17:07Z
2025-07-02,SPY,620.450012,66510400,2026-09-05T01:17:07Z
2025-07-02,TIP,109.550003,3416700,2026-09-05T01:17:07Z
2025-07-02,TLT,87.580002,39382200,2026-09-05T01:17:07Z
2025-07-02,VEA,57.150002,10927900,2026-09-05T01:17:07Z
2025-07-02,VNQ,89.919998,3469500,2026-09-05T01:17:07Z
2025-07-02,VWO,49.799999,13396200,2026-09-05T01:17:07Z
2025-07-03,BIL,91.500000,4860800,2026-09-05T01:17:07Z
2025-07-03,DBC,22.280001,202000,2026-09-05T01:17:07Z
2025-07-03,IEF,94.760002,7398900,2026-09-05T01:17:07Z
2025-07-03,IWM,223.080002,23515700,2026-09-05T01:17:07Z
2025-07-03,SPY,625.340027,51065800,2026-09-05T01:17:07Z
2025-07-03,TIP,109.360001,1776100,2026-09-05T01:17:07Z
2025-07-03,TLT,86.970001,26729100,2026-09-05T01:17:07Z
2025-07-03,VEA,57.220001,7279700,2026-09-05T01:17:07Z
2025-07-03,VNQ,90.019997,2361700,2026-09-05T01:17:07Z
2025-07-03,VWO,50.020000,5099600,2026-09-05T01:17:07Z
2025-07-07,BIL,91.510002,11518400,2026-09-05T01:17:07Z
2025-07-07,DBC,22.260000,413100,2026-09-05T01:17:07Z
2025-07-07,IEF,94.459999,8518600,2026-09-05T01:17:07Z
2025-07-07,IWM,219.729996,41551200,2026-09-05T01:17:07Z
2025-07-07,SPY,620.679993,74814500,2026-09-05T01:17:07Z
2025-07-07,TIP,109.220001,1758700,2026-09-05T01:17:07Z
2025-07-07,TLT,86.139999,38314700,2026-09-05T01:17:07Z
2025-07-07,VEA,56.509998,15994700,2026-09-05T01:17:07Z
2025-07-07,VNQ,89.250000,4467500,2026-09-05T01:17:07Z
2025-07-07,VWO,49.430000,8273700,2026-09-05T01:17:07Z
2025-07-08,BIL,91.510002,10532400,2026-09-05T01:17:07Z
2025-07-08,DBC,22.330000,557200,2026-09-05T01:17:07Z
2025-07-08,IEF,94.320000,5282800,2026-09-05T01:17:07Z
2025-07-08,IWM,221.250000,36339300,2026-09-05T01:17:07Z
2025-07-08,SPY,620.340027,59024600,2026-09-05T01:17:07Z
2025-07-08,TIP,109.129997,1577300,2026-09-05T01:17:07Z
2025-07-08,TLT,86.029999,31407000,2026-09-05T01:17:07Z
2025-07-08,VEA,56.919998,14520300,2026-09-05T01:17:07Z
2025-07-08,VNQ,89.120003,3631300,2026-09-05T01:17:07Z
2025-07-08,VWO,49.619999,8605100,2026-09-05T01:17:07Z
2025-07-09,BIL,91.519997,10322900,2026-09-05T01:17:07Z
2025-07-09,DBC,22.290001,577300,2026-09-05T01:17:07Z
2025-07-09,IEF,94.809998,6900800,2026-09-05T01:17:07Z
2025-07-09,IWM,223.649994,32425200,2026-09-05T01:17:07Z
2025-07-09,SPY,624.059998,66113300,2026-09-05T01:17:07Z
2025-07-09,TIP,109.540001,3659600,2026-09-05T01:17:07Z
2025-07-09,TLT,86.930000,29821900,2026-09-05T01:17:07Z
2025-07-09,VEA,57.310001,9479400,2026-09-05T01:17:07Z
2025-07-09,VNQ,89.190002,3837000,2026-09-05T01:17:07Z
2025-07-09,VWO,49.610001,7040500,2026-09-05T01:17:07Z
2025-07-10,BIL,91.540001,9514400,2026-09-05T01:17:07Z
2025-07-10,DBC,22.219999,347400,2026-09-05T01:17:07Z
2025-07-10,IEF,94.760002,4451900,2026-09-05T01:17:07Z
2025-07-10,IWM,224.800003,33865900,2026-09-05T01:17:07Z
2025-07-10,SPY,625.820007,57529000,2026-09-05T01:17:07Z
2025-07-10,TIP,109.510002,2378200,2026-09-05T01:17:07Z
2025-07-10,TLT,86.989998,24525500,2026-09-05T01:17:07Z
2025-07-10,VEA,57.349998,8208900,2026-09-05T01:17:07Z
2025-07-10,VNQ,89.750000,5303600,2026-09-05T01:17:07Z
2025-07-10,VWO,49.660000,9290200,2026-09-05T01:17:07Z
2025-07-11,BIL,91.559998,5713900,2026-09-05T01:17:07Z
2025-07-11,DBC,22.510000,329700,2026-09-05T01:17:07Z
2025-07-11,IEF,94.320000,6004300,2026-09-05T01:17:07Z
2025-07-11,IWM,221.699997,31579600,2026-09-05T01:17:07Z
2025-07-11,SPY,623.619995,63670200,2026-09-05T01:17:07Z
2025-07-11,TIP,109.330002,2269800,2026-09-05T01:17:07Z
2025-07-11,TLT,85.790001,40764800,2026-09-05T01:17:07Z
2025-07-11,VEA,56.869999,9424800,2026-09-05T01:17:07Z
2025-07-11,VNQ,89.760002,3987600,2026-09-05T01:17:07Z
2025-07-11,VWO,49.590000,7209600,2026-09-05T01:17:07Z
2025-07-14,BIL,91.570000,6587100,2026-09-05T01:17:07Z
2025-07-14,DBC,22.320000,562500,2026-09-05T01:17:07Z
2025-07-14,IEF,94.279999,5101600,2026-09-05T01:17:07Z
2025-07-14,IWM,223.190002,24632200,2026-09-05T01:17:07Z
2025-07-14,SPY,624.809998,51898500,2026-09-05T01:17:07Z
2025-07-14,TIP,109.400002,1530500,2026-09-05T01:17:07Z
2025-07-14,TLT,85.610001,24609500,2026-09-05T01:17:07Z
2025-07-14,VEA,56.939999,10144900,2026-09-05T01:17:07Z
2025-07-14,VNQ,90.339996,3256900,2026-09-05T01:17:07Z
2025-07-14,VWO,49.650002,5039700,2026-09-05T01:17:07Z
2025-07-15,BIL,91.580002,6166500,2026-09-05T01:17:07Z
2025-07-15,DBC,22.280001,494700,2026-09-05T01:17:07Z
2025-07-15,IEF,93.910004,5628100,2026-09-05T01:17:07Z
2025-07-15,IWM,218.820007,44215400,2026-09-05T01:17:07Z
2025-07-15,SPY,622.140015,74317300,2026-09-05T01:17:07Z
2025-07-15,TIP,109.110001,2408100,2026-09-05T01:17:07Z
2025-07-15,TLT,85.010002,40455000,2026-09-05T01:17:07Z
2025-07-15,VEA,56.369999,9655900,2026-09-05T01:17:07Z
2025-07-15,VNQ,89.010002,4483000,2026-09-05T01:17:07Z
2025-07-15,VWO,50.009998,7898700,2026-09-05T01:17:07Z
2025-07-16,BIL,91.599998,6745200,2026-09-05T01:17:07Z
2025-07-16,DBC,22.309999,313600,2026-09-05T01:17:07Z
2025-07-16,IEF,94.169998,12786300,2026-09-05T01:17:07Z
2025-07-16,IWM,221.020004,48199800,2026-09-05T01:17:07Z
2025-07-16,SPY,624.219971,88987500,2026-09-05T01:17:07Z
2025-07-16,TIP,109.480003,4479200,2026-09-05T01:17:07Z
2025-07-16,TLT,85.129997,65987700,2026-09-05T01:17:07Z
2025-07-16,VEA,56.639999,15045300,2026-09-05T01:17:07Z
2025-07-16,VNQ,89.849998,4126500,2026-09-05T01:17:07Z
2025-07-16,VWO,50.240002,7597200,2026-09-05T01:17:07Z
2025-07-17,BIL,91.599998,6559900,2026-09-05T01:17:07Z
2025-07-17,DBC,22.490000,203300,2026-09-05T01:17:07Z
2025-07-17,IEF,94.139999,4747200,2026-09-05T01:17:07Z
2025-07-17,IWM,223.919998,43548000,2026-09-05T01:17:07Z
2025-07-17,SPY,628.039978,68885700,2026-09-05T01:17:07Z
2025-07-17,TIP,109.580002,1618100,2026-09-05T01:17:07Z
2025-07-17,TLT,85.110001,31875500,2026-09-05T01:17:07Z
2025-07-17,VEA,56.770000,12344500,2026-09-05T01:17:07Z
2025-07-17,VNQ,89.750000,3406500,2026-09-05T01:17:07Z
2025-07-17,VWO,50.549999,10502400,2026-09-05T01:17:07Z
2025-07-18,BIL,91.639999,6681400,2026-09-05T01:17:07Z
2025-07-18,DBC,22.530001,762500,2026-09-05T01:17:07Z
2025-07-18,IEF,94.400002,4035000,2026-09-05T01:17:07Z
2025-07-18,IWM,222.330002,49009900,2026-09-05T01:17:07Z
2025-07-18,SPY,627.580017,65621600,2026-09-05T01:17:07Z
2025-07-18,TIP,109.699997,1720400,2026-09-05T01:17:07Z
2025-07-18,TLT,85.239998,27534900,2026-09-05T01:17:07Z
2025-07-18,VEA,56.639999,7999000,2026-09-05T01:17:07Z
2025-07-18,VNQ,89.940002,2523700,2026-09-05T01:17:07Z
2025-07-18,VWO,50.490002,5386100,2026-09-05T01:17:07Z
2025-07-21,BIL,91.660004,6678700,2026-09-05T01:17:07Z
2025-07-21,DBC,22.480000,500600,2026-09-05T01:17:07Z
2025-07-21,IEF,94.730003,5232300,2026-09-05T01:17:07Z
2025-07-21,IWM,221.429993,28191400,2026-09-05T01:17:07Z
2025-07-21,SPY,628.770020,63375000,2026-09-05T01:17:07Z
2025-07-21,TIP,109.980003,3055900,2026-09-05T01:17:07Z
2025-07-21,TLT,86.000000,40019500,2026-09-05T01:17:07Z
2025-07-21,VEA,57.009998,9228500,2026-09-05T01:17:07Z
2025-07-21,VNQ,90.309998,3904200,2026-09-05T01:17:07Z
2025-07-21,VWO,50.750000,5867900,2026-09-05T01:17:07Z
2025-07-22,BIL,91.669998,4792100,2026-09-05T01:17:07Z
2025-07-22,DBC,22.440001,334000,2026-09-05T01:17:07Z
2025-07-22,IEF,95.000000,6098000,2026-09-05T01:17:07Z
2025-07-22,IWM,223.270004,30873300,2026-09-05T01:17:07Z
2025-07-22,SPY,628.859985,60046300,2026-09-05T01:17:07Z
2025-07-22,TIP,110.080002,3951300,2026-09-05T01:17:07Z
2025-07-22,TLT,86.519997,35190300,2026-09-05T01:17:07Z
2025-07-22,VEA,57.279999,12246600,2026-09-05T01:17:07Z
2025-07-22,VNQ,91.860001,2684200,2026-09-05T01:17:07Z
2025-07-22,VWO,50.759998,16282800,2026-09-05T01:17:07Z
2025-07-23,BIL,91.680000,6437300,2026-09-05T01:17:07Z
2025-07-23,DBC,22.379999,438200,2026-09-05T01:17:07Z
2025-07-23,IEF,94.660004,5074000,2026-09-05T01:17:07Z
2025-07-23,IWM,226.679993,37478100,2026-09-05T01:17:07Z
2025-07-23,SPY,634.210022,70511000,2026-09-05T01:17:07Z
2025-07-23,TIP,109.650002,2282900,2026-09-05T01:17:07Z
2025-07-23,TLT,86.040001,31008500,2026-09-05T01:17:07Z
2025-07-23,VEA,58.500000,12462600,2026-09-05T01:17:07Z
2025-07-23,VNQ,92.040001,2981900,2026-09-05T01:17:07Z
2025-07-23,VWO,51.230000,15946900,2026-09-05T01:17:07Z
2025-07-24,BIL,91.680000,4807700,2026-09-05T01:17:07Z
2025-07-24,DBC,22.400000,347300,2026-09-05T01:17:07Z
2025-07-24,IEF,94.519997,5867400,2026-09-05T01:17:07Z
2025-07-24,IWM,223.550003,29446700,2026-09-05T01:17:07Z
2025-07-24,SPY,634.419983,71307100,2026-09-05T01:17:07Z
2025-07-24,TIP,109.730003,2321000,2026-09-05T01:17:07Z
2025-07-24,TLT,85.889999,25164800,2026-09-05T01:17:07Z
2025-07-24,VEA,58.090000,9123800,2026-09-05T01:17:07Z
2025-07-24,VNQ,91.720001,3236600,2026-09-05T01:17:07Z
2025-07-24,VWO,50.980000,5681800,2026-09-05T01:17:07Z
2025-07-25,BIL,91.709999,5153900,2026-09-05T01:17:07Z
2025-07-25,DBC,22.170000,381900,2026-09-05T01:17:07Z
2025-07-25,IEF,94.739998,3614000,2026-09-05T01:17:07Z
2025-07-25,IWM,224.380005,24555500,2026-09-05T01:17:07Z
2025-07-25,SPY,637.099976,56865400,2026-09-05T01:17:07Z
2025-07-25,TIP,109.830002,1093400,2026-09-05T01:17:07Z
2025-07-25,TLT,86.430000,27196200,2026-09-05T01:17:07Z
2025-07-25,VEA,58.020000,7312300,2026-09-05T01:17:07Z
2025-07-25,VNQ,91.730003,2960500,2026-09-05T01:17:07Z
2025-07-25,VWO,50.840000,5360100,2026-09-05T01:17:07Z
2025-07-28,BIL,91.720001,6305300,2026-09-05T01:17:07Z
2025-07-28,DBC,22.400000,373300,2026-09-05T01:17:07Z
2025-07-28,IEF,94.529999,5073200,2026-09-05T01:17:07Z
2025-07-28,IWM,224.119995,24934900,2026-09-05T01:17:07Z
2025-07-28,SPY,636.940002,54917100,2026-09-05T01:17:07Z
2025-07-28,TIP,109.690002,1656400,2026-09-05T01:17:07Z
2025-07-28,TLT,85.870003,26812500,2026-09-05T01:17:07Z
2025-07-28,VEA,57.160000,11187700,2026-09-05T01:17:07Z
2025-07-28,VNQ,90.260002,2551300,2026-09-05T01:17:07Z
2025-07-28,VWO,50.439999,6660200,2026-09-05T01:17:07Z
2025-07-29,BIL,91.730003,7664300,2026-09-05T01:17:07Z
2025-07-29,DBC,22.690001,480300,2026-09-05T01:17:07Z
2025-07-29,IEF,95.150002,7864000,2026-09-05T01:17:07Z
2025-07-29,IWM,222.690002,28685900,2026-09-05T01:17:07Z
2025-07-29,SPY,635.260010,60556300,2026-09-05T01:17:07Z
2025-07-29,TIP,110.279999,2326800,2026-09-05T01:17:07Z
2025-07-29,TLT,87.320000,47828300,2026-09-05T01:17:07Z
2025-07-29,VEA,57.139999,11933800,2026-09-05T01:17:07Z
2025-07-29,VNQ,91.709999,3713600,2026-09-05T01:17:07Z
2025-07-29,VWO,50.470001,8877100,2026-09-05T01:17:07Z
2025-07-30,BIL,91.739998,6895100,2026-09-05T01:17:07Z
2025-07-30,DBC,22.639999,1038500,2026-09-05T01:17:07Z
2025-07-30,IEF,94.820000,7425600,2026-09-05T01:17:07Z
2025-07-30,IWM,221.559998,48924400,2026-09-05T01:17:07Z
2025-07-30,SPY,634.460022,80418900,2026-09-05T01:17:07Z
2025-07-30,TIP,109.849998,3846800,2026-09-05T01:17:07Z
2025-07-30,TLT,86.870003,40670900,2026-09-05T01:17:07Z
2025-07-30,VEA,56.709999,13314900,2026-09-05T01:17:07Z
2025-07-30,VNQ,90.410004,4407900,2026-09-05T01:17:07Z
2025-07-30,VWO,50.060001,10545200,2026-09-05T01:17:07Z
2025-07-31,BIL,91.750000,11795100,2026-09-05T01:17:07Z
2025-07-31,DBC,22.450001,656700,2026-09-05T01:17:07Z
2025-07-31,IEF,94.900002,10411800,2026-09-05T01:17:07Z
2025-07-31,IWM,219.389999,42913900,2026-09-05T01:17:07Z
2025-07-31,SPY,632.080017,103385200,2026-09-05T01:17:07Z
2025-07-31,TIP,109.669998,3608800,2026-09-05T01:17:07Z
2025-07-31,TLT,86.919998,49814100,2026-09-05T01:17:07Z
2025-07-31,VEA,56.220001,19166500,2026-09-05T01:17:07Z
2025-07-31,VNQ,89.139999,4823500,2026-09-05T01:17:07Z
2025-07-31,VWO,49.799999,6256200,2026-09-05T01:17:07Z
2025-08-01,BIL,91.470001,20144800,2026-09-05T01:17:07Z
2025-08-01,DBC,22.090000,505900,2026-09-05T01:17:07Z
2025-08-01,IEF,95.680000,11870100,2026-09-05T01:17:07Z
2025-08-01,IWM,214.919998,63854100,2026-09-05T01:17:07Z
2025-08-01,SPY,621.719971,140103600,2026-09-05T01:17:07Z
2025-08-01,TIP,110.169998,3766800,2026-09-05T01:17:07Z
2025-08-01,TLT,87.820000,63434500,2026-09-05T01:17:07Z
2025-08-01,VEA,56.020000,14943600,2026-09-05T01:17:07Z
2025-08-01,VNQ,88.919998,5395600,2026-09-05T01:17:07Z
2025-08-01,VWO,49.540001,14479400,2026-09-05T01:17:07Z
2025-08-04,BIL,91.480003,20328000,2026-09-05T01:17:07Z
2025-08-04,DBC,22.010000,558300,2026-09-05T01:17:07Z
2025-08-04,IEF,95.809998,8449500,2026-09-05T01:17:07Z
2025-08-04,IWM,219.729996,34989600,2026-09-05T01:17:07Z
2025-08-04,SPY,631.169983,73218000,2026-09-05T01:17:07Z
2025-08-04,TIP,110.489998,3014900,2026-09-05T01:17:07Z
2025-08-04,TLT,88.059998,36425200,2026-09-05T01:17:07Z
2025-08-04,VEA,56.799999,12578700,2026-09-05T01:17:07Z
2025-08-04,VNQ,89.830002,3385600,2026-09-05T01:17:07Z
2025-08-04,VWO,50.000000,7863300,2026-09-05T01:17:07Z
2025-08-05,BIL,91.480003,8588400,2026-09-05T01:17:07Z
2025-08-05,DBC,21.820000,225300,2026-09-05T01:17:07Z
2025-08-05,IEF,95.739998,8218700,2026-09-05T01:17:07Z
2025-08-05,IWM,220.850006,31337100,2026-09-05T01:17:07Z
2025-08-05,SPY,627.969971,68051400,2026-09-05T01:17:07Z
2025-08-05,TIP,110.389999,1800300,2026-09-05T01:17:07Z
2025-08-05,TLT,88.330002,28586100,2026-09-05T01:17:07Z
2025-08-05,VEA,56.900002,8942400,2026-09-05T01:17:07Z
2025-08-05,VNQ,90.239998,3752600,2026-09-05T01:17:07Z
2025-08-05,VWO,50.160000,9528700,2026-09-05T01:17:07Z
2025-08-06,BIL,91.510002,7208800,2026-09-05T01:17:07Z
2025-08-06,DBC,21.770000,530000,2026-09-05T01:17:07Z
2025-08-06,IEF,95.669998,10107500,2026-09-05T01:17:07Z
2025-08-06,IWM,220.559998,23142100,2026-09-05T01:17:07Z
2025-08-06,SPY,632.780029,64357500,2026-09-05T01:17:07Z
2025-08-06,TIP,110.300003,1856200,2026-09-05T01:17:07Z
2025-08-06,TLT,87.820000,42589300,2026-09-05T01:17:07Z
2025-08-06,VEA,57.340000,8019200,2026-09-05T01:17:07Z
2025-08-06,VNQ,89.540001,3604600,2026-09-05T01:17:07Z
2025-08-06,VWO,50.380001,6443800,2026-09-05T01:17:07Z
2025-08-07,BIL,91.510002,7157900,2026-09-05T01:17:07Z
2025-08-07,DBC,21.840000,332800,2026-09-05T01:17:07Z
2025-08-07,IEF,95.599998,5725900,2026-09-05T01:17:07Z
2025-08-07,IWM,219.839996,37088000,2026-09-05T01:17:07Z
2025-08-07,SPY,632.250000,74205800,2026-09-05T01:17:07Z
2025-08-07,TIP,110.419998,1606300,2026-09-05T01:17:07Z
2025-08-07,TLT,87.669998,29213100,2026-09-05T01:17:07Z
2025-08-07,VEA,57.750000,10237700,2026-09-05T01:17:07Z
2025-08-07,VNQ,89.800003,3345600,2026-09-05T01:17:07Z
2025-08-07,VWO,50.750000,5728600,2026-09-05T01:17:07Z
2025-08-08,BIL,91.540001,6243500,2026-09-05T01:17:07Z
2025-08-08,DBC,21.840000,536700,2026-09-05T01:17:07Z
2025-08-08,IEF,95.379997,5623800,2026-09-05T01:17:07Z
2025-08-08,IWM,220.320007,28318100,2026-09-05T01:17:07Z
2025-08-08,SPY,637.179993,64051600,2026-09-05T01:17:07Z
2025-08-08,TIP,110.349998,1831600,2026-09-05T01:17:07Z
2025-08-08,TLT,87.290001,21596300,2026-09-05T01:17:07Z
2025-08-08,VEA,58.020000,7640800,2026-09-05T01:17:07Z
2025-08-08,VNQ,89.059998,3228800,2026-09-05T01:17:07Z
2025-08-08,VWO,50.689999,5063700,2026-09-05T01:17:07Z
2025-08-11,BIL,91.550003,8361400,2026-09-05T01:17:07Z
2025-08-11,DBC,21.870001,220800,2026-09-05T01:17:07Z
2025-08-11,IEF,95.410004,4920200,2026-09-05T01:17:07Z
2025-08-11,IWM,220.270004,25212800,2026-09-05T01:17:07Z
2025-08-11,SPY,635.919983,58742300,2026-09-05T01:17:07Z
2025-08-11,TIP,110.349998,1624700,2026-09-05T01:17:07Z
2025-08-11,TLT,87.389999,20100900,2026-09-05T01:17:07Z
2025-08-11,VEA,57.790001,10040100,2026-09-05T01:17:07Z
2025-08-11,VNQ,88.470001,2623500,2026-09-05T01:17:07Z
2025-08-11,VWO,50.630001,5237100,2026-09-05T01:17:07Z
2025-08-12,BIL,91.559998,6571900,2026-09-05T01:17:07Z
2025-08-12,DBC,21.780001,201100,2026-09-05T01:17:07Z
2025-08-12,IEF,95.389999,6724600,2026-09-05T01:17:07Z
2025-08-12,IWM,226.809998,43815500,2026-09-05T01:17:07Z
2025-08-12,SPY,642.690002,64730800,2026-09-05T01:17:07Z
2025-08-12,TIP,110.160004,2526100,2026-09-05T01:17:07Z
2025-08-12,TLT,86.949997,41052300,2026-09-05T01:17:07Z
2025-08-12,VEA,58.439999,8588100,2026-09-05T01:17:07Z
2025-08-12,VNQ,88.970001,3240500,2026-09-05T01:17:07Z
2025-08-12,VWO,51.209999,6045300,2026-09-05T01:17:07Z
2025-08-13,BIL,91.570000,6791500,2026-09-05T01:17:07Z
2025-08-13,DBC,21.750000,527100,2026-09-05T01:17:07Z
2025-08-13,IEF,95.730003,5925200,2026-09-05T01:17:07Z
2025-08-13,IWM,231.220001,41705800,2026-09-05T01:17:07Z
2025-08-13,SPY,644.890015,60092800,2026-09-05T01:17:07Z
2025-08-13,TIP,110.580002,1598200,2026-09-05T01:17:07Z
2025-08-13,TLT,87.669998,30817500,2026-09-05T01:17:07Z
2025-08-13,VEA,58.709999,8893500,2026-09-05T01:17:07Z
2025-08-13,VNQ,89.800003,3577300,2026-09-05T01:17:07Z
2025-08-13,VWO,51.790001,7072400,2026-09-05T01:17:07Z
2025-08-14,BIL,91.580002,6475800,2026-09-05T01:17:07Z
2025-08-14,DBC,21.840000,394300,2026-09-05T01:17:07Z
2025-08-14,IEF,95.419998,5527500,2026-09-05T01:17:07Z
2025-08-14,IWM,228.240005,55945500,2026-09-05T01:17:07Z
2025-08-14,SPY,644.950012,59327500,2026-09-05T01:17:07Z
2025-08-14,TIP,110.250000,2203400,2026-09-05T01:17:07Z
2025-08-14,TLT,87.019997,33397400,2026-09-05T01:17:07Z
2025-08-14,VEA,58.610001,9971200,2026-09-05T01:17:07Z
2025-08-14,VNQ,89.160004,3524500,2026-09-05T01:17:07Z
2025-08-14,VWO,51.209999,9942400,2026-09-05T01:17:07Z
2025-08-15,BIL,91.620003,5354600,2026-09-05T01:17:07Z
2025-08-15,DBC,21.770000,192700,2026-09-05T01:17:07Z
2025-08-15,IEF,95.230003,7428500,2026-09-05T01:17:07Z
2025-08-15,IWM,227.130005,33571400,2026-09-05T01:17:07Z
2025-08-15,SPY,643.440002,68592500,2026-09-05T01:17:07Z
2025-08-15,TIP,110.040001,1745900,2026-09-05T01:17:07Z
2025-08-15,TLT,86.400002,36343600,2026-09-05T01:17:07Z
2025-08-15,VEA,58.869999,8013600,2026-09-05T01:17:07Z
2025-08-15,VNQ,89.669998,2399500,2026-09-05T01:17:07Z
2025-08-15,VWO,51.360001,5513000,2026-09-05T01:17:07Z
2025-08-18,BIL,91.620003,15606200,2026-09-05T01:17:07Z
2025-08-18,DBC,21.790001,658700,2026-09-05T01:17:07Z
2025-08-18,IEF,95.139999,9669600,2026-09-05T01:17:07Z
2025-08-18,IWM,227.960007,20144100,2026-09-05T01:17:07Z
2025-08-18,SPY,643.299988,43804900,2026-09-05T01:17:07Z
2025-08-18,TIP,109.919998,1721300,2026-09-05T01:17:07Z
2025-08-18,TLT,86.150002,26777500,2026-09-05T01:17:07Z
2025-08-18,VEA,58.810001,12094000,2026-09-05T01:17:07Z
2025-08-18,VNQ,88.910004,2562500,2026-09-05T01:17:07Z
2025-08-18,VWO,51.750000,7465800,2026-09-05T01:17:07Z
2025-08-19,BIL,91.639999,11862700,2026-09-05T01:17:07Z
2025-08-19,DBC,21.620001,379700,2026-09-05T01:17:07Z
2025-08-19,IEF,95.379997,6499300,2026-09-05T01:17:07Z
2025-08-19,IWM,226.210007,25000700,2026-09-05T01:17:07Z
2025-08-19,SPY,639.809998,69750700,2026-09-05T01:17:07Z
2025-08-19,TIP,110.029999,2263600,2026-09-05T01:17:07Z
2025-08-19,TLT,86.650002,28780600,2026-09-05T01:17:07Z
2025-08-19,VEA,58.740002,13533800,2026-09-05T01:17:07Z
2025-08-19,VNQ,90.440002,4168400,2026-09-05T01:17:07Z
2025-08-19,VWO,51.380001,7113300,2026-09-05T01:17:07Z
2025-08-20,BIL,91.660004,6916000,2026-09-05T01:17:07Z
2025-08-20,DBC,21.860001,443800,2026-09-05T01:17:07Z
2025-08-20,IEF,95.519997,6270700,2026-09-05T01:17:07Z
2025-08-20,IWM,225.410004,29229700,2026-09-05T01:17:07Z
2025-08-20,SPY,638.109985,88890300,2026-09-05T01:17:07Z
2025-08-20,TIP,110.150002,2369300,2026-09-05T01:17:07Z
2025-08-20,TLT,86.839996,25912500,2026-09-05T01:17:07Z
2025-08-20,VEA,58.889999,10937400,2026-09-05T01:17:07Z
2025-08-20,VNQ,90.699997,2931900,2026-09-05T01:17:07Z
2025-08-20,VWO,51.360001,8344100,2026-09-05T01:17:07Z
2025-08-21,BIL,91.660004,4656000,2026-09-05T01:17:07Z
2025-08-21,DBC,21.990000,546000,2026-09-05T01:17:07Z
2025-08-21,IEF,95.239998,5351300,2026-09-05T01:17:07Z
2025-08-21,IWM,225.970001,24539400,2026-09-05T01:17:07Z
2025-08-21,SPY,635.549988,54805800,2026-09-05T01:17:07Z
2025-08-21,TIP,110.169998,3563000,2026-09-05T01:17:07Z
2025-08-21,TLT,86.410004,28643900,2026-09-05T01:17:07Z
2025-08-21,VEA,58.610001,9940100,2026-09-05T01:17:07Z
2025-08-21,VNQ,90.430000,2629800,2026-09-05T01:17:07Z
2025-08-21,VWO,51.270000,5551700,2026-09-05T01:17:07Z
2025-08-22,BIL,91.690002,7468100,2026-09-05T01:17:07Z
2025-08-22,DBC,22.080000,252200,2026-09-05T01:17:07Z
2025-08-22,IEF,95.769997,10867700,2026-09-05T01:17:07Z
2025-08-22,IWM,234.830002,58205500,2026-09-05T01:17:07Z
2025-08-22,SPY,645.309998,84083200,2026-09-05T01:17:07Z
2025-08-22,TIP,110.919998,3388300,2026-09-05T01:17:07Z
2025-08-22,TLT,87.050003,49871900,2026-09-05T01:17:07Z
2025-08-22,VEA,59.560001,8334100,2026-09-05T01:17:07Z
2025-08-22,VNQ,92.180000,3318700,2026-09-05T01:17:07Z
2025-08-22,VWO,52.169998,6505000,2026-09-05T01:17:07Z
2025-08-25,BIL,91.699997,7319800,2026-09-05T01:17:07Z
2025-08-25,DBC,22.190001,162400,2026-09-05T01:17:07Z
2025-08-25,IEF,95.580002,9936400,2026-09-05T01:17:07Z
2025-08-25,IWM,232.360001,28453700,2026-09-05T01:17:07Z
2025-08-25,SPY,642.469971,51274300,2026-09-05T01:17:07Z
2025-08-25,TIP,110.709999,4332700,2026-09-05T01:17:07Z
2025-08-25,TLT,86.800003,27011900,2026-09-05T01:17:07Z
2025-08-25,VEA,58.820000,11252100,2026-09-05T01:17:07Z
2025-08-25,VNQ,91.650002,2968600,2026-09-05T01:17:07Z
2025-08-25,VWO,51.950001,6631000,2026-09-05T01:17:07Z
2025-08-26,BIL,91.709999,8729600,2026-09-05T01:17:07Z
2025-08-26,DBC,22.020000,236300,2026-09-05T01:17:07Z
2025-08-26,IEF,95.830002,5871200,2026-09-05T01:17:07Z
2025-08-26,IWM,234.279999,25121500,2026-09-05T01:17:07Z
2025-08-26,SPY,645.159973,51581600,2026-09-05T01:17:07Z
2025-08-26,TIP,110.970001,5345700,2026-09-05T01:17:07Z
2025-08-26,TLT,86.750000,30259300,2026-09-05T01:17:07Z
2025-08-26,VEA,58.840000,10959900,2026-09-05T01:17:07Z
2025-08-26,VNQ,91.410004,2739800,2026-09-05T01:17:07Z
2025-08-26,VWO,51.840000,8479300,2026-09-05T01:17:07Z
2025-08-27,BIL,91.720001,4919400,2026-09-05T01:17:07Z
2025-08-27,DBC,22.040001,565600,2026-09-05T01:17:07Z
2025-08-27,IEF,96.010002,5222800,2026-09-05T01:17:07Z
2025-08-27,IWM,235.940002,25395400,2026-09-05T01:17:07Z
2025-08-27,SPY,646.630005,48341100,2026-09-05T01:17:07Z
2025-08-27,TIP,111.220001,2106700,2026-09-05T01:17:07Z
2025-08-27,TLT,86.650002,38142800,2026-09-05T01:17:07Z
2025-08-27,VEA,58.770000,8263400,2026-09-05T01:17:07Z
2025-08-27,VNQ,91.980003,1885400,2026-09-05T01:17:07Z
2025-08-27,VWO,51.490002,5998700,2026-09-05T01:17:07Z
2025-08-28,BIL,91.730003,5490300,2026-09-05T01:17:07Z
2025-08-28,DBC,22.180000,147000,2026-09-05T01:17:07Z
2025-08-28,IEF,96.230003,6544700,2026-09-05T01:17:07Z
2025-08-28,IWM,236.220001,25011200,2026-09-05T01:17:07Z
2025-08-28,SPY,648.919983,61519500,2026-09-05T01:17:07Z
2025-08-28,TIP,111.290001,3876100,2026-09-05T01:17:07Z
2025-08-28,TLT,87.220001,32205900,2026-09-05T01:17:07Z
2025-08-28,VEA,59.009998,9558600,2026-09-05T01:17:07Z
2025-08-28,VNQ,91.739998,2525000,2026-09-05T01:17:07Z
2025-08-28,VWO,51.680000,5949800,2026-09-05T01:17:07Z
2025-08-29,BIL,91.769997,11546500,2026-09-05T01:17:07Z
2025-08-29,DBC,22.209999,447500,2026-09-05T01:17:07Z
2025-08-29,IEF,96.150002,6818900,2026-09-05T01:17:07Z
2025-08-29,IWM,235.169998,29254800,2026-09-05T01:17:07Z
2025-08-29,SPY,645.049988,74522200,2026-09-05T01:17:07Z
2025-08-29,TIP,111.169998,2847300,2026-09-05T01:17:07Z
2025-08-29,TLT,86.599998,41686400,2026-09-05T01:17:07Z
2025-08-29,VEA,58.709999,13976400,2026-09-05T01:17:07Z
2025-08-29,VNQ,92.239998,2137100,2026-09-05T01:17:07Z
2025-08-29,VWO,51.529999,6356500,2026-09-05T01:17:07Z
2025-09-02,BIL,91.470001,13477100,2026-09-05T01:17:07Z
2025-09-02,DBC,22.570000,630100,2026-09-05T01:17:07Z
2025-09-02,IEF,95.550003,8623200,2026-09-05T01:17:07Z
2025-09-02,IWM,233.899994,33108600,2026-09-05T01:17:07Z
2025-09-02,SPY,640.270020,81983500,2026-09-05T01:17:07Z
2025-09-02,TIP,110.550003,5710700,2026-09-05T01:17:07Z
2025-09-02,TLT,85.629997,48760600,2026-09-05T01:17:07Z
2025-09-02,VEA,58.189999,13307700,2026-09-05T01:17:07Z
2025-09-02,VNQ,90.709999,3424400,2026-09-05T01:17:07Z
2025-09-02,VWO,51.459999,10064300,2026-09-05T01:17:07Z
2025-09-03,BIL,91.480003,7040700,2026-09-05T01:17:07Z
2025-09-03,DBC,22.370001,820100,2026-09-05T01:17:07Z
2025-09-03,IEF,95.879997,7586100,2026-09-05T01:17:07Z
2025-09-03,IWM,233.669998,33252400,2026-09-05T01:17:07Z
2025-09-03,SPY,643.739990,70820900,2026-09-05T01:17:07Z
2025-09-03,TIP,110.800003,4699700,2026-09-05T01:17:07Z
2025-09-03,TLT,86.570000,52499500,2026-09-05T01:17:07Z
2025-09-03,VEA,58.320000,14512900,2026-09-05T01:17:07Z
2025-09-03,VNQ,90.760002,2505500,2026-09-05T01:17:07Z
2025-09-03,VWO,51.599998,10285300,2026-09-05T01:17:07Z
2025-09-04,BIL,91.500000,9180600,2026-09-05T01:17:07Z
2025-09-04,DBC,22.209999,414400,2026-09-05T01:17:07Z
2025-09-04,IEF,96.309998,6395300,2026-09-05T01:17:07Z
2025-09-04,IWM,236.589996,30323800,2026-09-05T01:17:07Z
2025-09-04,SPY,649.119995,65219200,2026-09-05T01:17:07Z
2025-09-04,TIP,110.970001,3919500,2026-09-05T01:17:07Z
2025-09-04,TLT,87.230003,40501600,2026-09-05T01:17:07Z
2025-09-04,VEA,58.680000,8704900,2026-09-05T01:17:07Z
2025-09-04,VNQ,91.440002,3689000,2026-09-05T01:17:07Z
2025-09-04,VWO,51.380001,10215600,2026-09-05T01:17:07Z
2025-09-05,BIL,91.529999,10223000,2026-09-05T01:17:07Z
2025-09-05,DBC,22.030001,419100,2026-09-05T01:17:07Z
2025-09-05,IEF,96.779999,9566300,2026-09-05T01:17:07Z
2025-09-05,IWM,237.770004,47542500,2026-09-05T01:17:07Z
2025-09-05,SPY,647.239990,85178900,2026-09-05T01:17:07Z
2025-09-05,TIP,111.459999,4068800,2026-09-05T01:17:07Z
2025-09-05,TLT,88.559998,69668000,2026-09-05T01:17:07Z
2025-09-05,VEA,58.959999,12146000,2026-09-05T01:17:07Z
2025-09-05,VNQ,92.470001,3446100,2026-09-05T01:17:07Z
2025-09-05,VWO,51.970001,11562200,2026-09-05T01:17:07Z
2025-09-08,BIL,91.540001,9201200,2026-09-05T01:17:07Z
2025-09-08,DBC,22.180000,316400,2026-09-05T01:17:07Z
2025-09-08,IEF,97.080002,7599600,2026-09-05T01:17:07Z
2025-09-08,IWM,238.250000,31487700,2026-09-05T01:17:07Z
2025-09-08,SPY,648.830017,63133100,2026-09-05T01:17:07Z
2025-09-08,TIP,111.690002,3818200,2026-09-05T01:17:07Z
2025-09-08,TLT,89.739998,54538700,2026-09-05T01:17:07Z
2025-09-08,VEA,59.529999,8503300,2026-09-05T01:17:07Z
2025-09-08,VNQ,91.930000,2880400,2026-09-05T01:17:07Z
2025-09-08,VWO,52.480000,8471500,2026-09-05T01:17:07Z
2025-09-09,BIL,91.550003,8740800,2026-09-05T01:17:07Z
2025-09-09,DBC,22.240000,252700,2026-09-05T01:17:07Z
2025-09-09,IEF,96.849998,8223100,2026-09-05T01:17:07Z
2025-09-09,IWM,236.850006,35395800,2026-09-05T01:17:07Z
2025-09-09,SPY,650.330017,66133900,2026-09-05T01:17:07Z
2025-09-09,TIP,111.470001,4938800,2026-09-05T01:17:07Z
2025-09-09,TLT,89.230003,37126400,2026-09-05T01:17:07Z
2025-09-09,VEA,59.369999,11960500,2026-09-05T01:17:07Z
2025-09-09,VNQ,91.720001,2533900,2026-09-05T01:17:07Z
2025-09-09,VWO,52.680000,9703100,2026-09-05T01:17:07Z
2025-09-10,BIL,91.559998,9027200,2026-09-05T01:17:07Z
2025-09-10,DBC,22.389999,282100,2026-09-05T01:17:07Z
2025-09-10,IEF,97.110001,8864500,2026-09-05T01:17:07Z
2025-09-10,IWM,236.429993,33910200,2026-09-05T01:17:07Z
2025-09-10,SPY,652.210022,78034500,2026-09-05T01:17:07Z
2025-09-10,TIP,111.639999,4601200,2026-09-05T01:17:07Z
2025-09-10,TLT,89.739998,40713600,2026-09-05T01:17:07Z
2025-09-10,VEA,59.410000,10548400,2026-09-05T01:17:07Z
2025-09-10,VNQ,91.570000,2242800,2026-09-05T01:17:07Z
2025-09-10,VWO,52.919998,9247400,2026-09-05T01:17:07Z
2025-09-11,BIL,91.570000,9714300,2026-09-05T01:17:07Z
2025-09-11,DBC,22.219999,251100,2026-09-05T01:17:07Z
2025-09-11,IEF,97.260002,8554300,2026-09-05T01:17:07Z
2025-09-11,IWM,240.800003,43629800,2026-09-05T01:17:07Z
2025-09-11,SPY,657.630005,69934400,2026-09-05T01:17:07Z
2025-09-11,TIP,111.820000,4158700,2026-09-05T01:17:07Z
2025-09-11,TLT,90.339996,46694400,2026-09-05T01:17:07Z
2025-09-11,VEA,60.070000,11815900,2026-09-05T01:17:07Z
2025-09-11,VNQ,93.239998,2671400,2026-09-05T01:17:07Z
2025-09-11,VWO,53.580002,8570400,2026-09-05T01:17:07Z
2025-09-12,BIL,91.599998,7154200,2026-09-05T01:17:07Z
2025-09-12,DBC,22.350000,300700,2026-09-05T01:17:07Z
2025-09-12,IEF,96.980003,36502700,2026-09-05T01:17:07Z
2025-09-12,IWM,238.339996,46097600,2026-09-05T01:17:07Z
2025-09-12,SPY,657.409973,72780100,2026-09-05T01:17:07Z
2025-09-12,TIP,111.669998,2049100,2026-09-05T01:17:07Z
2025-09-12,TLT,89.949997,32968600,2026-09-05T01:17:07Z
2025-09-12,VEA,59.820000,9183400,2026-09-05T01:17:07Z
2025-09-12,VNQ,92.809998,2165500,2026-09-05T01:17:07Z
2025-09-12,VWO,53.480000,7096200,2026-09-05T01:17:07Z
2025-09-15,BIL,91.610001,8876200,2026-09-05T01:17:07Z
2025-09-15,DBC,22.549999,267000,2026-09-05T01:17:07Z
2025-09-15,IEF,97.139999,4990100,2026-09-05T01:17:07Z
2025-09-15,IWM,239.350006,33014000,2026-09-05T01:17:07Z
2025-09-15,SPY,660.909973,63772400,2026-09-05T01:17:07Z
2025-09-15,TIP,111.779999,3587000,2026-09-05T01:17:07Z
2025-09-15,TLT,90.160004,24820100,2026-09-05T01:17:07Z
2025-09-15,VEA,60.299999,22308900,2026-09-05T01:17:07Z
2025-09-15,VNQ,92.660004,2754600,2026-09-05T01:17:07Z
2025-09-15,VWO,53.840000,11818100,2026-09-05T01:17:07Z
2025-09-16,BIL,91.620003,7036400,2026-09-05T01:17:07Z
2025-09-16,DBC,22.780001,195800,2026-09-05T01:17:07Z
2025-09-16,IEF,97.199997,5847700,2026-09-05T01:17:07Z
2025-09-16,IWM,238.279999,37059300,2026-09-05T01:17:07Z
2025-09-16,SPY,660.000000,61169000,2026-09-05T01:17:07Z
2025-09-16,TIP,111.879997,5346500,2026-09-05T01:17:07Z
2025-09-16,TLT,90.349998,26794200,2026-09-05T01:17:07Z
2025-09-16,VEA,60.230000,15148200,2026-09-05T01:17:07Z
2025-09-16,VNQ,92.169998,3260300,2026-09-05T01:17:07Z
2025-09-16,VWO,54.180000,9032500,2026-09-05T01:17:07Z
2025-09-17,BIL,91.629997,5395900,2026-09-05T01:17:07Z
2025-09-17,DBC,22.540001,448000,2026-09-05T01:17:07Z
2025-09-17,IEF,96.989998,10701700,2026-09-05T01:17:07Z
2025-09-17,IWM,238.889999,79955600,2026-09-05T01:17:07Z
2025-09-17,SPY,659.179993,101952200,2026-09-05T01:17:07Z
2025-09-17,TIP,111.809998,5676100,2026-09-05T01:17:07Z
2025-09-17,TLT,90.120003,49121800,2026-09-05T01:17:07Z
2025-09-17,VEA,60.020000,12221000,2026-09-05T01:17:07Z
2025-09-17,VNQ,92.050003,4570600,2026-09-05T01:17:07Z
2025-09-17,VWO,54.520000,11017700,2026-09-05T01:17:07Z
2025-09-18,BIL,91.639999,6032900,2026-09-05T01:17:07Z
2025-09-18,DBC,22.440001,190700,2026-09-05T01:17:07Z
2025-09-18,IEF,96.669998,7589200,2026-09-05T01:17:07Z
2025-09-18,IWM,244.839996,49167700,2026-09-05T01:17:07Z
2025-09-18,SPY,662.260010,90459200,2026-09-05T01:17:07Z
2025-09-18,TIP,111.500000,4223100,2026-09-05T01:17:07Z
2025-09-18,TLT,89.190002,55717900,2026-09-05T01:17:07Z
2025-09-18,VEA,60.209999,16783200,2026-09-05T01:17:07Z
2025-09-18,VNQ,92.250000,2966000,2026-09-05T01:17:07Z
2025-09-18,VWO,54.270000,10529600,2026-09-05T01:17:07Z
2025-09-19,BIL,91.680000,6689800,2026-09-05T01:17:07Z
2025-09-19,DBC,22.260000,205000,2026-09-05T01:17:07Z
2025-09-19,IEF,96.629997,5528800,2026-09-05T01:17:07Z
2025-09-19,IWM,242.979996,56092000,2026-09-05T01:17:07Z
2025-09-19,SPY,663.700012,97945600,2026-09-05T01:17:07Z
2025-09-19,TIP,111.440002,1336600,2026-09-05T01:17:07Z
2025-09-19,TLT,89.019997,32509200,2026-09-05T01:17:07Z
2025-09-19,VEA,59.650002,15449000,2026-09-05T01:17:07Z
2025-09-19,VNQ,91.650002,3076000,2026-09-05T01:17:07Z
2025-09-19,VWO,53.919998,8883100,2026-09-05T01:17:07Z
2025-09-22,BIL,91.690002,6255200,2026-09-05T01:17:07Z
2025-09-22,DBC,22.260000,325700,2026-09-05T01:17:07Z
2025-09-22,IEF,96.470001,5282700,2026-09-05T01:17:07Z
2025-09-22,IWM,244.389999,53572900,2026-09-05T01:17:07Z
2025-09-22,SPY,666.840027,69452200,2026-09-05T01:17:07Z
2025-09-22,TIP,111.169998,2076400,2026-09-05T01:17:07Z
2025-09-22,TLT,88.699997,24758200,2026-09-05T01:17:07Z
2025-09-22,VEA,59.970001,10972500,2026-09-05T01:17:07Z
2025-09-22,VNQ,91.669998,3646000,2026-09-05T01:17:07Z
2025-09-22,VWO,54.070000,7307000,2026-09-05T01:17:07Z
2025-09-23,BIL,91.690002,7854700,2026-09-05T01:17:07Z
2025-09-23,DBC,22.490000,318500,2026-09-05T01:17:07Z
2025-09-23,IEF,96.739998,7077500,2026-09-05T01:17:07Z
2025-09-23,IWM,243.839996,41854500,2026-09-05T01:17:07Z
2025-09-23,SPY,663.210022,81708900,2026-09-05T01:17:07Z
2025-09-23,TIP,111.470001,2856900,2026-09-05T01:17:07Z
2025-09-23,TLT,89.320000,26689000,2026-09-05T01:17:07Z
2025-09-23,VEA,59.880001,13985500,2026-09-05T01:17:07Z
2025-09-23,VNQ,92.169998,3421200,2026-09-05T01:17:07Z
2025-09-23,VWO,54.060001,7973800,2026-09-05T01:17:07Z
2025-09-24,BIL,91.709999,6711500,2026-09-05T01:17:07Z
2025-09-24,DBC,22.639999,309300,2026-09-05T01:17:07Z
2025-09-24,IEF,96.480003,5419700,2026-09-05T01:17:07Z
2025-09-24,IWM,241.600006,36002200,2026-09-05T01:17:07Z
2025-09-24,SPY,661.099976,68082200,2026-09-05T01:17:07Z
2025-09-24,TIP,111.269997,2236400,2026-09-05T01:17:07Z
2025-09-24,TLT,88.980003,28098000,2026-09-05T01:17:07Z
2025-09-24,VEA,59.459999,10955300,2026-09-05T01:17:07Z
2025-09-24,VNQ,90.400002,2709200,2026-09-05T01:17:07Z
2025-09-24,VWO,53.959999,12004400,2026-09-05T01:17:07Z
2025-09-25,BIL,91.709999,11455100,2026-09-05T01:17:07Z
2025-09-25,DBC,22.799999,1415100,2026-09-05T01:17:07Z
2025-09-25,IEF,96.269997,6517500,2026-09-05T01:17:07Z
2025-09-25,IWM,239.289993,37209500,2026-09-05T01:17:07Z
2025-09-25,SPY,658.049988,89622100,2026-09-05T01:17:07Z
2025-09-25,TIP,111.089996,4019900,2026-09-05T01:17:07Z
2025-09-25,TLT,88.980003,29882500,2026-09-05T01:17:07Z
2025-09-25,VEA,59.060001,14587900,2026-09-05T01:17:07Z
2025-09-25,VNQ,90.129997,4246500,2026-09-05T01:17:07Z
2025-09-25,VWO,53.650002,7593600,2026-09-05T01:17:07Z
2025-09-26,BIL,91.739998,7888800,2026-09-05T01:17:07Z
2025-09-26,DBC,22.809999,407600,2026-09-05T01:17:07Z
2025-09-26,IEF,96.220001,7295300,2026-09-05T01:17:07Z
2025-09-26,IWM,241.339996,28942800,2026-09-05T01:17:07Z
2025-09-26,SPY,661.820007,69179200,2026-09-05T01:17:07Z
2025-09-26,TIP,111.110001,2790000,2026-09-05T01:17:07Z
2025-09-26,TLT,88.900002,30955100,2026-09-05T01:17:07Z
2025-09-26,VEA,59.410000,10880300,2026-09-05T01:17:07Z
2025-09-26,VNQ,91.019997,5430800,2026-09-05T01:17:07Z
2025-09-26,VWO,53.549999,8561200,2026-09-05T01:17:07Z
2025-09-29,BIL,91.750000,6928500,2026-09-05T01:17:07Z
2025-09-29,DBC,22.620001,192200,2026-09-05T01:17:07Z
2025-09-29,IEF,96.500000,6357500,2026-09-05T01:17:07Z
2025-09-29,IWM,241.619995,26391500,2026-09-05T01:17:07Z
2025-09-29,SPY,663.679993,73499000,2026-09-05T01:17:07Z
2025-09-29,TIP,111.250000,2524800,2026-09-05T01:17:07Z
2025-09-29,TLT,89.629997,32286200,2026-09-05T01:17:07Z
2025-09-29,VEA,59.709999,12227500,2026-09-05T01:17:07Z
2025-09-29,VNQ,91.050003,3155100,2026-09-05T01:17:07Z
2025-09-29,VWO,53.939999,7232800,2026-09-05T01:17:07Z
2025-09-30,BIL,91.750000,14165800,2026-09-05T01:17:07Z
2025-09-30,DBC,22.530001,377300,2026-09-05T01:17:07Z
2025-09-30,IEF,96.459999,9257800,2026-09-05T01:17:07Z
2025-09-30,IWM,241.960007,33447700,2026-09-05T01:17:07Z
2025-09-30,SPY,666.179993,86288000,2026-09-05T01:17:07Z
2025-09-30,TIP,111.220001,2985100,2026-09-05T01:17:07Z
2025-09-30,TLT,89.370003,38584000,2026-09-05T01:17:07Z
2025-09-30,VEA,59.919998,14228100,2026-09-05T01:17:07Z
2025-09-30,VNQ,91.419998,3002800,2026-09-05T01:17:07Z
2025-09-30,VWO,54.180000,15944300,2026-09-05T01:17:07Z
2025-10-01,BIL,91.459999,15501400,2026-09-05T01:17:07Z
2025-10-01,DBC,22.490000,565700,2026-09-05T01:17:07Z
2025-10-01,IEF,96.489998,8347000,2026-09-05T01:17:07Z
2025-10-01,IWM,242.490005,28520000,2026-09-05T01:17:07Z
2025-10-01,SPY,668.450012,72545400,2026-09-05T01:17:07Z
2025-10-01,TIP,111.220001,3796100,2026-09-05T01:17:07Z
2025-10-01,TLT,89.290001,39408900,2026-09-05T01:17:07Z
2025-10-01,VEA,60.369999,13793900,2026-09-05T01:17:07Z
2025-10-01,VNQ,91.559998,2933500,2026-09-05T01:17:07Z
2025-10-01,VWO,54.520000,11430800,2026-09-05T01:17:07Z
2025-10-02,BIL,91.470001,7225200,2026-09-05T01:17:07Z
2025-10-02,DBC,22.340000,303300,2026-09-05T01:17:07Z
2025-10-02,IEF,96.589996,9420600,2026-09-05T01:17:07Z
2025-10-02,IWM,244.020004,28687400,2026-09-05T01:17:07Z
2025-10-02,SPY,669.219971,56896000,2026-09-05T01:17:07Z
2025-10-02,TIP,111.169998,3162400,2026-09-05T01:17:07Z
2025-10-02,TLT,89.550003,23208300,2026-09-05T01:17:07Z
2025-10-02,VEA,60.500000,14710400,2026-09-05T01:17:07Z
2025-10-02,VNQ,91.080002,4186000,2026-09-05T01:17:07Z
2025-10-02,VWO,54.669998,9704400,2026-09-05T01:17:07Z
2025-10-03,BIL,91.489998,6177600,2026-09-05T01:17:07Z
2025-10-03,DBC,22.410000,356900,2026-09-05T01:17:07Z
2025-10-03,IEF,96.400002,5154300,2026-09-05T01:17:07Z
2025-10-03,IWM,245.830002,34579600,2026-09-05T01:17:07Z
2025-10-03,SPY,669.210022,70494400,2026-09-05T01:17:07Z
2025-10-03,TIP,111.050003,2184000,2026-09-05T01:17:07Z
2025-10-03,TLT,89.379997,25884500,2026-09-05T01:17:07Z
2025-10-03,VEA,61.060001,10005900,2026-09-05T01:17:07Z
2025-10-03,VNQ,91.419998,2496500,2026-09-05T01:17:07Z
2025-10-03,VWO,54.790001,8222000,2026-09-05T01:17:07Z
2025-10-06,BIL,91.510002,7041200,2026-09-05T01:17:07Z
2025-10-06,DBC,22.639999,179600,2026-09-05T01:17:07Z
2025-10-06,IEF,96.120003,6319600,2026-09-05T01:17:07Z
2025-10-06,IWM,246.809998,31507400,2026-09-05T01:17:07Z
2025-10-06,SPY,671.609985,54623300,2026-09-05T01:17:07Z
2025-10-06,TIP,110.860001,2262400,2026-09-05T01:17:07Z
2025-10-06,TLT,88.669998,28371000,2026-09-05T01:17:07Z
2025-10-06,VEA,61.180000,9944100,2026-09-05T01:17:07Z
2025-10-06,VNQ,90.559998,4154400,2026-09-05T01:17:07Z
2025-10-06,VWO,54.980000,8798700,2026-09-05T01:17:07Z
2025-10-07,BIL,91.510002,7071900,2026-09-05T01:17:07Z
2025-10-07,DBC,22.730000,241800,2026-09-05T01:17:07Z
2025-10-07,IEF,96.360001,5119900,2026-09-05T01:17:07Z
2025-10-07,IWM,244.160004,31766600,2026-09-05T01:17:07Z
2025-10-07,SPY,669.119995,72020100,2026-09-05T01:17:07Z
2025-10-07,TIP,111.169998,2714900,2026-09-05T01:17:07Z
2025-10-07,TLT,89.180000,29103300,2026-09-05T01:17:07Z
2025-10-07,VEA,60.650002,9942700,2026-09-05T01:17:07Z
2025-10-07,VNQ,90.230003,4546200,2026-09-05T01:17:07Z
2025-10-07,VWO,54.680000,8179600,2026-09-05T01:17:07Z
2025-10-08,BIL,91.529999,7236300,2026-09-05T01:17:07Z
2025-10-08,DBC,22.760000,292500,2026-09-05T01:17:07Z
2025-10-08,IEF,96.379997,5141900,2026-09-05T01:17:07Z
2025-10-08,IWM,246.720001,25825000,2026-09-05T01:17:07Z
2025-10-08,SPY,673.109985,60702200,2026-09-05T01:17:07Z
2025-10-08,TIP,111.250000,2273300,2026-09-05T01:17:07Z
2025-10-08,TLT,89.250000,22506200,2026-09-05T01:17:07Z
2025-10-08,VEA,60.840000,10158000,2026-09-05T01:17:07Z
2025-10-08,VNQ,89.760002,3325100,2026-09-05T01:17:07Z
2025-10-08,VWO,54.990002,7099900,2026-09-05T01:17:07Z
2025-10-09,BIL,91.529999,9389800,2026-09-05T01:17:07Z
2025-10-09,DBC,22.549999,168400,2026-09-05T01:17:07Z
2025-10-09,IEF,96.309998,7130600,2026-09-05T01:17:07Z
2025-10-09,IWM,245.130005,26243100,2026-09-05T01:17:07Z
2025-10-09,SPY,671.159973,66501900,2026-09-05T01:17:07Z
2025-10-09,TIP,111.120003,2491400,2026-09-05T01:17:07Z
2025-10-09,TLT,89.180000,21578700,2026-09-05T01:17:07Z
2025-10-09,VEA,60.320000,12014800,2026-09-05T01:17:07Z
2025-10-09,VNQ,89.269997,3122700,2026-09-05T01:17:07Z
2025-10-09,VWO,54.509998,9095700,2026-09-05T01:17:07Z
2025-10-10,BIL,91.570000,14648000,2026-09-05T01:17:07Z
2025-10-10,DBC,22.070000,464200,2026-09-05T01:17:07Z
2025-10-10,IEF,96.910004,10417700,2026-09-05T01:17:07Z
2025-10-10,IWM,237.789993,70569400,2026-09-05T01:17:07Z
2025-10-10,SPY,653.020020,159422600,2026-09-05T01:17:07Z
2025-10-10,TIP,111.510002,4018900,2026-09-05T01:17:07Z
2025-10-10,TLT,90.620003,59389400,2026-09-05T01:17:07Z
2025-10-10,VEA,59.180000,14102800,2026-09-05T01:17:07Z
2025-10-10,VNQ,88.129997,3996300,2026-09-05T01:17:07Z
2025-10-10,VWO,52.540001,20103500,2026-09-05T01:17:07Z
2025-10-13,BIL,91.580002,13286000,2026-09-05T01:17:07Z
2025-10-13,DBC,22.350000,282700,2026-09-05T01:17:07Z
2025-10-13,IEF,96.959999,5607600,2026-09-05T01:17:07Z
2025-10-13,IWM,244.410004,36298600,2026-09-05T01:17:07Z
2025-10-13,SPY,663.039978,79560500,2026-09-05T01:17:07Z
2025-10-13,TIP,111.790001,2206300,2026-09-05T01:17:07Z
2025-10-13,TLT,90.570000,28035500,2026-09-05T01:17:07Z
2025-10-13,VEA,59.799999,10517200,2026-09-05T01:17:07Z
2025-10-13,VNQ,88.690002,2809800,2026-09-05T01:17:07Z
2025-10-13,VWO,54.000000,7688800,2026-09-05T01:17:07Z
2025-10-14,BIL,91.580002,8281800,2026-09-05T01:17:07Z
2025-10-14,DBC,22.100000,205300,2026-09-05T01:17:07Z
2025-10-14,IEF,97.209999,7650600,2026-09-05T01:17:07Z
2025-10-14,IWM,247.899994,45320800,2026-09-05T01:17:07Z
2025-10-14,SPY,662.229980,88779600,2026-09-05T01:17:07Z
2025-10-14,TIP,111.669998,4469200,2026-09-05T01:17:07Z
2025-10-14,TLT,90.860001,29800000,2026-09-05T01:17:07Z
2025-10-14,VEA,59.980000,14567200,2026-09-05T01:17:07Z
2025-10-14,VNQ,89.599998,3047700,2026-09-05T01:17:07Z
2025-10-14,VWO,53.520000,11937500,2026-09-05T01:17:07Z
2025-10-15,BIL,91.589996,11747900,2026-09-05T01:17:07Z
2025-10-15,DBC,22.180000,164500,2026-09-05T01:17:07Z
2025-10-15,IEF,97.099998,7769300,2026-09-05T01:17:07Z
2025-10-15,IWM,250.330002,45369000,2026-09-05T01:17:07Z
2025-10-15,SPY,665.169983,81702600,2026-09-05T01:17:07Z
2025-10-15,TIP,111.639999,3018700,2026-09-05T01:17:07Z
2025-10-15,TLT,90.660004,31333900,2026-09-05T01:17:07Z
2025-10-15,VEA,60.400002,10995400,2026-09-05T01:17:07Z
2025-10-15,VNQ,90.900002,3026500,2026-09-05T01:17:07Z
2025-10-15,VWO,54.330002,9739600,2026-09-05T01:17:07Z
2025-10-16,BIL,91.599998,7811800,2026-09-05T01:17:07Z
2025-10-16,DBC,22.139999,279200,2026-09-05T01:17:07Z
2025-10-16,IEF,97.550003,11627200,2026-09-05T01:17:07Z
2025-10-16,IWM,245.059998,52740400,2026-09-05T01:17:07Z
2025-10-16,SPY,660.640015,110563300,2026-09-05T01:17:07Z
2025-10-16,TIP,111.900002,2687300,2026-09-05T01:17:07Z
2025-10-16,TLT,91.339996,39631200,2026-09-05T01:17:07Z
2025-10-16,VEA,60.660000,13762200,2026-09-05T01:17:07Z
2025-10-16,VNQ,90.580002,3719100,2026-09-05T01:17:07Z
2025-10-16,VWO,54.509998,11303400,2026-09-05T01:17:07Z
2025-10-17,BIL,91.620003,10183500,2026-09-05T01:17:07Z
2025-10-17,DBC,22.120001,1650600,2026-09-05T01:17:07Z
2025-10-17,IEF,97.389999,12491000,2026-09-05T01:17:07Z
2025-10-17,IWM,243.410004,55379500,2026-09-05T01:17:07Z
2025-10-17,SPY,664.390015,96500900,2026-09-05T01:17:07Z
2025-10-17,TIP,111.680000,1739700,2026-09-05T01:17:07Z
2025-10-17,TLT,91.199997,40240400,2026-09-05T01:17:07Z
2025-10-17,VEA,60.709999,10372100,2026-09-05T01:17:07Z
2025-10-17,VNQ,91.169998,2945200,2026-09-05T01:17:07Z
2025-10-17,VWO,54.380001,7325300,2026-09-05T01:17:07Z
2025-10-20,BIL,91.639999,8215400,2026-09-05T01:17:07Z
2025-10-20,DBC,22.340000,185200,2026-09-05T01:17:07Z
2025-10-20,IEF,97.519997,10437800,2026-09-05T01:17:07Z
2025-10-20,IWM,248.160004,32545000,2026-09-05T01:17:07Z
2025-10-20,SPY,671.299988,60493400,2026-09-05T01:17:07Z
2025-10-20,TIP,111.779999,2108500,2026-09-05T01:17:07Z
2025-10-20,TLT,91.550003,28429300,2026-09-05T01:17:07Z
2025-10-20,VEA,61.240002,7678300,2026-09-05T01:17:07Z
2025-10-20,VNQ,92.089996,2036800,2026-09-05T01:17:07Z
2025-10-20,VWO,55.029999,6237500,2026-09-05T01:17:07Z
2025-10-21,BIL,91.639999,6989600,2026-09-05T01:17:07Z
2025-10-21,DBC,22.110001,534200,2026-09-05T01:17:07Z
2025-10-21,IEF,97.699997,7642000,2026-09-05T01:17:07Z
2025-10-21,IWM,246.990005,26337900,2026-09-05T01:17:07Z
2025-10-21,SPY,671.289978,56249000,2026-09-05T01:17:07Z
2025-10-21,TIP,112.019997,2702400,2026-09-05T01:17:07Z
2025-10-21,TLT,92.000000,24514300,2026-09-05T01:17:07Z
2025-10-21,VEA,60.689999,8757200,2026-09-05T01:17:07Z
2025-10-21,VNQ,91.830002,2829500,2026-09-05T01:17:07Z
2025-10-21,VWO,54.540001,6480900,2026-09-05T01:17:07Z
2025-10-22,BIL,91.660004,13191400,2026-09-05T01:17:07Z
2025-10-22,DBC,22.459999,397200,2026-09-05T01:17:07Z
2025-10-22,IEF,97.720001,6523500,2026-09-05T01:17:07Z
2025-10-22,IWM,243.339996,46578400,2026-09-05T01:17:07Z
2025-10-22,SPY,667.799988,80564000,2026-09-05T01:17:07Z
2025-10-22,TIP,112.199997,2898200,2026-09-05T01:17:07Z
2025-10-22,TLT,92.059998,30496200,2026-09-05T01:17:07Z
2025-10-22,VEA,60.709999,10557400,2026-09-05T01:17:07Z
2025-10-22,VNQ,92.220001,2490400,2026-09-05T01:17:07Z
2025-10-22,VWO,54.509998,7893600,2026-09-05T01:17:07Z
2025-10-23,BIL,91.669998,7399500,2026-09-05T01:17:07Z
2025-10-23,DBC,22.840000,472300,2026-09-05T01:17:07Z
2025-10-23,IEF,97.400002,6138300,2026-09-05T01:17:07Z
2025-10-23,IWM,246.419998,28591000,2026-09-05T01:17:07Z
2025-10-23,SPY,671.760010,65604500,2026-09-05T01:17:07Z
2025-10-23,TIP,111.980003,2645900,2026-09-05T01:17:07Z
2025-10-23,TLT,91.430000,28275100,2026-09-05T01:17:07Z
2025-10-23,VEA,61.020000,6856700,2026-09-05T01:17:07Z
2025-10-23,VNQ,92.160004,2687000,2026-09-05T01:17:07Z
2025-10-23,VWO,54.919998,5989300,2026-09-05T01:17:07Z
2025-10-24,BIL,91.699997,8743100,2026-09-05T01:17:07Z
2025-10-24,DBC,22.850000,268900,2026-09-05T01:17:07Z
2025-10-24,IEF,97.489998,7555200,2026-09-05T01:17:07Z
2025-10-24,IWM,249.429993,26627000,2026-09-05T01:17:07Z
2025-10-24,SPY,677.250000,74356500,2026-09-05T01:17:07Z
2025-10-24,TIP,111.970001,1706700,2026-09-05T01:17:07Z
2025-10-24,TLT,91.470001,28266000,2026-09-05T01:17:07Z
2025-10-24,VEA,61.220001,8572200,2026-09-05T01:17:07Z
2025-10-24,VNQ,92.430000,2619500,2026-09-05T01:17:07Z
2025-10-24,VWO,55.180000,5573300,2026-09-05T01:17:07Z
2025-10-27,BIL,91.699997,11472400,2026-09-05T01:17:07Z
2025-10-27,DBC,22.799999,294900,2026-09-05T01:17:07Z
2025-10-27,IEF,97.489998,7272300,2026-09-05T01:17:07Z
2025-10-27,IWM,250.300003,31798100,2026-09-05T01:17:07Z
2025-10-27,SPY,685.239990,63339800,2026-09-05T01:17:07Z
2025-10-27,TIP,111.940002,2753600,2026-09-05T01:17:07Z
2025-10-27,TLT,91.779999,30033600,2026-09-05T01:17:07Z
2025-10-27,VEA,61.669998,16256400,2026-09-05T01:17:07Z
2025-10-27,VNQ,92.690002,2921900,2026-09-05T01:17:07Z
2025-10-27,VWO,55.639999,5513400,2026-09-05T01:17:07Z
2025-10-28,BIL,91.709999,13039400,2026-09-05T01:17:07Z
2025-10-28,DBC,22.590000,181200,2026-09-05T01:17:07Z
2025-10-28,IEF,97.580002,5539600,2026-09-05T01:17:07Z
2025-10-28,IWM,248.960007,28075900,2026-09-05T01:17:07Z
2025-10-28,SPY,687.059998,61738100,2026-09-05T01:17:07Z
2025-10-28,TIP,112.029999,2608700,2026-09-05T01:17:07Z
2025-10-28,TLT,92.019997,23564500,2026-09-05T01:17:07Z
2025-10-28,VEA,61.660000,13252500,2026-09-05T01:17:07Z
2025-10-28,VNQ,90.870003,4635700,2026-09-05T01:17:07Z
2025-10-28,VWO,55.610001,7194100,2026-09-05T01:17:07Z
2025-10-29,BIL,91.739998,13416300,2026-09-05T01:17:07Z
2025-10-29,DBC,22.709999,191000,2026-09-05T01:17:07Z
2025-10-29,IEF,96.949997,11223300,2026-09-05T01:17:07Z
2025-10-29,IWM,246.839996,56235300,2026-09-05T01:17:07Z
2025-10-29,SPY,687.390015,85657100,2026-09-05T01:17:07Z
2025-10-29,TIP,111.440002,2976500,2026-09-05T01:17:07Z
2025-10-29,TLT,91.089996,39551600,2026-09-05T01:17:07Z
2025-10-29,VEA,61.310001,16800300,2026-09-05T01:17:07Z
2025-10-29,VNQ,88.529999,5649700,2026-09-05T01:17:07Z
2025-10-29,VWO,55.770000,11930300,2026-09-05T01:17:07Z
2025-10-30,BIL,91.739998,7897200,2026-09-05T01:17:07Z
2025-10-30,DBC,22.719999,183000,2026-09-05T01:17:07Z
2025-10-30,IEF,96.809998,8958800,2026-09-05T01:17:07Z
2025-10-30,IWM,244.850006,44538700,2026-09-05T01:17:07Z
2025-10-30,SPY,679.830017,76335800,2026-09-05T01:17:07Z
2025-10-30,TIP,111.199997,3977100,2026-09-05T01:17:07Z
2025-10-30,TLT,90.559998,42649200,2026-09-05T01:17:07Z
2025-10-30,VEA,61.029999,13562000,2026-09-05T01:17:07Z
2025-10-30,VNQ,88.949997,5183100,2026-09-05T01:17:07Z
2025-10-30,VWO,55.189999,6294200,2026-09-05T01:17:07Z
2025-10-31,BIL,91.760002,14371000,2026-09-05T01:17:07Z
2025-10-31,DBC,22.879999,611000,2026-09-05T01:17:07Z
2025-10-31,IEF,96.849998,9739900,2026-09-05T01:17:07Z
2025-10-31,IWM,246.229996,37214700,2026-09-05T01:17:07Z
2025-10-31,SPY,682.059998,87164100,2026-09-05T01:17:07Z
2025-10-31,TIP,111.379997,2249300,2026-09-05T01:17:07Z
2025-10-31,TLT,90.290001,38247300,2026-09-05T01:17:07Z
2025-10-31,VEA,60.980000,10372700,2026-09-05T01:17:07Z
2025-10-31,VNQ,89.180000,3982700,2026-09-05T01:17:07Z
2025-10-31,VWO,54.970001,9610300,2026-09-05T01:17:07Z
2025-11-03,BIL,91.470001,17922800,2026-09-05T01:17:07Z
2025-11-03,DBC,23.049999,786100,2026-09-05T01:17:07Z
2025-11-03,IEF,96.500000,8012500,2026-09-05T01:17:07Z
2025-11-03,IWM,245.440002,28887900,2026-09-05T01:17:07Z
2025-11-03,SPY,683.340027,57315000,2026-09-05T01:17:07Z
2025-11-03,TIP,110.940002,3887200,2026-09-05T01:17:07Z
2025-11-03,TLT,89.739998,40752300,2026-09-05T01:17:07Z
2025-11-03,VEA,61.130001,9490600,2026-09-05T01:17:07Z
2025-11-03,VNQ,89.050003,4522900,2026-09-05T01:17:07Z
2025-11-03,VWO,55.090000,6643100,2026-09-05T01:17:07Z
2025-11-04,BIL,91.480003,12162100,2026-09-05T01:17:07Z
2025-11-04,DBC,22.889999,480200,2026-09-05T01:17:07Z
2025-11-04,IEF,96.620003,6119000,2026-09-05T01:17:07Z
2025-11-04,IWM,241.199997,34468700,2026-09-05T01:17:07Z
2025-11-04,SPY,675.239990,78427000,2026-09-05T01:17:07Z
2025-11-04,TIP,110.989998,4858700,2026-09-05T01:17:07Z
2025-11-04,TLT,89.940002,26383800,2026-09-05T01:17:07Z
2025-11-04,VEA,60.320000,13680200,2026-09-05T01:17:07Z
2025-11-04,VNQ,89.199997,4058700,2026-09-05T01:17:07Z
2025-11-04,VWO,54.320000,6179200,2026-09-05T01:17:07Z
2025-11-05,BIL,91.489998,7973200,2026-09-05T01:17:07Z
2025-11-05,DBC,22.820000,375600,2026-09-05T01:17:07Z
2025-11-05,IEF,96.160004,11749200,2026-09-05T01:17:07Z
2025-11-05,IWM,244.679993,38229200,2026-09-05T01:17:07Z
2025-11-05,SPY,677.580017,74402400,2026-09-05T01:17:07Z
2025-11-05,TIP,110.580002,3908700,2026-09-05T01:17:07Z
2025-11-05,TLT,88.959999,44643400,2026-09-05T01:17:07Z
2025-11-05,VEA,60.700001,9545100,2026-09-05T01:17:07Z
2025-11-05,VNQ,89.279999,2885900,2026-09-05T01:17:07Z
2025-11-05,VWO,54.799999,7337800,2026-09-05T01:17:07Z
2025-11-06,BIL,91.500000,15915800,2026-09-05T01:17:07Z
2025-11-06,DBC,22.850000,556000,2026-09-05T01:17:07Z
2025-11-06,IEF,96.650002,7665000,2026-09-05T01:17:07Z
2025-11-06,IWM,240.350006,40601200,2026-09-05T01:17:07Z
2025-11-06,SPY,670.309998,85035300,2026-09-05T01:17:07Z
2025-11-06,TIP,110.879997,2394500,2026-09-05T01:17:07Z
2025-11-06,TLT,89.760002,33027400,2026-09-05T01:17:07Z
2025-11-06,VEA,60.419998,14435400,2026-09-05T01:17:07Z
2025-11-06,VNQ,88.849998,3421600,2026-09-05T01:17:07Z
2025-11-06,VWO,54.590000,6675800,2026-09-05T01:17:07Z
2025-11-07,BIL,91.529999,11525000,2026-09-05T01:17:07Z
2025-11-07,DBC,22.900000,305600,2026-09-05T01:17:07Z
2025-11-07,IEF,96.690002,11460300,2026-09-05T01:17:07Z
2025-11-07,IWM,241.610001,54978900,2026-09-05T01:17:07Z
2025-11-07,SPY,670.969971,100592400,2026-09-05T01:17:07Z
2025-11-07,TIP,110.900002,3097600,2026-09-05T01:17:07Z
2025-11-07,TLT,89.570000,28530100,2026-09-05T01:17:07Z
2025-11-07,VEA,60.610001,14800600,2026-09-05T01:17:07Z
2025-11-07,VNQ,90.230003,5277800,2026-09-05T01:17:07Z
2025-11-07,VWO,54.540001,10780600,2026-09-05T01:17:07Z
2025-11-10,BIL,91.550003,13043700,2026-09-05T01:17:07Z
2025-11-10,DBC,23.150000,254400,2026-09-05T01:17:07Z
2025-11-10,IEF,96.559998,9097300,2026-09-05T01:17:07Z
2025-11-10,IWM,244.029999,31238000,2026-09-05T01:17:07Z
2025-11-10,SPY,681.440002,75842900,2026-09-05T01:17:07Z
2025-11-10,TIP,110.919998,2354200,2026-09-05T01:17:07Z
2025-11-10,TLT,89.550003,24093500,2026-09-05T01:17:07Z
2025-11-10,VEA,61.349998,10063100,2026-09-05T01:17:07Z
2025-11-10,VNQ,90.180000,3398100,2026-09-05T01:17:07Z
2025-11-10,VWO,55.270000,5852400,2026-09-05T01:17:07Z
2025-11-11,BIL,91.540001,6181200,2026-09-05T01:17:07Z
2025-11-11,DBC,23.299999,268300,2026-09-05T01:17:07Z
2025-11-11,IEF,96.860001,4937700,2026-09-05T01:17:07Z
2025-11-11,IWM,244.240005,27357900,2026-09-05T01:17:07Z
2025-11-11,SPY,683.000000,58953400,2026-09-05T01:17:07Z
2025-11-11,TIP,111.370003,3902000,2026-09-05T01:17:07Z
2025-11-11,TLT,89.959999,18942300,2026-09-05T01:17:07Z
2025-11-11,VEA,61.730000,7046900,2026-09-05T01:17:07Z
2025-11-11,VNQ,91.190002,3190200,2026-09-05T01:17:07Z
2025-11-11,VWO,55.330002,6931800,2026-09-05T01:17:07Z
2025-11-12,BIL,91.550003,6371200,2026-09-05T01:17:07Z
2025-11-12,DBC,23.040001,808900,2026-09-05T01:17:07Z
2025-11-12,IEF,96.879997,7188200,2026-09-05T01:17:07Z
2025-11-12,IWM,243.639999,34543200,2026-09-05T01:17:07Z
2025-11-12,SPY,683.380005,62312500,2026-09-05T01:17:07Z
2025-11-12,TIP,111.129997,3297900,2026-09-05T01:17:07Z
2025-11-12,TLT,90.120003,23594900,2026-09-05T01:17:07Z
2025-11-12,VEA,62.130001,11640200,2026-09-05T01:17:07Z
2025-11-12,VNQ,90.510002,3652300,2026-09-05T01:17:07Z
2025-11-12,VWO,55.320000,11239000,2026-09-05T01:17:07Z
2025-11-13,BIL,91.559998,6625900,2026-09-05T01:17:07Z
2025-11-13,DBC,22.920000,291100,2026-09-05T01:17:07Z
2025-11-13,IEF,96.599998,46965300,2026-09-05T01:17:07Z
2025-11-13,IWM,236.789993,65710000,2026-09-05T01:17:07Z
2025-11-13,SPY,672.039978,103457800,2026-09-05T01:17:07Z
2025-11-13,TIP,110.879997,2215500,2026-09-05T01:17:07Z
2025-11-13,TLT,89.379997,33825900,2026-09-05T01:17:07Z
2025-11-13,VEA,61.400002,13987900,2026-09-05T01:17:07Z
2025-11-13,VNQ,89.400002,3734400,2026-09-05T01:17:07Z
2025-11-13,VWO,54.830002,6675400,2026-09-05T01:17:07Z
2025-11-14,BIL,91.599998,10192200,2026-09-05T01:17:07Z
2025-11-14,DBC,22.969999,787700,2026-09-05T01:17:07Z
2025-11-14,IEF,96.440002,11288500,2026-09-05T01:17:07Z
2025-11-14,IWM,237.479996,58344400,2026-09-05T01:17:07Z
2025-11-14,SPY,671.929993,96846700,2026-09-05T01:17:07Z
2025-11-14,TIP,110.750000,3059200,2026-09-05T01:17:07Z
2025-11-14,TLT,88.870003,38550500,2026-09-05T01:17:07Z
2025-11-14,VEA,61.320000,11976300,2026-09-05T01:17:07Z
2025-11-14,VNQ,89.589996,3662800,2026-09-05T01:17:07Z
2025-11-14,VWO,54.849998,7539600,2026-09-05T01:17:07Z
2025-11-17,BIL,91.599998,9767000,2026-09-05T01:17:07Z
2025-11-17,DBC,22.940001,353400,2026-09-05T01:17:07Z
2025-11-17,IEF,96.550003,6648500,2026-09-05T01:17:07Z
2025-11-17,IWM,232.759995,55765900,2026-09-05T01:17:07Z
2025-11-17,SPY,665.669983,90456100,2026-09-05T01:17:07Z
2025-11-17,TIP,110.769997,2044000,2026-09-05T01:17:07Z
2025-11-17,TLT,89.089996,25605800,2026-09-05T01:17:07Z
2025-11-17,VEA,60.529999,11612500,2026-09-05T01:17:07Z
2025-11-17,VNQ,88.849998,4071900,2026-09-05T01:17:07Z
2025-11-17,VWO,54.220001,13415300,2026-09-05T01:17:07Z
2025-11-18,BIL,91.620003,9642600,2026-09-05T01:17:07Z
2025-11-18,DBC,23.129999,352200,2026-09-05T01:17:07Z
2025-11-18,IEF,96.709999,8769000,2026-09-05T01:17:07Z
2025-11-18,IWM,233.470001,63092500,2026-09-05T01:17:07Z
2025-11-18,SPY,660.080017,114467500,2026-09-05T01:17:07Z
2025-11-18,TIP,110.849998,4616900,2026-09-05T01:17:07Z
2025-11-18,TLT,89.059998,31967400,2026-09-05T01:17:07Z
2025-11-18,VEA,59.910000,21744000,2026-09-05T01:17:07Z
2025-11-18,VNQ,89.209999,4281500,2026-09-05T01:17:07Z
2025-11-18,VWO,54.040001,10004800,2026-09-05T01:17:07Z
2025-11-19,BIL,91.620003,6206200,2026-09-05T01:17:07Z
2025-11-19,DBC,22.900000,965000,2026-09-05T01:17:07Z
2025-11-19,IEF,96.639999,13075900,2026-09-05T01:17:07Z
2025-11-19,IWM,233.429993,57280500,2026-09-05T01:17:07Z
2025-11-19,SPY,662.630005,94703000,2026-09-05T01:17:07Z
2025-11-19,TIP,110.709999,2472400,2026-09-05T01:17:07Z
2025-11-19,TLT,88.879997,25782400,2026-09-05T01:17:07Z
2025-11-19,VEA,59.709999,14901100,2026-09-05T01:17:07Z
2025-11-19,VNQ,88.510002,4029400,2026-09-05T01:17:07Z
2025-11-19,VWO,53.919998,7685900,2026-09-05T01:17:07Z
2025-11-20,BIL,91.639999,10933900,2026-09-05T01:17:07Z
2025-11-20,DBC,22.680000,287000,2026-09-05T01:17:07Z
2025-11-20,IEF,96.870003,9076400,2026-09-05T01:17:07Z
2025-11-20,IWM,229.110001,95483000,2026-09-05T01:17:07Z
2025-11-20,SPY,652.530029,165293500,2026-09-05T01:17:07Z
2025-11-20,TIP,110.760002,3091600,2026-09-05T01:17:07Z
2025-11-20,TLT,89.230003,32945000,2026-09-05T01:17:07Z
2025-11-20,VEA,58.900002,19243500,2026-09-05T01:17:07Z
2025-11-20,VNQ,88.139999,5316600,2026-09-05T01:17:07Z
2025-11-20,VWO,53.279999,10361100,2026-09-05T01:17:07Z
2025-11-21,BIL,91.660004,9431800,2026-09-05T01:17:07Z
2025-11-21,DBC,22.530001,528600,2026-09-05T01:17:07Z
2025-11-21,IEF,97.190002,12551100,2026-09-05T01:17:07Z
2025-11-21,IWM,235.600006,99504100,2026-09-05T01:17:07Z
2025-11-21,SPY,659.030029,123956200,2026-09-05T01:17:07Z
2025-11-21,TIP,111.019997,2651000,2026-09-05T01:17:07Z
2025-11-21,TLT,89.500000,41938600,2026-09-05T01:17:07Z
2025-11-21,VEA,59.770000,16449300,2026-09-05T01:17:07Z
2025-11-21,VNQ,89.570000,5770400,2026-09-05T01:17:07Z
2025-11-21,VWO,53.070000,9722900,2026-09-05T01:17:07Z
2025-11-24,BIL,91.660004,7347100,2026-09-05T01:17:07Z
2025-11-24,DBC,22.639999,516300,2026-09-05T01:17:07Z
2025-11-24,IEF,97.339996,6903900,2026-09-05T01:17:07Z
2025-11-24,IWM,239.899994,36135300,2026-09-05T01:17:07Z
2025-11-24,SPY,668.729980,80437900,2026-09-05T01:17:07Z
2025-11-24,TIP,111.070000,2619500,2026-09-05T01:17:07Z
2025-11-24,TLT,90.010002,30865700,2026-09-05T01:17:07Z
2025-11-24,VEA,60.060001,24632500,2026-09-05T01:17:07Z
2025-11-24,VNQ,89.809998,3330800,2026-09-05T01:17:07Z
2025-11-24,VWO,53.610001,10067900,2026-09-05T01:17:07Z
2025-11-25,BIL,91.680000,8992400,2026-09-05T01:17:07Z
2025-11-25,DBC,22.520000,224600,2026-09-05T01:17:07Z
2025-11-25,IEF,97.589996,9193400,2026-09-05T01:17:07Z
2025-11-25,IWM,245.130005,46160800,2026-09-05T01:17:07Z
2025-11-25,SPY,675.020020,81077100,2026-09-05T01:17:07Z
2025-11-25,TIP,111.269997,3404200,2026-09-05T01:17:07Z
2025-11-25,TLT,90.239998,36503300,2026-09-05T01:17:07Z
2025-11-25,VEA,60.630001,16452800,2026-09-05T01:17:07Z
2025-11-25,VNQ,90.639999,4230300,2026-09-05T01:17:07Z
2025-11-25,VWO,53.849998,7507900,2026-09-05T01:17:07Z
2025-11-26,BIL,91.690002,6749500,2026-09-05T01:17:07Z
2025-11-26,DBC,22.760000,983400,2026-09-05T01:17:07Z
2025-11-26,IEF,97.669998,7747100,2026-09-05T01:17:07Z
2025-11-26,IWM,247.300003,34636600,2026-09-05T01:17:07Z
2025-11-26,SPY,679.679993,71879600,2026-09-05T01:17:07Z
2025-11-26,TIP,111.510002,3805900,2026-09-05T01:17:07Z
2025-11-26,TLT,90.639999,34099000,2026-09-05T01:17:07Z
2025-11-26,VEA,61.279999,10988000,2026-09-05T01:17:07Z
2025-11-26,VNQ,91.040001,3298000,2026-09-05T01:17:07Z
2025-11-26,VWO,54.110001,7627500,2026-09-05T01:17:07Z
2025-11-28,BIL,91.720001,10775200,2026-09-05T01:17:07Z
2025-11-28,DBC,23.059999,236100,2026-09-05T01:17:07Z
2025-11-28,IEF,97.500000,7798000,2026-09-05T01:17:07Z
2025-11-28,IWM,248.750000,18911800,2026-09-05T01:17:07Z
2025-11-28,SPY,683.390015,49212000,2026-09-05T01:17:07Z
2025-11-28,TIP,111.260002,1830000,2026-09-05T01:17:07Z
2025-11-28,TLT,90.209999,40704300,2026-09-05T01:17:07Z
2025-11-28,VEA,61.570000,5615400,2026-09-05T01:17:07Z
2025-11-28,VNQ,91.339996,1627100,2026-09-05T01:17:07Z
2025-11-28,VWO,54.299999,4432100,2026-09-05T01:17:07Z
2025-12-01,BIL,91.449997,16856800,2026-09-05T01:17:07Z
2025-12-01,DBC,23.120001,679600,2026-09-05T01:17:07Z
2025-12-01,IEF,96.690002,9898100,2026-09-05T01:17:07Z
2025-12-01,IWM,245.619995,36920000,2026-09-05T01:17:07Z
2025-12-01,SPY,680.270020,61201200,2026-09-05T01:17:07Z
2025-12-01,TIP,110.500000,3198500,2026-09-05T01:17:07Z
2025-12-01,TLT,88.769997,47086600,2026-09-05T01:17:07Z
2025-12-01,VEA,61.259998,10104700,2026-09-05T01:17:07Z
2025-12-01,VNQ,90.290001,3120800,2026-09-05T01:17:07Z
2025-12-01,VWO,54.250000,9267400,2026-09-05T01:17:07Z
2025-12-02,BIL,91.480003,7403400,2026-09-05T01:17:07Z
2025-12-02,DBC,23.020000,525000,2026-09-05T01:17:07Z
2025-12-02,IEF,96.769997,7317200,2026-09-05T01:17:07Z
2025-12-02,IWM,245.169998,31918500,2026-09-05T01:17:07Z
2025-12-02,SPY,681.530029,62953800,2026-09-05T01:17:07Z
2025-12-02,TIP,110.529999,4068000,2026-09-05T01:17:07Z
2025-12-02,TLT,88.809998,27605700,2026-09-05T01:17:07Z
2025-12-02,VEA,61.459999,16957100,2026-09-05T01:17:07Z
2025-12-02,VNQ,89.970001,2736900,2026-09-05T01:17:07Z
2025-12-02,VWO,54.130001,7200000,2026-09-05T01:17:07Z
2025-12-03,BIL,91.489998,6530900,2026-09-05T01:17:07Z
2025-12-03,DBC,23.129999,140800,2026-09-05T01:17:07Z
2025-12-03,IEF,96.970001,6855100,2026-09-05T01:17:07Z
2025-12-03,IWM,249.630005,32846300,2026-09-05T01:17:07Z
2025-12-03,SPY,683.890015,57238500,2026-09-05T01:17:07Z
2025-12-03,TIP,110.779999,2541200,2026-09-05T01:17:07Z
2025-12-03,TLT,89.059998,23278600,2026-09-05T01:17:07Z
2025-12-03,VEA,61.790001,10039700,2026-09-05T01:17:07Z
2025-12-03,VNQ,90.199997,3204000,2026-09-05T01:17:07Z
2025-12-03,VWO,54.060001,6788600,2026-09-05T01:17:07Z
2025-12-04,BIL,91.500000,7236700,2026-09-05T01:17:07Z
2025-12-04,DBC,23.190001,195700,2026-09-05T01:17:07Z
2025-12-04,IEF,96.669998,8928900,2026-09-05T01:17:07Z
2025-12-04,IWM,251.820007,40245800,2026-09-05T01:17:07Z
2025-12-04,SPY,684.390015,61970300,2026-09-05T01:17:07Z
2025-12-04,TIP,110.629997,2243300,2026-09-05T01:17:07Z
2025-12-04,TLT,88.580002,25541500,2026-09-05T01:17:07Z
2025-12-04,VEA,61.950001,11295900,2026-09-05T01:17:07Z
2025-12-04,VNQ,89.980003,4837500,2026-09-05T01:17:07Z
2025-12-04,VWO,54.180000,7373000,2026-09-05T01:17:07Z
2025-12-05,BIL,91.519997,7308400,2026-09-05T01:17:07Z
2025-12-05,DBC,23.330000,502700,2026-09-05T01:17:07Z
2025-12-05,IEF,96.470001,9118700,2026-09-05T01:17:07Z
2025-12-05,IWM,250.770004,36956600,2026-09-05T01:17:07Z
2025-12-05,SPY,685.690002,79241000,2026-09-05T01:17:07Z
2025-12-05,TIP,110.449997,3672300,2026-09-05T01:17:07Z
2025-12-05,TLT,88.169998,32808100,2026-09-05T01:17:07Z
2025-12-05,VEA,62.040001,15165000,2026-09-05T01:17:07Z
2025-12-05,VNQ,89.879997,3859800,2026-09-05T01:17:07Z
2025-12-05,VWO,54.400002,7700400,2026-09-05T01:17:07Z
2025-12-08,BIL,91.529999,7579000,2026-09-05T01:17:07Z
2025-12-08,DBC,23.040001,784600,2026-09-05T01:17:07Z
2025-12-08,IEF,96.269997,14728300,2026-09-05T01:17:07Z
2025-12-08,IWM,250.869995,29100000,2026-09-05T01:17:07Z
2025-12-08,SPY,683.630005,55231500,2026-09-05T01:17:07Z
2025-12-08,TIP,110.230003,2101000,2026-09-05T01:17:07Z
2025-12-08,TLT,87.879997,32255200,2026-09-05T01:17:07Z
2025-12-08,VEA,61.910000,13577000,2026-09-05T01:17:07Z
2025-12-08,VNQ,89.190002,3971700,2026-09-05T01:17:07Z
2025-12-08,VWO,54.200001,10205700,2026-09-05T01:17:07Z
2025-12-09,BIL,91.550003,9285600,2026-09-05T01:17:07Z
2025-12-09,DBC,22.990000,294700,2026-09-05T01:17:07Z
2025-12-09,IEF,96.129997,8509200,2026-09-05T01:17:07Z
2025-12-09,IWM,251.389999,30170100,2026-09-05T01:17:07Z
2025-12-09,SPY,683.039978,58310100,2026-09-05T01:17:07Z
2025-12-09,TIP,110.089996,5181700,2026-09-05T01:17:07Z
2025-12-09,TLT,87.970001,25771800,2026-09-05T01:17:07Z
2025-12-09,VEA,61.840000,13739000,2026-09-05T01:17:07Z
2025-12-09,VNQ,88.849998,4194000,2026-09-05T01:17:07Z
2025-12-09,VWO,54.110001,9442500,2026-09-05T01:17:07Z
2025-12-10,BIL,91.550003,6974200,2026-09-05T01:17:07Z
2025-12-10,DBC,23.129999,387200,2026-09-05T01:17:07Z
2025-12-10,IEF,96.440002,13356900,2026-09-05T01:17:07Z
2025-12-10,IWM,254.809998,51105200,2026-09-05T01:17:07Z
2025-12-10,SPY,687.570007,85671300,2026-09-05T01:17:07Z
2025-12-10,TIP,110.449997,3503000,2026-09-05T01:17:07Z
2025-12-10,TLT,88.309998,46833500,2026-09-05T01:17:07Z
2025-12-10,VEA,62.540001,16608700,2026-09-05T01:17:07Z
2025-12-10,VNQ,89.169998,4633300,2026-09-05T01:17:07Z
2025-12-10,VWO,54.560001,11644100,2026-09-05T01:17:07Z
2025-12-11,BIL,91.559998,7144500,2026-09-05T01:17:07Z
2025-12-11,DBC,23.110001,534800,2026-09-05T01:17:07Z
2025-12-11,IEF,96.449997,8672800,2026-09-05T01:17:07Z
2025-12-11,IWM,257.799988,41345200,2026-09-05T01:17:07Z
2025-12-11,SPY,689.169983,86173700,2026-09-05T01:17:07Z
2025-12-11,TIP,110.400002,3661200,2026-09-05T01:17:07Z
2025-12-11,TLT,88.190002,26778700,2026-09-05T01:17:07Z
2025-12-11,VEA,62.799999,17012900,2026-09-05T01:17:07Z
2025-12-11,VNQ,89.559998,5207200,2026-09-05T01:17:07Z
2025-12-11,VWO,54.439999,11380000,2026-09-05T01:17:07Z
2025-12-12,BIL,91.599998,6040700,2026-09-05T01:17:07Z
2025-12-12,DBC,22.920000,425800,2026-09-05T01:17:07Z
2025-12-12,IEF,96.190002,8348700,2026-09-05T01:17:07Z
2025-12-12,IWM,253.850006,57657700,2026-09-05T01:17:07Z
2025-12-12,SPY,681.760010,113160300,2026-09-05T01:17:07Z
2025-12-12,TIP,110.230003,2379100,2026-09-05T01:17:07Z
2025-12-12,TLT,87.339996,47030100,2026-09-05T01:17:07Z
2025-12-12,VEA,62.480000,20951400,2026-09-05T01:17:07Z
2025-12-12,VNQ,89.449997,3855900,2026-09-05T01:17:07Z
2025-12-12,VWO,53.939999,13708300,2026-09-05T01:17:07Z
2025-12-15,BIL,91.599998,6058100,2026-09-05T01:17:07Z
2025-12-15,DBC,22.809999,252700,2026-09-05T01:17:07Z
2025-12-15,IEF,96.269997,6117000,2026-09-05T01:17:07Z
2025-12-15,IWM,251.929993,43120100,2026-09-05T01:17:07Z
2025-12-15,SPY,680.729980,90811000,2026-09-05T01:17:07Z
2025-12-15,TIP,110.150002,2229400,2026-09-05T01:17:07Z
2025-12-15,TLT,87.400002,28611800,2026-09-05T01:17:07Z
2025-12-15,VEA,62.840000,19714700,2026-09-05T01:17:07Z
2025-12-15,VNQ,89.730003,3914800,2026-09-05T01:17:07Z
2025-12-15,VWO,53.779999,9769800,2026-09-05T01:17:07Z
2025-12-16,BIL,91.610001,7212200,2026-09-05T01:17:07Z
2025-12-16,DBC,22.580000,392500,2026-09-05T01:17:07Z
2025-12-16,IEF,96.540001,7456400,2026-09-05T01:17:07Z
2025-12-16,IWM,249.899994,43115300,2026-09-05T01:17:07Z
2025-12-16,SPY,678.869995,122030600,2026-09-05T01:17:07Z
2025-12-16,TIP,110.169998,5094500,2026-09-05T01:17:07Z
2025-12-16,TLT,87.879997,41018700,2026-09-05T01:17:07Z
2025-12-16,VEA,62.459999,26297300,2026-09-05T01:17:07Z
2025-12-16,VNQ,89.070000,3717900,2026-09-05T01:17:07Z
2025-12-16,VWO,53.480000,11144700,2026-09-05T01:17:07Z
2025-12-17,BIL,91.620003,9641200,2026-09-05T01:17:07Z
2025-12-17,DBC,22.850000,504000,2026-09-05T01:17:07Z
2025-12-17,IEF,96.519997,5673200,2026-09-05T01:17:07Z
2025-12-17,IWM,247.240005,38132400,2026-09-05T01:17:07Z
2025-12-17,SPY,671.400024,110625200,2026-09-05T01:17:07Z
2025-12-17,TIP,110.290001,1831100,2026-09-05T01:17:07Z
2025-12-17,TLT,87.800003,24668300,2026-09-05T01:17:07Z
2025-12-17,VEA,62.020000,16268800,2026-09-05T01:17:07Z
2025-12-17,VNQ,89.400002,3715300,2026-09-05T01:17:07Z
2025-12-17,VWO,53.130001,13055400,2026-09-05T01:17:07Z
2025-12-18,BIL,91.269997,10277300,2026-09-05T01:17:07Z
2025-12-18,DBC,22.690001,211500,2026-09-05T01:17:07Z
2025-12-18,IEF,96.769997,7357600,2026-09-05T01:17:07Z
2025-12-18,IWM,248.710007,39068000,2026-09-05T01:17:07Z
2025-12-18,SPY,676.469971,108650100,2026-09-05T01:17:07Z
2025-12-18,TIP,110.500000,4253800,2026-09-05T01:17:07Z
2025-12-18,TLT,88.220001,39048900,2026-09-05T01:17:07Z
2025-12-18,VEA,62.509998,15461500,2026-09-05T01:17:07Z
2025-12-18,VNQ,88.930000,3818000,2026-09-05T01:17:07Z
2025-12-18,VWO,53.580002,12955900,2026-09-05T01:17:07Z
2025-12-19,BIL,91.300003,7581800,2026-09-05T01:17:07Z
2025-12-19,DBC,22.850000,282700,2026-09-05T01:17:07Z
2025-12-19,IEF,96.239998,5806600,2026-09-05T01:17:07Z
2025-12-19,IWM,250.789993,43610400,2026-09-05T01:17:07Z
2025-12-19,SPY,680.590027,103599500,2026-09-05T01:17:07Z
2025-12-19,TIP,109.940002,2940500,2026-09-05T01:17:07Z
2025-12-19,TLT,87.550003,37858100,2026-09-05T01:17:07Z
2025-12-19,VEA,61.840000,18315900,2026-09-05T01:17:07Z
2025-12-19,VNQ,88.589996,4162000,2026-09-05T01:17:07Z
2025-12-19,VWO,53.110001,12086400,2026-09-05T01:17:07Z
2025-12-22,BIL,91.300003,11026900,2026-09-05T01:17:07Z
2025-12-22,DBC,22.389999,511600,2026-09-05T01:17:07Z
2025-12-22,IEF,96.139999,4672800,2026-09-05T01:17:07Z
2025-12-22,IWM,253.580002,40497300,2026-09-05T01:17:07Z
2025-12-22,SPY,684.830017,69556700,2026-09-05T01:17:07Z
2025-12-22,TIP,109.779999,2116000,2026-09-05T01:17:07Z
2025-12-22,TLT,87.360001,25547100,2026-09-05T01:17:07Z
2025-12-22,VEA,62.130001,20034300,2026-09-05T01:17:07Z
2025-12-22,VNQ,88.239998,3593800,2026-09-05T01:17:07Z
2025-12-22,VWO,53.450001,11853200,2026-09-05T01:17:07Z
2025-12-23,BIL,91.300003,7111200,2026-09-05T01:17:07Z
2025-12-23,DBC,22.639999,642400,2026-09-05T01:17:07Z
2025-12-23,IEF,96.099998,5093900,2026-09-05T01:17:07Z
2025-12-23,IWM,252.080002,24973500,2026-09-05T01:17:07Z
2025-12-23,SPY,687.960022,64840000,2026-09-05T01:17:07Z
2025-12-23,TIP,109.830002,1914900,2026-09-05T01:17:07Z
2025-12-23,TLT,87.500000,33624100,2026-09-05T01:17:07Z
2025-12-23,VEA,62.540001,27124800,2026-09-05T01:17:07Z
2025-12-23,VNQ,88.180000,3955900,2026-09-05T01:17:07Z
2025-12-23,VWO,53.700001,12384600,2026-09-05T01:17:07Z
2025-12-24,BIL,91.330002,5073500,2026-09-05T01:17:07Z
2025-12-24,DBC,22.629999,362800,2026-09-05T01:17:07Z
2025-12-24,IEF,96.349998,3967700,2026-09-05T01:17:07Z
2025-12-24,IWM,252.710007,12103000,2026-09-05T01:17:07Z
2025-12-24,SPY,690.380005,39445600,2026-09-05T01:17:07Z
2025-12-24,TIP,110.059998,877800,2026-09-05T01:17:07Z
2025-12-24,TLT,88.029999,25942000,2026-09-05T01:17:07Z
2025-12-24,VEA,62.680000,9490500,2026-09-05T01:17:07Z
2025-12-24,VNQ,88.760002,2730800,2026-09-05T01:17:07Z
2025-12-24,VWO,53.680000,4991600,2026-09-05T01:17:07Z
2025-12-26,BIL,91.360001,5588900,2026-09-05T01:17:07Z
2025-12-26,DBC,22.700001,686500,2026-09-05T01:17:07Z
2025-12-26,IEF,96.440002,3491500,2026-09-05T01:17:07Z
2025-12-26,IWM,251.419998,17429900,2026-09-05T01:17:07Z
2025-12-26,SPY,690.309998,41613300,2026-09-05T01:17:07Z
2025-12-26,TIP,110.050003,1357100,2026-09-05T01:17:07Z
2025-12-26,TLT,87.739998,26522700,2026-09-05T01:17:07Z
2025-12-26,VEA,62.810001,12049000,2026-09-05T01:17:07Z
2025-12-26,VNQ,88.860001,2065600,2026-09-05T01:17:07Z
2025-12-26,VWO,54.020000,8209900,2026-09-05T01:17:07Z
2025-12-29,BIL,91.360001,7988900,2026-09-05T01:17:07Z
2025-12-29,DBC,22.490000,539300,2026-09-05T01:17:07Z
2025-12-29,IEF,96.580002,5034600,2026-09-05T01:17:07Z
2025-12-29,IWM,249.880005,25218800,2026-09-05T01:17:07Z
2025-12-29,SPY,687.849976,62559500,2026-09-05T01:17:07Z
2025-12-29,TIP,110.150002,1572100,2026-09-05T01:17:07Z
2025-12-29,TLT,88.070000,29399800,2026-09-05T01:17:07Z
2025-12-29,VEA,62.720001,15346900,2026-09-05T01:17:07Z
2025-12-29,VNQ,89.040001,2604000,2026-09-05T01:17:07Z
2025-12-29,VWO,53.610001,11570500,2026-09-05T01:17:07Z
2025-12-30,BIL,91.370003,7852900,2026-09-05T01:17:07Z
2025-12-30,DBC,22.639999,597600,2026-09-05T01:17:07Z
2025-12-30,IEF,96.480003,4108600,2026-09-05T01:17:07Z
2025-12-30,IWM,248.029999,22123600,2026-09-05T01:17:07Z
2025-12-30,SPY,687.010010,47160700,2026-09-05T01:17:07Z
2025-12-30,TIP,110.129997,1723000,2026-09-05T01:17:07Z
2025-12-30,TLT,87.860001,25106800,2026-09-05T01:17:07Z
2025-12-30,VEA,62.790001,13309600,2026-09-05T01:17:07Z
2025-12-30,VNQ,89.220001,2813400,2026-09-05T01:17:07Z
2025-12-30,VWO,53.810001,6283500,2026-09-05T01:17:07Z
2025-12-31,BIL,91.379997,11225900,2026-09-05T01:17:07Z
2025-12-31,DBC,22.360001,931400,2026-09-05T01:17:07Z
2025-12-31,IEF,96.160004,6802100,2026-09-05T01:17:07Z
2025-12-31,IWM,246.160004,35352000,2026-09-05T01:17:07Z
2025-12-31,SPY,681.919983,74144800,2026-09-05T01:17:07Z
2025-12-31,TIP,109.910004,2927800,2026-09-05T01:17:07Z
2025-12-31,TLT,87.160004,36500000,2026-09-05T01:17:07Z
2025-12-31,VEA,62.470001,14361400,2026-09-05T01:17:07Z
2025-12-31,VNQ,88.489998,3301700,2026-09-05T01:17:07Z
2025-12-31,VWO,53.759998,7619600,2026-09-05T01:17:07Z
